invoice_id,cust_number,issue_date,customer_avg_payment_days,customer_recent_avg_payment_days,customer_invoice_count,customer_payment_std,payment_behavior_trend,previous_payment_days,invoice_amount,payment_term_days,sector,days_to_payment,customer_archetype_TRUE_LABEL
INV700001,C1000,2024-02-26,,,0,,,,326004.92,60,Textiles & Apparel,66.0,average_payer
INV700002,C1000,2024-03-22,66.0,66.0,1,,0.0,66.0,194103.72,60,Textiles & Apparel,71.0,average_payer
INV700003,C1000,2024-03-25,68.5,68.5,2,3.5355339059327378,0.0,71.0,331123.89,60,Textiles & Apparel,67.0,average_payer
INV700004,C1000,2024-04-27,68.0,68.0,3,2.6457513110645907,0.0,67.0,191612.42,60,Textiles & Apparel,62.0,average_payer
INV700005,C1000,2024-04-30,66.5,66.66666666666667,4,3.696845502136472,0.1666666666666714,62.0,305369.92,60,Textiles & Apparel,73.0,average_payer
INV700006,C1000,2024-06-22,67.8,67.33333333333333,5,4.324349662087931,-0.46666666666666856,73.0,231443.8,60,Textiles & Apparel,68.0,average_payer
INV700007,C1000,2024-06-30,67.83333333333333,67.66666666666667,6,3.868677637987775,-0.1666666666666572,68.0,327513.76,60,Textiles & Apparel,68.0,average_payer
INV700008,C1000,2024-07-28,67.85714285714286,69.66666666666667,7,3.5321651258386093,1.8095238095238102,68.0,431034.75,60,Textiles & Apparel,69.0,average_payer
INV700009,C1000,2024-08-07,68.0,68.33333333333333,8,3.295017884191657,0.3333333333333286,69.0,269153.21,60,Textiles & Apparel,71.0,average_payer
INV700010,C1000,2024-08-09,68.33333333333333,69.33333333333333,9,3.240370349203933,1.0,71.0,212066.34,60,Textiles & Apparel,77.0,average_payer
INV700011,C1000,2024-08-14,69.2,72.33333333333333,10,4.104198392432375,3.1333333333333258,77.0,491236.38,60,Textiles & Apparel,65.0,average_payer
INV700012,C1000,2024-09-13,68.81818181818181,71.0,11,4.094341993976125,2.181818181818187,65.0,255521.31,60,Textiles & Apparel,72.0,average_payer
INV700013,C1000,2024-09-23,69.08333333333333,71.33333333333333,12,4.010403138505326,2.25,72.0,354118.09,60,Textiles & Apparel,75.0,average_payer
INV700014,C1000,2024-09-23,69.53846153846153,70.66666666666667,13,4.175631381707139,1.1282051282051384,75.0,356818.82,60,Textiles & Apparel,70.0,average_payer
INV700015,C1000,2024-10-16,69.57142857142857,72.33333333333333,14,4.013712758767142,2.761904761904759,70.0,191397.65,60,Textiles & Apparel,59.0,average_payer
INV700016,C1000,2024-11-06,68.86666666666666,68.0,15,4.733869855575229,-0.86666666666666,59.0,165323.36,60,Textiles & Apparel,69.0,average_payer
INV700017,C1000,2024-11-19,68.875,66.0,16,4.57347424467075,-2.875,69.0,1152927.51,60,Textiles & Apparel,63.0,average_payer
INV700018,C1000,2024-12-09,68.52941176470588,63.666666666666664,17,4.651849726974525,-4.86274509803922,63.0,256777.98,60,Textiles & Apparel,61.0,average_payer
INV700019,C1000,2025-02-06,68.11111111111111,64.33333333333333,18,4.849364893393883,-3.7777777777777857,61.0,567679.44,60,Textiles & Apparel,56.0,average_payer
INV700020,C1000,2025-03-15,67.47368421052632,60.0,19,5.470815712615765,-7.473684210526315,56.0,280058.0,60,Textiles & Apparel,71.0,average_payer
INV700021,C1000,2025-03-28,67.65,62.666666666666664,20,5.382965334225524,-4.983333333333341,71.0,373415.66,60,Textiles & Apparel,68.0,average_payer
INV700022,C1000,2025-04-17,67.66666666666667,65.0,21,5.247221486971305,-2.6666666666666714,68.0,364601.96,60,Textiles & Apparel,60.0,average_payer
INV700023,C1000,2025-04-26,67.31818181818181,66.33333333333333,22,5.375308306873143,-0.9848484848484844,60.0,259001.29,60,Textiles & Apparel,66.0,average_payer
INV700024,C1000,2025-05-06,67.26086956521739,64.66666666666667,23,5.258909248334056,-2.5942028985507193,66.0,1576789.29,60,Textiles & Apparel,68.0,average_payer
INV700025,C1000,2025-05-08,67.29166666666667,64.66666666666667,24,5.1455271134610046,-2.625,68.0,122343.92,60,Textiles & Apparel,62.0,average_payer
INV700026,C1000,2025-05-17,67.08,65.33333333333333,25,5.147167505855367,-1.7466666666666697,62.0,120906.52,60,Textiles & Apparel,70.0,average_payer
INV700027,C1000,2025-07-05,67.1923076923077,66.66666666666667,26,5.07558257361049,-0.525641025641022,70.0,382408.62,60,Textiles & Apparel,63.0,average_payer
INV700028,C1000,2025-08-01,67.03703703703704,65.0,27,5.041988935098177,-2.037037037037038,63.0,336681.82,60,Textiles & Apparel,70.0,average_payer
INV700029,C1000,2025-09-12,67.14285714285714,67.66666666666667,28,4.979322322731359,0.5238095238095326,70.0,282472.57,60,Textiles & Apparel,71.0,average_payer
INV700030,C1000,2025-09-29,67.27586206896552,68.0,29,4.941779261157855,0.7241379310344769,71.0,254282.22,60,Textiles & Apparel,72.0,average_payer
INV700031,C1000,2025-12-04,67.43333333333334,71.0,30,4.931834192848249,3.566666666666663,72.0,255398.76,60,Textiles & Apparel,66.0,average_payer
INV700032,C1000,2026-01-02,67.38709677419355,69.66666666666667,31,4.855769210295721,2.27956989247312,66.0,213195.97,60,Textiles & Apparel,53.0,average_payer
INV700033,C1000,2026-02-14,66.9375,63.666666666666664,32,5.411680914704844,-3.2708333333333357,53.0,278884.01,60,Textiles & Apparel,66.0,average_payer
INV700034,C1000,2026-03-16,66.9090909090909,61.666666666666664,33,5.3289517986868,-5.242424242424242,66.0,410163.23,60,Textiles & Apparel,62.0,average_payer
INV700036,C1000,2026-03-23,66.76470588235294,60.333333333333336,34,5.3146955985091795,-6.431372549019606,62.0,277877.55,60,Textiles & Apparel,58.0,average_payer
INV700037,C1000,2026-05-21,66.51428571428572,62.0,35,5.441514865698105,-4.51428571428572,58.0,192660.57,60,Textiles & Apparel,74.0,average_payer
INV700038,C1000,2026-06-01,66.72222222222223,64.66666666666667,36,5.506417612262526,-2.055555555555557,74.0,203096.92,60,Textiles & Apparel,69.0,average_payer
INV700039,C1000,2026-06-02,66.78378378378379,67.0,37,5.44229901958893,0.21621621621621046,69.0,182448.73,60,Textiles & Apparel,68.0,average_payer
INV700045,C1001,2024-03-02,,,0,,,,25528.38,90,Textiles & Apparel,90.0,prompt_payer
INV700046,C1001,2024-03-12,90.0,90.0,1,,0.0,90.0,32824.37,90,Textiles & Apparel,91.0,prompt_payer
INV700047,C1001,2024-04-25,90.5,90.5,2,0.7071067811865476,0.0,91.0,15528.76,90,Textiles & Apparel,88.0,prompt_payer
INV700048,C1001,2024-05-27,89.66666666666667,89.66666666666667,3,1.5275252316519485,0.0,88.0,28423.57,90,Textiles & Apparel,90.0,prompt_payer
INV700049,C1001,2024-06-06,89.75,89.66666666666667,4,1.258305739211793,-0.0833333333333286,90.0,33976.07,90,Textiles & Apparel,88.0,prompt_payer
INV700050,C1001,2024-06-07,89.4,88.66666666666667,5,1.3416407864998758,-0.7333333333333343,88.0,28318.7,90,Textiles & Apparel,94.0,prompt_payer
INV700051,C1001,2024-06-24,90.16666666666667,90.66666666666667,6,2.2286019533929027,0.5,94.0,22207.82,90,Textiles & Apparel,90.0,prompt_payer
INV700052,C1001,2024-06-27,90.14285714285714,90.66666666666667,7,2.035400978396429,0.5238095238095326,90.0,20590.37,90,Textiles & Apparel,92.0,prompt_payer
INV700053,C1001,2024-06-28,90.375,92.0,8,1.9955307206712825,1.625,92.0,27390.54,90,Textiles & Apparel,89.0,prompt_payer
INV700054,C1001,2024-07-13,90.22222222222223,90.33333333333333,9,1.9220937657784647,0.11111111111110006,89.0,27784.16,90,Textiles & Apparel,84.0,prompt_payer
INV700055,C1001,2024-08-29,89.6,88.33333333333333,10,2.674987019698518,-1.2666666666666657,84.0,25270.53,90,Textiles & Apparel,94.0,prompt_payer
INV700056,C1001,2024-09-16,90.0,89.0,11,2.8635642126552696,-1.0,94.0,38662.58,90,Textiles & Apparel,89.0,prompt_payer
INV700057,C1001,2024-11-10,89.91666666666667,89.0,12,2.745519766433814,-0.9166666666666714,89.0,22145.21,90,Textiles & Apparel,96.0,prompt_payer
INV700058,C1001,2024-11-14,90.38461538461539,93.0,13,3.1235252930639503,2.615384615384613,96.0,25311.29,90,Textiles & Apparel,90.0,prompt_payer
INV700059,C1001,2024-11-29,90.35714285714286,91.66666666666667,14,3.0027459959982465,1.3095238095238102,90.0,52814.97,90,Textiles & Apparel,88.0,prompt_payer
INV700060,C1001,2024-11-29,90.2,91.33333333333333,15,2.9568322818274853,1.1333333333333258,88.0,20714.69,90,Textiles & Apparel,91.0,prompt_payer
INV700061,C1001,2024-11-30,90.25,89.66666666666667,16,2.863564212655269,-0.5833333333333286,91.0,27945.1,90,Textiles & Apparel,85.0,prompt_payer
INV700062,C1001,2024-12-25,89.94117647058823,88.0,17,3.0510364680566773,-1.941176470588232,85.0,12379.88,90,Textiles & Apparel,91.0,prompt_payer
INV700063,C1001,2025-01-28,90.0,89.0,18,2.9704426289300225,-1.0,91.0,13255.97,90,Textiles & Apparel,89.0,prompt_payer
INV700064,C1001,2025-02-25,89.94736842105263,88.33333333333333,19,2.8958530543314347,-1.6140350877193015,89.0,16180.94,90,Textiles & Apparel,91.0,prompt_payer
INV700065,C1001,2025-05-29,90.0,90.33333333333333,20,2.82842712474619,0.3333333333333286,91.0,24892.21,90,Textiles & Apparel,90.0,prompt_payer
INV700066,C1001,2025-06-27,90.0,90.0,21,2.7568097504180438,0.0,90.0,33291.93,90,Textiles & Apparel,87.0,prompt_payer
INV700067,C1001,2025-08-08,89.86363636363636,89.33333333333333,22,2.7653546150875745,-0.5303030303030312,87.0,35893.29,90,Textiles & Apparel,83.0,prompt_payer
INV700068,C1001,2025-08-14,89.56521739130434,86.66666666666667,23,3.057421476825943,-2.8985507246376727,83.0,20119.87,90,Textiles & Apparel,91.0,prompt_payer
INV700069,C1001,2025-09-15,89.625,87.0,24,3.0045255720401984,-2.625,91.0,19084.85,90,Textiles & Apparel,92.0,prompt_payer
INV700070,C1001,2025-10-07,89.72,88.66666666666667,25,2.979373535941183,-1.0533333333333275,92.0,25897.34,90,Textiles & Apparel,95.0,prompt_payer
INV700071,C1001,2025-10-17,89.92307692307692,92.66666666666667,26,3.097393445115772,2.7435897435897516,95.0,23027.47,90,Textiles & Apparel,91.0,prompt_payer
INV700072,C1001,2025-11-15,89.96296296296296,92.66666666666667,27,3.0443071901183467,2.7037037037037095,91.0,28474.04,90,Textiles & Apparel,89.0,prompt_payer
INV700073,C1001,2025-11-20,89.92857142857143,91.66666666666667,28,2.9929370119786944,1.7380952380952408,89.0,37567.64,90,Textiles & Apparel,95.0,prompt_payer
INV700074,C1001,2025-12-06,90.10344827586206,91.66666666666667,29,3.086200016504425,1.5632183908046073,95.0,17413.7,90,Textiles & Apparel,89.0,prompt_payer
INV700075,C1001,2025-12-14,90.06666666666666,91.0,30,3.039207398187132,0.9333333333333371,89.0,23514.95,90,Textiles & Apparel,90.0,prompt_payer
INV700076,C1001,2025-12-16,90.06451612903226,91.33333333333333,31,2.9881486338642045,1.2688172043010724,90.0,28922.84,90,Textiles & Apparel,96.0,prompt_payer
INV700077,C1001,2025-12-18,90.25,91.66666666666667,32,3.1212073759798398,1.4166666666666714,96.0,14929.94,90,Textiles & Apparel,93.0,prompt_payer
INV700078,C1001,2026-01-22,90.33333333333333,93.0,33,3.109126351029603,2.6666666666666714,93.0,32755.95,90,Textiles & Apparel,94.0,prompt_payer
INV700079,C1001,2026-02-11,90.44117647058823,94.33333333333333,34,3.1255659024148996,3.8921568627450966,94.0,27938.61,90,Textiles & Apparel,92.0,prompt_payer
INV700080,C1001,2026-02-24,90.48571428571428,93.0,35,3.0905113661337125,2.5142857142857196,92.0,28952.98,90,Textiles & Apparel,87.0,prompt_payer
INV700081,C1001,2026-03-05,90.38888888888889,91.0,36,3.1009471159426445,0.6111111111111143,87.0,20764.74,90,Textiles & Apparel,91.0,prompt_payer
INV700083,C1001,2026-03-25,90.4054054054054,90.0,37,3.059225205645842,-0.4054054054054035,91.0,13058.51,90,Textiles & Apparel,88.0,prompt_payer
INV700084,C1001,2026-04-10,90.34210526315789,88.66666666666667,38,3.042725625465338,-1.6754385964912188,88.0,22525.54,90,Textiles & Apparel,91.0,prompt_payer
INV700085,C1001,2026-05-05,90.35897435897436,90.0,39,3.0042704647952414,-0.3589743589743648,91.0,15886.11,90,Textiles & Apparel,89.0,prompt_payer
INV700086,C1002,2024-03-21,,,0,,,,89369.95,30,Chemicals & Plastics,51.0,seasonal_payer
INV700087,C1002,2024-05-06,51.0,51.0,1,,0.0,51.0,148143.33,30,Chemicals & Plastics,38.0,seasonal_payer
INV700088,C1002,2024-06-29,44.5,44.5,2,9.192388155425117,0.0,38.0,180576.8,30,Chemicals & Plastics,26.0,seasonal_payer
INV700089,C1002,2024-07-20,38.333333333333336,38.333333333333336,3,12.50333288900737,0.0,26.0,122191.28,30,Chemicals & Plastics,33.0,seasonal_payer
INV700090,C1002,2024-07-24,37.0,32.333333333333336,4,10.551461194229612,-4.666666666666664,33.0,133274.01,30,Chemicals & Plastics,38.0,seasonal_payer
INV700091,C1002,2024-10-24,37.2,32.333333333333336,5,9.148770409186145,-4.866666666666667,38.0,28431.18,30,Chemicals & Plastics,45.0,seasonal_payer
INV700092,C1002,2024-11-04,38.5,38.666666666666664,6,8.780660567406077,0.1666666666666643,45.0,128516.55,30,Chemicals & Plastics,37.0,seasonal_payer
INV700093,C1002,2024-11-15,38.285714285714285,40.0,7,8.035634920242993,1.7142857142857153,37.0,161417.73,30,Chemicals & Plastics,39.0,seasonal_payer
INV700094,C1002,2024-12-11,38.375,40.333333333333336,8,7.443837336059561,1.9583333333333357,39.0,160903.55,30,Chemicals & Plastics,35.0,seasonal_payer
INV700095,C1002,2024-12-22,38.0,37.0,9,7.053367989832943,-1.0,35.0,97418.17,30,Chemicals & Plastics,30.0,seasonal_payer
INV700096,C1002,2025-01-08,37.2,34.666666666666664,10,7.114929530376407,-2.5333333333333385,30.0,111429.12,30,Chemicals & Plastics,60.0,seasonal_payer
INV700097,C1002,2025-01-13,39.27272727272727,41.666666666666664,11,9.634219315449583,2.393939393939391,60.0,126293.38,30,Chemicals & Plastics,49.0,seasonal_payer
INV700098,C1002,2025-02-07,40.083333333333336,46.333333333333336,12,9.60547508013797,6.25,49.0,181070.11,30,Chemicals & Plastics,54.0,seasonal_payer
INV700099,C1002,2025-02-15,41.15384615384615,54.333333333333336,13,9.973683320336523,13.179487179487182,54.0,74977.57,30,Chemicals & Plastics,55.0,seasonal_payer
INV700100,C1002,2025-03-30,42.142857142857146,52.666666666666664,14,10.272121665774968,10.523809523809518,55.0,73186.09,30,Chemicals & Plastics,40.0,seasonal_payer
INV700101,C1002,2025-04-02,42.0,49.666666666666664,15,9.913915184512842,7.666666666666664,40.0,175398.55,30,Chemicals & Plastics,32.0,seasonal_payer
INV700102,C1002,2025-05-23,41.375,42.333333333333336,16,9.898653107030942,0.9583333333333357,32.0,113647.6,30,Chemicals & Plastics,35.0,seasonal_payer
INV700103,C1002,2025-06-07,41.0,35.666666666666664,17,9.708243919473798,-5.333333333333336,35.0,61279.39,30,Chemicals & Plastics,38.0,seasonal_payer
INV700104,C1002,2025-06-12,40.833333333333336,35.0,18,9.444886571735054,-5.833333333333336,38.0,120357.24,30,Chemicals & Plastics,35.0,seasonal_payer
INV700105,C1002,2025-07-04,40.526315789473685,36.0,19,9.275825336460072,-4.526315789473685,35.0,117182.71,30,Chemicals & Plastics,37.0,seasonal_payer
INV700106,C1002,2025-07-10,40.35,36.666666666666664,20,9.062792645002741,-3.683333333333337,37.0,167464.17,30,Chemicals & Plastics,37.0,seasonal_payer
INV700107,C1002,2025-07-30,40.19047619047619,36.333333333333336,21,8.863515372689593,-3.857142857142854,37.0,149430.37,30,Chemicals & Plastics,31.0,seasonal_payer
INV700108,C1002,2025-08-04,39.77272727272727,35.0,22,8.869057061501698,-4.772727272727273,31.0,182470.73,30,Chemicals & Plastics,29.0,seasonal_payer
INV700109,C1002,2025-08-26,39.30434782608695,32.333333333333336,23,8.95156046634377,-6.971014492753618,29.0,123317.53,30,Chemicals & Plastics,33.0,seasonal_payer
INV700110,C1002,2025-10-07,39.041666666666664,31.0,24,8.848872031614201,-8.041666666666664,33.0,598570.57,30,Chemicals & Plastics,44.0,seasonal_payer
INV700111,C1002,2025-10-24,39.24,35.333333333333336,25,8.719136042827484,-3.9066666666666663,44.0,194396.33,30,Chemicals & Plastics,44.0,seasonal_payer
INV700112,C1002,2025-11-07,39.42307692307692,40.333333333333336,26,8.59382604861456,0.9102564102564159,44.0,108950.92,30,Chemicals & Plastics,41.0,seasonal_payer
INV700113,C1002,2025-11-26,39.48148148148148,43.0,27,8.432402570170204,3.518518518518519,41.0,122591.59,30,Chemicals & Plastics,34.0,seasonal_payer
INV700114,C1002,2025-12-01,39.285714285714285,39.666666666666664,28,8.339362898026055,0.3809523809523796,34.0,22576.35,30,Chemicals & Plastics,32.0,seasonal_payer
INV700115,C1002,2025-12-06,39.03448275862069,35.666666666666664,29,8.300097928082748,-3.367816091954026,32.0,139869.66,30,Chemicals & Plastics,40.0,seasonal_payer
INV700116,C1002,2025-12-15,39.06666666666667,35.333333333333336,30,8.157642210637924,-3.7333333333333343,40.0,160431.62,30,Chemicals & Plastics,32.0,seasonal_payer
INV700117,C1002,2025-12-18,38.83870967741935,34.666666666666664,31,8.12033157858942,-4.172043010752688,32.0,120056.27,30,Chemicals & Plastics,22.0,seasonal_payer
INV700118,C1002,2025-12-25,38.3125,31.333333333333332,32,8.524868743668385,-6.979166666666668,22.0,104743.05,30,Chemicals & Plastics,27.0,seasonal_payer
INV700119,C1002,2025-12-28,37.96969696969697,27.0,33,8.618602150598612,-10.969696969696969,27.0,223211.81,30,Chemicals & Plastics,32.0,seasonal_payer
INV700120,C1002,2025-12-29,37.794117647058826,27.0,34,8.548540232516418,-10.794117647058826,32.0,39858.52,30,Chemicals & Plastics,30.0,seasonal_payer
INV700121,C1002,2026-03-26,37.57142857142857,29.666666666666668,35,8.524310268063832,-7.9047619047619015,30.0,87997.07,30,Chemicals & Plastics,50.0,seasonal_payer
INV700123,C1002,2026-05-09,37.916666666666664,37.333333333333336,36,8.653240516047813,-0.5833333333333286,50.0,62191.73,30,Chemicals & Plastics,36.0,seasonal_payer
INV700124,C1002,2026-05-21,37.86486486486486,38.666666666666664,37,8.538026581002068,0.8018018018018012,36.0,184334.71,30,Chemicals & Plastics,33.0,seasonal_payer
INV700125,C1002,2026-06-27,37.73684210526316,39.666666666666664,38,8.458752737034422,1.9298245614035068,33.0,202340.35,30,Chemicals & Plastics,30.0,seasonal_payer
INV700126,C1002,2026-06-29,37.53846153846154,33.0,39,8.438153183594,-4.53846153846154,30.0,64453.27,30,Chemicals & Plastics,37.0,seasonal_payer
INV700130,C1003,2024-03-25,,,0,,,,123633.23,60,Metal & Engineering,63.0,average_payer
INV700131,C1003,2024-04-10,63.0,63.0,1,,0.0,63.0,145964.01,60,Metal & Engineering,78.0,average_payer
INV700132,C1003,2024-05-02,70.5,70.5,2,10.606601717798213,0.0,78.0,97698.99,60,Metal & Engineering,69.0,average_payer
INV700133,C1003,2024-05-18,70.0,70.0,3,7.54983443527075,0.0,69.0,112794.29,60,Metal & Engineering,75.0,average_payer
INV700134,C1003,2024-06-04,71.25,74.0,4,6.652067347825035,2.75,75.0,132682.77,60,Metal & Engineering,64.0,average_payer
INV700135,C1003,2024-06-23,69.8,69.33333333333333,5,6.6105975524153635,-0.46666666666666856,64.0,193065.22,60,Metal & Engineering,76.0,average_payer
INV700136,C1003,2024-07-18,70.83333333333333,71.66666666666667,6,6.431692364119002,0.8333333333333428,76.0,101219.38,60,Metal & Engineering,68.0,average_payer
INV700137,C1003,2024-08-13,70.42857142857143,69.33333333333333,7,5.968169536721257,-1.095238095238102,68.0,147310.46,60,Metal & Engineering,79.0,average_payer
INV700138,C1003,2024-08-23,71.5,74.33333333333333,8,6.301927142889365,2.8333333333333286,79.0,135668.2,60,Metal & Engineering,69.0,average_payer
INV700139,C1003,2024-12-05,71.22222222222223,72.0,9,5.953523699830583,0.7777777777777715,69.0,707541.32,60,Metal & Engineering,53.0,average_payer
INV700140,C1003,2025-02-13,69.4,67.0,10,8.044321668799125,-2.4000000000000057,53.0,122539.67,60,Metal & Engineering,59.0,average_payer
INV700141,C1003,2025-02-19,68.45454545454545,60.333333333333336,11,8.250619811427944,-8.121212121212118,59.0,154616.38,60,Metal & Engineering,65.0,average_payer
INV700142,C1003,2025-03-02,68.16666666666667,59.0,12,7.929614610987592,-9.166666666666671,65.0,130820.9,60,Metal & Engineering,57.0,average_payer
INV700143,C1003,2025-03-23,67.3076923076923,60.333333333333336,13,8.19943712889911,-6.974358974358971,57.0,79455.25,60,Metal & Engineering,53.0,average_payer
INV700144,C1003,2025-04-08,66.28571428571429,58.333333333333336,14,8.75678700673476,-7.952380952380956,53.0,109453.69,60,Metal & Engineering,61.0,average_payer
INV700145,C1003,2025-04-16,65.93333333333334,57.0,15,8.547904226573124,-8.933333333333337,61.0,105404.02,60,Metal & Engineering,74.0,average_payer
INV700146,C1003,2025-06-07,66.4375,62.666666666666664,16,8.50073526231702,-3.7708333333333357,74.0,143749.34,60,Metal & Engineering,67.0,average_payer
INV700147,C1003,2025-07-24,66.47058823529412,67.33333333333333,17,8.231932086840425,0.8627450980392126,67.0,169997.37,60,Metal & Engineering,64.0,average_payer
INV700148,C1003,2025-09-01,66.33333333333333,68.33333333333333,18,8.00734956516971,2.0,64.0,129608.34,60,Metal & Engineering,71.0,average_payer
INV700149,C1003,2025-11-06,66.57894736842105,67.33333333333333,19,7.8550464279955055,0.7543859649122737,71.0,151165.21,60,Metal & Engineering,61.0,average_payer
INV700150,C1003,2026-01-01,66.3,65.33333333333333,20,7.746646133378593,-0.9666666666666686,61.0,137302.81,60,Metal & Engineering,72.0,average_payer
INV700151,C1003,2026-02-13,66.57142857142857,68.0,21,7.652263904044534,1.4285714285714306,72.0,111020.21,60,Metal & Engineering,71.0,average_payer
INV700152,C1003,2026-02-18,66.77272727272727,68.0,22,7.527295208783378,1.2272727272727337,71.0,76639.33,60,Metal & Engineering,71.0,average_payer
INV700153,C1003,2026-03-02,66.95652173913044,71.33333333333333,23,7.406865739234878,4.376811594202891,71.0,115415.9,60,Metal & Engineering,72.0,average_payer
INV700154,C1003,2026-04-01,67.16666666666667,71.33333333333333,24,7.3168457605759345,4.166666666666657,72.0,150318.34,60,Metal & Engineering,72.0,average_payer
INV700155,C1003,2026-05-29,67.36,71.66666666666667,25,7.227724399837065,4.306666666666672,72.0,102765.72,60,Metal & Engineering,66.0,average_payer
INV700160,C1004,2024-03-17,,,0,,,,379922.4,30,Chemicals & Plastics,94.0,erratic_payer
INV700161,C1004,2024-04-24,94.0,94.0,1,,0.0,94.0,932351.04,30,Chemicals & Plastics,37.0,erratic_payer
INV700162,C1004,2024-05-03,65.5,65.5,2,40.30508652763321,0.0,37.0,1335304.61,30,Chemicals & Plastics,56.0,erratic_payer
INV700163,C1004,2024-05-05,62.333333333333336,62.333333333333336,3,29.022979401386987,0.0,56.0,1011316.2,30,Chemicals & Plastics,34.0,erratic_payer
INV700164,C1004,2024-05-28,55.25,42.333333333333336,4,27.608875384557045,-12.916666666666664,34.0,1117811.4,30,Chemicals & Plastics,49.0,erratic_payer
INV700165,C1004,2024-07-06,54.0,46.333333333333336,5,24.072806234421446,-7.666666666666664,49.0,945693.46,30,Chemicals & Plastics,25.0,erratic_payer
INV700166,C1004,2024-08-08,49.166666666666664,36.0,6,24.571663896990504,-13.166666666666664,25.0,728094.69,30,Chemicals & Plastics,20.0,erratic_payer
INV700167,C1004,2024-08-09,45.0,31.333333333333332,7,24.99333244420733,-13.666666666666668,20.0,844655.32,30,Chemicals & Plastics,35.0,erratic_payer
INV700168,C1004,2024-08-19,43.75,26.666666666666668,8,23.40787413304701,-17.083333333333332,35.0,1148065.53,30,Chemicals & Plastics,33.0,erratic_payer
INV700169,C1004,2024-08-28,42.55555555555556,29.333333333333332,9,22.18733372394659,-13.222222222222225,33.0,646248.41,30,Chemicals & Plastics,69.0,erratic_payer
INV700170,C1004,2024-08-31,45.2,45.666666666666664,10,22.52800726009984,0.46666666666666146,69.0,843796.35,30,Chemicals & Plastics,25.0,erratic_payer
INV700171,C1004,2024-10-26,43.36363636363637,42.333333333333336,11,22.22283837529638,-1.0303030303030312,25.0,760567.33,30,Chemicals & Plastics,17.0,erratic_payer
INV700172,C1004,2024-10-28,41.166666666666664,37.0,12,22.513968727854,-4.166666666666664,17.0,1045324.03,30,Chemicals & Plastics,35.0,erratic_payer
INV700173,C1004,2024-11-27,40.69230769230769,25.666666666666668,13,21.623230622737726,-15.025641025641026,35.0,367501.3,30,Chemicals & Plastics,43.0,erratic_payer
INV700174,C1004,2025-01-08,40.857142857142854,31.666666666666668,14,20.78408097506411,-9.190476190476186,43.0,836610.18,30,Chemicals & Plastics,49.0,erratic_payer
INV700175,C1004,2025-01-28,41.4,42.333333333333336,15,20.138094675089228,0.9333333333333371,49.0,796919.5,30,Chemicals & Plastics,28.0,erratic_payer
INV700176,C1004,2025-01-31,40.5625,40.0,16,19.741559377786412,-0.5625,28.0,460202.98,30,Chemicals & Plastics,47.0,erratic_payer
INV700177,C1004,2025-02-05,40.94117647058823,41.333333333333336,17,19.17834256471116,0.39215686274510375,47.0,586041.61,30,Chemicals & Plastics,34.0,erratic_payer
INV700178,C1004,2025-03-19,40.55555555555556,36.333333333333336,18,18.677517854431684,-4.222222222222221,34.0,738677.43,30,Chemicals & Plastics,38.0,erratic_payer
INV700179,C1004,2025-03-26,40.421052631578945,39.666666666666664,19,18.160750686496304,-0.7543859649122808,38.0,225664.99,30,Chemicals & Plastics,27.0,erratic_payer
INV700180,C1004,2025-04-05,39.75,33.0,20,17.929320297094073,-6.75,27.0,242185.68,30,Chemicals & Plastics,34.0,erratic_payer
INV700181,C1004,2025-04-05,39.476190476190474,33.0,21,17.520328329169654,-6.4761904761904745,34.0,1033205.75,30,Chemicals & Plastics,106.0,erratic_payer
INV700182,C1004,2025-04-29,42.5,55.666666666666664,22,22.214859891523062,13.166666666666664,106.0,1007638.43,30,Chemicals & Plastics,24.0,erratic_payer
INV700183,C1004,2025-07-16,41.69565217391305,54.666666666666664,23,22.044242255083084,12.971014492753618,24.0,505805.52,30,Chemicals & Plastics,49.0,erratic_payer
INV700184,C1004,2025-08-25,42.0,59.666666666666664,24,21.611188728546832,17.666666666666664,49.0,1108010.71,30,Chemicals & Plastics,26.0,erratic_payer
INV700185,C1004,2025-11-17,41.36,33.0,25,21.3968066153184,-8.36,26.0,338647.21,30,Chemicals & Plastics,32.0,erratic_payer
INV700186,C1004,2025-12-05,41.0,35.666666666666664,26,21.044714300745447,-5.333333333333336,32.0,558739.75,30,Chemicals & Plastics,35.0,erratic_payer
INV700187,C1004,2025-12-05,40.77777777777778,31.0,27,20.668320860183275,-9.777777777777779,35.0,535649.03,30,Chemicals & Plastics,28.0,erratic_payer
INV700188,C1004,2026-01-10,40.32142857142857,31.666666666666668,28,20.425208773453296,-8.654761904761902,28.0,941550.36,30,Chemicals & Plastics,34.0,erratic_payer
INV700189,C1004,2026-01-25,40.10344827586207,32.333333333333336,29,20.091477986567565,-7.7701149425287355,34.0,368430.19,30,Chemicals & Plastics,112.0,erratic_payer
INV700190,C1004,2026-03-01,42.5,58.0,30,23.70763008269555,15.5,112.0,1062275.78,30,Chemicals & Plastics,27.0,erratic_payer
INV700191,C1004,2026-03-16,42.0,57.666666666666664,31,23.47480919340276,15.666666666666664,27.0,134609.88,30,Chemicals & Plastics,31.0,erratic_payer
INV700192,C1004,2026-04-08,41.65625,56.666666666666664,32,23.174804693473583,15.010416666666664,31.0,704367.6,30,Chemicals & Plastics,44.0,erratic_payer
INV700193,C1004,2026-04-10,41.72727272727273,34.0,33,22.813472893326555,-7.727272727272727,44.0,1164164.15,30,Chemicals & Plastics,53.0,erratic_payer
INV700194,C1004,2026-06-11,42.05882352941177,42.666666666666664,34,22.548185677829025,0.6078431372548962,53.0,668006.7,30,Chemicals & Plastics,40.0,erratic_payer
INV700198,C1005,2024-03-31,,,0,,,,286629.67,15,FMCG & Food Processing,41.0,chronic_late_payer
INV700199,C1005,2024-04-20,41.0,41.0,1,,0.0,41.0,882050.28,15,FMCG & Food Processing,39.0,chronic_late_payer
INV700200,C1005,2024-05-14,40.0,40.0,2,1.4142135623730951,0.0,39.0,764032.7,15,FMCG & Food Processing,45.0,chronic_late_payer
INV700201,C1005,2024-06-04,41.666666666666664,41.666666666666664,3,3.0550504633038944,0.0,45.0,617016.79,15,FMCG & Food Processing,43.0,chronic_late_payer
INV700202,C1005,2024-06-10,42.0,42.333333333333336,4,2.581988897471612,0.3333333333333357,43.0,338616.01,15,FMCG & Food Processing,34.0,chronic_late_payer
INV700203,C1005,2024-09-08,40.4,40.666666666666664,5,4.219004621945797,0.2666666666666657,34.0,1376574.85,15,FMCG & Food Processing,40.0,chronic_late_payer
INV700204,C1005,2024-09-27,40.333333333333336,39.0,6,3.777124126457412,-1.3333333333333357,40.0,567244.34,15,FMCG & Food Processing,41.0,chronic_late_payer
INV700205,C1005,2024-11-18,40.42857142857143,38.333333333333336,7,3.4572215654165057,-2.095238095238095,41.0,726553.39,15,FMCG & Food Processing,41.0,chronic_late_payer
INV700206,C1005,2025-06-04,40.5,40.666666666666664,8,3.207134902949093,0.1666666666666643,41.0,326049.14,15,FMCG & Food Processing,42.0,chronic_late_payer
INV700207,C1005,2025-06-18,40.666666666666664,41.333333333333336,9,3.0413812651491106,0.6666666666666714,42.0,356074.28,15,FMCG & Food Processing,39.0,chronic_late_payer
INV700208,C1005,2025-06-21,40.5,40.666666666666664,10,2.9154759474226504,0.1666666666666643,39.0,918056.09,15,FMCG & Food Processing,42.0,chronic_late_payer
INV700209,C1005,2025-08-16,40.63636363636363,41.0,11,2.802596198981483,0.36363636363636687,42.0,609612.02,15,FMCG & Food Processing,40.0,chronic_late_payer
INV700210,C1005,2025-08-27,40.583333333333336,40.333333333333336,12,2.6784776318353725,-0.25,40.0,796836.61,15,FMCG & Food Processing,42.0,chronic_late_payer
INV700211,C1005,2025-08-31,40.69230769230769,41.333333333333336,13,2.5943726083138547,0.6410256410256423,42.0,1726528.68,15,FMCG & Food Processing,39.0,chronic_late_payer
INV700212,C1005,2026-01-07,40.57142857142857,40.333333333333336,14,2.533294775106604,-0.2380952380952337,39.0,812166.86,15,FMCG & Food Processing,39.0,chronic_late_payer
INV700213,C1005,2026-01-26,40.46666666666667,40.0,15,2.474633209954462,-0.46666666666666856,39.0,706962.21,15,FMCG & Food Processing,32.0,chronic_late_payer
INV700214,C1005,2026-03-28,39.9375,36.666666666666664,16,3.1930915009334333,-3.2708333333333357,32.0,484170.49,15,FMCG & Food Processing,38.0,chronic_late_payer
INV700215,C1005,2026-03-31,39.8235294117647,36.333333333333336,17,3.127205104355305,-3.4901960784313673,38.0,398674.62,15,FMCG & Food Processing,35.0,chronic_late_payer
INV700216,C1005,2026-04-06,39.55555555555556,35.0,18,3.2398660506483563,-4.555555555555557,35.0,1045930.62,15,FMCG & Food Processing,37.0,chronic_late_payer
INV700217,C1005,2026-04-15,39.421052631578945,36.666666666666664,19,3.2027035363143512,-2.754385964912281,37.0,759849.85,15,FMCG & Food Processing,41.0,chronic_late_payer
INV700218,C1006,2024-04-16,,,0,,,,122957.6,45,Metal & Engineering,45.0,deteriorating_payer
INV700219,C1006,2024-04-24,45.0,45.0,1,,0.0,45.0,75820.73,45,Metal & Engineering,44.0,deteriorating_payer
INV700220,C1006,2024-05-25,44.5,44.5,2,0.7071067811865476,0.0,44.0,238001.9,45,Metal & Engineering,50.0,deteriorating_payer
INV700221,C1006,2024-07-03,46.333333333333336,46.333333333333336,3,3.214550253664317,0.0,50.0,65595.67,45,Metal & Engineering,58.0,deteriorating_payer
INV700222,C1006,2024-07-16,49.25,50.666666666666664,4,6.396613687465162,1.4166666666666643,58.0,128848.01,45,Metal & Engineering,61.0,deteriorating_payer
INV700223,C1006,2024-07-17,51.6,56.333333333333336,5,7.635443667528429,4.733333333333334,61.0,17672.22,45,Metal & Engineering,58.0,deteriorating_payer
INV700224,C1006,2024-08-20,52.666666666666664,59.0,6,7.312090444371339,6.333333333333336,58.0,53135.45,45,Metal & Engineering,61.0,deteriorating_payer
INV700225,C1006,2024-08-29,53.857142857142854,60.0,7,7.38079876952288,6.142857142857146,61.0,131501.38,45,Metal & Engineering,45.0,deteriorating_payer
INV700226,C1006,2024-09-25,52.75,54.666666666666664,8,7.516648189186453,1.9166666666666643,45.0,113780.96,45,Metal & Engineering,55.0,deteriorating_payer
INV700227,C1006,2024-09-27,53.0,53.666666666666664,9,7.071067811865475,0.6666666666666643,55.0,107214.08,45,Metal & Engineering,59.0,deteriorating_payer
INV700228,C1006,2024-10-08,53.6,53.0,10,6.9314099896373484,-0.6000000000000014,59.0,119976.35,45,Metal & Engineering,66.0,deteriorating_payer
INV700229,C1006,2024-10-30,54.72727272727273,60.0,11,7.564270078347402,5.272727272727273,66.0,131499.76,45,Metal & Engineering,62.0,deteriorating_payer
INV700230,C1006,2024-11-04,55.333333333333336,62.333333333333336,12,7.511607179841236,7.0,62.0,159170.83,45,Metal & Engineering,60.0,deteriorating_payer
INV700231,C1006,2024-11-09,55.69230769230769,62.666666666666664,13,7.307354917987485,6.974358974358971,60.0,171312.6,45,Metal & Engineering,57.0,deteriorating_payer
INV700232,C1006,2024-11-20,55.785714285714285,59.666666666666664,14,7.029373223274455,3.8809523809523796,57.0,185470.28,45,Metal & Engineering,62.0,deteriorating_payer
INV700233,C1006,2024-12-11,56.2,59.666666666666664,15,6.961116495013056,3.4666666666666615,62.0,73072.24,45,Metal & Engineering,69.0,deteriorating_payer
INV700234,C1006,2024-12-19,57.0,62.666666666666664,16,7.447594690010102,5.666666666666664,69.0,109134.35,45,Metal & Engineering,59.0,deteriorating_payer
INV700235,C1006,2024-12-25,57.11764705882353,63.333333333333336,17,7.227398848662433,6.215686274509807,59.0,156916.07,45,Metal & Engineering,57.0,deteriorating_payer
INV700236,C1006,2025-02-26,57.111111111111114,61.666666666666664,18,7.0116616213855085,4.55555555555555,57.0,288406.2,45,Metal & Engineering,63.0,deteriorating_payer
INV700237,C1006,2025-03-03,57.421052631578945,59.666666666666664,19,6.94674815590147,2.245614035087719,63.0,148228.8,45,Metal & Engineering,63.0,deteriorating_payer
INV700238,C1006,2025-03-04,57.7,61.0,20,6.875586099419185,3.299999999999997,63.0,136521.83,45,Metal & Engineering,75.0,deteriorating_payer
INV700239,C1006,2025-03-26,58.523809523809526,67.0,21,7.691677629874043,8.476190476190474,75.0,163012.15,45,Metal & Engineering,72.0,deteriorating_payer
INV700240,C1006,2025-03-28,59.13636363636363,70.0,22,8.037385588583337,10.863636363636367,72.0,104427.32,45,Metal & Engineering,79.0,deteriorating_payer
INV700241,C1006,2025-04-01,60.0,75.33333333333333,23,8.877960453740592,15.333333333333329,79.0,69836.65,45,Metal & Engineering,58.0,deteriorating_payer
INV700242,C1006,2025-04-15,59.916666666666664,69.66666666666667,24,8.692408815425836,9.750000000000007,58.0,179863.82,45,Metal & Engineering,80.0,deteriorating_payer
INV700243,C1006,2025-07-03,60.72,72.33333333333333,25,9.409746719935312,11.61333333333333,80.0,124260.79,45,Metal & Engineering,77.0,deteriorating_payer
INV700244,C1006,2025-07-16,61.34615384615385,71.66666666666667,26,9.756812215851273,10.320512820512825,77.0,54429.48,45,Metal & Engineering,85.0,deteriorating_payer
INV700245,C1006,2025-09-03,62.22222222222222,80.66666666666667,27,10.595112564593652,18.44444444444445,85.0,29447.03,45,Metal & Engineering,72.0,deteriorating_payer
INV700246,C1006,2025-09-25,62.57142857142857,78.0,28,10.55998236330097,15.42857142857143,72.0,101101.24,45,Metal & Engineering,73.0,deteriorating_payer
INV700248,C1006,2025-10-31,62.93103448275862,76.66666666666667,29,10.548970953478824,13.735632183908052,73.0,126187.54,45,Metal & Engineering,84.0,deteriorating_payer
INV700249,C1006,2025-11-03,63.63333333333333,76.33333333333333,30,11.056230365050173,12.699999999999996,84.0,143178.07,45,Metal & Engineering,93.0,deteriorating_payer
INV700250,C1006,2025-11-03,64.58064516129032,83.33333333333333,31,12.082423028373041,18.75268817204301,93.0,163064.62,45,Metal & Engineering,68.0,deteriorating_payer
INV700251,C1006,2025-11-17,64.6875,81.66666666666667,32,11.901307870661025,16.97916666666667,68.0,39296.81,45,Metal & Engineering,83.0,deteriorating_payer
INV700252,C1006,2025-12-31,65.24242424242425,81.33333333333333,33,12.139888547239384,16.09090909090908,83.0,77276.58,45,Metal & Engineering,92.0,deteriorating_payer
INV700253,C1006,2026-01-02,66.02941176470588,81.0,34,12.805030484309665,14.970588235294116,92.0,83746.2,45,Metal & Engineering,71.0,deteriorating_payer
INV700254,C1006,2026-01-11,66.17142857142858,82.0,35,12.643263061422715,15.828571428571422,71.0,71198.75,45,Metal & Engineering,78.0,deteriorating_payer
INV700255,C1006,2026-01-26,66.5,80.33333333333333,36,12.616315966692834,13.833333333333329,78.0,68427.55,45,Metal & Engineering,83.0,deteriorating_payer
INV700256,C1006,2026-02-09,66.94594594594595,77.33333333333333,37,12.732168240645741,10.387387387387378,83.0,81817.68,45,Metal & Engineering,110.0,deteriorating_payer
INV700257,C1006,2026-02-12,68.07894736842105,90.33333333333333,38,14.370355332264173,22.254385964912274,110.0,45391.27,45,Metal & Engineering,92.0,deteriorating_payer
INV700258,C1006,2026-03-22,68.6923076923077,95.0,39,14.68825855134825,26.307692307692307,92.0,69486.74,45,Metal & Engineering,84.0,deteriorating_payer
INV700259,C1006,2026-04-05,69.075,95.33333333333333,40,14.6993589603817,26.258333333333326,84.0,108622.47,45,Metal & Engineering,83.0,deteriorating_payer
INV700260,C1006,2026-04-27,69.41463414634147,86.33333333333333,41,14.676470300716206,16.91869918699186,83.0,116278.21,45,Metal & Engineering,102.0,deteriorating_payer
INV700261,C1006,2026-04-27,70.19047619047619,89.66666666666667,42,15.3436061129123,19.47619047619048,102.0,124396.98,45,Metal & Engineering,78.0,deteriorating_payer
INV700265,C1007,2024-05-15,,,0,,,,1716314.22,60,Chemicals & Plastics,67.0,cold_start
INV700266,C1007,2025-08-23,67.0,67.0,1,,0.0,67.0,290388.3,60,Chemicals & Plastics,82.0,cold_start
INV700267,C1007,2025-12-18,74.5,74.5,2,10.606601717798213,0.0,82.0,345571.03,60,Chemicals & Plastics,56.0,cold_start
INV700268,C1008,2024-02-16,,,0,,,,174946.36,30,IT & Business Services,34.0,average_payer
INV700269,C1008,2024-02-21,34.0,34.0,1,,0.0,34.0,150947.13,30,IT & Business Services,35.0,average_payer
INV700270,C1008,2024-03-01,34.5,34.5,2,0.7071067811865476,0.0,35.0,158750.87,30,IT & Business Services,39.0,average_payer
INV700271,C1008,2024-03-26,36.0,36.0,3,2.6457513110645907,0.0,39.0,78237.93,30,IT & Business Services,34.0,average_payer
INV700272,C1008,2024-04-01,35.5,36.0,4,2.3804761428476167,0.5,34.0,152208.43,30,IT & Business Services,36.0,average_payer
INV700273,C1008,2024-04-24,35.6,36.333333333333336,5,2.073644135332772,0.7333333333333343,36.0,122258.99,30,IT & Business Services,30.0,average_payer
INV700274,C1008,2024-05-06,34.666666666666664,33.333333333333336,6,2.94392028877595,-1.3333333333333286,30.0,74098.4,30,IT & Business Services,38.0,average_payer
INV700276,C1008,2024-06-10,35.142857142857146,34.666666666666664,7,2.9680841985233184,-0.4761904761904816,38.0,142289.15,30,IT & Business Services,31.0,average_payer
INV700277,C1008,2024-06-12,34.625,33.0,8,3.113908889391045,-1.625,31.0,418404.29,30,IT & Business Services,27.0,average_payer
INV700278,C1008,2024-06-30,33.77777777777778,32.0,9,3.8658045015810676,-1.7777777777777786,27.0,29447.66,30,IT & Business Services,33.0,average_payer
INV700279,C1008,2024-07-11,33.7,30.333333333333332,10,3.6530048514126623,-3.3666666666666707,33.0,126654.82,30,IT & Business Services,35.0,average_payer
INV700280,C1008,2024-08-21,33.81818181818182,31.666666666666668,11,3.4876405152533088,-2.1515151515151523,35.0,93567.53,30,IT & Business Services,33.0,average_payer
INV700281,C1008,2024-10-07,33.75,33.666666666666664,12,3.3337120996925282,-0.0833333333333357,33.0,154388.09,30,IT & Business Services,35.0,average_payer
INV700282,C1008,2024-10-13,33.84615384615385,34.333333333333336,13,3.2105595007244934,0.487179487179489,35.0,44057.95,30,IT & Business Services,33.0,average_payer
INV700283,C1008,2024-10-25,33.785714285714285,33.666666666666664,14,3.0928844249234513,-0.1190476190476204,33.0,152418.72,30,IT & Business Services,30.0,average_payer
INV700284,C1008,2024-11-05,33.53333333333333,32.666666666666664,15,3.136573805618997,-0.8666666666666671,30.0,86477.56,30,IT & Business Services,33.0,average_payer
INV700285,C1008,2024-12-05,33.5,32.0,16,3.03315017762062,-1.5,33.0,128340.3,30,IT & Business Services,31.0,average_payer
INV700286,C1008,2025-02-25,33.35294117647059,31.333333333333332,17,2.998774259397251,-2.019607843137255,31.0,129034.12,30,IT & Business Services,34.0,average_payer
INV700287,C1008,2025-03-06,33.388888888888886,32.666666666666664,18,2.9132332732850563,-0.7222222222222214,34.0,122842.19,30,IT & Business Services,32.0,average_payer
INV700288,C1008,2025-03-28,33.31578947368421,32.333333333333336,19,2.849027740182163,-0.9824561403508767,32.0,137736.14,30,IT & Business Services,32.0,average_payer
INV700289,C1008,2025-04-01,33.25,32.666666666666664,20,2.788604631258021,-0.5833333333333357,32.0,133611.75,30,IT & Business Services,31.0,average_payer
INV700290,C1008,2025-04-22,33.142857142857146,31.666666666666668,21,2.7619868624907373,-1.476190476190478,31.0,133401.98,30,IT & Business Services,31.0,average_payer
INV700291,C1008,2025-04-26,33.04545454545455,31.333333333333332,22,2.7338664879664423,-1.7121212121212146,31.0,136557.98,30,IT & Business Services,29.0,average_payer
INV700292,C1008,2025-05-17,32.869565217391305,30.333333333333332,23,2.8010444127809784,-2.5362318840579725,29.0,104696.15,30,IT & Business Services,32.0,average_payer
INV700293,C1008,2025-05-18,32.833333333333336,30.666666666666668,24,2.7452198243597845,-2.166666666666668,32.0,74825.96,30,IT & Business Services,34.0,average_payer
INV700294,C1008,2025-05-19,32.88,31.666666666666668,25,2.6975297341580244,-1.2133333333333347,34.0,148454.36,30,IT & Business Services,30.0,average_payer
INV700295,C1008,2025-05-26,32.76923076923077,32.0,26,2.702705197504045,-0.7692307692307665,30.0,144324.81,30,IT & Business Services,34.0,average_payer
INV700296,C1008,2025-06-27,32.81481481481482,32.666666666666664,27,2.6607841099518152,-0.14814814814815236,34.0,238131.27,30,IT & Business Services,29.0,average_payer
INV700297,C1008,2025-12-07,32.67857142857143,31.0,28,2.7087453898994607,-1.6785714285714306,29.0,74741.5,30,IT & Business Services,27.0,average_payer
INV700298,C1008,2025-12-07,32.48275862068966,30.0,29,2.8613269855482426,-2.4827586206896584,27.0,140203.2,30,IT & Business Services,34.0,average_payer
INV700299,C1008,2025-12-11,32.53333333333333,30.0,30,2.8251741885063106,-2.5333333333333314,34.0,129846.11,30,IT & Business Services,28.0,average_payer
INV700300,C1008,2026-02-02,32.38709677419355,29.666666666666668,31,2.894562941733329,-2.7204301075268837,28.0,114884.18,30,IT & Business Services,39.0,average_payer
INV700301,C1008,2026-03-23,32.59375,33.666666666666664,32,3.0781160450991396,1.0729166666666643,39.0,80894.91,30,IT & Business Services,32.0,average_payer
INV700302,C1008,2026-04-04,32.57575757575758,33.0,33,3.0314013161232767,0.4242424242424221,32.0,112427.11,30,IT & Business Services,31.0,average_payer
INV700303,C1008,2026-04-07,32.529411764705884,34.0,34,2.9973250106138525,1.470588235294116,31.0,112571.91,30,IT & Business Services,34.0,average_payer
INV700304,C1008,2026-04-10,32.57142857142857,32.333333333333336,35,2.963361706751643,-0.2380952380952337,34.0,100841.44,30,IT & Business Services,34.0,average_payer
INV700305,C1008,2026-04-27,32.611111111111114,33.0,36,2.930409798526749,0.38888888888888573,34.0,161142.58,30,IT & Business Services,38.0,average_payer
INV700306,C1008,2026-06-11,32.75675675675676,35.333333333333336,37,3.0221902047411953,2.576576576576578,38.0,120473.66,30,IT & Business Services,29.0,average_payer
INV700307,C1008,2026-06-25,32.6578947368421,33.666666666666664,38,3.042725625465339,1.0087719298245617,29.0,87729.06,30,IT & Business Services,29.0,average_payer
INV700313,C1009,2024-02-18,,,0,,,,370890.19,45,FMCG & Food Processing,54.0,average_payer
INV700314,C1009,2024-03-24,54.0,54.0,1,,0.0,54.0,325901.73,45,FMCG & Food Processing,51.0,average_payer
INV700315,C1009,2024-04-20,52.5,52.5,2,2.1213203435596424,0.0,51.0,314511.54,45,FMCG & Food Processing,51.0,average_payer
INV700316,C1009,2025-02-03,52.0,52.0,3,1.7320508075688772,0.0,51.0,277501.13,45,FMCG & Food Processing,46.0,average_payer
INV700317,C1009,2025-08-29,50.5,49.333333333333336,4,3.3166247903554,-1.1666666666666643,46.0,366283.85,45,FMCG & Food Processing,49.0,average_payer
INV700318,C1009,2025-12-09,50.2,48.666666666666664,5,2.9495762407505253,-1.5333333333333385,49.0,498049.86,45,FMCG & Food Processing,39.0,average_payer
INV700319,C1009,2025-12-10,48.333333333333336,44.666666666666664,6,5.278888771954443,-3.6666666666666714,39.0,416018.75,45,FMCG & Food Processing,51.0,average_payer
INV700320,C1009,2026-05-13,48.714285714285715,46.333333333333336,7,4.923220007078218,-2.3809523809523796,51.0,539130.2,45,FMCG & Food Processing,41.0,average_payer
INV700324,C1010,2024-10-30,,,0,,,,120561.78,30,Retail & Distribution,37.0,cold_start
INV700325,C1010,2025-03-08,37.0,37.0,1,,0.0,37.0,177488.95,30,Retail & Distribution,38.0,cold_start
INV700326,C1010,2026-01-14,37.5,37.5,2,0.7071067811865476,0.0,38.0,137009.26,30,Retail & Distribution,33.0,cold_start
INV700327,C1010,2026-02-08,36.0,36.0,3,2.6457513110645907,0.0,33.0,167890.64,30,Retail & Distribution,20.0,cold_start
INV700329,C1011,2024-03-25,,,0,,,,32102.69,30,Retail & Distribution,57.0,chronic_late_payer
INV700330,C1011,2024-03-28,57.0,57.0,1,,0.0,57.0,31557.75,30,Retail & Distribution,60.0,chronic_late_payer
INV700331,C1011,2024-05-13,58.5,58.5,2,2.1213203435596424,0.0,60.0,14629.63,30,Retail & Distribution,58.0,chronic_late_payer
INV700332,C1011,2024-05-27,58.333333333333336,58.333333333333336,3,1.5275252316519468,0.0,58.0,38749.19,30,Retail & Distribution,53.0,chronic_late_payer
INV700333,C1011,2024-06-15,57.0,57.0,4,2.9439202887759492,0.0,53.0,47154.17,30,Retail & Distribution,63.0,chronic_late_payer
INV700334,C1011,2024-06-30,58.2,58.0,5,3.7013511046643495,-0.20000000000000284,63.0,31902.94,30,Retail & Distribution,57.0,chronic_late_payer
INV700335,C1011,2024-07-24,58.0,57.666666666666664,6,3.3466401061363023,-0.3333333333333357,57.0,21896.4,30,Retail & Distribution,60.0,chronic_late_payer
INV700336,C1011,2024-08-25,58.285714285714285,60.0,7,3.147183169877773,1.7142857142857153,60.0,24241.33,30,Retail & Distribution,61.0,chronic_late_payer
INV700337,C1011,2024-09-17,58.625,59.333333333333336,8,3.0676887530703447,0.7083333333333357,61.0,30985.33,30,Retail & Distribution,50.0,chronic_late_payer
INV700338,C1011,2024-10-16,57.666666666666664,57.0,9,4.06201920231798,-0.6666666666666643,50.0,24606.29,30,Retail & Distribution,61.0,chronic_late_payer
INV700339,C1011,2024-11-09,58.0,57.333333333333336,10,3.972125095937662,-0.6666666666666643,61.0,17234.69,30,Retail & Distribution,56.0,chronic_late_payer
INV700340,C1011,2024-12-15,57.81818181818182,55.666666666666664,11,3.8162332690280296,-2.151515151515156,56.0,30151.15,30,Retail & Distribution,62.0,chronic_late_payer
INV700341,C1011,2025-03-18,58.166666666666664,59.666666666666664,12,3.8336626999476224,1.5,62.0,17423.03,30,Retail & Distribution,59.0,chronic_late_payer
INV700342,C1011,2025-04-01,58.23076923076923,59.0,13,3.6777222605358637,0.7692307692307665,59.0,20312.49,30,Retail & Distribution,65.0,chronic_late_payer
INV700343,C1011,2025-07-18,58.714285714285715,62.0,14,3.969665194728864,3.2857142857142847,65.0,34712.23,30,Retail & Distribution,54.0,chronic_late_payer
INV700344,C1011,2025-07-21,58.4,59.333333333333336,15,4.014260294784795,0.9333333333333371,54.0,4637.88,30,Retail & Distribution,56.0,chronic_late_payer
INV700345,C1011,2025-08-16,58.25,58.333333333333336,16,3.924283374069716,0.0833333333333357,56.0,25883.2,30,Retail & Distribution,67.0,chronic_late_payer
INV700346,C1011,2025-11-07,58.76470588235294,59.0,17,4.352146191316214,0.235294117647058,67.0,40942.98,30,Retail & Distribution,62.0,chronic_late_payer
INV700347,C1011,2025-12-27,58.94444444444444,61.666666666666664,18,4.290512409028336,2.7222222222222214,62.0,22877.08,30,Retail & Distribution,53.0,chronic_late_payer
INV700348,C1011,2026-01-09,58.63157894736842,60.666666666666664,19,4.386982338132639,2.0350877192982466,53.0,23864.81,30,Retail & Distribution,60.0,chronic_late_payer
INV700349,C1011,2026-03-28,58.7,58.333333333333336,20,4.280924641882135,-0.36666666666666714,60.0,32169.25,30,Retail & Distribution,56.0,chronic_late_payer
INV700352,C1012,2024-03-04,,,0,,,,36571.91,30,FMCG & Food Processing,56.0,chronic_late_payer
INV700353,C1012,2024-05-12,56.0,56.0,1,,0.0,56.0,27867.78,30,FMCG & Food Processing,52.0,chronic_late_payer
INV700354,C1012,2024-06-01,54.0,54.0,2,2.8284271247461903,0.0,52.0,26852.5,30,FMCG & Food Processing,55.0,chronic_late_payer
INV700355,C1012,2024-06-25,54.333333333333336,54.333333333333336,3,2.0816659994661326,0.0,55.0,26902.6,30,FMCG & Food Processing,55.0,chronic_late_payer
INV700356,C1012,2024-08-28,54.5,54.0,4,1.732050807568877,-0.5,55.0,32419.64,30,FMCG & Food Processing,56.0,chronic_late_payer
INV700357,C1012,2024-09-07,54.8,55.333333333333336,5,1.6431676725154984,0.5333333333333385,56.0,31702.11,30,FMCG & Food Processing,60.0,chronic_late_payer
INV700358,C1012,2024-09-13,55.666666666666664,57.0,6,2.581988897471612,1.3333333333333357,60.0,5815.24,30,FMCG & Food Processing,61.0,chronic_late_payer
INV700359,C1012,2024-10-02,56.42857142857143,59.0,7,3.101458950082627,2.5714285714285694,61.0,164157.12,30,FMCG & Food Processing,59.0,chronic_late_payer
INV700360,C1012,2024-11-29,56.75,60.0,8,3.011881234615433,3.25,59.0,32921.02,30,FMCG & Food Processing,53.0,chronic_late_payer
INV700361,C1012,2025-01-07,56.333333333333336,57.666666666666664,9,3.0822070014844893,1.3333333333333286,53.0,149727.57,30,FMCG & Food Processing,56.0,chronic_late_payer
INV700362,C1012,2025-03-02,56.3,56.0,10,2.9078437983419194,-0.29999999999999716,56.0,10024.61,30,FMCG & Food Processing,63.0,chronic_late_payer
INV700363,C1012,2025-06-28,56.90909090909091,57.333333333333336,11,3.4191971412758724,0.4242424242424292,63.0,23129.28,30,FMCG & Food Processing,63.0,chronic_late_payer
INV700364,C1012,2025-10-28,57.416666666666664,60.666666666666664,12,3.704010930018563,3.25,63.0,21750.09,30,FMCG & Food Processing,54.0,chronic_late_payer
INV700365,C1012,2025-11-15,57.15384615384615,60.0,13,3.6707436541331764,2.8461538461538467,54.0,27140.97,30,FMCG & Food Processing,55.0,chronic_late_payer
INV700366,C1012,2026-03-18,57.0,57.333333333333336,14,3.573406045949827,0.3333333333333357,55.0,17428.25,30,FMCG & Food Processing,58.0,chronic_late_payer
INV700367,C1012,2026-04-19,57.06666666666667,55.666666666666664,15,3.4530869557266484,-1.4000000000000057,58.0,28567.62,30,FMCG & Food Processing,59.0,chronic_late_payer
INV700368,C1012,2026-05-28,57.1875,57.333333333333336,16,3.370830758136636,0.1458333333333357,59.0,22270.95,30,FMCG & Food Processing,49.0,chronic_late_payer
INV700370,C1013,2024-04-08,,,0,,,,85735.28,60,Construction & Infra,87.0,average_payer
INV700371,C1013,2024-04-29,87.0,87.0,1,,0.0,87.0,160655.95,60,Construction & Infra,78.0,average_payer
INV700372,C1013,2024-05-02,82.5,82.5,2,6.363961030678928,0.0,78.0,123474.16,60,Construction & Infra,78.0,average_payer
INV700373,C1013,2024-06-16,81.0,81.0,3,5.196152422706632,0.0,78.0,210663.68,60,Construction & Infra,82.0,average_payer
INV700374,C1013,2024-06-29,81.25,79.33333333333333,4,4.272001872658765,-1.9166666666666714,82.0,171991.11,60,Construction & Infra,57.0,average_payer
INV700375,C1013,2024-08-12,76.4,72.33333333333333,5,11.458621208504976,-4.066666666666677,57.0,179275.31,60,Construction & Infra,77.0,average_payer
INV700376,C1013,2024-09-09,76.5,72.0,6,10.251829105091444,-4.5,77.0,78300.43,60,Construction & Infra,83.0,average_payer
INV700377,C1013,2024-09-21,77.42857142857143,72.33333333333333,7,9.67569365053729,-5.095238095238102,83.0,154596.28,60,Construction & Infra,71.0,average_payer
INV700378,C1013,2024-10-18,76.625,77.0,8,9.241791724861272,0.375,71.0,119682.17,60,Construction & Infra,68.0,average_payer
INV700379,C1013,2024-11-03,75.66666666666667,74.0,9,9.1104335791443,-1.6666666666666714,68.0,91310.14,60,Construction & Infra,77.0,average_payer
INV700380,C1013,2024-11-13,75.8,72.0,10,8.59974159818512,-3.799999999999997,77.0,176829.09,60,Construction & Infra,67.0,average_payer
INV700381,C1013,2024-12-22,75.0,70.66666666666667,11,8.579044235810889,-4.333333333333329,67.0,78577.92,60,Construction & Infra,75.0,average_payer
INV700382,C1013,2024-12-25,75.0,73.0,12,8.179797730328723,-2.0,75.0,148882.77,60,Construction & Infra,72.0,average_payer
INV700383,C1013,2024-12-30,74.76923076923077,71.33333333333333,13,7.875635912460724,-3.435897435897445,72.0,95422.09,60,Construction & Infra,74.0,average_payer
INV700384,C1013,2024-12-30,74.71428571428571,73.66666666666667,14,7.5694585867618915,-1.0476190476190368,74.0,180776.47,60,Construction & Infra,91.0,average_payer
INV700385,C1013,2025-01-22,75.8,79.0,15,8.419365432484462,3.200000000000003,91.0,220492.42,60,Construction & Infra,57.0,average_payer
INV700386,C1013,2025-03-05,74.625,74.0,16,9.39414711402797,-0.625,57.0,119130.33,60,Construction & Infra,78.0,average_payer
INV700387,C1013,2025-05-09,74.82352941176471,75.33333333333333,17,9.132601587976227,0.5098039215686185,78.0,138892.24,60,Construction & Infra,68.0,average_payer
INV700388,C1013,2025-05-11,74.44444444444444,67.66666666666667,18,9.004719169427855,-6.7777777777777715,68.0,102252.44,60,Construction & Infra,71.0,average_payer
INV700389,C1013,2025-06-23,74.26315789473684,72.33333333333333,19,8.786619279482476,-1.9298245614035068,71.0,92458.77,60,Construction & Infra,89.0,average_payer
INV700390,C1013,2025-07-06,75.0,76.0,20,9.165151389911681,1.0,89.0,109936.08,60,Construction & Infra,90.0,average_payer
INV700391,C1013,2025-07-09,75.71428571428571,83.33333333333333,21,9.513899606065102,7.61904761904762,90.0,139067.82,60,Construction & Infra,73.0,average_payer
INV700392,C1013,2025-07-18,75.5909090909091,84.0,22,9.302631941497044,8.409090909090907,73.0,57607.36,60,Construction & Infra,58.0,average_payer
INV700393,C1013,2025-07-30,74.82608695652173,73.66666666666667,23,9.800984059651837,-1.1594202898550634,58.0,39789.96,60,Construction & Infra,65.0,average_payer
INV700394,C1013,2025-08-03,74.41666666666667,65.33333333333333,24,9.79315051969739,-9.083333333333343,65.0,178763.73,60,Construction & Infra,80.0,average_payer
INV700395,C1013,2025-09-10,74.64,67.66666666666667,25,9.65177013125917,-6.973333333333329,80.0,83796.74,60,Construction & Infra,64.0,average_payer
INV700396,C1013,2025-10-16,74.23076923076923,69.66666666666667,26,9.684245731321328,-4.564102564102555,64.0,128856.31,60,Construction & Infra,79.0,average_payer
INV700397,C1013,2025-11-26,74.4074074074074,74.33333333333333,27,9.540437255175624,-0.07407407407407618,79.0,115239.13,60,Construction & Infra,82.0,average_payer
INV700398,C1013,2026-03-05,74.67857142857143,75.0,28,9.471413408656172,0.3214285714285694,82.0,114061.09,60,Construction & Infra,76.0,average_payer
INV700399,C1013,2026-03-14,74.72413793103448,79.0,29,9.303979761847453,4.275862068965523,76.0,74386.55,60,Construction & Infra,87.0,average_payer
INV700400,C1013,2026-04-09,75.13333333333334,81.66666666666667,30,9.412879413366278,6.533333333333331,87.0,95414.1,60,Construction & Infra,66.0,average_payer
INV700401,C1013,2026-04-24,74.83870967741936,76.33333333333333,31,9.398924669675598,1.4946236559139692,66.0,66893.92,60,Construction & Infra,63.0,average_payer
INV700402,C1013,2026-05-03,74.46875,72.0,32,9.479976776206751,-2.46875,63.0,118923.16,60,Construction & Infra,66.0,average_payer
INV700403,C1013,2026-05-15,74.21212121212122,65.0,33,9.446419876590731,-9.212121212121218,66.0,178466.98,60,Construction & Infra,81.0,average_payer
INV700404,C1013,2026-05-16,74.41176470588235,70.0,34,9.374748956828926,-4.411764705882348,81.0,162819.46,60,Construction & Infra,85.0,average_payer
INV700405,C1013,2026-05-23,74.71428571428571,77.33333333333333,35,9.407667175271044,2.6190476190476204,85.0,467328.48,60,Construction & Infra,59.0,average_payer
INV700406,C1013,2026-05-27,74.27777777777777,75.0,36,9.635087993107307,0.7222222222222285,59.0,69701.29,60,Construction & Infra,78.0,average_payer
INV700410,C1014,2024-03-26,,,0,,,,166215.57,60,IT & Business Services,60.0,average_payer
INV700411,C1014,2024-04-12,60.0,60.0,1,,0.0,60.0,144081.22,60,IT & Business Services,61.0,average_payer
INV700412,C1014,2024-04-22,60.5,60.5,2,0.7071067811865476,0.0,61.0,78759.79,60,IT & Business Services,62.0,average_payer
INV700413,C1014,2024-08-05,61.0,61.0,3,1.0,0.0,62.0,131689.98,60,IT & Business Services,60.0,average_payer
INV700414,C1014,2024-08-22,60.75,61.0,4,0.9574271077563381,0.25,60.0,102338.65,60,IT & Business Services,62.0,average_payer
INV700415,C1014,2024-09-13,61.0,61.333333333333336,5,1.0,0.3333333333333357,62.0,152754.52,60,IT & Business Services,65.0,average_payer
INV700416,C1014,2024-09-24,61.666666666666664,62.333333333333336,6,1.861898672502526,0.6666666666666714,65.0,148391.11,60,IT & Business Services,62.0,average_payer
INV700417,C1014,2024-10-17,61.714285714285715,63.0,7,1.704336206492694,1.2857142857142847,62.0,200828.83,60,IT & Business Services,71.0,average_payer
INV700418,C1014,2024-10-20,62.875,66.0,8,3.6425069859723185,3.125,71.0,160760.92,60,IT & Business Services,64.0,average_payer
INV700419,C1014,2024-10-23,63.0,65.66666666666667,9,3.427827300200522,2.6666666666666714,64.0,129688.24,60,IT & Business Services,62.0,average_payer
INV700420,C1014,2024-11-24,62.9,65.66666666666667,10,3.2472210341220142,2.766666666666673,62.0,144376.63,60,IT & Business Services,59.0,average_payer
INV700421,C1014,2024-12-02,62.54545454545455,61.666666666666664,11,3.2973818815428815,-0.8787878787878824,59.0,93925.5,60,IT & Business Services,65.0,average_payer
INV700423,C1014,2025-01-16,62.75,62.0,12,3.2227881773960316,-0.75,65.0,125298.94,60,IT & Business Services,59.0,average_payer
INV700424,C1014,2025-01-18,62.46153846153846,61.0,13,3.256157874330436,-1.46153846153846,59.0,87097.16,60,IT & Business Services,58.0,average_payer
INV700425,C1014,2025-01-22,62.142857142857146,60.666666666666664,14,3.347953286530624,-1.4761904761904816,58.0,184231.17,60,IT & Business Services,64.0,average_payer
INV700426,C1014,2025-01-25,62.266666666666666,60.333333333333336,15,3.2616093018777153,-1.93333333333333,64.0,74908.14,60,IT & Business Services,62.0,average_payer
INV700427,C1014,2025-01-26,62.25,61.333333333333336,16,3.1517191076194164,-0.9166666666666643,62.0,97437.86,60,IT & Business Services,63.0,average_payer
INV700428,C1014,2025-02-23,62.294117647058826,63.0,17,3.057055484497152,0.705882352941174,63.0,151600.12,60,IT & Business Services,62.0,average_payer
INV700429,C1014,2025-03-13,62.27777777777778,62.333333333333336,18,2.966589556169043,0.055555555555557135,62.0,125949.58,60,IT & Business Services,61.0,average_payer
INV700430,C1014,2025-03-14,62.21052631578947,62.0,19,2.897871774028908,-0.21052631578947256,61.0,116051.36,60,IT & Business Services,60.0,average_payer
INV700431,C1014,2025-03-19,62.1,61.0,20,2.8635642126552705,-1.1000000000000014,60.0,69163.25,60,IT & Business Services,62.0,average_payer
INV700432,C1014,2025-05-09,62.095238095238095,61.0,21,2.791142452558842,-1.095238095238095,62.0,96461.15,60,IT & Business Services,65.0,average_payer
INV700433,C1014,2025-06-04,62.22727272727273,62.333333333333336,22,2.793390467340773,0.10606060606060908,65.0,121729.56,60,IT & Business Services,62.0,average_payer
INV700434,C1014,2025-06-16,62.21739130434783,63.0,23,2.729577418827957,0.7826086956521721,62.0,99630.43,60,IT & Business Services,62.0,average_payer
INV700435,C1014,2025-06-24,62.208333333333336,63.0,24,2.6699481621195935,0.7916666666666643,62.0,201673.11,60,IT & Business Services,68.0,average_payer
INV700436,C1014,2025-08-02,62.44,64.0,25,2.8589042189855416,1.5600000000000023,68.0,89676.23,60,IT & Business Services,57.0,average_payer
INV700437,C1014,2025-08-03,62.23076923076923,62.333333333333336,26,2.997434800728013,0.1025641025641022,57.0,157739.32,60,IT & Business Services,63.0,average_payer
INV700438,C1014,2025-08-24,62.25925925925926,62.666666666666664,27,2.9429523715086963,0.4074074074074048,63.0,88663.11,60,IT & Business Services,66.0,average_payer
INV700439,C1014,2025-09-04,62.392857142857146,62.0,28,2.9732048516621066,-0.3928571428571459,66.0,4939.61,60,IT & Business Services,67.0,average_payer
INV700440,C1014,2025-09-22,62.55172413793103,65.33333333333333,29,3.042393405769211,2.7816091954022966,67.0,188991.73,60,IT & Business Services,62.0,average_payer
INV700441,C1014,2025-09-28,62.53333333333333,65.0,30,2.9911747586494517,2.4666666666666686,62.0,129540.84,60,IT & Business Services,63.0,average_payer
INV700442,C1014,2025-11-30,62.54838709677419,64.0,31,2.942093468687666,1.4516129032258078,63.0,70873.61,60,IT & Business Services,61.0,average_payer
INV700443,C1014,2026-01-05,62.5,62.0,32,2.907165785301176,-0.5,61.0,77239.06,60,IT & Business Services,62.0,average_payer
INV700444,C1014,2026-01-05,62.484848484848484,62.0,33,2.8627042735105834,-0.4848484848484844,62.0,66698.24,60,IT & Business Services,63.0,average_payer
INV700445,C1014,2026-01-05,62.5,62.0,34,2.8203803740888307,-0.5,63.0,52802.13,60,IT & Business Services,59.0,average_payer
INV700446,C1014,2026-01-13,62.4,61.333333333333336,35,2.840878074696997,-1.0666666666666629,59.0,163178.25,60,IT & Business Services,62.0,average_payer
INV700447,C1014,2026-01-31,62.388888888888886,61.333333333333336,36,2.8007935383466673,-1.05555555555555,62.0,133355.95,60,IT & Business Services,57.0,average_payer
INV700448,C1014,2026-02-26,62.24324324324324,59.333333333333336,37,2.900243336585986,-2.9099099099099064,57.0,94375.85,60,IT & Business Services,61.0,average_payer
INV700449,C1014,2026-05-02,62.21052631578947,60.0,38,2.8678826801067596,-2.2105263157894726,61.0,130890.08,60,IT & Business Services,60.0,average_payer
INV700451,C1015,2024-02-20,,,0,,,,46749.81,30,FMCG & Food Processing,35.0,average_payer
INV700452,C1015,2024-02-24,35.0,35.0,1,,0.0,35.0,17060.71,30,FMCG & Food Processing,41.0,average_payer
INV700453,C1015,2024-02-28,38.0,38.0,2,4.242640687119285,0.0,41.0,56421.4,30,FMCG & Food Processing,31.0,average_payer
INV700454,C1015,2024-04-13,35.666666666666664,35.666666666666664,3,5.033222956847165,0.0,31.0,42340.07,30,FMCG & Food Processing,33.0,average_payer
INV700455,C1015,2024-04-17,35.0,35.0,4,4.320493798938573,0.0,33.0,67499.7,30,FMCG & Food Processing,36.0,average_payer
INV700456,C1015,2024-04-18,35.2,33.333333333333336,5,3.7682887362833535,-1.8666666666666671,36.0,42468.13,30,FMCG & Food Processing,40.0,average_payer
INV700457,C1015,2024-05-03,36.0,36.333333333333336,6,3.898717737923585,0.3333333333333357,40.0,49662.81,30,FMCG & Food Processing,32.0,average_payer
INV700458,C1015,2024-05-12,35.42857142857143,36.0,7,3.8668308667927214,0.5714285714285694,32.0,78668.65,30,FMCG & Food Processing,38.0,average_payer
INV700459,C1015,2024-05-27,35.75,36.666666666666664,8,3.6936238496708267,0.9166666666666643,38.0,58408.8,30,FMCG & Food Processing,28.0,average_payer
INV700460,C1015,2024-06-23,34.888888888888886,32.666666666666664,9,4.314059701848261,-2.2222222222222214,28.0,45891.2,30,FMCG & Food Processing,39.0,average_payer
INV700461,C1015,2024-07-13,35.3,35.0,10,4.270050741306633,-0.29999999999999716,39.0,63580.67,30,FMCG & Food Processing,34.0,average_payer
INV700462,C1015,2024-07-28,35.18181818181818,33.666666666666664,11,4.069844759156835,-1.5151515151515156,34.0,103610.94,30,FMCG & Food Processing,38.0,average_payer
INV700464,C1015,2024-09-06,35.416666666666664,37.0,12,3.964807305493795,1.5833333333333357,38.0,23767.56,30,FMCG & Food Processing,39.0,average_payer
INV700465,C1015,2024-09-18,35.69230769230769,37.0,13,3.9239566635522234,1.3076923076923066,39.0,64818.67,30,FMCG & Food Processing,31.0,average_payer
INV700466,C1015,2024-09-28,35.357142857142854,36.0,14,3.973123995763823,0.6428571428571459,31.0,40987.33,30,FMCG & Food Processing,38.0,average_payer
INV700467,C1015,2024-10-14,35.53333333333333,36.0,15,3.888934240098375,0.46666666666666856,38.0,79684.92,30,FMCG & Food Processing,42.0,average_payer
INV700468,C1015,2024-11-15,35.9375,37.0,16,4.090130397269341,1.0625,42.0,46213.79,30,FMCG & Food Processing,36.0,average_payer
INV700469,C1015,2024-11-28,35.94117647058823,38.666666666666664,17,3.96028073871181,2.7254901960784323,36.0,76404.81,30,FMCG & Food Processing,33.0,average_payer
INV700470,C1015,2024-12-01,35.77777777777778,37.0,18,3.9040786448737776,1.2222222222222214,33.0,62767.77,30,FMCG & Food Processing,30.0,average_payer
INV700471,C1015,2024-12-17,35.473684210526315,33.0,19,4.018960908447073,-2.473684210526315,30.0,93935.63,30,FMCG & Food Processing,35.0,average_payer
INV700472,C1015,2025-01-20,35.45,32.666666666666664,20,3.9132030224276426,-2.7833333333333385,35.0,56782.15,30,FMCG & Food Processing,28.0,average_payer
INV700473,C1015,2025-02-21,35.095238095238095,31.0,21,4.146139914483855,-4.095238095238095,28.0,74440.7,30,FMCG & Food Processing,35.0,average_payer
INV700474,C1015,2025-03-26,35.09090909090909,32.666666666666664,22,4.046269191773376,-2.424242424242429,35.0,68670.72,30,FMCG & Food Processing,35.0,average_payer
INV700475,C1015,2025-03-28,35.08695652173913,32.666666666666664,23,3.9532845202468936,-2.4202898550724683,35.0,61088.47,30,FMCG & Food Processing,31.0,average_payer
INV700476,C1015,2025-06-12,34.916666666666664,33.666666666666664,24,3.9553669281410393,-1.25,31.0,82379.39,30,FMCG & Food Processing,43.0,average_payer
INV700477,C1015,2025-06-19,35.24,36.333333333333336,25,4.196029869610876,1.0933333333333337,43.0,166581.33,30,FMCG & Food Processing,32.0,average_payer
INV700478,C1015,2025-06-20,35.11538461538461,35.333333333333336,26,4.160066567514737,0.2179487179487225,32.0,57607.76,30,FMCG & Food Processing,35.0,average_payer
INV700479,C1015,2025-08-22,35.111111111111114,36.666666666666664,27,4.079341324408346,1.55555555555555,35.0,68788.48,30,FMCG & Food Processing,31.0,average_payer
INV700480,C1015,2025-08-24,34.964285714285715,32.666666666666664,28,4.077782102847928,-2.297619047619051,31.0,54466.98,30,FMCG & Food Processing,30.0,average_payer
INV700481,C1015,2025-09-29,34.793103448275865,32.0,29,4.10904325277819,-2.7931034482758648,30.0,71650.73,30,FMCG & Food Processing,31.0,average_payer
INV700482,C1015,2025-10-05,34.666666666666664,30.666666666666668,30,4.09653624363343,-3.9999999999999964,31.0,46987.5,30,FMCG & Food Processing,28.0,average_payer
INV700483,C1015,2025-10-07,34.45161290322581,29.666666666666668,31,4.201894094154994,-4.78494623655914,28.0,80509.97,30,FMCG & Food Processing,37.0,average_payer
INV700484,C1015,2025-12-04,34.53125,32.0,32,4.158042149393033,-2.53125,37.0,63719.52,30,FMCG & Food Processing,35.0,average_payer
INV700485,C1015,2025-12-12,34.54545454545455,33.333333333333336,33,4.093370471650693,-1.212121212121211,35.0,45046.86,30,FMCG & Food Processing,37.0,average_payer
INV700486,C1015,2026-01-07,34.61764705882353,36.333333333333336,34,4.05279331940818,1.7156862745098067,37.0,44812.05,30,FMCG & Food Processing,27.0,average_payer
INV700487,C1015,2026-01-19,34.4,33.0,35,4.195235392680606,-1.3999999999999986,27.0,61811.33,30,FMCG & Food Processing,33.0,average_payer
INV700488,C1015,2026-01-26,34.361111111111114,32.333333333333336,36,4.141447488691279,-2.0277777777777786,33.0,55664.64,30,FMCG & Food Processing,32.0,average_payer
INV700489,C1015,2026-02-26,34.2972972972973,30.666666666666668,37,4.101929524726848,-3.6306306306306304,32.0,53569.76,30,FMCG & Food Processing,36.0,average_payer
INV700490,C1015,2026-03-02,34.3421052631579,33.666666666666664,38,4.055535528269063,-0.6754385964912331,36.0,66729.44,30,FMCG & Food Processing,31.0,average_payer
INV700491,C1015,2026-04-16,34.256410256410255,33.0,39,4.0374428379069,-1.2564102564102555,31.0,74787.11,30,FMCG & Food Processing,38.0,average_payer
INV700492,C1015,2026-04-29,34.35,35.0,40,4.029061098237817,0.6499999999999986,38.0,85373.52,30,FMCG & Food Processing,38.0,average_payer
INV700493,C1015,2026-05-21,34.4390243902439,35.666666666666664,41,4.019009706929089,1.2276422764227632,38.0,25108.4,30,FMCG & Food Processing,35.0,average_payer
INV700494,C1015,2026-05-27,34.45238095238095,37.0,42,3.9706384628363187,2.547619047619051,35.0,58682.32,30,FMCG & Food Processing,27.0,average_payer
INV700495,C1015,2026-06-19,34.27906976744186,33.333333333333336,43,4.084381292513672,-0.9457364341085253,27.0,50573.57,30,FMCG & Food Processing,28.0,average_payer
INV700497,C1016,2024-02-25,,,0,,,,124512.85,30,Electronics & Electricals,31.0,prompt_payer
INV700498,C1016,2024-03-08,31.0,31.0,1,,0.0,31.0,136596.0,30,Electronics & Electricals,30.0,prompt_payer
INV700499,C1016,2024-04-15,30.5,30.5,2,0.7071067811865476,0.0,30.0,165420.92,30,Electronics & Electricals,29.0,prompt_payer
INV700500,C1016,2024-04-26,30.0,30.0,3,1.0,0.0,29.0,72456.57,30,Electronics & Electricals,23.0,prompt_payer
INV700501,C1016,2024-05-02,28.25,27.333333333333332,4,3.593976442141304,-0.9166666666666679,23.0,193232.12,30,Electronics & Electricals,28.0,prompt_payer
INV700502,C1016,2024-05-08,28.2,26.666666666666668,5,3.1144823004794873,-1.5333333333333314,28.0,162382.19,30,Electronics & Electricals,34.0,prompt_payer
INV700503,C1016,2024-05-12,29.166666666666668,28.333333333333332,6,3.6560452221856705,-0.8333333333333357,34.0,110879.97,30,Electronics & Electricals,28.0,prompt_payer
INV700504,C1016,2024-05-16,29.0,30.0,7,3.366501646120693,1.0,28.0,146055.64,30,Electronics & Electricals,30.0,prompt_payer
INV700505,C1016,2024-06-22,29.125,30.666666666666668,8,3.1367635732209265,1.5416666666666679,30.0,143110.66,30,Electronics & Electricals,33.0,prompt_payer
INV700506,C1016,2024-08-02,29.555555555555557,30.333333333333332,9,3.205897343611891,0.777777777777775,33.0,141670.26,30,Electronics & Electricals,32.0,prompt_payer
INV700507,C1016,2024-08-07,29.8,31.666666666666668,10,3.119829055146025,1.8666666666666671,32.0,98740.89,30,Electronics & Electricals,29.0,prompt_payer
INV700508,C1016,2024-08-14,29.727272727272727,31.333333333333332,11,2.9695423583747416,1.6060606060606055,29.0,815845.93,30,Electronics & Electricals,34.0,prompt_payer
INV700509,C1016,2024-09-04,30.083333333333332,31.666666666666668,12,3.0883456393154565,1.5833333333333357,34.0,106847.53,30,Electronics & Electricals,33.0,prompt_payer
INV700510,C1016,2024-09-22,30.307692307692307,32.0,13,3.0655237558100747,1.6923076923076934,33.0,144580.4,30,Electronics & Electricals,28.0,prompt_payer
INV700511,C1016,2024-10-21,30.142857142857142,31.666666666666668,14,3.0091435749968896,1.5238095238095255,28.0,118543.47,30,Electronics & Electricals,29.0,prompt_payer
INV700512,C1016,2024-11-23,30.066666666666666,30.0,15,2.91465917308321,-0.06666666666666643,29.0,109633.4,30,Electronics & Electricals,26.0,prompt_payer
INV700513,C1016,2024-11-28,29.8125,27.666666666666668,16,2.9937434759845414,-2.145833333333332,26.0,152092.81,30,Electronics & Electricals,33.0,prompt_payer
INV700514,C1016,2024-12-08,30.0,29.333333333333332,17,3.000000000000001,-0.6666666666666679,33.0,130778.64,30,Electronics & Electricals,32.0,prompt_payer
INV700515,C1016,2025-01-13,30.11111111111111,30.333333333333332,18,2.9483572472677637,0.22222222222222143,32.0,137653.56,30,Electronics & Electricals,27.0,prompt_payer
INV700516,C1016,2025-02-18,29.94736842105263,30.666666666666668,19,2.9528457876452063,0.7192982456140378,27.0,93898.6,30,Electronics & Electricals,27.0,prompt_payer
INV700517,C1016,2025-03-15,29.8,28.666666666666668,20,2.9486839169543533,-1.1333333333333329,27.0,25113.02,30,Electronics & Electricals,27.0,prompt_payer
INV700518,C1016,2025-03-30,29.666666666666668,27.0,21,2.9382534494718686,-2.666666666666668,27.0,121260.27,30,Electronics & Electricals,31.0,prompt_payer
INV700520,C1016,2025-05-20,29.727272727272727,28.333333333333332,22,2.881497926952283,-1.3939393939393945,31.0,94453.59,30,Electronics & Electricals,29.0,prompt_payer
INV700521,C1016,2025-06-29,29.695652173913043,29.0,23,2.8193291047322795,-0.695652173913043,29.0,129486.11,30,Electronics & Electricals,36.0,prompt_payer
INV700522,C1016,2025-07-26,29.958333333333332,32.0,24,3.0428700220375005,2.041666666666668,36.0,137897.21,30,Electronics & Electricals,28.0,prompt_payer
INV700523,C1016,2025-08-18,29.88,31.0,25,3.0044411571316667,1.120000000000001,28.0,74904.5,30,Electronics & Electricals,27.0,prompt_payer
INV700524,C1016,2025-11-07,29.76923076923077,30.333333333333332,26,2.9974348007280134,0.5641025641025621,27.0,145245.86,30,Electronics & Electricals,29.0,prompt_payer
INV700525,C1016,2025-11-20,29.74074074074074,28.0,27,2.942952371508697,-1.7407407407407405,29.0,136757.24,30,Electronics & Electricals,28.0,prompt_payer
INV700526,C1016,2025-12-17,29.678571428571427,28.0,28,2.9066153337537974,-1.678571428571427,28.0,67599.63,30,Electronics & Electricals,36.0,prompt_payer
INV700527,C1016,2026-02-04,29.896551724137932,31.0,29,3.086200016504427,1.1034482758620676,36.0,306684.86,30,Electronics & Electricals,23.0,prompt_payer
INV700528,C1016,2026-02-10,29.666666666666668,29.0,30,3.283536081026414,-0.6666666666666679,23.0,73554.92,30,Electronics & Electricals,30.0,prompt_payer
INV700529,C1016,2026-02-13,29.677419354838708,29.666666666666668,31,3.2289017407801226,-0.010752688172040337,30.0,846743.98,30,Electronics & Electricals,34.0,prompt_payer
INV700530,C1016,2026-03-27,29.8125,29.0,32,3.2670150132459135,-0.8125,34.0,135760.81,30,Electronics & Electricals,32.0,prompt_payer
INV700531,C1016,2026-03-29,29.87878787878788,32.0,33,3.2380315756410543,2.121212121212121,32.0,52587.65,30,Electronics & Electricals,29.0,prompt_payer
INV700532,C1016,2026-04-15,29.852941176470587,31.666666666666668,34,3.192152811535268,1.8137254901960809,29.0,142100.48,30,Electronics & Electricals,30.0,prompt_payer
INV700533,C1016,2026-05-03,29.857142857142858,30.333333333333332,35,3.1449572815097206,0.4761904761904745,30.0,203254.93,30,Electronics & Electricals,30.0,prompt_payer
INV700534,C1016,2026-06-12,29.86111111111111,29.666666666666668,36,3.099795180125642,-0.19444444444444287,30.0,106185.37,30,Electronics & Electricals,33.0,prompt_payer
INV700535,C1016,2026-06-24,29.945945945945947,31.0,37,3.099694841126802,1.0540540540540526,33.0,53584.95,30,Electronics & Electricals,36.0,prompt_payer
INV700537,C1017,2024-06-17,,,0,,,,206683.57,45,Metal & Engineering,41.0,seasonal_payer
INV700538,C1017,2024-09-06,41.0,41.0,1,,0.0,41.0,55097.4,45,Metal & Engineering,75.0,seasonal_payer
INV700539,C1017,2024-12-10,58.0,58.0,2,24.041630560342615,0.0,75.0,145651.17,45,Metal & Engineering,51.0,seasonal_payer
INV700540,C1017,2024-12-30,55.666666666666664,55.666666666666664,3,17.473789896108208,0.0,51.0,99044.62,45,Metal & Engineering,58.0,seasonal_payer
INV700541,C1017,2025-03-27,56.25,61.333333333333336,4,14.314910641239317,5.083333333333336,58.0,165417.74,45,Metal & Engineering,75.0,seasonal_payer
INV700542,C1017,2025-06-20,60.0,61.333333333333336,5,14.966629547095765,1.3333333333333357,75.0,69080.53,45,Metal & Engineering,50.0,seasonal_payer
INV700543,C1017,2025-06-24,58.333333333333336,61.0,6,13.995237285114772,2.6666666666666643,50.0,118244.52,45,Metal & Engineering,58.0,seasonal_payer
INV700544,C1017,2025-10-01,58.285714285714285,61.0,7,12.776466461353673,2.7142857142857153,58.0,109771.82,45,Metal & Engineering,73.0,seasonal_payer
INV700545,C1017,2025-12-13,60.125,60.333333333333336,8,12.922157051248947,0.2083333333333357,73.0,189220.71,45,Metal & Engineering,55.0,seasonal_payer
INV700546,C1017,2026-05-01,59.55555555555556,62.0,9,12.207693384819992,2.444444444444443,55.0,141449.73,45,Metal & Engineering,48.0,seasonal_payer
INV700547,C1018,2024-02-17,,,0,,,,29123.44,30,FMCG & Food Processing,46.0,seasonal_payer
INV700548,C1018,2024-02-17,46.0,46.0,1,,0.0,46.0,17876.01,30,FMCG & Food Processing,43.0,seasonal_payer
INV700549,C1018,2024-02-28,44.5,44.5,2,2.1213203435596424,0.0,43.0,22669.03,30,FMCG & Food Processing,48.0,seasonal_payer
INV700550,C1018,2024-06-11,45.666666666666664,45.666666666666664,3,2.516611478423584,0.0,48.0,29973.89,30,FMCG & Food Processing,28.0,seasonal_payer
INV700551,C1018,2024-06-23,41.25,39.666666666666664,4,9.069178573608527,-1.5833333333333357,28.0,33109.99,30,FMCG & Food Processing,32.0,seasonal_payer
INV700552,C1018,2024-08-13,39.4,36.0,5,8.87693640846886,-3.3999999999999986,32.0,17769.5,30,FMCG & Food Processing,33.0,seasonal_payer
INV700553,C1018,2024-09-01,38.333333333333336,31.0,6,8.35862827661732,-7.333333333333336,33.0,37086.19,30,FMCG & Food Processing,43.0,seasonal_payer
INV700554,C1018,2024-09-06,39.0,36.0,7,7.831560082980487,-3.0,43.0,32445.03,30,FMCG & Food Processing,43.0,seasonal_payer
INV700555,C1018,2024-09-18,39.5,39.666666666666664,8,7.387247699341655,0.1666666666666643,43.0,24606.17,30,FMCG & Food Processing,33.0,seasonal_payer
INV700556,C1018,2024-09-25,38.77777777777778,39.666666666666664,9,7.241853660800143,0.8888888888888857,33.0,29878.79,30,FMCG & Food Processing,43.0,seasonal_payer
INV700557,C1018,2024-09-26,39.2,39.666666666666664,10,6.957010852370435,0.46666666666666146,43.0,24460.43,30,FMCG & Food Processing,48.0,seasonal_payer
INV700558,C1018,2024-09-30,40.0,41.333333333333336,11,7.113367697511497,1.3333333333333357,48.0,18003.0,30,FMCG & Food Processing,40.0,seasonal_payer
INV700559,C1018,2024-10-12,40.0,43.666666666666664,12,6.782329983125269,3.6666666666666643,40.0,28921.24,30,FMCG & Food Processing,50.0,seasonal_payer
INV700560,C1018,2024-11-01,40.76923076923077,46.0,13,7.061088751670976,5.2307692307692335,50.0,9469.25,30,FMCG & Food Processing,37.0,seasonal_payer
INV700561,C1018,2024-11-23,40.5,42.333333333333336,14,6.8584591227521035,1.8333333333333357,37.0,37758.99,30,FMCG & Food Processing,36.0,seasonal_payer
INV700562,C1018,2024-12-08,40.2,41.0,15,6.710333183126711,0.7999999999999972,36.0,31882.02,30,FMCG & Food Processing,36.0,seasonal_payer
INV700563,C1018,2025-01-04,39.9375,36.333333333333336,16,6.5672800051974844,-3.6041666666666643,36.0,20944.86,30,FMCG & Food Processing,43.0,seasonal_payer
INV700564,C1018,2025-01-12,40.11764705882353,38.333333333333336,17,6.4019757979585545,-1.7843137254901933,43.0,35426.44,30,FMCG & Food Processing,43.0,seasonal_payer
INV700565,C1018,2025-02-12,40.27777777777778,40.666666666666664,18,6.247875455898454,0.38888888888888573,43.0,19508.7,30,FMCG & Food Processing,46.0,seasonal_payer
INV700566,C1018,2025-03-19,40.578947368421055,44.0,19,6.212136772065938,3.421052631578945,46.0,25405.21,30,FMCG & Food Processing,47.0,seasonal_payer
INV700567,C1018,2025-03-21,40.9,45.333333333333336,20,6.214583866324355,4.433333333333337,47.0,35417.76,30,FMCG & Food Processing,41.0,seasonal_payer
INV700568,C1018,2025-03-22,40.904761904761905,44.666666666666664,21,6.057266395865069,3.761904761904759,41.0,22693.59,30,FMCG & Food Processing,43.0,seasonal_payer
INV700569,C1018,2025-04-18,41.0,43.666666666666664,22,5.928141120356123,2.6666666666666643,43.0,39566.79,30,FMCG & Food Processing,30.0,seasonal_payer
INV700570,C1018,2025-05-15,40.52173913043478,38.0,23,6.229472217665951,-2.5217391304347814,30.0,37452.08,30,FMCG & Food Processing,38.0,seasonal_payer
INV700571,C1018,2025-05-16,40.416666666666664,37.0,24,6.114250401399546,-3.4166666666666643,38.0,27246.08,30,FMCG & Food Processing,36.0,seasonal_payer
INV700572,C1018,2025-05-31,40.24,34.666666666666664,25,6.050344342817744,-5.573333333333338,36.0,22962.56,30,FMCG & Food Processing,29.0,seasonal_payer
INV700573,C1018,2025-07-22,39.80769230769231,34.333333333333336,26,6.324676945231153,-5.474358974358971,29.0,28521.36,30,FMCG & Food Processing,34.0,seasonal_payer
INV700574,C1018,2025-08-16,39.592592592592595,33.0,27,6.3017656821124906,-6.592592592592595,34.0,25083.58,30,FMCG & Food Processing,26.0,seasonal_payer
INV700575,C1018,2025-08-25,39.107142857142854,29.666666666666668,28,6.696263666399874,-9.440476190476186,26.0,29608.61,30,FMCG & Food Processing,25.0,seasonal_payer
INV700576,C1018,2025-08-27,38.62068965517241,28.333333333333332,29,7.078204943463764,-10.28735632183908,25.0,15836.92,30,FMCG & Food Processing,30.0,seasonal_payer
INV700577,C1018,2025-10-04,38.333333333333336,27.0,30,7.1309588915266975,-11.333333333333336,30.0,29913.49,30,FMCG & Food Processing,38.0,seasonal_payer
INV700578,C1018,2025-10-27,38.32258064516129,31.0,31,7.011357913054091,-7.322580645161288,38.0,14388.71,30,FMCG & Food Processing,51.0,seasonal_payer
INV700579,C1018,2025-11-08,38.71875,39.666666666666664,32,7.252293852915244,0.9479166666666643,51.0,24250.94,30,FMCG & Food Processing,28.0,seasonal_payer
INV700580,C1018,2025-12-22,38.39393939393939,39.0,33,7.3779205824684855,0.6060606060606091,28.0,18881.54,30,FMCG & Food Processing,29.0,seasonal_payer
INV700581,C1018,2026-01-18,38.11764705882353,36.0,34,7.44175242428724,-2.117647058823529,29.0,17199.12,30,FMCG & Food Processing,39.0,seasonal_payer
INV700582,C1018,2026-04-29,38.142857142857146,32.0,35,7.333015017282964,-6.142857142857146,39.0,23437.5,30,FMCG & Food Processing,32.0,seasonal_payer
INV700583,C1018,2026-05-05,37.97222222222222,33.333333333333336,36,7.29965208999173,-4.638888888888886,32.0,30846.73,30,FMCG & Food Processing,33.0,seasonal_payer
INV700584,C1018,2026-05-29,37.83783783783784,34.666666666666664,37,7.243823090949486,-3.1711711711711743,33.0,110177.58,30,FMCG & Food Processing,34.0,seasonal_payer
INV700585,C1018,2026-06-16,37.73684210526316,33.0,38,7.1723350283000045,-4.7368421052631575,34.0,33182.2,30,FMCG & Food Processing,33.0,seasonal_payer
INV700586,C1018,2026-06-30,37.61538461538461,33.333333333333336,39,7.117862573226321,-4.2820512820512775,33.0,30533.29,30,FMCG & Food Processing,34.0,seasonal_payer
INV700588,C1019,2024-03-13,,,0,,,,99137.56,30,Construction & Infra,34.0,prompt_payer
INV700589,C1019,2024-03-21,34.0,34.0,1,,0.0,34.0,44957.48,30,Construction & Infra,38.0,prompt_payer
INV700590,C1019,2024-04-25,36.0,36.0,2,2.8284271247461903,0.0,38.0,117268.08,30,Construction & Infra,39.0,prompt_payer
INV700591,C1019,2024-06-11,37.0,37.0,3,2.6457513110645907,0.0,39.0,151517.79,30,Construction & Infra,28.0,prompt_payer
INV700592,C1019,2024-10-17,34.75,35.0,4,4.9916597106239795,0.25,28.0,165799.82,30,Construction & Infra,30.0,prompt_payer
INV700593,C1019,2024-10-29,33.8,32.333333333333336,5,4.816637831516918,-1.4666666666666615,30.0,40798.01,30,Construction & Infra,26.0,prompt_payer
INV700595,C1019,2024-10-31,32.5,28.0,6,5.357238094391549,-4.5,26.0,829070.8,30,Construction & Infra,42.0,prompt_payer
INV700596,C1019,2024-11-04,33.857142857142854,32.666666666666664,7,6.067085281214021,-1.1904761904761898,42.0,57960.0,30,Construction & Infra,37.0,prompt_payer
INV700597,C1019,2024-12-08,34.25,35.0,8,5.725881092523166,0.75,37.0,155246.46,30,Construction & Infra,33.0,prompt_payer
INV700598,C1019,2025-01-04,34.111111111111114,37.333333333333336,9,5.372253820428733,3.2222222222222214,33.0,132646.75,30,Construction & Infra,22.0,prompt_payer
INV700599,C1019,2025-01-14,32.9,30.666666666666668,10,6.349978127696365,-2.2333333333333307,22.0,115847.75,30,Construction & Infra,36.0,prompt_payer
INV700600,C1019,2025-02-25,33.18181818181818,30.333333333333332,11,6.096198517407087,-2.8484848484848477,36.0,109688.94,30,Construction & Infra,32.0,prompt_payer
INV700601,C1019,2025-03-05,33.083333333333336,30.0,12,5.822500764406575,-3.0833333333333357,32.0,127700.37,30,Construction & Infra,33.0,prompt_payer
INV700602,C1019,2025-03-18,33.07692307692308,33.666666666666664,13,5.5746679790749045,0.5897435897435841,33.0,117322.32,30,Construction & Infra,33.0,prompt_payer
INV700603,C1019,2025-03-21,33.07142857142857,32.666666666666664,14,5.356007205634921,-0.4047619047619051,33.0,129702.42,30,Construction & Infra,29.0,prompt_payer
INV700604,C1019,2025-04-17,32.8,31.666666666666668,15,5.267148862796375,-1.1333333333333293,29.0,112531.32,30,Construction & Infra,41.0,prompt_payer
INV700605,C1019,2025-04-23,33.3125,34.333333333333336,16,5.485966946066421,1.0208333333333357,41.0,114202.02,30,Construction & Infra,34.0,prompt_payer
INV700606,C1019,2025-06-25,33.35294117647059,34.666666666666664,17,5.314381154831062,1.3137254901960773,34.0,132433.39,30,Construction & Infra,35.0,prompt_payer
INV700607,C1019,2025-06-28,33.44444444444444,36.666666666666664,18,5.170302326149879,3.2222222222222214,35.0,235059.17,30,Construction & Infra,31.0,prompt_payer
INV700608,C1019,2025-07-06,33.31578947368421,33.333333333333336,19,5.055828666872714,0.017543859649123306,31.0,63140.08,30,Construction & Infra,35.0,prompt_payer
INV700609,C1019,2025-07-14,33.4,33.666666666666664,20,4.935371793172435,0.2666666666666657,35.0,120434.09,30,Construction & Infra,36.0,prompt_payer
INV700610,C1019,2025-08-26,33.523809523809526,34.0,21,4.84374903993846,0.4761904761904745,36.0,70282.12,30,Construction & Infra,26.0,prompt_payer
INV700611,C1019,2025-09-02,33.18181818181818,32.333333333333336,22,4.991768115382456,-0.8484848484848442,26.0,189897.8,30,Construction & Infra,37.0,prompt_payer
INV700612,C1019,2025-09-05,33.34782608695652,33.0,23,4.941555659103296,-0.3478260869565233,37.0,99414.19,30,Construction & Infra,28.0,prompt_payer
INV700613,C1019,2025-09-15,33.125,30.333333333333332,24,4.954685968200028,-2.791666666666668,28.0,72826.52,30,Construction & Infra,28.0,prompt_payer
INV700614,C1019,2025-10-31,32.92,31.0,25,4.957485921983709,-1.9200000000000017,28.0,179077.85,30,Construction & Infra,40.0,prompt_payer
INV700615,C1019,2025-11-24,33.19230769230769,32.0,26,5.051884644520148,-1.1923076923076934,40.0,78794.34,30,Construction & Infra,33.0,prompt_payer
INV700616,C1019,2025-12-04,33.18518518518518,33.666666666666664,27,4.95391870556134,0.48148148148148096,33.0,60632.27,30,Construction & Infra,29.0,prompt_payer
INV700617,C1019,2026-01-07,33.035714285714285,34.0,28,4.92523466526586,0.9642857142857153,29.0,62538.84,30,Construction & Infra,31.0,prompt_payer
INV700618,C1019,2026-01-29,32.96551724137931,31.0,29,4.851235178655091,-1.9655172413793096,31.0,147826.1,30,Construction & Infra,33.0,prompt_payer
INV700619,C1019,2026-02-08,32.96666666666667,31.0,30,4.766863592106148,-1.9666666666666686,33.0,53015.24,30,Construction & Infra,30.0,prompt_payer
INV700620,C1019,2026-02-15,32.87096774193548,31.333333333333332,31,4.716933576550702,-1.5376344086021483,30.0,221742.81,30,Construction & Infra,28.0,prompt_payer
INV700621,C1019,2026-06-16,32.71875,30.333333333333332,32,4.7194475824900275,-2.385416666666668,28.0,106712.65,30,Construction & Infra,36.0,prompt_payer
INV700623,C1020,2024-05-04,,,0,,,,107217.69,45,FMCG & Food Processing,72.0,chronic_late_payer
INV700624,C1020,2024-07-27,72.0,72.0,1,,0.0,72.0,117875.33,45,FMCG & Food Processing,63.0,chronic_late_payer
INV700625,C1020,2024-08-08,67.5,67.5,2,6.363961030678928,0.0,63.0,89466.24,45,FMCG & Food Processing,71.0,chronic_late_payer
INV700626,C1020,2024-09-03,68.66666666666667,68.66666666666667,3,4.932882862316246,0.0,71.0,161505.67,45,FMCG & Food Processing,68.0,chronic_late_payer
INV700627,C1020,2024-10-02,68.5,67.33333333333333,4,4.04145188432738,-1.1666666666666714,68.0,85187.24,45,FMCG & Food Processing,76.0,chronic_late_payer
INV700628,C1020,2024-11-27,70.0,71.66666666666667,5,4.8476798574163285,1.6666666666666714,76.0,109942.22,45,FMCG & Food Processing,67.0,chronic_late_payer
INV700629,C1020,2024-12-05,69.5,70.33333333333333,6,4.505552130427524,0.8333333333333286,67.0,76541.72,45,FMCG & Food Processing,72.0,chronic_late_payer
INV700630,C1020,2025-01-02,69.85714285714286,71.66666666666667,7,4.220133150686576,1.8095238095238102,72.0,91929.79,45,FMCG & Food Processing,72.0,chronic_late_payer
INV700631,C1020,2025-02-03,70.125,70.33333333333333,8,3.979860011895608,0.2083333333333286,72.0,643770.26,45,FMCG & Food Processing,69.0,chronic_late_payer
INV700632,C1020,2025-02-27,70.0,71.0,9,3.741657386773941,1.0,69.0,93875.68,45,FMCG & Food Processing,73.0,chronic_late_payer
INV700633,C1020,2025-03-06,70.3,71.33333333333333,10,3.6530048514126614,1.0333333333333314,73.0,131904.54,45,FMCG & Food Processing,70.0,chronic_late_payer
INV700634,C1020,2025-03-17,70.27272727272727,70.66666666666667,11,3.4667249412351446,0.39393939393940514,70.0,91490.9,45,FMCG & Food Processing,70.0,chronic_late_payer
INV700635,C1020,2025-04-01,70.25,71.0,12,3.30633001707606,0.75,70.0,130634.59,45,FMCG & Food Processing,72.0,chronic_late_payer
INV700636,C1020,2025-04-26,70.38461538461539,70.66666666666667,13,3.2025630761017423,0.2820512820512846,72.0,107083.83,45,FMCG & Food Processing,73.0,chronic_late_payer
INV700637,C1020,2025-05-24,70.57142857142857,71.66666666666667,14,3.1553199451155427,1.095238095238102,73.0,135187.22,45,FMCG & Food Processing,74.0,chronic_late_payer
INV700638,C1020,2025-08-15,70.8,73.0,15,3.1667919774704854,2.200000000000003,74.0,115252.3,45,FMCG & Food Processing,75.0,chronic_late_payer
INV700639,C1020,2025-09-26,71.0625,74.0,16,3.2345787979271736,2.9375,75.0,128206.0,45,FMCG & Food Processing,65.0,chronic_late_payer
INV700640,C1020,2025-09-30,70.70588235294117,71.33333333333333,17,3.4598537881381803,0.6274509803921546,65.0,79480.99,45,FMCG & Food Processing,73.0,chronic_late_payer
INV700641,C1020,2025-10-10,70.83333333333333,71.0,18,3.3998269852173015,0.1666666666666714,73.0,68579.26,45,FMCG & Food Processing,73.0,chronic_late_payer
INV700642,C1020,2025-10-28,70.94736842105263,70.33333333333333,19,3.341218743222072,-0.6140350877193015,73.0,126789.82,45,FMCG & Food Processing,71.0,chronic_late_payer
INV700643,C1020,2025-11-11,70.95,72.33333333333333,20,3.252124811484591,1.3833333333333258,71.0,558553.34,45,FMCG & Food Processing,65.0,chronic_late_payer
INV700644,C1020,2025-12-02,70.66666666666667,69.66666666666667,21,3.4253953543107016,-1.0,65.0,113058.75,45,FMCG & Food Processing,70.0,chronic_late_payer
INV700645,C1020,2025-12-13,70.63636363636364,68.66666666666667,22,3.3458638936461833,-1.9696969696969688,70.0,587415.67,45,FMCG & Food Processing,73.0,chronic_late_payer
INV700646,C1020,2026-02-09,70.73913043478261,69.33333333333333,23,3.305881691007819,-1.4057971014492807,73.0,103729.92,45,FMCG & Food Processing,74.0,chronic_late_payer
INV700647,C1020,2026-02-23,70.875,72.33333333333333,24,3.3010209224472944,1.4583333333333286,74.0,130287.45,45,FMCG & Food Processing,68.0,chronic_late_payer
INV700648,C1020,2026-05-10,70.76,71.66666666666667,25,3.2822756333576466,0.9066666666666663,68.0,137441.75,45,FMCG & Food Processing,71.0,chronic_late_payer
INV700649,C1020,2026-05-16,70.76923076923077,71.0,26,3.216304616266219,0.2307692307692264,71.0,110777.05,45,FMCG & Food Processing,70.0,chronic_late_payer
INV700650,C1020,2026-05-19,70.74074074074075,69.66666666666667,27,3.1573186359094283,-1.0740740740740762,70.0,85365.85,45,FMCG & Food Processing,69.0,chronic_late_payer
INV700654,C1021,2024-03-11,,,0,,,,236080.52,45,Textiles & Apparel,52.0,deteriorating_payer
INV700655,C1021,2024-04-10,52.0,52.0,1,,0.0,52.0,232212.36,45,Textiles & Apparel,45.0,deteriorating_payer
INV700656,C1021,2024-04-17,48.5,48.5,2,4.949747468305833,0.0,45.0,290734.23,45,Textiles & Apparel,49.0,deteriorating_payer
INV700657,C1021,2024-04-18,48.666666666666664,48.666666666666664,3,3.5118845842842465,0.0,49.0,406803.62,45,Textiles & Apparel,53.0,deteriorating_payer
INV700658,C1021,2024-04-27,49.75,49.0,4,3.5939764421413045,-0.75,53.0,236044.17,45,Textiles & Apparel,54.0,deteriorating_payer
INV700659,C1021,2024-05-08,50.6,52.0,5,3.646916505762094,1.3999999999999986,54.0,284658.03,45,Textiles & Apparel,53.0,deteriorating_payer
INV700660,C1021,2024-05-12,51.0,53.333333333333336,6,3.40587727318528,2.3333333333333357,53.0,449102.93,45,Textiles & Apparel,55.0,deteriorating_payer
INV700661,C1021,2024-05-17,51.57142857142857,54.0,7,3.4572215654165057,2.4285714285714306,55.0,423315.31,45,Textiles & Apparel,58.0,deteriorating_payer
INV700662,C1021,2024-05-20,52.375,55.333333333333336,8,3.925648263117098,2.9583333333333357,58.0,241231.47,45,Textiles & Apparel,64.0,deteriorating_payer
INV700663,C1021,2024-05-31,53.666666666666664,59.0,9,5.3385391260156565,5.333333333333336,64.0,160177.3,45,Textiles & Apparel,61.0,deteriorating_payer
INV700664,C1021,2024-07-15,54.4,61.0,10,5.541760650832109,6.600000000000001,61.0,331935.8,45,Textiles & Apparel,53.0,deteriorating_payer
INV700665,C1021,2024-07-22,54.27272727272727,59.333333333333336,11,5.274294437949196,5.060606060606062,53.0,411459.47,45,Textiles & Apparel,60.0,deteriorating_payer
INV700666,C1021,2024-08-05,54.75,58.0,12,5.293649711940456,3.25,60.0,221649.55,45,Textiles & Apparel,58.0,deteriorating_payer
INV700668,C1021,2024-08-19,55.0,57.0,13,5.1478150704935,2.0,58.0,151214.06,45,Textiles & Apparel,63.0,deteriorating_payer
INV700669,C1021,2024-09-11,55.57142857142857,60.333333333333336,14,5.3882248498895295,4.761904761904766,63.0,261402.48,45,Textiles & Apparel,77.0,deteriorating_payer
INV700670,C1021,2024-09-16,57.0,66.0,15,7.587583842794001,9.0,77.0,360510.37,45,Textiles & Apparel,73.0,deteriorating_payer
INV700671,C1021,2024-10-26,58.0,71.0,16,8.350648677398262,13.0,73.0,127864.06,45,Textiles & Apparel,68.0,deteriorating_payer
INV700673,C1021,2025-03-29,58.588235294117645,72.66666666666667,17,8.441407047475941,14.078431372549026,68.0,300928.76,45,Textiles & Apparel,76.0,deteriorating_payer
INV700674,C1021,2025-05-08,59.55555555555556,72.33333333333333,18,9.160158117195694,12.777777777777771,76.0,331564.55,45,Textiles & Apparel,68.0,deteriorating_payer
INV700675,C1021,2025-06-01,60.0,70.66666666666667,19,9.1104335791443,10.666666666666671,68.0,444882.39,45,Textiles & Apparel,73.0,deteriorating_payer
INV700676,C1021,2025-06-18,60.65,72.33333333333333,20,9.331751119022003,11.68333333333333,73.0,470412.21,45,Textiles & Apparel,94.0,deteriorating_payer
INV700677,C1021,2025-07-01,62.23809523809524,78.33333333333333,21,11.64862550649115,16.095238095238088,94.0,343973.77,45,Textiles & Apparel,86.0,deteriorating_payer
INV700678,C1021,2025-08-20,63.31818181818182,84.33333333333333,22,12.44563937264532,21.01515151515151,86.0,422058.62,45,Textiles & Apparel,66.0,deteriorating_payer
INV700679,C1021,2025-08-27,63.43478260869565,82.0,23,12.17234603127673,18.56521739130435,66.0,1116033.92,45,Textiles & Apparel,74.0,deteriorating_payer
INV700680,C1021,2025-10-19,63.875,75.33333333333333,24,12.098553632562862,11.458333333333329,74.0,210904.88,45,Textiles & Apparel,70.0,deteriorating_payer
INV700681,C1021,2025-10-26,64.12,70.0,25,11.907000741860507,5.8799999999999955,70.0,322611.1,45,Textiles & Apparel,71.0,deteriorating_payer
INV700682,C1021,2025-10-28,64.38461538461539,71.66666666666667,26,11.744196602839798,7.282051282051285,71.0,254490.17,45,Textiles & Apparel,63.0,deteriorating_payer
INV700683,C1021,2025-12-04,64.33333333333333,68.0,27,11.519214716824566,3.6666666666666714,63.0,117570.7,45,Textiles & Apparel,91.0,deteriorating_payer
INV700684,C1021,2025-12-24,65.28571428571429,75.0,28,12.376372779397169,9.714285714285708,91.0,417504.14,45,Textiles & Apparel,72.0,deteriorating_payer
INV700685,C1021,2025-12-25,65.51724137931035,75.33333333333333,29,12.217144539116134,9.81609195402298,72.0,249851.76,45,Textiles & Apparel,83.0,deteriorating_payer
INV700686,C1021,2025-12-29,66.1,82.0,30,12.421755109484328,15.900000000000006,83.0,166518.84,45,Textiles & Apparel,85.0,deteriorating_payer
INV700687,C1021,2026-02-18,66.70967741935483,80.0,31,12.67594453650193,13.290322580645167,85.0,1184308.15,45,Textiles & Apparel,79.0,deteriorating_payer
INV700688,C1021,2026-03-17,67.09375,82.33333333333333,32,12.657674899876666,15.239583333333329,79.0,33383.17,45,Textiles & Apparel,79.0,deteriorating_payer
INV700689,C1021,2026-03-27,67.45454545454545,81.0,33,12.629555883647763,13.545454545454547,79.0,225016.24,45,Textiles & Apparel,83.0,deteriorating_payer
INV700690,C1021,2026-04-30,67.91176470588235,80.33333333333333,34,12.719271103231682,12.42156862745098,83.0,134744.81,45,Textiles & Apparel,97.0,deteriorating_payer
INV700692,C1021,2026-05-16,68.74285714285715,86.33333333333333,35,13.460930081367417,17.59047619047618,97.0,253446.16,45,Textiles & Apparel,81.0,deteriorating_payer
INV700698,C1022,2024-02-19,,,0,,,,533142.64,15,Textiles & Apparel,9.0,average_payer
INV700699,C1022,2024-03-12,9.0,9.0,1,,0.0,9.0,111615.46,15,Textiles & Apparel,23.0,average_payer
INV700700,C1022,2024-03-22,16.0,16.0,2,9.899494936611665,0.0,23.0,88470.69,15,Textiles & Apparel,20.0,average_payer
INV700701,C1022,2024-05-15,17.333333333333332,17.333333333333332,3,7.371114795831994,0.0,20.0,134803.42,15,Textiles & Apparel,20.0,average_payer
INV700702,C1022,2024-05-23,18.0,21.0,4,6.164414002968976,3.0,20.0,160687.1,15,Textiles & Apparel,21.0,average_payer
INV700703,C1022,2024-07-02,18.6,20.333333333333332,5,5.504543577809153,1.7333333333333307,21.0,54702.18,15,Textiles & Apparel,15.0,average_payer
INV700704,C1022,2024-09-16,18.0,18.666666666666668,6,5.138093031466052,0.6666666666666679,15.0,27486.91,15,Textiles & Apparel,21.0,average_payer
INV700705,C1022,2024-10-21,18.428571428571427,19.0,7,4.825527358301296,0.571428571428573,21.0,201680.01,15,Textiles & Apparel,25.0,average_payer
INV700706,C1022,2024-11-01,19.25,20.333333333333332,8,5.035587637718447,1.0833333333333321,25.0,104021.82,15,Textiles & Apparel,26.0,average_payer
INV700707,C1022,2024-11-10,20.0,24.0,9,5.220153254455275,4.0,26.0,127660.35,15,Textiles & Apparel,16.0,average_payer
INV700708,C1022,2024-11-15,19.6,22.333333333333332,10,5.081557066709201,2.7333333333333307,16.0,569695.59,15,Textiles & Apparel,16.0,average_payer
INV700709,C1022,2024-11-21,19.272727272727273,19.333333333333332,11,4.941475672122834,0.060606060606058776,16.0,100445.36,15,Textiles & Apparel,31.0,average_payer
INV700710,C1022,2024-11-22,20.25,21.0,12,5.801645534595414,0.75,31.0,97603.41,15,Textiles & Apparel,22.0,average_payer
INV700711,C1022,2024-11-26,20.384615384615383,23.0,13,5.575817750764778,2.6153846153846168,22.0,114323.55,15,Textiles & Apparel,18.0,average_payer
INV700712,C1022,2024-12-26,20.214285714285715,23.666666666666668,14,5.39484898809926,3.4523809523809526,18.0,171911.94,15,Textiles & Apparel,24.0,average_payer
INV700713,C1022,2025-01-18,20.466666666666665,21.333333333333332,15,5.289702485107493,0.8666666666666671,24.0,152144.39,15,Textiles & Apparel,18.0,average_payer
INV700714,C1022,2025-01-29,20.3125,20.0,16,5.1474103521414865,-0.3125,18.0,127167.38,15,Textiles & Apparel,21.0,average_payer
INV700715,C1022,2025-04-05,20.352941176470587,21.0,17,4.9867471420579905,0.647058823529413,21.0,50474.35,15,Textiles & Apparel,24.0,average_payer
INV700716,C1022,2025-04-06,20.555555555555557,21.0,18,4.913633161894893,0.44444444444444287,24.0,102237.6,15,Textiles & Apparel,14.0,average_payer
INV700717,C1022,2025-07-10,20.210526315789473,19.666666666666668,19,5.006428615827866,-0.5438596491228047,14.0,29353.51,15,Textiles & Apparel,16.0,average_payer
INV700718,C1022,2025-07-15,20.0,18.0,20,4.963021151211066,-2.0,16.0,692847.05,15,Textiles & Apparel,22.0,average_payer
INV700719,C1022,2025-07-23,20.095238095238095,17.333333333333332,21,4.857002799101128,-2.7619047619047628,22.0,324776.86,15,Textiles & Apparel,37.0,average_payer
INV700720,C1022,2025-10-22,20.863636363636363,25.0,22,5.954553715998366,4.136363636363637,37.0,95818.14,15,Textiles & Apparel,24.0,average_payer
INV700721,C1022,2025-10-30,21.0,27.666666666666668,23,5.854291355298886,6.666666666666668,24.0,94086.86,15,Textiles & Apparel,25.0,average_payer
INV700722,C1022,2025-12-25,21.166666666666668,28.666666666666668,24,5.783534850099793,7.5,25.0,221920.05,15,Textiles & Apparel,24.0,average_payer
INV700723,C1022,2026-02-13,21.28,24.333333333333332,25,5.690049794744038,3.053333333333331,24.0,157246.71,15,Textiles & Apparel,25.0,average_payer
INV700724,C1022,2026-02-16,21.423076923076923,24.666666666666668,26,5.62261915425953,3.2435897435897445,25.0,151842.9,15,Textiles & Apparel,23.0,average_payer
INV700725,C1022,2026-02-16,21.48148148148148,24.0,27,5.521777656699742,2.518518518518519,23.0,129634.28,15,Textiles & Apparel,18.0,average_payer
INV700726,C1022,2026-03-10,21.357142857142858,22.0,28,5.458356052297321,0.6428571428571423,18.0,137960.72,15,Textiles & Apparel,33.0,average_payer
INV700727,C1022,2026-03-13,21.75862068965517,24.666666666666668,29,5.779614250683129,2.908045977011497,33.0,79267.64,15,Textiles & Apparel,14.0,average_payer
INV700728,C1022,2026-04-24,21.5,21.666666666666668,30,5.853086424242783,0.16666666666666785,14.0,130097.7,15,Textiles & Apparel,13.0,average_payer
INV700729,C1022,2026-05-16,21.225806451612904,20.0,31,5.953764508943648,-1.225806451612904,13.0,153471.63,15,Textiles & Apparel,32.0,average_payer
INV700730,C1022,2026-05-19,21.5625,19.666666666666668,32,6.158851484887683,-1.8958333333333321,32.0,81482.53,15,Textiles & Apparel,21.0,average_payer
INV700731,C1022,2026-05-25,21.545454545454547,22.0,33,6.062646436844377,0.45454545454545325,21.0,88555.07,15,Textiles & Apparel,28.0,average_payer
INV700732,C1022,2026-07-09,21.735294117647058,27.0,34,6.071836742372522,5.264705882352942,28.0,107865.95,15,Textiles & Apparel,16.0,average_payer
INV700733,C1023,2024-02-14,,,0,,,,36761.77,30,Pharma & Healthcare,37.0,average_payer
INV700734,C1023,2024-02-28,37.0,37.0,1,,0.0,37.0,39697.34,30,Pharma & Healthcare,33.0,average_payer
INV700735,C1023,2024-03-20,35.0,35.0,2,2.8284271247461903,0.0,33.0,86099.44,30,Pharma & Healthcare,30.0,average_payer
INV700736,C1023,2024-04-02,33.333333333333336,33.333333333333336,3,3.511884584284247,0.0,30.0,45542.51,30,Pharma & Healthcare,40.0,average_payer
INV700737,C1023,2024-04-14,35.0,34.333333333333336,4,4.396968652757639,-0.6666666666666643,40.0,69710.1,30,Pharma & Healthcare,28.0,average_payer
INV700738,C1023,2024-06-06,33.6,32.666666666666664,5,4.929503017546495,-0.9333333333333371,28.0,73527.12,30,Pharma & Healthcare,34.0,average_payer
INV700739,C1023,2024-07-01,33.666666666666664,34.0,6,4.4121045620731465,0.3333333333333357,34.0,62480.17,30,Pharma & Healthcare,34.0,average_payer
INV700740,C1023,2024-07-19,33.714285714285715,32.0,7,4.029651999626672,-1.7142857142857153,34.0,41135.98,30,Pharma & Healthcare,33.0,average_payer
INV700741,C1023,2024-07-23,33.625,33.666666666666664,8,3.7392703642746747,0.0416666666666643,33.0,31765.97,30,Pharma & Healthcare,35.0,average_payer
INV700742,C1023,2024-08-15,33.77777777777778,34.0,9,3.5276684147527875,0.22222222222222143,35.0,41141.63,30,Pharma & Healthcare,31.0,average_payer
INV700743,C1023,2024-09-02,33.5,33.0,10,3.4399612400917157,-0.5,31.0,76824.75,30,Pharma & Healthcare,38.0,average_payer
INV700744,C1023,2024-10-18,33.90909090909091,34.666666666666664,11,3.5342480234003233,0.7575757575757578,38.0,70623.59,30,Pharma & Healthcare,26.0,average_payer
INV700745,C1023,2024-10-19,33.25,31.666666666666668,12,4.070403151799809,-1.5833333333333321,26.0,77818.84,30,Pharma & Healthcare,34.0,average_payer
INV700746,C1023,2024-12-07,33.30769230769231,32.666666666666664,13,3.9026618135279456,-0.6410256410256423,34.0,67634.73,30,Pharma & Healthcare,37.0,average_payer
INV700747,C1023,2024-12-20,33.57142857142857,32.333333333333336,14,3.8772370359531845,-1.2380952380952337,37.0,84791.07,30,Pharma & Healthcare,36.0,average_payer
INV700748,C1023,2025-01-12,33.733333333333334,35.666666666666664,15,3.788453636034227,1.93333333333333,36.0,71705.33,30,Pharma & Healthcare,34.0,average_payer
INV700749,C1023,2025-01-26,33.75,35.666666666666664,16,3.6606010435446255,1.9166666666666643,34.0,36056.12,30,Pharma & Healthcare,33.0,average_payer
INV700750,C1023,2025-03-15,33.705882352941174,34.333333333333336,17,3.549026378500746,0.6274509803921617,33.0,46013.67,30,Pharma & Healthcare,40.0,average_payer
INV700751,C1023,2025-03-27,34.05555555555556,35.666666666666664,18,3.749073959733998,1.6111111111111072,40.0,117357.06,30,Pharma & Healthcare,28.0,average_payer
INV700752,C1023,2025-04-21,33.73684210526316,33.666666666666664,19,3.899317679104012,-0.07017543859649322,28.0,77768.63,30,Pharma & Healthcare,35.0,average_payer
INV700753,C1023,2025-06-14,33.8,34.333333333333336,20,3.805812728750035,0.5333333333333385,35.0,45336.69,30,Pharma & Healthcare,26.0,average_payer
INV700754,C1023,2025-06-27,33.42857142857143,29.666666666666668,21,4.081316314272008,-3.7619047619047628,26.0,35266.41,30,Pharma & Healthcare,28.0,average_payer
INV700755,C1023,2025-09-04,33.18181818181818,29.666666666666668,22,4.147705775903492,-3.515151515151512,28.0,50090.95,30,Pharma & Healthcare,39.0,average_payer
INV700756,C1023,2025-09-27,33.43478260869565,31.0,23,4.230044991771489,-2.4347826086956488,39.0,59601.37,30,Pharma & Healthcare,29.0,average_payer
INV700757,C1023,2025-11-04,33.25,32.0,24,4.234947769299597,-1.25,29.0,63570.51,30,Pharma & Healthcare,29.0,average_payer
INV700758,C1023,2025-11-16,33.08,32.333333333333336,25,4.232020793899764,-0.7466666666666626,29.0,50590.68,30,Pharma & Healthcare,33.0,average_payer
INV700759,C1023,2026-04-02,33.07692307692308,30.333333333333332,26,4.146546292258913,-2.743589743589748,33.0,46958.75,30,Pharma & Healthcare,26.0,average_payer
INV700760,C1023,2026-07-08,32.81481481481482,29.333333333333332,27,4.2880606790791065,-3.4814814814814845,26.0,45412.15,30,Pharma & Healthcare,37.0,average_payer
INV700762,C1024,2024-02-29,,,0,,,,58028.27,15,Retail & Distribution,19.0,average_payer
INV700763,C1024,2024-03-27,19.0,19.0,1,,0.0,19.0,21935.64,15,Retail & Distribution,23.0,average_payer
INV700764,C1024,2024-04-26,21.0,21.0,2,2.8284271247461903,0.0,23.0,52679.67,15,Retail & Distribution,22.0,average_payer
INV700765,C1024,2024-07-06,21.333333333333332,21.333333333333332,3,2.081665999466133,0.0,22.0,83297.91,15,Retail & Distribution,16.0,average_payer
INV700766,C1024,2024-07-26,20.0,20.333333333333332,4,3.162277660168379,0.33333333333333215,16.0,52481.8,15,Retail & Distribution,20.0,average_payer
INV700767,C1024,2024-07-28,20.0,19.333333333333332,5,2.7386127875258306,-0.6666666666666679,20.0,58932.22,15,Retail & Distribution,21.0,average_payer
INV700768,C1024,2024-08-03,20.166666666666668,19.0,6,2.48327740429189,-1.1666666666666679,21.0,37789.25,15,Retail & Distribution,17.0,average_payer
INV700769,C1024,2024-08-19,19.714285714285715,19.333333333333332,7,2.563479777846623,-0.38095238095238315,17.0,107078.59,15,Retail & Distribution,17.0,average_payer
INV700770,C1024,2024-08-22,19.375,18.333333333333332,8,2.559994419636775,-1.0416666666666679,17.0,78896.34,15,Retail & Distribution,19.0,average_payer
INV700771,C1024,2024-09-13,19.333333333333332,17.666666666666668,9,2.39791576165636,-1.6666666666666643,19.0,57799.48,15,Retail & Distribution,18.0,average_payer
INV700772,C1024,2024-10-21,19.2,18.0,10,2.2997584414213788,-1.1999999999999993,18.0,34164.54,15,Retail & Distribution,10.0,average_payer
INV700773,C1024,2024-11-28,18.363636363636363,15.666666666666666,11,3.529099807960304,-2.6969696969696972,10.0,70610.62,15,Retail & Distribution,29.0,average_payer
INV700774,C1024,2024-11-28,19.25,19.0,12,4.55521678957215,-0.25,29.0,77942.08,15,Retail & Distribution,16.0,average_payer
INV700775,C1024,2025-02-01,19.0,18.333333333333332,13,4.453463071962462,-0.6666666666666679,16.0,66323.62,15,Retail & Distribution,26.0,average_payer
INV700776,C1024,2025-02-18,19.5,23.666666666666668,14,4.669870694964938,4.166666666666668,26.0,82254.83,15,Retail & Distribution,28.0,average_payer
INV700777,C1024,2025-02-20,20.066666666666666,23.333333333333332,15,5.00666222813829,3.2666666666666657,28.0,98610.87,15,Retail & Distribution,23.0,average_payer
INV700778,C1024,2025-03-14,20.25,25.666666666666668,16,4.892170615721955,5.416666666666668,23.0,42149.49,15,Retail & Distribution,19.0,average_payer
INV700779,C1024,2025-03-17,20.176470588235293,23.333333333333332,17,4.746515749969221,3.1568627450980387,19.0,85773.11,15,Retail & Distribution,21.0,average_payer
INV700780,C1024,2025-03-18,20.22222222222222,21.0,18,4.608885989624769,0.7777777777777786,21.0,32300.37,15,Retail & Distribution,30.0,average_payer
INV700781,C1024,2025-03-27,20.736842105263158,23.333333333333332,19,5.009347986660738,2.5964912280701746,30.0,3000.0,15,Retail & Distribution,19.0,average_payer
INV700782,C1024,2025-04-03,20.65,23.333333333333332,20,4.891184336183448,2.6833333333333336,19.0,67354.46,15,Retail & Distribution,22.0,average_payer
INV700783,C1024,2025-04-06,20.714285714285715,23.666666666666668,21,4.776430227092794,2.9523809523809526,22.0,60530.52,15,Retail & Distribution,19.0,average_payer
INV700784,C1024,2025-04-10,20.636363636363637,20.0,22,4.675625290960757,-0.6363636363636367,19.0,32103.7,15,Retail & Distribution,16.0,average_payer
INV700785,C1024,2025-04-20,20.434782608695652,19.0,23,4.669300969256745,-1.4347826086956523,16.0,61410.8,15,Retail & Distribution,19.0,average_payer
INV700786,C1024,2025-04-26,20.375,18.0,24,4.576048228690815,-2.375,19.0,10492.76,15,Retail & Distribution,18.0,average_payer
INV700787,C1024,2025-05-06,20.28,17.666666666666668,25,4.504812241740307,-2.6133333333333333,18.0,50108.99,15,Retail & Distribution,27.0,average_payer
INV700788,C1024,2025-05-16,20.53846153846154,21.333333333333332,26,4.60635013198753,0.794871794871792,27.0,46341.17,15,Retail & Distribution,18.0,average_payer
INV700789,C1024,2025-05-22,20.444444444444443,21.0,27,4.543239553559292,0.5555555555555571,18.0,32371.07,15,Retail & Distribution,13.0,average_payer
INV700790,C1024,2025-05-30,20.178571428571427,19.333333333333332,28,4.6750208668860616,-0.8452380952380949,13.0,44582.9,15,Retail & Distribution,14.0,average_payer
INV700791,C1024,2025-07-06,19.96551724137931,15.0,29,4.73197903796747,-4.96551724137931,14.0,63936.82,15,Retail & Distribution,11.0,average_payer
INV700792,C1024,2025-07-14,19.666666666666668,12.666666666666666,30,4.929386429842221,-7.000000000000002,11.0,78231.71,15,Retail & Distribution,23.0,average_payer
INV700793,C1024,2025-07-26,19.774193548387096,16.0,31,4.8833709492477615,-3.774193548387096,23.0,53251.81,15,Retail & Distribution,30.0,average_payer
INV700794,C1024,2025-08-09,20.09375,21.333333333333332,32,5.1328126917930925,1.2395833333333321,30.0,85446.73,15,Retail & Distribution,16.0,average_payer
INV700795,C1024,2025-10-25,19.96969696969697,23.0,33,5.10199010488094,3.030303030303031,16.0,26484.9,15,Retail & Distribution,23.0,average_payer
INV700796,C1024,2025-10-27,20.058823529411764,23.0,34,5.050899568667241,2.9411764705882355,23.0,61816.73,15,Retail & Distribution,17.0,average_payer
INV700797,C1024,2025-12-10,19.97142857142857,18.666666666666668,35,5.002856326996751,-1.3047619047619037,17.0,35061.94,15,Retail & Distribution,12.0,average_payer
INV700798,C1024,2025-12-10,19.75,17.333333333333332,36,5.1067182640685616,-2.416666666666668,12.0,50669.5,15,Retail & Distribution,22.0,average_payer
INV700799,C1024,2026-01-02,19.81081081081081,17.0,37,5.0488603655667665,-2.8108108108108105,22.0,48632.4,15,Retail & Distribution,16.0,average_payer
INV700800,C1024,2026-01-05,19.710526315789473,16.666666666666668,38,5.018387243559008,-3.0438596491228047,16.0,52675.77,15,Retail & Distribution,28.0,average_payer
INV700801,C1024,2026-02-26,19.923076923076923,22.0,39,5.126733932019156,2.0769230769230766,28.0,71746.77,15,Retail & Distribution,13.0,average_payer
INV700802,C1024,2026-02-26,19.75,19.0,40,5.177614538346043,-0.75,13.0,58103.92,15,Retail & Distribution,26.0,average_payer
INV700803,C1024,2026-03-23,19.902439024390244,22.333333333333332,41,5.204828902321287,2.4308943089430883,26.0,16272.93,15,Retail & Distribution,19.0,average_payer
INV700804,C1024,2026-04-12,19.88095238095238,19.333333333333332,42,5.142849077293971,-0.5476190476190474,19.0,86052.53,15,Retail & Distribution,14.0,average_payer
INV700805,C1024,2026-06-12,19.74418604651163,19.666666666666668,43,5.159794307711877,-0.07751937984496138,14.0,43716.45,15,Retail & Distribution,21.0,average_payer
INV700806,C1024,2026-06-20,19.772727272727273,18.0,44,5.102956900973433,-1.7727272727272734,21.0,62148.52,15,Retail & Distribution,19.0,average_payer
INV700807,C1024,2026-07-04,19.755555555555556,18.0,45,5.045950471577793,-1.7555555555555564,19.0,52913.0,15,Retail & Distribution,20.0,average_payer
INV700808,C1024,2026-07-15,19.76086956521739,20.0,46,4.98969953496955,0.2391304347826093,20.0,83573.76,15,Retail & Distribution,21.0,average_payer
INV700810,C1025,2024-04-04,,,0,,,,178172.5,45,Metal & Engineering,53.0,average_payer
INV700811,C1025,2024-04-05,53.0,53.0,1,,0.0,53.0,85147.63,45,Metal & Engineering,40.0,average_payer
INV700812,C1025,2024-06-25,46.5,46.5,2,9.192388155425117,0.0,40.0,123363.47,45,Metal & Engineering,58.0,average_payer
INV700813,C1025,2024-07-10,50.333333333333336,50.333333333333336,3,9.291573243177568,0.0,58.0,146316.21,45,Metal & Engineering,50.0,average_payer
INV700814,C1025,2024-07-16,50.25,49.333333333333336,4,7.588368291888139,-0.9166666666666643,50.0,102802.45,45,Metal & Engineering,51.0,average_payer
INV700815,C1025,2024-08-24,50.4,53.0,5,6.58027355054484,2.6000000000000014,51.0,60632.64,45,Metal & Engineering,34.0,average_payer
INV700816,C1025,2024-10-21,47.666666666666664,45.0,6,8.914407813571614,-2.6666666666666643,34.0,126223.51,45,Metal & Engineering,62.0,average_payer
INV700817,C1025,2024-10-29,49.714285714285715,49.0,7,9.77606406338607,-0.7142857142857153,62.0,128224.37,45,Metal & Engineering,67.0,average_payer
INV700818,C1025,2024-11-15,51.875,54.333333333333336,8,10.92098242571872,2.4583333333333357,67.0,136378.32,45,Metal & Engineering,50.0,average_payer
INV700819,C1025,2025-03-15,51.666666666666664,59.666666666666664,9,10.23474474522936,8.0,50.0,117235.19,45,Metal & Engineering,49.0,average_payer
INV700820,C1025,2025-05-22,51.4,55.333333333333336,10,9.686187187031965,3.933333333333337,49.0,105583.26,45,Metal & Engineering,54.0,average_payer
INV700821,C1025,2025-05-26,51.63636363636363,51.0,11,9.222502125483379,-0.6363636363636331,54.0,107421.59,45,Metal & Engineering,56.0,average_payer
INV700822,C1025,2025-06-28,52.0,53.0,12,8.883078909313532,1.0,56.0,50635.91,45,Metal & Engineering,48.0,average_payer
INV700823,C1025,2025-06-28,51.69230769230769,52.666666666666664,13,8.576951822419346,0.9743589743589709,48.0,66619.98,45,Metal & Engineering,65.0,average_payer
INV700824,C1025,2025-06-29,52.642857142857146,56.333333333333336,14,8.97524066835787,3.69047619047619,65.0,80774.5,45,Metal & Engineering,45.0,average_payer
INV700825,C1025,2025-07-07,52.13333333333333,52.666666666666664,15,8.871033654272656,0.5333333333333314,45.0,165928.45,45,Metal & Engineering,46.0,average_payer
INV700826,C1025,2025-08-16,51.75,52.0,16,8.706319543871565,0.25,46.0,114927.72,45,Metal & Engineering,59.0,average_payer
INV700827,C1025,2025-11-16,52.1764705882353,50.0,17,8.611295591530109,-2.176470588235297,59.0,154465.17,45,Metal & Engineering,53.0,average_payer
INV700828,C1025,2025-12-05,52.22222222222222,52.666666666666664,18,8.356438557153227,0.44444444444444287,53.0,149948.0,45,Metal & Engineering,42.0,average_payer
INV700829,C1025,2026-05-20,51.68421052631579,51.333333333333336,19,8.452827479468677,-0.3508771929824519,42.0,85379.43,45,Metal & Engineering,40.0,average_payer
INV700830,C1025,2026-06-03,51.1,45.0,20,8.632252862010253,-6.100000000000001,40.0,157959.61,45,Metal & Engineering,53.0,average_payer
INV700832,C1026,2024-02-16,,,0,,,,86015.85,45,Auto Components,63.0,seasonal_payer
INV700833,C1026,2024-02-29,63.0,63.0,1,,0.0,63.0,45603.84,45,Auto Components,58.0,seasonal_payer
INV700834,C1026,2024-03-05,60.5,60.5,2,3.5355339059327378,0.0,58.0,74915.77,45,Auto Components,57.0,seasonal_payer
INV700835,C1026,2024-04-03,59.333333333333336,59.333333333333336,3,3.214550253664319,0.0,57.0,102637.83,45,Auto Components,51.0,seasonal_payer
INV700836,C1026,2024-05-23,57.25,55.333333333333336,4,4.924428900898054,-1.9166666666666643,51.0,70694.21,45,Auto Components,53.0,seasonal_payer
INV700837,C1026,2024-06-01,56.4,53.666666666666664,5,4.669047011971501,-2.7333333333333343,53.0,38536.17,45,Auto Components,55.0,seasonal_payer
INV700838,C1026,2024-06-04,56.166666666666664,53.0,6,4.215052391924289,-3.1666666666666643,55.0,60767.75,45,Auto Components,53.0,seasonal_payer
INV700839,C1026,2024-06-06,55.714285714285715,53.666666666666664,7,4.029651999626672,-2.047619047619051,53.0,72784.59,45,Auto Components,48.0,seasonal_payer
INV700840,C1026,2024-07-13,54.75,52.0,8,4.621378891320518,-2.75,48.0,94576.35,45,Auto Components,52.0,seasonal_payer
INV700841,C1026,2024-08-21,54.44444444444444,51.0,9,4.419024527854284,-3.444444444444443,52.0,73733.71,45,Auto Components,43.0,seasonal_payer
INV700842,C1026,2024-09-23,53.3,47.666666666666664,10,5.518655230720212,-5.633333333333333,43.0,49280.38,45,Auto Components,61.0,seasonal_payer
INV700843,C1026,2024-11-26,54.0,52.0,11,5.727128425310541,-2.0,61.0,61709.14,45,Auto Components,49.0,seasonal_payer
INV700844,C1026,2024-12-10,53.583333333333336,51.0,12,5.6481426284678005,-2.5833333333333357,49.0,48669.92,45,Auto Components,51.0,seasonal_payer
INV700845,C1026,2024-12-21,53.38461538461539,53.666666666666664,13,5.454943652908823,0.2820512820512775,51.0,69846.26,45,Auto Components,38.0,seasonal_payer
INV700846,C1026,2025-01-30,52.285714285714285,46.0,14,6.661353193880833,-6.285714285714285,38.0,24682.08,45,Auto Components,67.0,seasonal_payer
INV700847,C1026,2025-03-26,53.266666666666666,52.0,15,7.4590948001815365,-1.2666666666666657,67.0,32615.66,45,Auto Components,61.0,seasonal_payer
INV700848,C1026,2025-03-31,53.75,55.333333333333336,16,7.461009761866464,1.5833333333333357,61.0,73891.05,45,Auto Components,58.0,seasonal_payer
INV700849,C1026,2025-05-18,54.0,62.0,17,7.297259759663213,8.0,58.0,15537.89,45,Auto Components,43.0,seasonal_payer
INV700850,C1026,2025-06-09,53.388888888888886,54.0,18,7.539222060733174,0.6111111111111143,43.0,40991.32,45,Auto Components,41.0,seasonal_payer
INV700851,C1026,2025-06-11,52.73684210526316,47.333333333333336,19,7.858767964390389,-5.403508771929822,41.0,106867.51,45,Auto Components,49.0,seasonal_payer
INV700852,C1026,2025-07-01,52.55,44.333333333333336,20,7.69466664234664,-8.216666666666661,49.0,103255.08,45,Auto Components,57.0,seasonal_payer
INV700853,C1026,2025-07-20,52.76190476190476,49.0,21,7.562438508211236,-3.761904761904759,57.0,46015.0,45,Auto Components,49.0,seasonal_payer
INV700854,C1026,2025-08-03,52.59090909090909,51.666666666666664,22,7.423637222439524,-0.9242424242424292,49.0,68091.38,45,Auto Components,50.0,seasonal_payer
INV700855,C1026,2025-08-21,52.47826086956522,52.0,23,7.27304841188212,-0.4782608695652186,50.0,75807.89,45,Auto Components,45.0,seasonal_payer
INV700856,C1026,2025-10-05,52.166666666666664,48.0,24,7.2751313549573835,-4.166666666666664,45.0,66879.61,45,Auto Components,64.0,seasonal_payer
INV700857,C1026,2025-10-20,52.64,53.0,25,7.504887296511076,0.35999999999999943,64.0,35393.07,45,Auto Components,58.0,seasonal_payer
INV700858,C1026,2025-10-21,52.84615384615385,55.666666666666664,26,7.428013503985074,2.8205128205128176,58.0,40349.6,45,Auto Components,52.0,seasonal_payer
INV700859,C1026,2025-10-27,52.81481481481482,58.0,27,7.285586598193181,5.185185185185183,52.0,38988.96,45,Auto Components,53.0,seasonal_payer
INV700860,C1026,2025-12-09,52.82142857142857,54.333333333333336,28,7.14948105564868,1.5119047619047663,53.0,48462.03,45,Auto Components,51.0,seasonal_payer
INV700861,C1026,2025-12-22,52.758620689655174,52.0,29,7.028793700678624,-0.7586206896551744,51.0,85126.47,45,Auto Components,51.0,seasonal_payer
INV700862,C1026,2025-12-24,52.7,51.666666666666664,30,6.914003780434465,-1.0333333333333385,51.0,88430.55,45,Auto Components,53.0,seasonal_payer
INV700863,C1026,2026-04-13,52.70967741935484,51.666666666666664,31,6.798007298157781,-1.0430107526881756,53.0,54218.51,45,Auto Components,48.0,seasonal_payer
INV700864,C1026,2026-04-26,52.5625,50.666666666666664,32,6.739089150667556,-1.8958333333333357,48.0,48626.91,45,Auto Components,46.0,seasonal_payer
INV700865,C1026,2026-05-10,52.36363636363637,49.0,33,6.730611886272776,-3.363636363636367,46.0,67052.76,45,Auto Components,48.0,seasonal_payer
INV700867,C1027,2024-03-12,,,0,,,,354935.94,30,FMCG & Food Processing,44.0,seasonal_payer
INV700868,C1027,2024-04-16,44.0,44.0,1,,0.0,44.0,288977.45,30,FMCG & Food Processing,25.0,seasonal_payer
INV700869,C1027,2024-07-10,34.5,34.5,2,13.435028842544403,0.0,25.0,391612.34,30,FMCG & Food Processing,31.0,seasonal_payer
INV700870,C1027,2024-08-04,33.333333333333336,33.333333333333336,3,9.71253485622231,0.0,31.0,106182.72,30,FMCG & Food Processing,31.0,seasonal_payer
INV700871,C1027,2024-08-16,32.75,29.0,4,8.0156097709407,-3.75,31.0,139785.02,30,FMCG & Food Processing,29.0,seasonal_payer
INV700872,C1027,2024-08-29,32.0,30.333333333333332,5,7.14142842854285,-1.6666666666666679,29.0,339831.16,30,FMCG & Food Processing,30.0,seasonal_payer
INV700873,C1027,2024-08-31,31.666666666666668,30.0,6,6.439461675223067,-1.6666666666666679,30.0,350432.32,30,FMCG & Food Processing,34.0,seasonal_payer
INV700874,C1027,2024-10-04,32.0,31.0,7,5.94418483337567,-1.0,34.0,453493.29,30,FMCG & Food Processing,40.0,seasonal_payer
INV700875,C1027,2024-10-19,33.0,34.666666666666664,8,6.187545093630776,1.6666666666666643,40.0,219529.19,30,FMCG & Food Processing,44.0,seasonal_payer
INV700876,C1027,2024-11-11,34.22222222222222,39.333333333333336,9,6.851601597031489,5.111111111111114,44.0,489412.7,30,FMCG & Food Processing,32.0,seasonal_payer
INV700877,C1027,2025-05-05,34.0,38.666666666666664,10,6.497862896539309,4.666666666666664,32.0,196842.2,30,FMCG & Food Processing,35.0,seasonal_payer
INV700878,C1027,2025-06-03,34.09090909090909,37.0,11,6.17178329908861,2.9090909090909065,35.0,412616.0,30,FMCG & Food Processing,38.0,seasonal_payer
INV700879,C1027,2025-08-01,34.416666666666664,35.0,12,5.991787308601261,0.5833333333333357,38.0,372942.29,30,FMCG & Food Processing,30.0,seasonal_payer
INV700880,C1027,2025-08-06,34.07692307692308,34.333333333333336,13,5.866025606000745,0.2564102564102555,30.0,470924.67,30,FMCG & Food Processing,30.0,seasonal_payer
INV700881,C1027,2025-08-11,33.785714285714285,32.666666666666664,14,5.740256915029976,-1.1190476190476204,30.0,340700.71,30,FMCG & Food Processing,34.0,seasonal_payer
INV700882,C1027,2025-09-28,33.8,31.333333333333332,15,5.531726674375733,-2.466666666666665,34.0,188683.84,30,FMCG & Food Processing,44.0,seasonal_payer
INV700883,C1027,2025-10-27,34.4375,36.0,16,5.921359641163505,1.5625,44.0,319747.77,30,FMCG & Food Processing,41.0,seasonal_payer
INV700884,C1027,2025-11-10,34.8235294117647,39.666666666666664,17,5.950160650327508,4.843137254901961,41.0,229833.69,30,FMCG & Food Processing,39.0,seasonal_payer
INV700885,C1027,2025-12-03,35.05555555555556,41.333333333333336,18,5.8558389384615595,6.277777777777779,39.0,240695.65,30,FMCG & Food Processing,37.0,seasonal_payer
INV700886,C1027,2025-12-16,35.1578947368421,39.0,19,5.7083093225260155,3.8421052631578974,37.0,299493.02,30,FMCG & Food Processing,25.0,seasonal_payer
INV700887,C1027,2026-01-28,34.65,33.666666666666664,20,6.00241179597177,-0.9833333333333343,25.0,285947.86,30,FMCG & Food Processing,43.0,seasonal_payer
INV700888,C1027,2026-02-19,35.04761904761905,35.0,21,6.1276112023870315,-0.047619047619051,43.0,330629.66,30,FMCG & Food Processing,40.0,seasonal_payer
INV700889,C1027,2026-03-05,35.27272727272727,36.0,22,6.0724343450101514,0.7272727272727266,40.0,487099.1,30,FMCG & Food Processing,43.0,seasonal_payer
INV700890,C1027,2026-03-11,35.608695652173914,42.0,23,6.147720423308305,6.391304347826086,43.0,307958.11,30,FMCG & Food Processing,42.0,seasonal_payer
INV700891,C1027,2026-05-16,35.875,41.666666666666664,24,6.152500375421785,5.791666666666664,42.0,266754.61,30,FMCG & Food Processing,37.0,seasonal_payer
INV700892,C1027,2026-07-02,35.92,40.666666666666664,25,6.0271607467087405,4.746666666666663,37.0,229798.27,30,FMCG & Food Processing,39.0,seasonal_payer
INV700895,C1028,2024-04-01,,,0,,,,114876.01,45,Pharma & Healthcare,43.0,prompt_payer
INV700896,C1028,2024-06-13,43.0,43.0,1,,0.0,43.0,300520.45,45,Pharma & Healthcare,46.0,prompt_payer
INV700897,C1028,2024-06-18,44.5,44.5,2,2.1213203435596424,0.0,46.0,186050.29,45,Pharma & Healthcare,45.0,prompt_payer
INV700898,C1028,2024-08-12,44.666666666666664,44.666666666666664,3,1.5275252316519468,0.0,45.0,397358.78,45,Pharma & Healthcare,40.0,prompt_payer
INV700899,C1028,2024-09-18,43.5,43.666666666666664,4,2.6457513110645903,0.1666666666666643,40.0,272833.73,45,Pharma & Healthcare,45.0,prompt_payer
INV700900,C1028,2024-10-27,43.8,43.333333333333336,5,2.3874672772626644,-0.46666666666666146,45.0,295786.97,45,Pharma & Healthcare,42.0,prompt_payer
INV700901,C1028,2024-11-19,43.5,42.333333333333336,6,2.258317958127243,-1.1666666666666643,42.0,405671.0,45,Pharma & Healthcare,40.0,prompt_payer
INV700902,C1028,2026-04-01,43.0,42.333333333333336,7,2.449489742783178,-0.6666666666666643,40.0,406975.18,45,Pharma & Healthcare,42.0,prompt_payer
INV700903,C1028,2026-05-28,42.875,41.333333333333336,8,2.2951812875799464,-1.5416666666666643,42.0,1503946.28,45,Pharma & Healthcare,41.0,prompt_payer
INV700904,C1028,2026-06-11,42.666666666666664,41.0,9,2.2360679774997894,-1.6666666666666643,41.0,421982.15,45,Pharma & Healthcare,40.0,prompt_payer
INV700905,C1028,2026-07-03,42.4,41.0,10,2.2705848487901865,-1.3999999999999986,40.0,316898.92,45,Pharma & Healthcare,42.0,prompt_payer
INV700906,C1029,2024-02-22,,,0,,,,22399.98,45,IT & Business Services,49.0,average_payer
INV700907,C1029,2024-03-16,49.0,49.0,1,,0.0,49.0,15714.57,45,IT & Business Services,49.0,average_payer
INV700908,C1029,2024-04-17,49.0,49.0,2,0.0,0.0,49.0,30867.88,45,IT & Business Services,47.0,average_payer
INV700909,C1029,2024-07-27,48.333333333333336,48.333333333333336,3,1.1547005383792526,0.0,47.0,31963.88,45,IT & Business Services,44.0,average_payer
INV700910,C1029,2024-08-21,47.25,46.666666666666664,4,2.3629078131263053,-0.5833333333333357,44.0,22773.12,45,IT & Business Services,46.0,average_payer
INV700911,C1029,2024-09-21,47.0,45.666666666666664,5,2.1213203435596433,-1.3333333333333357,46.0,28083.67,45,IT & Business Services,49.0,average_payer
INV700912,C1029,2024-10-23,47.333333333333336,46.333333333333336,6,2.0655911179772892,-1.0,49.0,20686.04,45,IT & Business Services,43.0,average_payer
INV700913,C1029,2024-11-08,46.714285714285715,46.0,7,2.497617912751116,-0.7142857142857153,43.0,16727.9,45,IT & Business Services,42.0,average_payer
INV700914,C1029,2025-02-23,46.125,44.666666666666664,8,2.8504385627478457,-1.4583333333333357,42.0,28520.7,45,IT & Business Services,41.0,average_payer
INV700915,C1029,2025-02-25,45.55555555555556,42.0,9,3.1666666666666674,-3.555555555555557,41.0,21471.17,45,IT & Business Services,52.0,average_payer
INV700916,C1029,2025-03-09,46.2,45.0,10,3.614784456460256,-1.2000000000000028,52.0,30936.03,45,IT & Business Services,44.0,average_payer
INV700917,C1029,2025-04-22,46.0,45.666666666666664,11,3.492849839314596,-0.3333333333333357,44.0,12662.91,45,IT & Business Services,48.0,average_payer
INV700918,C1029,2025-05-05,46.166666666666664,48.0,12,3.3799766898963113,1.8333333333333357,48.0,18708.0,45,IT & Business Services,47.0,average_payer
INV700919,C1029,2025-05-16,46.23076923076923,46.333333333333336,13,3.2443244328582534,0.1025641025641022,47.0,14897.38,45,IT & Business Services,39.0,average_payer
INV700920,C1029,2025-06-12,45.714285714285715,44.666666666666664,14,3.6674990730127592,-1.047619047619051,39.0,26159.98,45,IT & Business Services,49.0,average_payer
INV700921,C1029,2025-07-16,45.93333333333333,45.0,15,3.6344908597386523,-0.93333333333333,49.0,39614.95,45,IT & Business Services,50.0,average_payer
INV700922,C1029,2025-07-17,46.1875,46.0,16,3.655475345286848,-0.1875,50.0,100419.13,45,IT & Business Services,45.0,average_payer
INV700923,C1029,2025-07-21,46.11764705882353,48.0,17,3.5510975933712463,1.882352941176471,45.0,27154.93,45,IT & Business Services,45.0,average_payer
INV700924,C1029,2025-07-21,46.05555555555556,46.666666666666664,18,3.4551278553379214,0.6111111111111072,45.0,28603.74,45,IT & Business Services,48.0,average_payer
INV700925,C1029,2025-07-22,46.1578947368421,46.0,19,3.387282717832439,-0.15789473684210265,48.0,29454.78,45,IT & Business Services,42.0,average_payer
INV700926,C1029,2025-07-31,45.95,45.0,20,3.42552339450715,-0.9500000000000028,42.0,32565.06,45,IT & Business Services,41.0,average_payer
INV700927,C1029,2025-08-24,45.714285714285715,43.666666666666664,21,3.5091716564291517,-2.047619047619051,41.0,24277.32,45,IT & Business Services,45.0,average_payer
INV700928,C1029,2025-08-26,45.68181818181818,42.666666666666664,22,3.42798515911056,-3.0151515151515156,45.0,28390.59,45,IT & Business Services,52.0,average_payer
INV700929,C1029,2025-09-13,45.95652173913044,46.0,23,3.5989677922927394,0.043478260869562746,52.0,26381.92,45,IT & Business Services,50.0,average_payer
INV700930,C1029,2025-10-24,46.125,49.0,24,3.6153356931152394,2.875,50.0,25575.5,45,IT & Business Services,50.0,average_payer
INV700931,C1029,2026-02-04,46.28,50.666666666666664,25,3.623074201098657,4.386666666666663,50.0,27802.55,45,IT & Business Services,44.0,average_payer
INV700932,C1029,2026-05-26,46.19230769230769,48.0,26,3.577923764075818,1.8076923076923066,44.0,39785.95,45,IT & Business Services,49.0,average_payer
INV700933,C1029,2026-05-28,46.2962962962963,47.666666666666664,27,3.5498083893556296,1.3703703703703667,49.0,13965.17,45,IT & Business Services,47.0,average_payer
INV700934,C1029,2026-06-21,46.32142857142857,46.666666666666664,28,3.4859885831879036,0.3452380952380949,47.0,33061.64,45,IT & Business Services,44.0,average_payer
INV700936,C1030,2024-03-01,,,0,,,,402389.44,30,Retail & Distribution,66.0,improving_payer
INV700937,C1030,2024-04-02,66.0,66.0,1,,0.0,66.0,459535.71,30,Retail & Distribution,66.0,improving_payer
INV700938,C1030,2024-04-26,66.0,66.0,2,0.0,0.0,66.0,346844.47,30,Retail & Distribution,60.0,improving_payer
INV700939,C1030,2024-05-02,64.0,64.0,3,3.4641016151377544,0.0,60.0,104554.08,30,Retail & Distribution,67.0,improving_payer
INV700940,C1030,2024-06-23,64.75,64.33333333333333,4,3.2015621187164243,-0.4166666666666714,67.0,140936.09,30,Retail & Distribution,43.0,improving_payer
INV700941,C1030,2024-08-10,60.4,56.666666666666664,5,10.114346246792227,-3.7333333333333343,43.0,149823.41,30,Retail & Distribution,55.0,improving_payer
INV700942,C1030,2024-09-06,59.5,55.0,6,9.311283477587825,-4.5,55.0,95270.88,30,Retail & Distribution,49.0,improving_payer
INV700943,C1030,2024-09-19,58.0,49.0,7,9.38083151964686,-9.0,49.0,325645.38,30,Retail & Distribution,49.0,improving_payer
INV700944,C1030,2024-09-26,56.875,51.0,8,9.24951736192605,-5.875,49.0,333347.46,30,Retail & Distribution,42.0,improving_payer
INV700945,C1030,2024-12-06,55.22222222222222,46.666666666666664,9,9.972183534434395,-8.555555555555557,42.0,340545.42,30,Retail & Distribution,42.0,improving_payer
INV700946,C1030,2025-03-13,53.9,44.333333333333336,10,10.289692793168209,-9.566666666666663,42.0,127190.88,30,Retail & Distribution,42.0,improving_payer
INV700947,C1030,2025-05-08,52.81818181818182,42.0,11,10.400174823705434,-10.81818181818182,42.0,499015.28,30,Retail & Distribution,35.0,improving_payer
INV700948,C1030,2025-08-22,51.333333333333336,39.666666666666664,12,11.170849510573436,-11.666666666666671,35.0,460925.93,30,Retail & Distribution,40.0,improving_payer
INV700949,C1030,2025-10-27,50.46153846153846,39.0,13,11.14761098932102,-11.46153846153846,40.0,263069.49,30,Retail & Distribution,41.0,improving_payer
INV700950,C1030,2025-12-28,49.785714285714285,38.666666666666664,14,11.004744231666432,-11.11904761904762,41.0,326115.84,30,Retail & Distribution,31.0,improving_payer
INV700951,C1030,2026-05-24,48.53333333333333,37.333333333333336,15,11.661087101164814,-11.199999999999996,31.0,420182.3,30,Retail & Distribution,31.0,improving_payer
INV700952,C1031,2024-03-06,,,0,,,,153485.45,45,Auto Components,65.0,average_payer
INV700953,C1031,2024-03-24,65.0,65.0,1,,0.0,65.0,48160.34,45,Auto Components,55.0,average_payer
INV700954,C1031,2024-05-15,60.0,60.0,2,7.0710678118654755,0.0,55.0,121357.25,45,Auto Components,50.0,average_payer
INV700955,C1031,2024-05-15,56.666666666666664,56.666666666666664,3,7.6376261582597325,0.0,50.0,138994.67,45,Auto Components,41.0,average_payer
INV700956,C1031,2024-05-20,52.75,48.666666666666664,4,10.012492197250392,-4.083333333333336,41.0,167557.27,45,Auto Components,53.0,average_payer
INV700957,C1031,2024-06-30,52.8,48.0,5,8.67179335547152,-4.799999999999997,53.0,43612.17,45,Auto Components,46.0,average_payer
INV700958,C1031,2024-09-01,51.666666666666664,46.666666666666664,6,8.238122763510304,-5.0,46.0,133636.63,45,Auto Components,55.0,average_payer
INV700959,C1031,2024-09-30,52.142857142857146,51.333333333333336,7,7.625146368618581,-0.8095238095238102,55.0,449927.49,45,Auto Components,33.0,average_payer
INV700960,C1031,2025-03-08,49.75,44.666666666666664,8,9.779716618739887,-5.083333333333336,33.0,94980.46,45,Auto Components,48.0,average_payer
INV700961,C1031,2025-04-10,49.55555555555556,45.333333333333336,9,9.166666666666664,-4.222222222222221,48.0,189383.66,45,Auto Components,51.0,average_payer
INV700962,C1031,2025-07-15,49.7,44.0,10,8.65447860936752,-5.700000000000003,51.0,117717.38,45,Auto Components,62.0,average_payer
INV700963,C1031,2025-09-04,50.81818181818182,53.666666666666664,11,9.009086322354577,2.848484848484844,62.0,127166.34,45,Auto Components,47.0,average_payer
INV700964,C1031,2025-09-22,50.5,53.333333333333336,12,8.660254037844386,2.8333333333333357,47.0,70277.55,45,Auto Components,50.0,average_payer
INV700965,C1031,2025-10-26,50.46153846153846,53.0,13,8.292721553822409,2.53846153846154,50.0,81692.7,45,Auto Components,56.0,average_payer
INV700966,C1031,2025-11-17,50.857142857142854,51.0,14,8.103723198032473,0.1428571428571459,56.0,101413.89,45,Auto Components,45.0,average_payer
INV700967,C1031,2025-11-19,50.46666666666667,50.333333333333336,15,7.954034615631657,-0.13333333333333286,45.0,109534.87,45,Auto Components,46.0,average_payer
INV700968,C1031,2026-01-30,50.1875,49.0,16,7.765039171397226,-1.1875,46.0,61447.13,45,Auto Components,55.0,average_payer
INV700969,C1031,2026-03-03,50.470588235294116,48.666666666666664,17,7.60852849651974,-1.8039215686274517,55.0,79614.25,45,Auto Components,47.0,average_payer
INV700970,C1031,2026-03-22,50.27777777777778,49.333333333333336,18,7.426546624861505,-0.9444444444444429,47.0,139592.7,45,Auto Components,54.0,average_payer
INV700971,C1031,2026-03-27,50.473684210526315,52.0,19,7.267648412677405,1.526315789473685,54.0,131447.21,45,Auto Components,52.0,average_payer
INV700972,C1031,2026-04-11,50.55,51.0,20,7.082038065267281,0.45000000000000284,52.0,222461.81,45,Auto Components,41.0,average_payer
INV700973,C1031,2026-04-22,50.095238095238095,49.0,21,7.210442163312607,-1.095238095238095,41.0,226190.97,45,Auto Components,47.0,average_payer
INV700974,C1031,2026-05-04,49.95454545454545,46.666666666666664,22,7.067546706617257,-3.287878787878789,47.0,128497.36,45,Auto Components,49.0,average_payer
INV700975,C1031,2026-06-21,49.91304347826087,45.666666666666664,23,6.9079206414761885,-4.246376811594203,49.0,87631.47,45,Auto Components,43.0,average_payer
INV700979,C1032,2024-04-11,,,0,,,,107926.21,30,IT & Business Services,29.0,prompt_payer
INV700980,C1032,2024-04-20,29.0,29.0,1,,0.0,29.0,1086924.42,30,IT & Business Services,26.0,prompt_payer
INV700981,C1032,2024-05-07,27.5,27.5,2,2.1213203435596424,0.0,26.0,92824.0,30,IT & Business Services,30.0,prompt_payer
INV700982,C1032,2024-06-01,28.333333333333332,28.333333333333332,3,2.081665999466133,0.0,30.0,117859.01,30,IT & Business Services,29.0,prompt_payer
INV700983,C1032,2024-07-05,28.5,28.333333333333332,4,1.7320508075688776,-0.16666666666666785,29.0,202945.43,30,IT & Business Services,27.0,prompt_payer
INV700984,C1032,2025-01-04,28.2,28.666666666666668,5,1.6431676725154984,0.46666666666666856,27.0,203928.14,30,IT & Business Services,28.0,prompt_payer
INV700986,C1032,2025-04-04,28.166666666666668,28.0,6,1.4719601443879746,-0.16666666666666785,28.0,106228.58,30,IT & Business Services,27.0,prompt_payer
INV700987,C1032,2025-04-14,28.0,27.333333333333332,7,1.414213562373095,-0.6666666666666679,27.0,192160.2,30,IT & Business Services,28.0,prompt_payer
INV700988,C1032,2025-05-22,28.0,27.666666666666668,8,1.3093073414159542,-0.33333333333333215,28.0,177400.53,30,IT & Business Services,28.0,prompt_payer
INV700989,C1032,2025-05-24,28.0,27.666666666666668,9,1.224744871391589,-0.33333333333333215,28.0,142176.78,30,IT & Business Services,28.0,prompt_payer
INV700990,C1032,2025-07-04,28.0,28.0,10,1.1547005383792515,0.0,28.0,107645.6,30,IT & Business Services,31.0,prompt_payer
INV700991,C1032,2025-07-17,28.272727272727273,29.0,11,1.4206272622267317,0.7272727272727266,31.0,67102.21,30,IT & Business Services,28.0,prompt_payer
INV700992,C1032,2025-07-19,28.25,29.0,12,1.3568010505999366,0.75,28.0,127225.31,30,IT & Business Services,27.0,prompt_payer
INV700993,C1032,2025-07-27,28.153846153846153,28.666666666666668,13,1.3445044840729643,0.5128205128205146,27.0,53462.91,30,IT & Business Services,26.0,prompt_payer
INV700994,C1032,2025-07-28,28.0,27.0,14,1.4142135623730947,-1.0,26.0,145664.57,30,IT & Business Services,25.0,prompt_payer
INV700995,C1032,2025-08-09,27.8,26.0,15,1.567527625639451,-1.8000000000000007,25.0,171434.43,30,IT & Business Services,29.0,prompt_payer
INV700996,C1032,2025-10-28,27.875,26.666666666666668,16,1.543804823587921,-1.2083333333333321,29.0,254742.76,30,IT & Business Services,29.0,prompt_payer
INV700997,C1032,2026-01-11,27.941176470588236,27.666666666666668,17,1.5194813356575867,-0.27450980392156765,29.0,137924.29,30,IT & Business Services,28.0,prompt_payer
INV700998,C1032,2026-02-27,27.944444444444443,28.666666666666668,18,1.474178623633881,0.722222222222225,28.0,59168.97,30,IT & Business Services,27.0,prompt_payer
INV700999,C1032,2026-03-01,27.894736842105264,28.0,19,1.4489358870144535,0.10526315789473628,27.0,117171.61,30,IT & Business Services,30.0,prompt_payer
INV701000,C1032,2026-04-09,28.0,28.333333333333332,20,1.4867838833500562,0.33333333333333215,30.0,125083.59,30,IT & Business Services,29.0,prompt_payer
INV701001,C1032,2026-05-22,28.047619047619047,28.666666666666668,21,1.4654757069358222,0.6190476190476204,29.0,117876.6,30,IT & Business Services,28.0,prompt_payer
INV701002,C1032,2026-06-16,28.045454545454547,29.0,22,1.4301938838683885,0.9545454545454533,28.0,96741.86,30,IT & Business Services,27.0,prompt_payer
INV701003,C1032,2026-07-11,28.0,28.0,23,1.414213562373095,0.0,27.0,116819.44,30,IT & Business Services,23.0,prompt_payer
INV701005,C1033,2024-02-17,,,0,,,,82353.88,45,Pharma & Healthcare,32.0,erratic_payer
INV701006,C1033,2024-02-19,32.0,32.0,1,,0.0,32.0,72885.3,45,Pharma & Healthcare,50.0,erratic_payer
INV701007,C1033,2024-03-24,41.0,41.0,2,12.727922061357855,0.0,50.0,13752.61,45,Pharma & Healthcare,63.0,erratic_payer
INV701008,C1033,2024-04-09,48.333333333333336,48.333333333333336,3,15.56705923844749,0.0,63.0,46648.15,45,Pharma & Healthcare,41.0,erratic_payer
INV701009,C1033,2024-05-11,46.5,51.333333333333336,4,13.228756555322953,4.833333333333336,41.0,58700.45,45,Pharma & Healthcare,57.0,erratic_payer
INV701010,C1033,2024-05-12,48.6,53.666666666666664,5,12.381437719424994,5.066666666666663,57.0,48793.68,45,Pharma & Healthcare,42.0,erratic_payer
INV701011,C1033,2024-07-01,47.5,46.666666666666664,6,11.397368117245314,-0.8333333333333357,42.0,101776.55,45,Pharma & Healthcare,55.0,erratic_payer
INV701012,C1033,2024-07-05,48.57142857142857,51.333333333333336,7,10.783585409580354,2.7619047619047663,55.0,37909.52,45,Pharma & Healthcare,44.0,erratic_payer
INV701013,C1033,2024-07-10,48.0,47.0,8,10.113640011673063,-1.0,44.0,70479.47,45,Pharma & Healthcare,55.0,erratic_payer
INV701014,C1033,2024-07-30,48.77777777777778,51.333333333333336,9,9.74394398816231,2.555555555555557,55.0,39770.03,45,Pharma & Healthcare,57.0,erratic_payer
INV701015,C1033,2024-08-04,49.6,52.0,10,9.547541859324605,2.3999999999999986,57.0,5552.95,45,Pharma & Healthcare,69.0,erratic_payer
INV701016,C1033,2024-08-05,51.36363636363637,60.333333333333336,11,10.782140114770604,8.969696969696969,69.0,13740.16,45,Pharma & Healthcare,38.0,erratic_payer
INV701017,C1033,2024-08-13,50.25,54.666666666666664,12,10.98035435758709,4.416666666666664,38.0,74940.74,45,Pharma & Healthcare,51.0,erratic_payer
INV701018,C1033,2024-08-23,50.30769230769231,52.666666666666664,13,10.51494662678335,2.3589743589743577,51.0,49104.25,45,Pharma & Healthcare,59.0,erratic_payer
INV701019,C1033,2024-10-13,50.92857142857143,49.333333333333336,14,10.36610071126284,-1.595238095238095,59.0,59074.21,45,Pharma & Healthcare,44.0,erratic_payer
INV701020,C1033,2024-10-15,50.46666666666667,51.333333333333336,15,10.147953112867263,0.8666666666666671,44.0,63666.85,45,Pharma & Healthcare,62.0,erratic_payer
INV701021,C1033,2024-10-20,51.1875,55.0,16,10.21905899125094,3.8125,62.0,55500.86,45,Pharma & Healthcare,53.0,erratic_payer
INV701022,C1033,2024-10-29,51.294117647058826,53.0,17,9.904321694860991,1.705882352941174,53.0,111984.33,45,Pharma & Healthcare,59.0,erratic_payer
INV701023,C1033,2024-11-03,51.72222222222222,58.0,18,9.778761834022545,6.277777777777779,59.0,53987.42,45,Pharma & Healthcare,54.0,erratic_payer
INV701024,C1033,2024-11-15,51.8421052631579,55.333333333333336,19,9.51760449491559,3.4912280701754383,54.0,55572.58,45,Pharma & Healthcare,58.0,erratic_payer
INV701025,C1033,2024-12-07,52.15,57.0,20,9.365530305046097,4.850000000000001,58.0,59569.59,45,Pharma & Healthcare,48.0,erratic_payer
INV701026,C1033,2025-01-05,51.95238095238095,53.333333333333336,21,9.173201134152627,1.3809523809523867,48.0,67462.9,45,Pharma & Healthcare,58.0,erratic_payer
INV701027,C1033,2025-02-09,52.22727272727273,54.666666666666664,22,9.044502767041994,2.4393939393939377,58.0,45772.31,45,Pharma & Healthcare,43.0,erratic_payer
INV701028,C1033,2025-03-05,51.82608695652174,49.666666666666664,23,9.043592276569203,-2.1594202898550776,43.0,55708.45,45,Pharma & Healthcare,33.0,erratic_payer
INV701029,C1033,2025-03-25,51.041666666666664,44.666666666666664,24,9.643556833751596,-6.375,33.0,80755.09,45,Pharma & Healthcare,50.0,erratic_payer
INV701030,C1033,2025-03-31,51.0,42.0,25,9.44281031614353,-9.0,50.0,71486.15,45,Pharma & Healthcare,48.0,erratic_payer
INV701031,C1033,2025-04-12,50.88461538461539,43.666666666666664,26,9.270714850870663,-7.2179487179487225,48.0,21211.12,45,Pharma & Healthcare,66.0,erratic_payer
INV701032,C1033,2025-05-25,51.44444444444444,54.666666666666664,27,9.54476631995588,3.2222222222222214,66.0,67145.85,45,Pharma & Healthcare,23.0,erratic_payer
INV701033,C1033,2025-06-27,50.42857142857143,45.666666666666664,28,10.799274911971573,-4.761904761904766,23.0,77759.18,45,Pharma & Healthcare,59.0,erratic_payer
INV701034,C1033,2025-07-10,50.724137931034484,49.333333333333336,29,10.723460767748369,-1.3908045977011483,59.0,61385.46,45,Pharma & Healthcare,47.0,erratic_payer
INV701035,C1033,2025-08-25,50.6,43.0,30,10.558866187825936,-7.600000000000001,47.0,55361.45,45,Pharma & Healthcare,57.0,erratic_payer
INV701036,C1033,2025-09-19,50.806451612903224,54.333333333333336,31,10.444837177089644,3.5268817204301115,57.0,39297.85,45,Pharma & Healthcare,64.0,erratic_payer
INV701037,C1033,2025-09-28,51.21875,56.0,32,10.53637133778712,4.78125,64.0,55943.63,45,Pharma & Healthcare,63.0,erratic_payer
INV701038,C1033,2025-10-02,51.57575757575758,61.333333333333336,33,10.571276835812878,9.757575757575758,63.0,46951.09,45,Pharma & Healthcare,43.0,erratic_payer
INV701039,C1033,2025-11-03,51.3235294117647,56.666666666666664,34,10.513254515092305,5.343137254901961,43.0,64381.98,45,Pharma & Healthcare,49.0,erratic_payer
INV701040,C1033,2025-11-03,51.25714285714286,51.666666666666664,35,10.36493766373485,0.4095238095238045,49.0,45438.32,45,Pharma & Healthcare,49.0,erratic_payer
INV701041,C1033,2025-11-05,51.19444444444444,47.0,36,10.222718241933906,-4.194444444444443,49.0,53743.93,45,Pharma & Healthcare,43.0,erratic_payer
INV701042,C1033,2025-12-02,50.972972972972975,47.0,37,10.169361627748122,-3.9729729729729755,43.0,78156.29,45,Pharma & Healthcare,47.0,erratic_payer
INV701044,C1033,2025-12-13,50.86842105263158,46.333333333333336,38,10.051680114051605,-4.535087719298247,47.0,49822.47,45,Pharma & Healthcare,61.0,erratic_payer
INV701045,C1033,2025-12-13,51.12820512820513,50.333333333333336,39,10.050345600707333,-0.7948717948717956,61.0,517481.6,45,Pharma & Healthcare,59.0,erratic_payer
INV701046,C1033,2026-01-01,51.325,55.666666666666664,40,9.998429363834589,4.3416666666666615,59.0,79457.76,45,Pharma & Healthcare,38.0,erratic_payer
INV701047,C1033,2026-01-13,51.0,52.666666666666664,41,10.08959860450355,1.6666666666666643,38.0,70019.51,45,Pharma & Healthcare,50.0,erratic_payer
INV701048,C1033,2026-01-19,50.976190476190474,49.0,42,9.966989650568582,-1.9761904761904745,50.0,83759.12,45,Pharma & Healthcare,53.0,erratic_payer
INV701049,C1033,2026-01-26,51.02325581395349,47.0,43,9.852455270721737,-4.02325581395349,53.0,125139.6,45,Pharma & Healthcare,56.0,erratic_payer
INV701050,C1033,2026-02-16,51.13636363636363,53.0,44,9.766080142670628,1.8636363636363669,56.0,14732.26,45,Pharma & Healthcare,55.0,erratic_payer
INV701051,C1033,2026-02-27,51.22222222222222,54.666666666666664,45,9.671628820441985,3.444444444444443,55.0,33105.57,45,Pharma & Healthcare,50.0,erratic_payer
INV701052,C1033,2026-03-24,51.19565217391305,53.666666666666664,46,9.565260210707846,2.4710144927536177,50.0,91209.16,45,Pharma & Healthcare,38.0,erratic_payer
INV701053,C1033,2026-04-15,50.91489361702128,47.666666666666664,47,9.654532135184294,-3.2482269503546135,38.0,62351.14,45,Pharma & Healthcare,64.0,erratic_payer
INV701054,C1033,2026-05-31,51.1875,50.666666666666664,48,9.7362150232379,-0.5208333333333357,64.0,37328.89,45,Pharma & Healthcare,33.0,erratic_payer
INV701055,C1033,2026-06-12,50.816326530612244,45.0,49,9.978463202876306,-5.816326530612244,33.0,52730.6,45,Pharma & Healthcare,55.0,erratic_payer
INV701057,C1033,2026-07-05,50.9,50.666666666666664,50,9.893824088897114,-0.23333333333333428,55.0,48820.07,45,Pharma & Healthcare,36.0,erratic_payer
INV701058,C1034,2024-02-26,,,0,,,,47439.49,45,FMCG & Food Processing,47.0,cold_start
INV701059,C1034,2025-10-07,47.0,47.0,1,,0.0,47.0,162629.88,45,FMCG & Food Processing,39.0,cold_start
INV701060,C1035,2024-02-22,,,0,,,,239139.9,30,Electronics & Electricals,62.0,chronic_late_payer
INV701061,C1035,2024-02-26,62.0,62.0,1,,0.0,62.0,420419.43,30,Electronics & Electricals,69.0,chronic_late_payer
INV701062,C1035,2024-03-22,65.5,65.5,2,4.949747468305833,0.0,69.0,272837.24,30,Electronics & Electricals,60.0,chronic_late_payer
INV701063,C1035,2024-03-27,63.666666666666664,63.666666666666664,3,4.725815626252608,0.0,60.0,194555.37,30,Electronics & Electricals,72.0,chronic_late_payer
INV701064,C1035,2024-04-15,65.75,67.0,4,5.678908345800274,1.25,72.0,252703.94,30,Electronics & Electricals,59.0,chronic_late_payer
INV701065,C1035,2024-06-28,64.4,63.666666666666664,5,5.770615218501405,-0.7333333333333414,59.0,371920.23,30,Electronics & Electricals,63.0,chronic_late_payer
INV701066,C1035,2024-06-29,64.16666666666667,64.66666666666667,6,5.192943930629974,0.5,63.0,376409.86,30,Electronics & Electricals,66.0,chronic_late_payer
INV701067,C1035,2024-07-26,64.42857142857143,62.666666666666664,7,4.790864322059326,-1.7619047619047663,66.0,141961.57,30,Electronics & Electricals,65.0,chronic_late_payer
INV701068,C1035,2024-08-13,64.5,64.66666666666667,8,4.4400772194057305,0.1666666666666714,65.0,340458.17,30,Electronics & Electricals,74.0,chronic_late_payer
INV701069,C1035,2024-08-18,65.55555555555556,68.33333333333333,9,5.2228132053308,2.7777777777777715,74.0,166955.72,30,Electronics & Electricals,67.0,chronic_late_payer
INV701070,C1035,2024-08-19,65.7,68.66666666666667,10,4.945255863507525,2.9666666666666686,67.0,302528.13,30,Electronics & Electricals,62.0,chronic_late_payer
INV701071,C1035,2024-09-29,65.36363636363636,67.66666666666667,11,4.822296699140924,2.3030303030303116,62.0,273851.36,30,Electronics & Electricals,59.0,chronic_late_payer
INV701072,C1035,2024-10-12,64.83333333333333,62.666666666666664,12,4.951277765905637,-2.1666666666666643,59.0,307657.11,30,Electronics & Electricals,61.0,chronic_late_payer
INV701073,C1035,2024-12-08,64.53846153846153,60.666666666666664,13,4.85824701950859,-3.8717948717948687,61.0,442835.67,30,Electronics & Electricals,73.0,chronic_late_payer
INV701074,C1035,2025-04-17,65.14285714285714,64.33333333333333,14,5.186626929045398,-0.8095238095238102,73.0,367293.89,30,Electronics & Electricals,64.0,chronic_late_payer
INV701075,C1035,2025-06-14,65.06666666666666,66.0,15,5.00666222813829,0.9333333333333371,64.0,401291.34,30,Electronics & Electricals,70.0,chronic_late_payer
INV701076,C1035,2025-07-22,65.375,69.0,16,4.9916597106239795,3.625,70.0,1072146.06,30,Electronics & Electricals,65.0,chronic_late_payer
INV701077,C1035,2025-07-26,65.3529411764706,66.33333333333333,17,4.834009418570006,0.9803921568627345,65.0,414751.52,30,Electronics & Electricals,71.0,chronic_late_payer
INV701078,C1035,2025-08-03,65.66666666666667,68.66666666666667,18,4.87490573061192,3.0,71.0,430113.07,30,Electronics & Electricals,63.0,chronic_late_payer
INV701079,C1035,2025-10-20,65.52631578947368,66.33333333333333,19,4.776893703055616,0.8070175438596436,63.0,299141.54,30,Electronics & Electricals,71.0,chronic_late_payer
INV701080,C1035,2025-10-26,65.8,68.33333333333333,20,4.807888255116191,2.5333333333333314,71.0,266203.37,30,Electronics & Electricals,63.0,chronic_late_payer
INV701081,C1035,2025-12-30,65.66666666666667,65.66666666666667,21,4.725815626252608,0.0,63.0,327869.52,30,Electronics & Electricals,68.0,chronic_late_payer
INV701082,C1035,2026-01-07,65.77272727272727,67.33333333333333,22,4.638676106101396,1.5606060606060623,68.0,270993.92,30,Electronics & Electricals,63.0,chronic_late_payer
INV701083,C1035,2026-01-18,65.65217391304348,64.66666666666667,23,4.568754511522945,-0.9855072463768124,63.0,315343.82,30,Electronics & Electricals,71.0,chronic_late_payer
INV701084,C1035,2026-01-25,65.875,67.33333333333333,24,4.5997400682704,1.4583333333333286,71.0,317190.84,30,Electronics & Electricals,53.0,chronic_late_payer
INV701085,C1035,2026-01-31,65.36,62.333333333333336,25,5.187163643713841,-3.0266666666666637,53.0,78918.38,30,Electronics & Electricals,62.0,chronic_late_payer
INV701086,C1035,2026-04-24,65.23076923076923,62.0,26,5.124901499991524,-3.2307692307692264,62.0,264141.05,30,Electronics & Electricals,67.0,chronic_late_payer
INV701087,C1035,2026-05-04,65.29629629629629,60.666666666666664,27,5.036900869619171,-4.629629629629626,67.0,297027.1,30,Electronics & Electricals,59.0,chronic_late_payer
INV701088,C1035,2026-05-14,65.07142857142857,62.666666666666664,28,5.083951302536328,-2.404761904761905,59.0,185056.88,30,Electronics & Electricals,64.0,chronic_late_payer
INV701089,C1035,2026-05-28,65.03448275862068,63.333333333333336,29,4.996304052716577,-1.7011494252873476,64.0,391137.89,30,Electronics & Electricals,75.0,chronic_late_payer
INV701090,C1035,2026-06-01,65.36666666666666,66.0,30,5.235708517303165,0.63333333333334,75.0,594009.02,30,Electronics & Electricals,64.0,chronic_late_payer
INV701092,C1036,2024-03-20,,,0,,,,807471.45,30,Textiles & Apparel,55.0,erratic_payer
INV701093,C1036,2024-05-15,55.0,55.0,1,,0.0,55.0,1038579.83,30,Textiles & Apparel,57.0,erratic_payer
INV701094,C1036,2024-06-22,56.0,56.0,2,1.4142135623730951,0.0,57.0,669730.0,30,Textiles & Apparel,19.0,erratic_payer
INV701095,C1036,2024-09-04,43.666666666666664,43.666666666666664,3,21.385353243127252,0.0,19.0,450431.0,30,Textiles & Apparel,18.0,erratic_payer
INV701096,C1036,2024-11-30,37.25,31.333333333333332,4,21.669871557841162,-5.916666666666668,18.0,1026685.92,30,Textiles & Apparel,39.0,erratic_payer
INV701097,C1036,2024-12-31,37.6,25.333333333333332,5,18.782971010998235,-12.26666666666667,39.0,498802.11,30,Textiles & Apparel,36.0,erratic_payer
INV701098,C1036,2025-04-06,37.333333333333336,31.0,6,16.812693617224657,-6.333333333333336,36.0,766923.09,30,Textiles & Apparel,33.0,erratic_payer
INV701099,C1036,2025-05-08,36.714285714285715,36.0,7,15.434963402551212,-0.7142857142857153,33.0,293166.11,30,Textiles & Apparel,57.0,erratic_payer
INV701100,C1036,2025-06-23,39.25,42.0,8,15.98883539044846,2.75,57.0,2321538.25,30,Textiles & Apparel,57.0,erratic_payer
INV701101,C1036,2025-08-02,41.22222222222222,49.0,9,16.08398098868699,7.777777777777779,57.0,2068310.8,30,Textiles & Apparel,17.0,erratic_payer
INV701102,C1036,2025-08-08,38.8,43.666666666666664,10,16.98888525543163,4.866666666666667,17.0,2412513.54,30,Textiles & Apparel,34.0,erratic_payer
INV701103,C1036,2025-10-08,38.36363636363637,36.0,11,16.181920326541764,-2.363636363636367,34.0,580158.14,30,Textiles & Apparel,64.0,erratic_payer
INV701104,C1036,2026-03-06,40.5,38.333333333333336,12,17.11193097865293,-2.1666666666666643,64.0,589715.56,30,Textiles & Apparel,38.0,erratic_payer
INV701105,C1036,2026-05-03,40.30769230769231,45.333333333333336,13,16.398092446910887,5.025641025641029,38.0,981879.8,30,Textiles & Apparel,43.0,erratic_payer
INV701106,C1037,2024-04-03,,,0,,,,118639.57,45,Chemicals & Plastics,47.0,average_payer
INV701107,C1037,2024-04-04,47.0,47.0,1,,0.0,47.0,179594.05,45,Chemicals & Plastics,46.0,average_payer
INV701108,C1037,2024-04-15,46.5,46.5,2,0.7071067811865476,0.0,46.0,109469.81,45,Chemicals & Plastics,46.0,average_payer
INV701109,C1037,2024-08-16,46.333333333333336,46.333333333333336,3,0.5773502691896263,0.0,46.0,100942.18,45,Chemicals & Plastics,51.0,average_payer
INV701110,C1037,2024-10-24,47.5,47.666666666666664,4,2.380476142847616,0.1666666666666643,51.0,128348.37,45,Chemicals & Plastics,55.0,average_payer
INV701111,C1037,2024-11-07,49.0,50.666666666666664,5,3.937003937005905,1.6666666666666643,55.0,96186.07,45,Chemicals & Plastics,47.0,average_payer
INV701112,C1037,2025-01-02,48.666666666666664,51.0,6,3.614784456460255,2.3333333333333357,47.0,124034.4,45,Chemicals & Plastics,40.0,average_payer
INV701113,C1037,2025-01-26,47.42857142857143,47.333333333333336,7,4.649628761422529,-0.0952380952380949,40.0,84844.59,45,Chemicals & Plastics,53.0,average_payer
INV701114,C1037,2025-01-29,48.125,46.666666666666664,8,4.733995594179856,-1.4583333333333357,53.0,110946.34,45,Chemicals & Plastics,40.0,average_payer
INV701115,C1037,2025-01-30,47.22222222222222,44.333333333333336,9,5.190803834132478,-2.8888888888888857,40.0,6333.82,45,Chemicals & Plastics,46.0,average_payer
INV701116,C1037,2025-02-08,47.1,46.333333333333336,10,4.909175083453429,-0.7666666666666657,46.0,154093.88,45,Chemicals & Plastics,45.0,average_payer
INV701117,C1037,2025-05-16,46.90909090909091,43.666666666666664,11,4.70009671080384,-3.242424242424242,45.0,70283.7,45,Chemicals & Plastics,62.0,average_payer
INV701118,C1037,2025-05-29,48.166666666666664,51.0,12,6.249848483011893,2.8333333333333357,62.0,222260.18,45,Chemicals & Plastics,54.0,average_payer
INV701119,C1037,2025-06-09,48.61538461538461,53.666666666666664,13,6.198635085490751,5.051282051282051,54.0,56228.66,45,Chemicals & Plastics,48.0,average_payer
INV701120,C1037,2025-06-27,48.57142857142857,54.666666666666664,14,5.95772653740548,6.095238095238095,48.0,154412.32,45,Chemicals & Plastics,59.0,average_payer
INV701121,C1037,2025-07-27,49.266666666666666,53.666666666666664,15,6.341097997155052,4.399999999999999,59.0,138436.85,45,Chemicals & Plastics,54.0,average_payer
INV701122,C1037,2025-08-29,49.5625,53.666666666666664,16,6.239324215543433,4.104166666666664,54.0,107847.93,45,Chemicals & Plastics,48.0,average_payer
INV701123,C1037,2025-12-04,49.470588235294116,53.666666666666664,17,6.05307408531838,4.196078431372548,48.0,192870.97,45,Chemicals & Plastics,60.0,average_payer
INV701124,C1037,2026-03-12,50.05555555555556,54.0,18,6.375248297099746,3.944444444444443,60.0,99411.76,45,Chemicals & Plastics,55.0,average_payer
INV701125,C1038,2024-04-09,,,0,,,,183673.06,45,Construction & Infra,155.0,erratic_payer
INV701126,C1038,2024-05-09,155.0,155.0,1,,0.0,155.0,111029.33,45,Construction & Infra,86.0,erratic_payer
INV701127,C1038,2024-10-12,120.5,120.5,2,48.79036790187178,0.0,86.0,62466.57,45,Construction & Infra,105.0,erratic_payer
INV701128,C1038,2025-02-10,115.33333333333333,115.33333333333333,3,35.64173583501978,0.0,105.0,77837.77,45,Construction & Infra,48.0,erratic_payer
INV701129,C1038,2025-03-08,98.5,79.66666666666667,4,44.50093631973751,-18.83333333333333,48.0,114724.24,45,Construction & Infra,58.0,erratic_payer
INV701130,C1038,2025-04-28,90.4,70.33333333333333,5,42.582860401809555,-20.066666666666677,58.0,104493.04,45,Construction & Infra,47.0,erratic_payer
INV701131,C1038,2025-08-22,83.16666666666667,51.0,6,42.00674549005989,-32.16666666666667,47.0,140534.22,45,Construction & Infra,104.0,erratic_payer
INV701132,C1038,2025-09-30,86.14285714285714,69.66666666666667,7,39.14685415810816,-16.476190476190467,104.0,103711.95,45,Construction & Infra,57.0,erratic_payer
INV701133,C1038,2025-11-16,82.5,69.33333333333333,8,37.67909613717248,-13.166666666666671,57.0,117997.54,45,Construction & Infra,77.0,erratic_payer
INV701134,C1038,2025-12-08,81.88888888888889,79.33333333333333,9,35.29321621942538,-2.555555555555557,77.0,108911.81,45,Construction & Infra,48.0,erratic_payer
INV701135,C1038,2025-12-11,78.5,60.666666666666664,10,34.95791120126538,-17.833333333333336,48.0,185389.57,45,Construction & Infra,39.0,erratic_payer
INV701136,C1038,2026-02-08,74.9090909090909,54.666666666666664,11,35.237634839627205,-20.242424242424242,39.0,73581.4,45,Construction & Infra,32.0,erratic_payer
INV701137,C1038,2026-02-14,71.33333333333333,39.666666666666664,12,35.80841275793196,-31.666666666666664,32.0,104233.19,45,Construction & Infra,66.0,erratic_payer
INV701138,C1038,2026-04-24,70.92307692307692,45.666666666666664,13,34.31584070188173,-25.256410256410255,66.0,136146.04,45,Construction & Infra,54.0,erratic_payer
INV701139,C1038,2026-05-02,69.71428571428571,50.666666666666664,14,33.278379609748875,-19.047619047619044,54.0,145686.33,45,Construction & Infra,89.0,erratic_payer
INV701142,C1039,2024-02-15,,,0,,,,75599.37,45,FMCG & Food Processing,47.0,average_payer
INV701143,C1039,2024-02-16,47.0,47.0,1,,0.0,47.0,4098.73,45,FMCG & Food Processing,55.0,average_payer
INV701144,C1039,2024-02-19,51.0,51.0,2,5.656854249492381,0.0,55.0,53656.43,45,FMCG & Food Processing,49.0,average_payer
INV701145,C1039,2024-04-03,50.333333333333336,50.333333333333336,3,4.163331998932266,0.0,49.0,60239.91,45,FMCG & Food Processing,57.0,average_payer
INV701146,C1039,2024-04-21,52.0,53.666666666666664,4,4.760952285695233,1.6666666666666643,57.0,59771.86,45,FMCG & Food Processing,56.0,average_payer
INV701147,C1039,2024-05-05,52.8,54.0,5,4.494441010848846,1.2000000000000028,56.0,70104.66,45,FMCG & Food Processing,49.0,average_payer
INV701148,C1039,2024-06-01,52.166666666666664,54.0,6,4.3089055068157,1.8333333333333357,49.0,57807.37,45,FMCG & Food Processing,48.0,average_payer
INV701149,C1039,2024-07-02,51.57142857142857,51.0,7,4.237025012007948,-0.5714285714285694,48.0,75954.9,45,FMCG & Food Processing,46.0,average_payer
INV701150,C1039,2024-08-04,50.875,47.666666666666664,8,4.38951673226759,-3.2083333333333357,46.0,24171.96,45,FMCG & Food Processing,52.0,average_payer
INV701151,C1039,2024-08-23,51.0,48.666666666666664,9,4.12310562561766,-2.3333333333333357,52.0,63410.53,45,FMCG & Food Processing,44.0,average_payer
INV701152,C1039,2024-09-29,50.3,47.333333333333336,10,4.473378042498879,-2.9666666666666615,44.0,37925.31,45,FMCG & Food Processing,42.0,average_payer
INV701153,C1039,2024-10-02,49.54545454545455,46.0,11,4.926735965396082,-3.5454545454545467,42.0,42145.81,45,FMCG & Food Processing,47.0,average_payer
INV701154,C1039,2025-02-04,49.333333333333336,44.333333333333336,12,4.75458311590623,-5.0,47.0,29337.2,45,FMCG & Food Processing,55.0,average_payer
INV701155,C1039,2025-02-09,49.76923076923077,48.0,13,4.815839251086739,-1.7692307692307665,55.0,42437.67,45,FMCG & Food Processing,44.0,average_payer
INV701156,C1039,2025-02-12,49.357142857142854,48.666666666666664,14,4.877060004317588,-0.6904761904761898,44.0,108883.91,45,FMCG & Food Processing,46.0,average_payer
INV701157,C1039,2025-04-03,49.13333333333333,48.333333333333336,15,4.7789219744724045,-0.7999999999999972,46.0,25777.64,45,FMCG & Food Processing,47.0,average_payer
INV701159,C1039,2025-05-31,49.0,45.666666666666664,16,4.647580015448899,-3.3333333333333357,47.0,81962.44,45,FMCG & Food Processing,44.0,average_payer
INV701160,C1039,2025-05-31,48.705882352941174,45.666666666666664,17,4.660535187646812,-3.0392156862745097,44.0,44102.38,45,FMCG & Food Processing,42.0,average_payer
INV701161,C1039,2025-06-08,48.333333333333336,44.333333333333336,18,4.789694820193477,-4.0,42.0,63986.56,45,FMCG & Food Processing,46.0,average_payer
INV701162,C1039,2025-06-09,48.21052631578947,44.0,19,4.685425954411081,-4.210526315789473,46.0,55956.94,45,FMCG & Food Processing,45.0,average_payer
INV701163,C1039,2025-06-10,48.05,44.333333333333336,20,4.616617581599848,-3.7166666666666615,45.0,396324.91,45,FMCG & Food Processing,58.0,average_payer
INV701164,C1039,2025-06-18,48.523809523809526,49.666666666666664,21,4.996189023836544,1.1428571428571388,58.0,76102.26,45,FMCG & Food Processing,57.0,average_payer
INV701165,C1039,2025-07-20,48.90909090909091,53.333333333333336,22,5.199900098940463,4.424242424242429,57.0,55690.12,45,FMCG & Food Processing,47.0,average_payer
INV701166,C1039,2025-08-05,48.82608695652174,54.0,23,5.095917919927706,5.173913043478258,47.0,55986.77,45,FMCG & Food Processing,57.0,average_payer
INV701167,C1039,2025-08-12,49.166666666666664,53.666666666666664,24,5.255776670083795,4.5,57.0,90613.52,45,FMCG & Food Processing,56.0,average_payer
INV701168,C1039,2025-12-15,49.44,53.333333333333336,25,5.323532661682466,3.893333333333338,56.0,82829.31,45,FMCG & Food Processing,55.0,average_payer
INV701169,C1039,2025-12-21,49.65384615384615,56.0,26,5.328731989449706,6.346153846153847,55.0,90329.26,45,FMCG & Food Processing,51.0,average_payer
INV701170,C1039,2025-12-22,49.7037037037037,54.0,27,5.231669940886023,4.296296296296298,51.0,26757.94,45,FMCG & Food Processing,46.0,average_payer
INV701171,C1039,2025-12-27,49.57142857142857,50.666666666666664,28,5.181366696785786,1.095238095238095,46.0,37155.11,45,FMCG & Food Processing,43.0,average_payer
INV701172,C1039,2026-01-19,49.3448275862069,46.666666666666664,29,5.23228891505815,-2.6781609195402325,43.0,34526.29,45,FMCG & Food Processing,50.0,average_payer
INV701173,C1039,2026-02-09,49.36666666666667,46.333333333333336,30,5.142676971848573,-3.0333333333333314,50.0,74620.36,45,FMCG & Food Processing,47.0,average_payer
INV701174,C1039,2026-02-23,49.29032258064516,46.666666666666664,31,5.074074946149277,-2.623655913978496,47.0,69883.64,45,FMCG & Food Processing,44.0,average_payer
INV701175,C1039,2026-03-17,49.125,47.0,32,5.078417330295449,-2.125,44.0,44018.29,45,FMCG & Food Processing,41.0,average_payer
INV701176,C1039,2026-03-19,48.878787878787875,44.0,33,5.194694262884822,-4.878787878787875,41.0,56311.29,45,FMCG & Food Processing,46.0,average_payer
INV701177,C1039,2026-04-11,48.794117647058826,43.666666666666664,34,5.139151042758444,-5.127450980392162,46.0,63189.51,45,FMCG & Food Processing,56.0,average_payer
INV701178,C1039,2026-04-14,49.0,47.666666666666664,35,5.207460711212666,-1.3333333333333357,56.0,61984.74,45,FMCG & Food Processing,54.0,average_payer
INV701179,C1039,2026-05-05,49.138888888888886,52.0,36,5.199740530767048,2.8611111111111143,54.0,169337.64,45,FMCG & Food Processing,55.0,average_payer
INV701180,C1039,2026-05-05,49.2972972972973,55.0,37,5.216772442297509,5.702702702702702,55.0,70638.72,45,FMCG & Food Processing,57.0,average_payer
INV701181,C1039,2026-05-16,49.5,55.333333333333336,38,5.295331957539635,5.833333333333336,57.0,50348.08,45,FMCG & Food Processing,51.0,average_payer
INV701182,C1039,2026-05-31,49.53846153846154,54.333333333333336,39,5.230709692445155,4.794871794871796,51.0,32848.36,45,FMCG & Food Processing,54.0,average_payer
INV701184,C1040,2024-03-09,,,0,,,,29108.77,15,Auto Components,50.0,improving_payer
INV701185,C1040,2024-05-11,50.0,50.0,1,,0.0,50.0,104632.02,15,Auto Components,54.0,improving_payer
INV701186,C1040,2024-05-18,52.0,52.0,2,2.8284271247461903,0.0,54.0,105976.84,15,Auto Components,48.0,improving_payer
INV701187,C1040,2024-08-06,50.666666666666664,50.666666666666664,3,3.0550504633038926,0.0,48.0,114325.25,15,Auto Components,50.0,improving_payer
INV701188,C1040,2024-08-11,50.5,50.666666666666664,4,2.5166114784235827,0.1666666666666643,50.0,93320.17,15,Auto Components,44.0,improving_payer
INV701189,C1040,2024-09-03,49.2,47.333333333333336,5,3.6331804249169903,-1.8666666666666671,44.0,154936.92,15,Auto Components,45.0,improving_payer
INV701190,C1040,2024-09-17,48.5,46.333333333333336,6,3.6742346141747677,-2.1666666666666643,45.0,118104.23,15,Auto Components,45.0,improving_payer
INV701191,C1040,2024-11-04,48.0,44.666666666666664,7,3.60555127546399,-3.3333333333333357,45.0,143931.51,15,Auto Components,40.0,improving_payer
INV701192,C1040,2024-11-16,47.0,43.333333333333336,8,4.375255094603873,-3.6666666666666643,40.0,134482.32,15,Auto Components,44.0,improving_payer
INV701193,C1040,2024-12-01,46.666666666666664,43.0,9,4.2130748865881795,-3.6666666666666643,44.0,169004.89,15,Auto Components,31.0,improving_payer
INV701194,C1040,2025-01-11,45.1,38.333333333333336,10,6.349978127696363,-6.766666666666666,31.0,71926.79,15,Auto Components,31.0,improving_payer
INV701195,C1040,2025-01-19,43.81818181818182,35.333333333333336,11,7.37317003490604,-8.484848484848484,31.0,50877.11,15,Auto Components,38.0,improving_payer
INV701196,C1040,2025-01-20,43.333333333333336,33.333333333333336,12,7.2278921022953995,-10.0,38.0,86337.87,15,Auto Components,34.0,improving_payer
INV701197,C1040,2025-04-11,42.61538461538461,34.333333333333336,13,7.388487232833495,-8.282051282051277,34.0,111989.77,15,Auto Components,34.0,improving_payer
INV701198,C1040,2025-04-28,42.0,35.333333333333336,14,7.462727898852246,-6.666666666666664,34.0,96565.18,15,Auto Components,37.0,improving_payer
INV701199,C1040,2025-06-10,41.666666666666664,35.0,15,7.306226959310281,-6.666666666666664,37.0,341722.84,15,Auto Components,32.0,improving_payer
INV701200,C1040,2025-07-16,41.0625,34.333333333333336,16,7.46073052723391,-6.729166666666664,32.0,160865.56,15,Auto Components,31.0,improving_payer
INV701201,C1040,2025-07-31,40.470588235294116,33.333333333333336,17,7.624939729752158,-7.13725490196078,31.0,125659.0,15,Auto Components,37.0,improving_payer
INV701202,C1040,2025-08-19,40.27777777777778,33.333333333333336,18,7.442371187255366,-6.944444444444443,37.0,125763.96,15,Auto Components,31.0,improving_payer
INV701203,C1040,2025-09-06,39.78947368421053,33.0,19,7.539370349250517,-6.789473684210527,31.0,134182.43,15,Auto Components,34.0,improving_payer
INV701204,C1040,2025-09-24,39.5,34.0,20,7.451598203705945,-5.5,34.0,62577.06,15,Auto Components,29.0,improving_payer
INV701205,C1040,2025-10-16,39.0,31.333333333333332,21,7.615773105863907,-7.666666666666668,29.0,99486.71,15,Auto Components,35.0,improving_payer
INV701206,C1040,2025-11-16,38.81818181818182,32.666666666666664,22,7.4810004655372095,-6.151515151515156,35.0,146002.96,15,Auto Components,27.0,improving_payer
INV701207,C1040,2025-11-29,38.30434782608695,30.333333333333332,23,7.713239990188626,-7.971014492753621,27.0,130595.1,15,Auto Components,30.0,improving_payer
INV701208,C1040,2025-12-14,37.958333333333336,30.666666666666668,24,7.731804259126666,-7.291666666666668,30.0,81934.92,15,Auto Components,24.0,improving_payer
INV701209,C1040,2026-01-13,37.4,27.0,25,8.067424206853964,-10.399999999999999,24.0,79299.8,15,Auto Components,31.0,improving_payer
INV701210,C1040,2026-01-15,37.15384615384615,28.333333333333332,26,8.003460789894868,-8.820512820512821,31.0,77494.78,15,Auto Components,28.0,improving_payer
INV701211,C1040,2026-01-27,36.81481481481482,27.666666666666668,27,8.04332995065829,-9.148148148148149,28.0,123090.74,15,Auto Components,21.0,improving_payer
INV701212,C1040,2026-01-27,36.25,26.666666666666668,28,8.439874494415275,-9.583333333333332,21.0,90881.22,15,Auto Components,22.0,improving_payer
INV701213,C1040,2026-03-05,35.758620689655174,23.666666666666668,29,8.699980182300061,-12.091954022988507,22.0,102549.31,15,Auto Components,16.0,improving_payer
INV701214,C1040,2026-03-27,35.1,19.666666666666668,30,9.27863693913475,-15.433333333333334,16.0,116426.01,15,Auto Components,23.0,improving_payer
INV701215,C1040,2026-04-01,34.70967741935484,20.333333333333332,31,9.377965480803383,-14.376344086021508,23.0,112317.75,15,Auto Components,21.0,improving_payer
INV701216,C1040,2026-07-02,34.28125,20.0,32,9.538493743942272,-14.28125,21.0,80639.73,15,Auto Components,18.0,improving_payer
INV701217,C1040,2026-07-03,33.78787878787879,20.666666666666668,33,9.80675014899679,-13.121212121212121,18.0,91533.67,15,Auto Components,22.0,improving_payer
INV701218,C1040,2026-07-08,33.44117647058823,20.333333333333332,34,9.866352912099602,-13.1078431372549,22.0,197185.32,15,Auto Components,21.0,improving_payer
INV701220,C1041,2024-02-22,,,0,,,,418792.5,30,Chemicals & Plastics,31.0,prompt_payer
INV701221,C1041,2024-05-05,31.0,31.0,1,,0.0,31.0,364674.74,30,Chemicals & Plastics,31.0,prompt_payer
INV701222,C1041,2024-05-13,31.0,31.0,2,0.0,0.0,31.0,146597.46,30,Chemicals & Plastics,27.0,prompt_payer
INV701223,C1041,2024-06-15,29.666666666666668,29.666666666666668,3,2.3094010767585034,0.0,27.0,273407.53,30,Chemicals & Plastics,33.0,prompt_payer
INV701224,C1041,2024-07-10,30.5,30.333333333333332,4,2.516611478423583,-0.16666666666666785,33.0,1568687.02,30,Chemicals & Plastics,31.0,prompt_payer
INV701225,C1041,2024-09-05,30.6,30.333333333333332,5,2.1908902300206643,-0.26666666666666927,31.0,236350.37,30,Chemicals & Plastics,35.0,prompt_payer
INV701226,C1041,2024-11-22,31.333333333333332,33.0,6,2.6583202716502505,1.6666666666666679,35.0,340805.65,30,Chemicals & Plastics,31.0,prompt_payer
INV701227,C1041,2025-01-05,31.285714285714285,32.333333333333336,7,2.429971585175823,1.047619047619051,31.0,305138.53,30,Chemicals & Plastics,28.0,prompt_payer
INV701228,C1041,2025-02-02,30.875,31.333333333333332,8,2.5319388392523003,0.45833333333333215,28.0,241706.97,30,Chemicals & Plastics,30.0,prompt_payer
INV701229,C1041,2025-03-04,30.77777777777778,29.666666666666668,9,2.386303510546059,-1.1111111111111107,30.0,109450.02,30,Chemicals & Plastics,30.0,prompt_payer
INV701230,C1041,2025-03-08,30.7,29.333333333333332,10,2.2632326929023945,-1.3666666666666671,30.0,210107.91,30,Chemicals & Plastics,30.0,prompt_payer
INV701231,C1041,2025-03-15,30.636363636363637,30.0,11,2.1574395598823752,-0.6363636363636367,30.0,298343.21,30,Chemicals & Plastics,29.0,prompt_payer
INV701232,C1041,2025-04-22,30.5,29.666666666666668,12,2.110579412044346,-0.8333333333333321,29.0,31208.76,30,Chemicals & Plastics,34.0,prompt_payer
INV701233,C1041,2025-06-20,30.76923076923077,31.0,13,2.2417941532712202,0.23076923076922995,34.0,445710.73,30,Chemicals & Plastics,28.0,prompt_payer
INV701234,C1041,2025-07-22,30.571428571428573,30.333333333333332,14,2.2774576147127723,-0.2380952380952408,28.0,306779.64,30,Chemicals & Plastics,29.0,prompt_payer
INV701235,C1041,2025-08-13,30.466666666666665,30.333333333333332,15,2.2318047362958047,-0.13333333333333286,29.0,440285.1,30,Chemicals & Plastics,27.0,prompt_payer
INV701236,C1041,2025-09-18,30.25,28.0,16,2.3237900077244515,-2.25,27.0,170855.83,30,Chemicals & Plastics,29.0,prompt_payer
INV701237,C1041,2025-09-26,30.176470588235293,28.333333333333332,17,2.270332963401159,-1.8431372549019613,29.0,104974.38,30,Chemicals & Plastics,29.0,prompt_payer
INV701238,C1041,2025-11-27,30.11111111111111,28.333333333333332,18,2.2199334618774964,-1.7777777777777786,29.0,443933.64,30,Chemicals & Plastics,23.0,prompt_payer
INV701239,C1041,2025-12-14,29.736842105263158,27.0,19,2.7047716121114957,-2.7368421052631575,23.0,191402.61,30,Chemicals & Plastics,29.0,prompt_payer
INV701240,C1041,2026-03-02,29.7,27.0,20,2.637782162507381,-2.6999999999999993,29.0,240808.86,30,Chemicals & Plastics,28.0,prompt_payer
INV701241,C1041,2026-03-14,29.61904761904762,26.666666666666668,21,2.5976179564399104,-2.9523809523809526,28.0,308305.48,30,Chemicals & Plastics,31.0,prompt_payer
INV701242,C1041,2026-04-26,29.681818181818183,29.333333333333332,22,2.5520554486505618,-0.3484848484848513,31.0,372121.03,30,Chemicals & Plastics,26.0,prompt_payer
INV701243,C1041,2026-05-29,29.52173913043478,28.333333333333332,23,2.608893273147053,-1.1884057971014492,26.0,223784.28,30,Chemicals & Plastics,24.0,prompt_payer
INV701244,C1041,2026-06-10,29.291666666666668,27.0,24,2.789408019894057,-2.291666666666668,24.0,1434760.59,30,Chemicals & Plastics,28.0,prompt_payer
INV701248,C1042,2024-03-04,,,0,,,,962568.5,30,Auto Components,33.0,average_payer
INV701249,C1042,2024-03-08,33.0,33.0,1,,0.0,33.0,403087.56,30,Auto Components,31.0,average_payer
INV701250,C1042,2024-03-19,32.0,32.0,2,1.4142135623730951,0.0,31.0,806257.29,30,Auto Components,37.0,average_payer
INV701251,C1042,2024-06-25,33.666666666666664,33.666666666666664,3,3.0550504633038944,0.0,37.0,370344.32,30,Auto Components,33.0,average_payer
INV701252,C1042,2024-08-31,33.5,33.666666666666664,4,2.516611478423584,0.1666666666666643,33.0,561148.17,30,Auto Components,42.0,average_payer
INV701253,C1042,2024-12-04,35.2,37.333333333333336,5,4.381780460041329,2.133333333333333,42.0,176098.02,30,Auto Components,35.0,average_payer
INV701254,C1042,2025-01-17,35.166666666666664,36.666666666666664,6,3.920034013457876,1.5,35.0,523840.79,30,Auto Components,37.0,average_payer
INV701255,C1042,2025-01-23,35.42857142857143,38.0,7,3.6449573777637343,2.5714285714285694,37.0,1035898.51,30,Auto Components,41.0,average_payer
INV701256,C1042,2025-02-21,36.125,37.666666666666664,8,3.907410541887957,1.5416666666666643,41.0,136605.39,30,Auto Components,38.0,average_payer
INV701257,C1042,2025-03-20,36.333333333333336,38.666666666666664,9,3.7080992435478306,2.3333333333333286,38.0,838851.16,30,Auto Components,32.0,average_payer
INV701258,C1042,2025-07-03,35.9,37.0,10,3.7549966711037173,1.1000000000000014,32.0,842114.65,30,Auto Components,40.0,average_payer
INV701259,C1042,2025-08-14,36.27272727272727,36.666666666666664,11,3.7707004413214547,0.3939393939393909,40.0,331613.16,30,Auto Components,33.0,average_payer
INV701260,C1042,2025-08-30,36.0,35.0,12,3.7172815091383407,-1.0,33.0,957072.0,30,Auto Components,37.0,average_payer
INV701261,C1042,2025-09-04,36.07692307692308,36.666666666666664,13,3.5698164859821215,0.5897435897435841,37.0,1071404.08,30,Auto Components,30.0,average_payer
INV701262,C1042,2025-12-19,35.642857142857146,33.333333333333336,14,3.794877982372938,-2.30952380952381,30.0,599340.71,30,Auto Components,34.0,average_payer
INV701263,C1042,2026-02-04,35.53333333333333,33.666666666666664,15,3.6813558578845584,-1.8666666666666671,34.0,647033.43,30,Auto Components,37.0,average_payer
INV701264,C1042,2026-02-22,35.625,33.666666666666664,16,3.5753787678137448,-1.9583333333333357,37.0,706515.35,30,Auto Components,34.0,average_payer
INV701265,C1042,2026-03-03,35.529411764705884,35.0,17,3.4842080710475574,-0.529411764705884,34.0,465140.42,30,Auto Components,34.0,average_payer
INV701266,C1042,2026-04-26,35.44444444444444,35.0,18,3.39934634239519,-0.44444444444444287,34.0,279980.36,30,Auto Components,24.0,average_payer
INV701267,C1042,2026-05-14,34.8421052631579,30.666666666666668,19,4.219836198700094,-4.1754385964912295,24.0,589904.0,30,Auto Components,31.0,average_payer
INV701268,C1042,2026-05-20,34.65,29.666666666666668,20,4.196176204217611,-4.983333333333331,31.0,553451.03,30,Auto Components,39.0,average_payer
INV701269,C1042,2026-06-04,34.857142857142854,31.333333333333332,21,4.1986392353441655,-3.523809523809522,39.0,791552.97,30,Auto Components,34.0,average_payer
INV701270,C1042,2026-07-12,34.81818181818182,34.666666666666664,22,4.10152542629091,-0.15151515151515582,34.0,864028.04,30,Auto Components,22.0,average_payer
INV701272,C1043,2024-03-08,,,0,,,,66275.81,60,Auto Components,68.0,average_payer
INV701273,C1043,2024-03-26,68.0,68.0,1,,0.0,68.0,74384.96,60,Auto Components,68.0,average_payer
INV701274,C1043,2024-04-05,68.0,68.0,2,0.0,0.0,68.0,55371.72,60,Auto Components,63.0,average_payer
INV701275,C1043,2024-05-31,66.33333333333333,66.33333333333333,3,2.886751345948127,0.0,63.0,47199.29,60,Auto Components,63.0,average_payer
INV701276,C1043,2024-06-29,65.5,64.66666666666667,4,2.886751345948127,-0.8333333333333286,63.0,46318.6,60,Auto Components,71.0,average_payer
INV701277,C1043,2024-07-01,66.6,65.66666666666667,5,3.507135583350036,-0.9333333333333229,71.0,73467.38,60,Auto Components,67.0,average_payer
INV701278,C1043,2024-08-10,66.66666666666667,67.0,6,3.141125063837266,0.3333333333333286,67.0,299833.33,60,Auto Components,65.0,average_payer
INV701279,C1043,2024-09-04,66.42857142857143,67.66666666666667,7,2.9358214555806375,1.2380952380952408,65.0,74007.96,60,Auto Components,70.0,average_payer
INV701280,C1043,2024-10-05,66.875,67.33333333333333,8,2.9970223317724654,0.4583333333333286,70.0,39576.81,60,Auto Components,74.0,average_payer
INV701281,C1043,2024-10-13,67.66666666666667,69.66666666666667,9,3.674234614174771,2.0,74.0,62486.83,60,Auto Components,65.0,average_payer
INV701282,C1043,2025-01-12,67.4,69.66666666666667,10,3.565264521898919,2.2666666666666657,65.0,37262.45,60,Auto Components,69.0,average_payer
INV701283,C1043,2025-01-18,67.54545454545455,69.33333333333333,11,3.416537322015858,1.7878787878787818,69.0,77881.25,60,Auto Components,62.0,average_payer
INV701284,C1043,2025-02-06,67.08333333333333,65.33333333333333,12,3.629633924274241,-1.75,62.0,35521.11,60,Auto Components,65.0,average_payer
INV701285,C1043,2025-02-12,66.92307692307692,65.33333333333333,13,3.5228193837119166,-1.5897435897435912,65.0,84779.28,60,Auto Components,57.0,average_payer
INV701286,C1043,2025-03-08,66.21428571428571,61.333333333333336,14,4.299884997184338,-4.8809523809523725,57.0,77474.78,60,Auto Components,71.0,average_payer
INV701287,C1043,2025-03-19,66.53333333333333,64.33333333333333,15,4.323799035019791,-2.200000000000003,71.0,56515.89,60,Auto Components,61.0,average_payer
INV701288,C1043,2025-03-19,66.1875,63.0,16,4.400284081738357,-3.1875,61.0,24573.71,60,Auto Components,63.0,average_payer
INV701289,C1043,2025-04-05,66.0,65.0,17,4.330127018922189,-1.0,63.0,51988.37,60,Auto Components,69.0,average_payer
INV701290,C1043,2025-06-20,66.16666666666667,64.33333333333333,18,4.259936481161354,-1.8333333333333428,69.0,73906.48,60,Auto Components,66.0,average_payer
INV701291,C1043,2025-07-13,66.15789473684211,66.0,19,4.140090684658122,-0.15789473684210975,66.0,32023.85,60,Auto Components,67.0,average_payer
INV701292,C1043,2025-07-15,66.2,67.33333333333333,20,4.0340654692910345,1.1333333333333258,67.0,88863.9,60,Auto Components,56.0,average_payer
INV701293,C1043,2025-08-14,65.71428571428571,63.0,21,4.518217094638734,-2.714285714285708,56.0,59586.2,60,Auto Components,68.0,average_payer
INV701294,C1043,2025-08-28,65.81818181818181,63.666666666666664,22,4.436175569074521,-2.1515151515151487,68.0,51325.19,60,Auto Components,66.0,average_payer
INV701295,C1043,2025-10-03,65.82608695652173,63.333333333333336,23,4.334346694119208,-2.492753623188399,66.0,46950.67,60,Auto Components,62.0,average_payer
INV701296,C1043,2025-12-31,65.66666666666667,65.33333333333333,24,4.310418789970124,-0.3333333333333428,62.0,45415.22,60,Auto Components,75.0,average_payer
INV701297,C1043,2026-01-07,66.04,67.66666666666667,25,4.614108798023729,1.6266666666666652,75.0,276485.76,60,Auto Components,59.0,average_payer
INV701298,C1043,2026-01-15,65.76923076923077,65.33333333333333,26,4.727009137352641,-0.435897435897445,59.0,51539.39,60,Auto Components,63.0,average_payer
INV701299,C1043,2026-01-28,65.66666666666667,65.66666666666667,27,4.665750825883306,0.0,63.0,20848.16,60,Auto Components,58.0,average_payer
INV701300,C1043,2026-02-10,65.39285714285714,60.0,28,4.802308748109526,-5.392857142857139,58.0,65387.51,60,Auto Components,66.0,average_payer
INV701301,C1043,2026-03-12,65.41379310344827,62.333333333333336,29,4.717121105832834,-3.0804597701149348,66.0,75580.53,60,Auto Components,69.0,average_payer
INV701302,C1043,2026-04-01,65.53333333333333,64.33333333333333,30,4.681094282126872,-1.2000000000000028,69.0,49634.77,60,Auto Components,62.0,average_payer
INV701303,C1043,2026-04-05,65.41935483870968,65.66666666666667,31,4.645960206088631,0.2473118279569917,62.0,53659.82,60,Auto Components,63.0,average_payer
INV701304,C1043,2026-04-11,65.34375,64.66666666666667,32,4.590378261172509,-0.6770833333333286,63.0,48164.79,60,Auto Components,62.0,average_payer
INV701305,C1043,2026-05-16,65.24242424242425,62.333333333333336,33,4.5554246716847295,-2.9090909090909136,62.0,45283.36,60,Auto Components,59.0,average_payer
INV701306,C1043,2026-06-04,65.05882352941177,61.333333333333336,34,4.611850193830961,-3.7254901960784323,59.0,57774.38,60,Auto Components,59.0,average_payer
INV701308,C1044,2024-02-18,,,0,,,,77939.1,45,Retail & Distribution,42.0,average_payer
INV701309,C1044,2024-03-31,42.0,42.0,1,,0.0,42.0,63910.53,45,Retail & Distribution,49.0,average_payer
INV701310,C1044,2024-04-17,45.5,45.5,2,4.949747468305833,0.0,49.0,71031.74,45,Retail & Distribution,46.0,average_payer
INV701311,C1044,2024-04-20,45.666666666666664,45.666666666666664,3,3.5118845842842465,0.0,46.0,39985.42,45,Retail & Distribution,52.0,average_payer
INV701312,C1044,2024-04-24,47.25,49.0,4,4.272001872658766,1.75,52.0,71635.36,45,Retail & Distribution,51.0,average_payer
INV701313,C1044,2024-04-26,48.0,49.666666666666664,5,4.06201920231798,1.6666666666666643,51.0,48650.37,45,Retail & Distribution,55.0,average_payer
INV701314,C1044,2024-07-18,49.166666666666664,52.666666666666664,6,4.62240918425302,3.5,55.0,113584.3,45,Retail & Distribution,49.0,average_payer
INV701315,C1044,2024-07-31,49.142857142857146,51.666666666666664,7,4.220133150686577,2.5238095238095184,49.0,56015.38,45,Retail & Distribution,48.0,average_payer
INV701316,C1044,2024-08-08,49.0,50.666666666666664,8,3.9279220242478634,1.6666666666666643,48.0,55380.19,45,Retail & Distribution,47.0,average_payer
INV701317,C1044,2024-08-29,48.77777777777778,48.0,9,3.7342260837346806,-0.7777777777777786,47.0,27453.24,45,Retail & Distribution,47.0,average_payer
INV701318,C1044,2024-09-01,48.6,47.333333333333336,10,3.5652645218989174,-1.2666666666666657,47.0,47879.91,45,Retail & Distribution,53.0,average_payer
INV701319,C1044,2024-10-06,49.0,49.0,11,3.6331804249169903,0.0,53.0,41742.42,45,Retail & Distribution,54.0,average_payer
INV701320,C1044,2024-10-31,49.416666666666664,51.333333333333336,12,3.752776749732568,1.9166666666666714,54.0,31352.77,45,Retail & Distribution,42.0,average_payer
INV701321,C1044,2024-11-10,48.84615384615385,49.666666666666664,13,4.140172175287598,0.8205128205128176,42.0,67919.78,45,Retail & Distribution,44.0,average_payer
INV701322,C1044,2024-11-24,48.5,46.666666666666664,14,4.183300132670378,-1.8333333333333357,44.0,46783.76,45,Retail & Distribution,53.0,average_payer
INV701323,C1044,2024-12-14,48.8,46.333333333333336,15,4.1952353926806065,-2.4666666666666615,53.0,332259.64,45,Retail & Distribution,50.0,average_payer
INV701324,C1044,2025-02-07,48.875,49.0,16,4.064070209367288,0.125,50.0,59827.49,45,Retail & Distribution,48.0,average_payer
INV701325,C1044,2025-03-10,48.8235294117647,50.333333333333336,17,3.9407374645751125,1.5098039215686327,48.0,103456.79,45,Retail & Distribution,51.0,average_payer
INV701326,C1044,2025-03-21,48.94444444444444,49.666666666666664,18,3.857341696987741,0.7222222222222214,51.0,35068.85,45,Retail & Distribution,56.0,average_payer
INV701327,C1044,2025-06-20,49.31578947368421,51.666666666666664,19,4.083199066893879,2.350877192982452,56.0,60233.59,45,Retail & Distribution,48.0,average_payer
INV701328,C1044,2025-07-06,49.25,51.666666666666664,20,3.98516987685198,2.4166666666666643,48.0,80895.65,45,Retail & Distribution,51.0,average_payer
INV701329,C1044,2025-07-19,49.333333333333336,51.666666666666664,21,3.902990306589723,2.3333333333333286,51.0,73217.36,45,Retail & Distribution,61.0,average_payer
INV701330,C1044,2025-07-23,49.86363636363637,53.333333333333336,22,4.549154338424362,3.469696969696969,61.0,44412.4,45,Retail & Distribution,49.0,average_payer
INV701331,C1044,2025-09-30,49.82608695652174,53.666666666666664,23,4.448208770372871,3.8405797101449224,49.0,36870.3,45,Retail & Distribution,44.0,average_payer
INV701332,C1044,2025-10-21,49.583333333333336,51.333333333333336,24,4.510053182629328,1.75,44.0,58980.0,45,Retail & Distribution,45.0,average_payer
INV701333,C1044,2025-11-06,49.4,46.0,25,4.509249752822894,-3.3999999999999986,45.0,82315.59,45,Retail & Distribution,49.0,average_payer
INV701334,C1044,2025-12-05,49.38461538461539,46.0,26,4.418840780810489,-3.384615384615387,49.0,74956.86,45,Retail & Distribution,52.0,average_payer
INV701335,C1044,2026-01-28,49.48148148148148,48.666666666666664,27,4.362165749772701,-0.8148148148148167,52.0,47821.98,45,Retail & Distribution,50.0,average_payer
INV701336,C1044,2026-02-07,49.5,50.333333333333336,28,4.281744192888376,0.8333333333333357,50.0,29000.29,45,Retail & Distribution,42.0,average_payer
INV701337,C1044,2026-02-08,49.241379310344826,48.0,29,4.429246730651299,-1.2413793103448256,42.0,59912.25,45,Retail & Distribution,47.0,average_payer
INV701338,C1044,2026-02-25,49.166666666666664,46.333333333333336,30,4.371406570235586,-2.8333333333333286,47.0,44554.38,45,Retail & Distribution,53.0,average_payer
INV701339,C1044,2026-02-27,49.29032258064516,47.333333333333336,31,4.352727485053456,-1.9569892473118244,53.0,48949.68,45,Retail & Distribution,55.0,average_payer
INV701340,C1044,2026-03-26,49.46875,51.666666666666664,32,4.399298881090178,2.1979166666666643,55.0,75568.7,45,Retail & Distribution,42.0,average_payer
INV701341,C1044,2026-04-03,49.24242424242424,50.0,33,4.520994795329225,0.7575757575757578,42.0,274053.04,45,Retail & Distribution,40.0,average_payer
INV701342,C1044,2026-06-10,48.970588235294116,45.666666666666664,34,4.72572132776957,-3.3039215686274517,40.0,45881.16,45,Retail & Distribution,52.0,average_payer
INV701343,C1044,2026-06-22,49.05714285714286,44.666666666666664,35,4.683782139046437,-4.390476190476193,52.0,83423.46,45,Retail & Distribution,40.0,average_payer
INV701344,C1045,2025-01-17,,,0,,,,37920.6,30,Electronics & Electricals,33.0,cold_start
INV701345,C1045,2025-09-04,33.0,33.0,1,,0.0,33.0,89398.2,30,Electronics & Electricals,31.0,cold_start
INV701346,C1046,2024-02-29,,,0,,,,55250.22,30,FMCG & Food Processing,26.0,prompt_payer
INV701347,C1046,2024-03-25,26.0,26.0,1,,0.0,26.0,112336.85,30,FMCG & Food Processing,27.0,prompt_payer
INV701348,C1046,2024-04-14,26.5,26.5,2,0.7071067811865476,0.0,27.0,139355.74,30,FMCG & Food Processing,30.0,prompt_payer
INV701349,C1046,2024-04-28,27.666666666666668,27.666666666666668,3,2.081665999466132,0.0,30.0,192647.94,30,FMCG & Food Processing,31.0,prompt_payer
INV701350,C1046,2024-05-08,28.5,29.333333333333332,4,2.380476142847616,0.8333333333333321,31.0,128980.01,30,FMCG & Food Processing,27.0,prompt_payer
INV701351,C1046,2024-06-19,28.2,29.333333333333332,5,2.1679483388678795,1.1333333333333329,27.0,116951.35,30,FMCG & Food Processing,29.0,prompt_payer
INV701352,C1046,2024-07-12,28.333333333333332,29.0,6,1.9663841605003496,0.6666666666666679,29.0,92955.6,30,FMCG & Food Processing,30.0,prompt_payer
INV701353,C1046,2024-08-04,28.571428571428573,28.666666666666668,7,1.9023794624226835,0.0952380952380949,30.0,98758.83,30,FMCG & Food Processing,26.0,prompt_payer
INV701354,C1046,2024-08-20,28.25,28.333333333333332,8,1.9820624179302295,0.08333333333333215,26.0,134011.3,30,FMCG & Food Processing,28.0,prompt_payer
INV701355,C1046,2024-09-01,28.22222222222222,28.0,9,1.8559214542766738,-0.22222222222222143,28.0,128148.73,30,FMCG & Food Processing,29.0,prompt_payer
INV701356,C1046,2024-10-04,28.3,27.666666666666668,10,1.7669811040931427,-0.6333333333333329,29.0,49214.38,30,FMCG & Food Processing,25.0,prompt_payer
INV701357,C1046,2024-10-06,28.0,27.333333333333332,11,1.9493588689617927,-0.6666666666666679,25.0,84315.08,30,FMCG & Food Processing,30.0,prompt_payer
INV701358,C1046,2024-10-07,28.166666666666668,28.0,12,1.9462473604038073,-0.16666666666666785,30.0,87540.77,30,FMCG & Food Processing,25.0,prompt_payer
INV701359,C1046,2024-10-28,27.923076923076923,26.666666666666668,13,2.0599975105785306,-1.2564102564102555,25.0,80927.39,30,FMCG & Food Processing,31.0,prompt_payer
INV701360,C1046,2024-10-29,28.142857142857142,28.666666666666668,14,2.1432234119210705,0.5238095238095255,31.0,125542.21,30,FMCG & Food Processing,30.0,prompt_payer
INV701361,C1046,2024-11-12,28.266666666666666,28.666666666666668,15,2.1201976547572388,0.40000000000000213,30.0,155396.92,30,FMCG & Food Processing,28.0,prompt_payer
INV701362,C1046,2024-11-16,28.25,29.666666666666668,16,2.04939015319192,1.4166666666666679,28.0,188961.07,30,FMCG & Food Processing,29.0,prompt_payer
INV701363,C1046,2024-11-27,28.294117647058822,29.0,17,1.9926334924652147,0.7058823529411775,29.0,98071.36,30,FMCG & Food Processing,22.0,prompt_payer
INV701364,C1046,2024-12-04,27.944444444444443,26.333333333333332,18,2.4367824065213592,-1.6111111111111107,22.0,162125.87,30,FMCG & Food Processing,31.0,prompt_payer
INV701365,C1046,2024-12-18,28.105263157894736,27.333333333333332,19,2.4696994158557763,-0.7719298245614041,31.0,106742.54,30,FMCG & Food Processing,27.0,prompt_payer
INV701366,C1046,2024-12-23,28.05,26.666666666666668,20,2.41650029675366,-1.3833333333333329,27.0,177956.34,30,FMCG & Food Processing,27.0,prompt_payer
INV701367,C1046,2025-01-22,28.0,28.333333333333332,21,2.3664319132398464,0.33333333333333215,27.0,133800.54,30,FMCG & Food Processing,30.0,prompt_payer
INV701368,C1046,2025-03-02,28.09090909090909,28.0,22,2.3484359721209165,-0.09090909090908994,30.0,177913.24,30,FMCG & Food Processing,31.0,prompt_payer
INV701369,C1046,2025-03-18,28.217391304347824,29.333333333333332,23,2.373270120992062,1.1159420289855078,31.0,209866.63,30,FMCG & Food Processing,29.0,prompt_payer
INV701370,C1046,2025-05-26,28.25,30.0,24,2.3265948246871155,1.75,29.0,224166.57,30,FMCG & Food Processing,26.0,prompt_payer
INV701371,C1046,2025-06-02,28.16,28.666666666666668,25,2.32163735324878,0.5066666666666677,26.0,111735.74,30,FMCG & Food Processing,31.0,prompt_payer
INV701372,C1046,2025-06-02,28.26923076923077,28.666666666666668,26,2.3419255719632477,0.3974358974358978,31.0,103097.9,30,FMCG & Food Processing,38.0,prompt_payer
INV701373,C1046,2025-07-03,28.62962962962963,31.666666666666668,27,2.9632122402262686,3.037037037037038,38.0,65489.76,30,FMCG & Food Processing,28.0,prompt_payer
INV701374,C1046,2025-07-21,28.607142857142858,32.333333333333336,28,2.9102537208251653,3.726190476190478,28.0,194676.68,30,FMCG & Food Processing,28.0,prompt_payer
INV701375,C1046,2025-07-30,28.586206896551722,31.333333333333332,29,2.8600354815395255,2.7471264367816097,28.0,117939.72,30,FMCG & Food Processing,31.0,prompt_payer
INV701376,C1046,2025-08-14,28.666666666666668,29.0,30,2.844636008875038,0.33333333333333215,31.0,85368.71,30,FMCG & Food Processing,31.0,prompt_payer
INV701377,C1046,2025-08-18,28.741935483870968,30.0,31,2.828046934257915,1.258064516129032,31.0,150541.11,30,FMCG & Food Processing,30.0,prompt_payer
INV701378,C1046,2025-09-20,28.78125,30.666666666666668,32,2.7909343446467942,1.8854166666666679,30.0,702847.51,30,FMCG & Food Processing,28.0,prompt_payer
INV701379,C1046,2025-10-26,28.757575757575758,29.666666666666668,33,2.750344331060011,0.9090909090909101,28.0,56035.73,30,FMCG & Food Processing,32.0,prompt_payer
INV701380,C1046,2025-10-31,28.852941176470587,30.0,34,2.7648481019285613,1.147058823529413,32.0,85706.0,30,FMCG & Food Processing,26.0,prompt_payer
INV701381,C1046,2026-01-02,28.771428571428572,28.666666666666668,35,2.7662430913309364,-0.10476190476190439,26.0,147272.66,30,FMCG & Food Processing,30.0,prompt_payer
INV701382,C1046,2026-01-16,28.805555555555557,29.333333333333332,36,2.7341171930619264,0.527777777777775,30.0,143903.73,30,FMCG & Food Processing,30.0,prompt_payer
INV701383,C1046,2026-02-12,28.83783783783784,28.666666666666668,37,2.7030179996267703,-0.17117117117117076,30.0,114886.73,30,FMCG & Food Processing,28.0,prompt_payer
INV701384,C1046,2026-02-19,28.81578947368421,29.333333333333332,38,2.669702515646334,0.5175438596491233,28.0,136474.8,30,FMCG & Food Processing,27.0,prompt_payer
INV701385,C1046,2026-03-06,28.76923076923077,28.333333333333332,39,2.650337996930902,-0.4358974358974379,27.0,77218.22,30,FMCG & Food Processing,25.0,prompt_payer
INV701386,C1046,2026-03-08,28.675,26.666666666666668,40,2.6831621222652524,-2.008333333333333,25.0,111668.04,30,FMCG & Food Processing,33.0,prompt_payer
INV701387,C1046,2026-05-01,28.78048780487805,28.333333333333332,41,2.7341561323555683,-0.4471544715447173,33.0,211841.74,30,FMCG & Food Processing,29.0,prompt_payer
INV701388,C1046,2026-05-11,28.785714285714285,29.0,42,2.700819336258539,0.2142857142857153,29.0,102714.83,30,FMCG & Food Processing,27.0,prompt_payer
INV701389,C1046,2026-06-04,28.74418604651163,29.666666666666668,43,2.6823321698336455,0.9224806201550386,27.0,140378.9,30,FMCG & Food Processing,27.0,prompt_payer
INV701391,C1047,2024-07-19,,,0,,,,2422978.72,45,IT & Business Services,50.0,cold_start
INV701392,C1047,2024-12-19,50.0,50.0,1,,0.0,50.0,2396100.41,45,IT & Business Services,45.0,cold_start
INV701393,C1047,2025-08-09,47.5,47.5,2,3.5355339059327378,0.0,45.0,1585867.96,45,IT & Business Services,43.0,cold_start
INV701394,C1048,2024-05-04,,,0,,,,461247.33,30,Construction & Infra,50.0,average_payer
INV701395,C1048,2024-06-21,50.0,50.0,1,,0.0,50.0,512770.47,30,Construction & Infra,54.0,average_payer
INV701396,C1048,2024-08-04,52.0,52.0,2,2.8284271247461903,0.0,54.0,394001.13,30,Construction & Infra,46.0,average_payer
INV701397,C1048,2024-11-07,50.0,50.0,3,4.0,0.0,46.0,815103.55,30,Construction & Infra,43.0,average_payer
INV701398,C1048,2024-11-08,48.25,47.666666666666664,4,4.7871355387816905,-0.5833333333333357,43.0,810883.6,30,Construction & Infra,47.0,average_payer
INV701399,C1048,2024-11-11,48.0,45.333333333333336,5,4.183300132670378,-2.6666666666666643,47.0,854706.47,30,Construction & Infra,46.0,average_payer
INV701400,C1048,2024-11-12,47.666666666666664,45.333333333333336,6,3.8297084310253524,-2.3333333333333286,46.0,451584.38,30,Construction & Infra,47.0,average_payer
INV701401,C1048,2024-11-13,47.57142857142857,46.666666666666664,7,3.505098327538656,-0.9047619047619051,47.0,611652.99,30,Construction & Infra,43.0,average_payer
INV701402,C1048,2025-01-06,47.0,45.333333333333336,8,3.6253078686998625,-1.6666666666666643,43.0,555548.77,30,Construction & Infra,48.0,average_payer
INV701403,C1048,2025-01-30,47.111111111111114,46.0,9,3.4075080500434787,-1.1111111111111143,48.0,737987.46,30,Construction & Infra,45.0,average_payer
INV701404,C1048,2025-05-15,46.9,45.333333333333336,10,3.2812599206199238,-1.5666666666666629,45.0,440379.3,30,Construction & Infra,51.0,average_payer
INV701405,C1048,2025-06-02,47.27272727272727,48.0,11,3.3493554332411204,0.7272727272727266,51.0,1472814.02,30,Construction & Infra,56.0,average_payer
INV701406,C1048,2025-08-03,48.0,50.666666666666664,12,4.067610422035833,2.6666666666666643,56.0,667491.67,30,Construction & Infra,49.0,average_payer
INV701407,C1048,2025-09-15,48.07692307692308,52.0,13,3.9043040024554605,3.92307692307692,49.0,651876.81,30,Construction & Infra,52.0,average_payer
INV701408,C1048,2025-09-16,48.357142857142854,52.333333333333336,14,3.894910739712741,3.9761904761904816,52.0,950114.92,30,Construction & Infra,50.0,average_payer
INV701409,C1048,2025-10-03,48.46666666666667,50.333333333333336,15,3.7771241264574096,1.8666666666666671,50.0,640255.41,30,Construction & Infra,51.0,average_payer
INV701410,C1048,2025-10-24,48.625,51.0,16,3.703601850451348,2.375,51.0,680021.47,30,Construction & Infra,41.0,average_payer
INV701411,C1048,2025-10-27,48.1764705882353,47.333333333333336,17,4.034775305355413,-0.8431372549019613,41.0,898682.07,30,Construction & Infra,32.0,average_payer
INV701412,C1048,2025-10-29,47.27777777777778,41.333333333333336,18,5.464382593137398,-5.944444444444443,32.0,914874.1,30,Construction & Infra,45.0,average_payer
INV701413,C1048,2025-10-31,47.1578947368421,39.333333333333336,19,5.336073857296796,-7.824561403508767,45.0,993324.48,30,Construction & Infra,39.0,average_payer
INV701414,C1048,2025-11-01,46.75,38.666666666666664,20,5.504782609599343,-8.083333333333336,39.0,111027.93,30,Construction & Infra,50.0,average_payer
INV701415,C1048,2025-11-24,46.904761904761905,44.666666666666664,21,5.412067644669288,-2.238095238095241,50.0,262969.7,30,Construction & Infra,40.0,average_payer
INV701416,C1048,2026-03-07,46.59090909090909,43.0,22,5.48295272301071,-3.5909090909090935,40.0,2486771.66,30,Construction & Infra,53.0,average_payer
INV701417,C1048,2026-03-09,46.869565217391305,47.666666666666664,23,5.521069954160622,0.7971014492753596,53.0,1337461.52,30,Construction & Infra,57.0,average_payer
INV701418,C1048,2026-03-15,47.291666666666664,50.0,24,5.782125129612187,2.7083333333333357,57.0,724753.67,30,Construction & Infra,59.0,average_payer
INV701419,C1048,2026-04-12,47.76,56.333333333333336,25,6.125629219380923,8.573333333333338,59.0,428389.13,30,Construction & Infra,28.0,average_payer
INV701420,C1048,2026-04-26,47.0,48.0,26,7.1442284397967,1.0,28.0,825293.1,30,Construction & Infra,31.0,average_payer
INV701421,C1048,2026-06-13,46.407407407407405,39.333333333333336,27,7.652346343338398,-7.074074074074069,31.0,970024.64,30,Construction & Infra,38.0,average_payer
INV701425,C1049,2024-02-15,,,0,,,,127749.36,15,Construction & Infra,34.0,average_payer
INV701426,C1049,2024-02-22,34.0,34.0,1,,0.0,34.0,88897.93,15,Construction & Infra,19.0,average_payer
INV701427,C1049,2024-03-05,26.5,26.5,2,10.606601717798213,0.0,19.0,91784.87,15,Construction & Infra,19.0,average_payer
INV701428,C1049,2024-05-23,24.0,24.0,3,8.660254037844387,0.0,19.0,168682.05,15,Construction & Infra,31.0,average_payer
INV701429,C1049,2024-06-20,25.75,23.0,4,7.88986691902975,-2.75,31.0,151243.88,15,Construction & Infra,14.0,average_payer
INV701430,C1049,2024-07-06,23.4,21.333333333333332,5,8.61974477580398,-2.0666666666666664,14.0,153159.68,15,Construction & Infra,23.0,average_payer
INV701431,C1049,2024-08-18,23.333333333333332,22.666666666666668,6,7.711463328491335,-0.6666666666666643,23.0,107263.54,15,Construction & Infra,28.0,average_payer
INV701432,C1049,2024-09-16,24.0,21.666666666666668,7,7.2571803523590805,-2.333333333333332,28.0,132094.95,15,Construction & Infra,32.0,average_payer
INV701433,C1049,2024-10-08,25.0,27.666666666666668,8,7.289914755527471,2.666666666666668,32.0,698925.53,15,Construction & Infra,47.0,average_payer
INV701434,C1049,2024-10-26,27.444444444444443,35.666666666666664,9,10.013879257199868,8.222222222222221,47.0,129007.07,15,Construction & Infra,28.0,average_payer
INV701435,C1049,2024-11-14,27.5,35.666666666666664,10,9.44281031614353,8.166666666666664,28.0,151467.28,15,Construction & Infra,39.0,average_payer
INV701436,C1049,2024-11-20,28.545454545454547,38.0,11,9.605869417846948,9.454545454545453,39.0,176128.16,15,Construction & Infra,33.0,average_payer
INV701437,C1049,2025-01-08,28.916666666666668,33.333333333333336,12,9.248669027913087,4.416666666666668,33.0,178622.43,15,Construction & Infra,17.0,average_payer
INV701438,C1049,2025-01-09,28.0,29.666666666666668,13,9.451631252505216,1.6666666666666679,17.0,98599.98,15,Construction & Infra,35.0,average_payer
INV701439,C1049,2025-02-12,28.5,28.333333333333332,14,9.271544556412296,-0.16666666666666785,35.0,151223.09,15,Construction & Infra,19.0,average_payer
INV701440,C1049,2025-03-19,27.866666666666667,23.666666666666668,15,9.264885063404469,-4.199999999999999,19.0,126136.02,15,Construction & Infra,28.0,average_payer
INV701441,C1049,2025-03-22,27.875,27.333333333333332,16,8.950791398902483,-0.5416666666666679,28.0,86888.97,15,Construction & Infra,30.0,average_payer
INV701442,C1049,2025-04-03,28.0,25.666666666666668,17,8.681877677092668,-2.333333333333332,30.0,98489.29,15,Construction & Infra,44.0,average_payer
INV701443,C1049,2025-04-28,28.88888888888889,34.0,18,9.228401740973919,5.111111111111111,44.0,128534.41,15,Construction & Infra,18.0,average_payer
INV701444,C1049,2025-05-02,28.31578947368421,30.666666666666668,19,9.309807442685539,2.350877192982459,18.0,679127.75,15,Construction & Infra,31.0,average_payer
INV701445,C1049,2025-05-20,28.45,31.0,20,9.081357422300862,2.5500000000000007,31.0,105294.26,15,Construction & Infra,13.0,average_payer
INV701446,C1049,2025-06-06,27.714285714285715,20.666666666666668,21,9.471762545286158,-7.0476190476190474,13.0,139245.89,15,Construction & Infra,26.0,average_payer
INV701447,C1049,2025-06-11,27.636363636363637,23.333333333333332,22,9.250716597959187,-4.3030303030303045,26.0,204365.13,15,Construction & Infra,38.0,average_payer
INV701448,C1049,2025-06-15,28.08695652173913,25.666666666666668,23,9.29277844486225,-2.420289855072461,38.0,88352.69,15,Construction & Infra,19.0,average_payer
INV701449,C1049,2025-07-30,27.708333333333332,27.666666666666668,24,9.27586473956292,-0.0416666666666643,19.0,179527.22,15,Construction & Infra,19.0,average_payer
INV701450,C1049,2025-07-31,27.36,25.333333333333332,25,9.24608025057105,-2.0266666666666673,19.0,94101.24,15,Construction & Infra,12.0,average_payer
INV701451,C1049,2025-08-07,26.76923076923077,16.666666666666668,26,9.546968910843662,-10.102564102564102,12.0,124037.34,15,Construction & Infra,25.0,average_payer
INV701452,C1049,2025-09-03,26.703703703703702,18.666666666666668,27,9.367763113731353,-8.037037037037035,25.0,101453.72,15,Construction & Infra,27.0,average_payer
INV701453,C1049,2025-09-15,26.714285714285715,21.333333333333332,28,9.192819834410795,-5.380952380952383,27.0,111820.07,15,Construction & Infra,36.0,average_payer
INV701454,C1049,2025-10-25,27.03448275862069,29.333333333333332,29,9.190378348424625,2.2988505747126418,36.0,638163.48,15,Construction & Infra,33.0,average_payer
INV701455,C1049,2026-03-28,27.233333333333334,32.0,30,9.095976121846155,4.766666666666666,33.0,132764.56,15,Construction & Infra,22.0,average_payer
INV701456,C1049,2026-06-30,27.06451612903226,30.333333333333332,31,8.992350393050632,3.2688172043010724,22.0,182461.02,15,Construction & Infra,25.0,average_payer
INV701457,C1049,2026-07-11,27.0,26.666666666666668,32,8.853648783083365,-0.33333333333333215,25.0,196581.2,15,Construction & Infra,32.0,average_payer
INV701458,C1050,2024-02-26,,,0,,,,94430.0,30,Pharma & Healthcare,37.0,erratic_payer
INV701459,C1050,2024-02-27,37.0,37.0,1,,0.0,37.0,57617.13,30,Pharma & Healthcare,27.0,erratic_payer
INV701460,C1050,2024-04-14,32.0,32.0,2,7.0710678118654755,0.0,27.0,44188.14,30,Pharma & Healthcare,32.0,erratic_payer
INV701461,C1050,2024-04-26,32.0,32.0,3,5.0,0.0,32.0,60470.55,30,Pharma & Healthcare,31.0,erratic_payer
INV701462,C1050,2024-04-28,31.75,30.0,4,4.112987559751022,-1.75,31.0,48323.46,30,Pharma & Healthcare,23.0,erratic_payer
INV701463,C1050,2024-05-15,30.0,28.666666666666668,5,5.291502622129181,-1.3333333333333321,23.0,52747.34,30,Pharma & Healthcare,29.0,erratic_payer
INV701464,C1050,2024-05-16,29.833333333333332,27.666666666666668,6,4.750438576243952,-2.1666666666666643,29.0,62007.66,30,Pharma & Healthcare,1.0,erratic_payer
INV701465,C1050,2024-05-17,25.714285714285715,17.666666666666668,7,11.729084728632008,-8.047619047619047,1.0,81809.94,30,Pharma & Healthcare,42.0,erratic_payer
INV701466,C1050,2024-05-23,27.75,24.0,8,12.291111771171417,-3.75,42.0,47978.01,30,Pharma & Healthcare,48.0,erratic_payer
INV701467,C1050,2024-07-01,30.0,30.333333333333332,9,13.332291625973383,0.33333333333333215,48.0,44276.61,30,Pharma & Healthcare,36.0,erratic_payer
INV701468,C1050,2024-07-02,30.6,42.0,10,12.712198865656564,11.399999999999999,36.0,65265.55,30,Pharma & Healthcare,51.0,erratic_payer
INV701469,C1050,2024-07-06,32.45454545454545,45.0,11,13.53782579562639,12.545454545454547,51.0,70485.71,30,Pharma & Healthcare,39.0,erratic_payer
INV701470,C1050,2024-07-26,33.0,42.0,12,13.045375356110616,9.0,39.0,57897.49,30,Pharma & Healthcare,22.0,erratic_payer
INV701471,C1050,2024-09-17,32.15384615384615,37.333333333333336,13,12.857203907058965,5.179487179487182,22.0,36282.01,30,Pharma & Healthcare,90.0,erratic_payer
INV701472,C1050,2024-10-16,36.285714285714285,50.333333333333336,14,19.788996831683903,14.047619047619051,90.0,72650.81,30,Pharma & Healthcare,33.0,erratic_payer
INV701473,C1050,2024-10-17,36.06666666666667,48.333333333333336,15,19.088016684621294,12.266666666666666,33.0,51380.41,30,Pharma & Healthcare,35.0,erratic_payer
INV701474,C1050,2024-11-10,36.0,52.666666666666664,16,18.44270406782404,16.666666666666664,35.0,258744.25,30,Pharma & Healthcare,31.0,erratic_payer
INV701475,C1050,2024-11-15,35.705882352941174,33.0,17,17.898200698262777,-2.705882352941174,31.0,63210.28,30,Pharma & Healthcare,34.0,erratic_payer
INV701476,C1050,2025-02-11,35.611111111111114,33.333333333333336,18,17.368459882580563,-2.2777777777777786,34.0,32485.46,30,Pharma & Healthcare,40.0,erratic_payer
INV701477,C1050,2025-02-13,35.8421052631579,35.0,19,16.909113774972678,-0.8421052631578974,40.0,56618.15,30,Pharma & Healthcare,40.0,erratic_payer
INV701478,C1050,2025-03-04,36.05,38.0,20,16.484362606006815,1.9500000000000028,40.0,85253.08,30,Pharma & Healthcare,22.0,erratic_payer
INV701479,C1050,2025-03-28,35.38095238095238,34.0,21,16.356882925778343,-1.3809523809523796,22.0,47355.02,30,Pharma & Healthcare,40.0,erratic_payer
INV701480,C1050,2025-05-09,35.59090909090909,34.0,22,15.9930314911544,-1.5909090909090935,40.0,31746.7,30,Pharma & Healthcare,35.0,erratic_payer
INV701481,C1050,2025-05-20,35.56521739130435,32.333333333333336,23,15.62581223185337,-3.2318840579710155,35.0,47710.52,30,Pharma & Healthcare,35.0,erratic_payer
INV701482,C1050,2025-07-05,35.541666666666664,36.666666666666664,24,15.28278135016992,1.125,35.0,68132.8,30,Pharma & Healthcare,41.0,erratic_payer
INV701483,C1050,2025-07-13,35.76,37.0,25,15.000777757614216,1.240000000000002,41.0,66687.94,30,Pharma & Healthcare,34.0,erratic_payer
INV701484,C1050,2025-07-18,35.69230769230769,36.666666666666664,26,14.701752904383154,0.9743589743589709,34.0,54729.23,30,Pharma & Healthcare,109.0,erratic_payer
INV701485,C1050,2025-08-10,38.407407407407405,61.333333333333336,27,20.170922062863088,22.92592592592593,109.0,69075.86,30,Pharma & Healthcare,21.0,erratic_payer
INV701486,C1050,2025-08-10,37.785714285714285,54.666666666666664,28,20.065369361640162,16.88095238095238,21.0,89568.65,30,Pharma & Healthcare,76.0,erratic_payer
INV701487,C1050,2025-09-04,39.10344827586207,68.66666666666667,29,20.94268509798351,29.5632183908046,76.0,45328.47,30,Pharma & Healthcare,35.0,erratic_payer
INV701488,C1050,2025-09-17,38.96666666666667,44.0,30,20.592069670951812,5.033333333333331,35.0,45507.8,30,Pharma & Healthcare,45.0,erratic_payer
INV701489,C1050,2025-10-12,39.16129032258065,52.0,31,20.274938181892686,12.838709677419352,45.0,378473.55,30,Pharma & Healthcare,34.0,erratic_payer
INV701490,C1050,2025-10-22,39.0,38.0,32,19.966100302520836,-1.0,34.0,55735.8,30,Pharma & Healthcare,17.0,erratic_payer
INV701491,C1050,2025-10-25,38.333333333333336,32.0,33,20.021342778811483,-6.333333333333336,17.0,66301.8,30,Pharma & Healthcare,38.0,erratic_payer
INV701492,C1050,2025-12-22,38.3235294117647,29.666666666666668,34,19.715738349879953,-8.656862745098035,38.0,53203.87,30,Pharma & Healthcare,51.0,erratic_payer
INV701494,C1050,2026-02-10,38.68571428571428,35.333333333333336,35,19.54146636163789,-3.3523809523809476,51.0,88993.25,30,Pharma & Healthcare,38.0,erratic_payer
INV701495,C1050,2026-02-10,38.666666666666664,42.333333333333336,36,19.260618592647244,3.6666666666666714,38.0,77136.88,30,Pharma & Healthcare,45.0,erratic_payer
INV701496,C1050,2026-02-25,38.83783783783784,44.666666666666664,37,19.01974633770784,5.828828828828826,45.0,54469.09,30,Pharma & Healthcare,29.0,erratic_payer
INV701497,C1050,2026-03-19,38.578947368421055,37.333333333333336,38,18.828718115927252,-1.2456140350877192,29.0,71159.05,30,Pharma & Healthcare,33.0,erratic_payer
INV701498,C1050,2026-04-14,38.43589743589744,35.666666666666664,39,18.600785031247405,-2.7692307692307736,33.0,28732.52,30,Pharma & Healthcare,31.0,erratic_payer
INV701499,C1050,2026-05-25,38.25,31.0,40,18.3983694929741,-7.25,31.0,36148.28,30,Pharma & Healthcare,17.0,erratic_payer
INV701500,C1050,2026-06-01,37.73170731707317,27.0,41,18.46757210659255,-10.731707317073173,17.0,57530.52,30,Pharma & Healthcare,23.0,erratic_payer
INV701501,C1050,2026-06-30,37.38095238095238,23.666666666666668,42,18.382059627365447,-13.714285714285712,23.0,51312.24,30,Pharma & Healthcare,14.0,erratic_payer
INV701502,C1050,2026-07-06,36.83720930232558,18.0,43,18.508595471085656,-18.837209302325583,14.0,76846.67,30,Pharma & Healthcare,32.0,erratic_payer
INV701503,C1050,2026-07-16,36.72727272727273,23.0,44,18.30664339492651,-13.727272727272727,32.0,90882.05,30,Pharma & Healthcare,22.0,erratic_payer
INV701505,C1051,2024-02-26,,,0,,,,251022.19,45,Pharma & Healthcare,42.0,prompt_payer
INV701506,C1051,2024-03-07,42.0,42.0,1,,0.0,42.0,193365.5,45,Pharma & Healthcare,45.0,prompt_payer
INV701507,C1051,2024-03-12,43.5,43.5,2,2.1213203435596424,0.0,45.0,242377.05,45,Pharma & Healthcare,42.0,prompt_payer
INV701508,C1051,2024-04-17,43.0,43.0,3,1.7320508075688772,0.0,42.0,170038.79,45,Pharma & Healthcare,45.0,prompt_payer
INV701509,C1051,2024-05-08,43.5,44.0,4,1.7320508075688772,0.5,45.0,436497.73,45,Pharma & Healthcare,42.0,prompt_payer
INV701510,C1051,2024-05-31,43.2,43.0,5,1.6431676725154987,-0.20000000000000284,42.0,150216.13,45,Pharma & Healthcare,47.0,prompt_payer
INV701511,C1051,2024-06-08,43.833333333333336,44.666666666666664,6,2.1369760566432805,0.8333333333333286,47.0,90440.71,45,Pharma & Healthcare,40.0,prompt_payer
INV701512,C1051,2024-06-11,43.285714285714285,43.0,7,2.429971585175823,-0.2857142857142847,40.0,165829.02,45,Pharma & Healthcare,46.0,prompt_payer
INV701513,C1051,2024-08-09,43.625,44.333333333333336,8,2.445841952609133,0.7083333333333357,46.0,356467.76,45,Pharma & Healthcare,41.0,prompt_payer
INV701514,C1051,2024-08-21,43.333333333333336,42.333333333333336,9,2.449489742783178,-1.0,41.0,2003363.61,45,Pharma & Healthcare,45.0,prompt_payer
INV701515,C1051,2024-08-29,43.5,44.0,10,2.3687784005919825,0.5,45.0,269063.24,45,Pharma & Healthcare,45.0,prompt_payer
INV701516,C1051,2024-12-03,43.63636363636363,43.666666666666664,11,2.2922795323750234,0.030303030303031164,45.0,265478.85,45,Pharma & Healthcare,46.0,prompt_payer
INV701517,C1051,2024-12-16,43.833333333333336,45.333333333333336,12,2.2896340848319507,1.5,46.0,441689.12,45,Pharma & Healthcare,38.0,prompt_payer
INV701518,C1051,2024-12-29,43.38461538461539,43.0,13,2.72453242283459,-0.3846153846153868,38.0,467082.51,45,Pharma & Healthcare,47.0,prompt_payer
INV701519,C1051,2025-01-07,43.642857142857146,43.666666666666664,14,2.7902892835178013,0.023809523809518396,47.0,256192.88,45,Pharma & Healthcare,46.0,prompt_payer
INV701520,C1051,2025-03-14,43.8,43.666666666666664,15,2.7568097504180447,-0.13333333333333286,46.0,390575.0,45,Pharma & Healthcare,40.0,prompt_payer
INV701521,C1051,2025-04-14,43.5625,44.333333333333336,16,2.827690459249975,0.7708333333333357,40.0,408988.88,45,Pharma & Healthcare,41.0,prompt_payer
INV701522,C1051,2025-06-27,43.411764705882355,42.333333333333336,17,2.807552838536876,-1.0784313725490193,41.0,291300.63,45,Pharma & Healthcare,47.0,prompt_payer
INV701523,C1051,2025-07-14,43.611111111111114,42.666666666666664,18,2.8520145385507023,-0.94444444444445,47.0,269015.06,45,Pharma & Healthcare,41.0,prompt_payer
INV701524,C1051,2025-07-24,43.473684210526315,43.0,19,2.8356543640780028,-0.47368421052631504,41.0,292593.91,45,Pharma & Healthcare,41.0,prompt_payer
INV701525,C1051,2025-08-31,43.35,43.0,20,2.814903943392442,-0.3500000000000014,41.0,321777.68,45,Pharma & Healthcare,42.0,prompt_payer
INV701526,C1051,2025-09-27,43.285714285714285,41.333333333333336,21,2.7593995205996755,-1.952380952380949,42.0,73826.87,45,Pharma & Healthcare,44.0,prompt_payer
INV701527,C1051,2025-10-11,43.31818181818182,42.333333333333336,22,2.6972007294400204,-0.9848484848484844,44.0,64582.78,45,Pharma & Healthcare,41.0,prompt_payer
INV701528,C1051,2025-10-23,43.21739130434783,42.333333333333336,23,2.6791538986493904,-0.8840579710144922,41.0,252922.57,45,Pharma & Healthcare,44.0,prompt_payer
INV701529,C1051,2025-10-24,43.25,43.0,24,2.625129396396698,-0.25,44.0,131791.1,45,Pharma & Healthcare,44.0,prompt_payer
INV701530,C1051,2025-11-02,43.28,43.0,25,2.574231276841044,-0.28000000000000114,44.0,310582.08,45,Pharma & Healthcare,46.0,prompt_payer
INV701531,C1051,2025-12-21,43.38461538461539,44.666666666666664,26,2.5780135465419587,1.2820512820512775,46.0,233330.63,45,Pharma & Healthcare,40.0,prompt_payer
INV701532,C1051,2025-12-27,43.25925925925926,43.333333333333336,27,2.6105200276601632,0.07407407407407618,40.0,261062.34,45,Pharma & Healthcare,47.0,prompt_payer
INV701533,C1051,2026-02-06,43.392857142857146,44.333333333333336,28,2.6574742354666983,0.9404761904761898,47.0,307520.21,45,Pharma & Healthcare,42.0,prompt_payer
INV701534,C1051,2026-03-01,43.3448275862069,43.0,29,2.6223743612688857,-0.3448275862068968,42.0,523818.56,45,Pharma & Healthcare,46.0,prompt_payer
INV701535,C1051,2026-04-02,43.43333333333333,45.0,30,2.6219673231522473,1.56666666666667,46.0,224086.96,45,Pharma & Healthcare,45.0,prompt_payer
INV701536,C1051,2026-04-29,43.483870967741936,44.333333333333336,31,2.5932086654944873,0.8494623655913998,45.0,552769.2,45,Pharma & Healthcare,46.0,prompt_payer
INV701537,C1051,2026-05-11,43.5625,45.666666666666664,32,2.589526049548512,2.1041666666666643,46.0,149118.22,45,Pharma & Healthcare,41.0,prompt_payer
INV701538,C1051,2026-06-12,43.484848484848484,44.0,33,2.5874844458616093,0.5151515151515156,41.0,429488.12,45,Pharma & Healthcare,42.0,prompt_payer
INV701539,C1052,2024-05-27,,,0,,,,23954.98,45,Auto Components,84.0,improving_payer
INV701540,C1052,2024-06-30,84.0,84.0,1,,0.0,84.0,34195.49,45,Auto Components,82.0,improving_payer
INV701541,C1052,2024-07-20,83.0,83.0,2,1.4142135623730951,0.0,82.0,10401.19,45,Auto Components,80.0,improving_payer
INV701542,C1052,2024-08-29,82.0,82.0,3,2.0,0.0,80.0,34273.29,45,Auto Components,71.0,improving_payer
INV701543,C1052,2024-08-31,79.25,77.66666666666667,4,5.737304826019502,-1.5833333333333286,71.0,20690.03,45,Auto Components,68.0,improving_payer
INV701544,C1052,2024-10-13,77.0,73.0,5,7.0710678118654755,-4.0,68.0,41398.65,45,Auto Components,72.0,improving_payer
INV701546,C1052,2025-02-05,76.16666666666667,70.33333333333333,6,6.645800679125629,-5.833333333333343,72.0,34416.52,45,Auto Components,64.0,improving_payer
INV701547,C1052,2025-02-16,74.42857142857143,68.0,7,7.612646120264686,-6.428571428571431,64.0,34412.98,45,Auto Components,66.0,improving_payer
INV701548,C1052,2025-03-12,73.375,67.33333333333333,8,7.652030542840994,-6.041666666666671,66.0,18349.2,45,Auto Components,60.0,improving_payer
INV701549,C1052,2025-03-17,71.88888888888889,63.333333333333336,9,8.432740427115679,-8.55555555555555,60.0,13037.35,45,Auto Components,62.0,improving_payer
INV701550,C1052,2025-04-17,70.9,62.666666666666664,10,8.543353491977777,-8.233333333333341,62.0,29177.68,45,Auto Components,66.0,improving_payer
INV701551,C1052,2025-05-05,70.45454545454545,62.666666666666664,11,8.238490594321707,-7.787878787878789,66.0,3000.0,45,Auto Components,56.0,improving_payer
INV701552,C1052,2025-08-18,69.25,61.333333333333336,12,8.894584665044025,-7.916666666666664,56.0,19337.19,45,Auto Components,54.0,improving_payer
INV701553,C1052,2025-11-18,68.07692307692308,58.666666666666664,13,9.508430806934255,-9.410256410256416,54.0,24712.93,45,Auto Components,61.0,improving_payer
INV701554,C1052,2025-11-26,67.57142857142857,57.0,14,9.329146104170896,-10.57142857142857,61.0,20992.16,45,Auto Components,51.0,improving_payer
INV701555,C1052,2025-12-11,66.46666666666667,55.333333333333336,15,9.956094089742699,-11.133333333333333,51.0,24095.58,45,Auto Components,47.0,improving_payer
INV701556,C1052,2025-12-14,65.25,53.0,16,10.779610382569492,-12.25,47.0,9318.47,45,Auto Components,57.0,improving_payer
INV701557,C1052,2026-03-30,64.76470588235294,51.666666666666664,17,10.627378626481143,-13.098039215686278,57.0,16744.41,45,Auto Components,52.0,improving_payer
INV701558,C1052,2026-04-01,64.05555555555556,52.0,18,10.740096517378898,-12.055555555555557,52.0,15526.8,45,Auto Components,51.0,improving_payer
INV701559,C1052,2026-05-21,63.36842105263158,53.333333333333336,19,10.858742132574765,-10.035087719298247,51.0,39693.43,45,Auto Components,52.0,improving_payer
INV701561,C1053,2024-02-24,,,0,,,,156809.01,60,Retail & Distribution,54.0,prompt_payer
INV701562,C1053,2024-02-25,54.0,54.0,1,,0.0,54.0,41736.23,60,Retail & Distribution,55.0,prompt_payer
INV701563,C1053,2024-03-19,54.5,54.5,2,0.7071067811865476,0.0,55.0,75555.72,60,Retail & Distribution,57.0,prompt_payer
INV701564,C1053,2024-06-07,55.333333333333336,55.333333333333336,3,1.5275252316519456,0.0,57.0,472461.31,60,Retail & Distribution,62.0,prompt_payer
INV701565,C1053,2024-07-21,57.0,58.0,4,3.5590260840104366,1.0,62.0,118072.78,60,Retail & Distribution,61.0,prompt_payer
INV701566,C1053,2024-08-02,57.8,60.0,5,3.5637059362410923,2.200000000000003,61.0,207926.44,60,Retail & Distribution,63.0,prompt_payer
INV701567,C1053,2024-08-16,58.666666666666664,62.0,6,3.829708431025353,3.3333333333333357,63.0,102806.59,60,Retail & Distribution,60.0,prompt_payer
INV701568,C1053,2024-08-24,58.857142857142854,61.333333333333336,7,3.5321651258386098,2.4761904761904816,60.0,87631.74,60,Retail & Distribution,57.0,prompt_payer
INV701569,C1053,2024-09-19,58.625,60.0,8,3.335416016031584,1.375,57.0,138163.95,60,Retail & Distribution,64.0,prompt_payer
INV701570,C1053,2024-09-23,59.22222222222222,60.333333333333336,9,3.597838857487151,1.1111111111111143,64.0,120269.65,60,Retail & Distribution,61.0,prompt_payer
INV701571,C1053,2024-09-30,59.4,60.666666666666664,10,3.4383458555273676,1.2666666666666657,61.0,88749.09,60,Retail & Distribution,54.0,prompt_payer
INV701572,C1053,2024-12-16,58.90909090909091,59.666666666666664,11,3.645669909757203,0.7575757575757578,54.0,99543.39,60,Retail & Distribution,59.0,prompt_payer
INV701573,C1053,2024-12-25,58.916666666666664,58.0,12,3.4761089357690356,-0.9166666666666643,59.0,171234.57,60,Retail & Distribution,61.0,prompt_payer
INV701574,C1053,2025-01-01,59.07692307692308,58.0,13,3.377907105036551,-1.0769230769230802,61.0,217716.14,60,Retail & Distribution,55.0,prompt_payer
INV701575,C1053,2025-01-05,58.785714285714285,58.333333333333336,14,3.4234164543304137,-0.452380952380949,55.0,121752.39,60,Retail & Distribution,55.0,prompt_payer
INV701576,C1053,2025-02-25,58.53333333333333,57.0,15,3.4406533155921477,-1.5333333333333314,55.0,34775.12,60,Retail & Distribution,56.0,prompt_payer
INV701577,C1053,2025-03-02,58.375,55.333333333333336,16,3.383784863137726,-3.0416666666666643,56.0,111777.48,60,Retail & Distribution,60.0,prompt_payer
INV701578,C1053,2025-04-12,58.470588235294116,57.0,17,3.2999554364192467,-1.470588235294116,60.0,112424.37,60,Retail & Distribution,55.0,prompt_payer
INV701579,C1053,2025-04-16,58.27777777777778,57.0,18,3.3042851955596646,-1.2777777777777786,55.0,63301.6,60,Retail & Distribution,54.0,prompt_payer
INV701580,C1053,2025-04-25,58.05263157894737,56.333333333333336,19,3.3578049081460333,-1.7192982456140342,54.0,118158.61,60,Retail & Distribution,61.0,prompt_payer
INV701581,C1053,2025-05-07,58.2,56.666666666666664,20,3.3340350138659627,-1.5333333333333385,61.0,128392.64,60,Retail & Distribution,55.0,prompt_payer
INV701582,C1053,2025-05-28,58.04761904761905,56.666666666666664,21,3.3237958793552664,-1.3809523809523867,55.0,119863.15,60,Retail & Distribution,57.0,prompt_payer
INV701583,C1053,2025-07-02,58.0,57.666666666666664,22,3.251373336211727,-0.3333333333333357,57.0,80392.1,60,Retail & Distribution,59.0,prompt_payer
INV701584,C1053,2025-07-13,58.04347826086956,57.0,23,3.183455253616526,-1.0434782608695627,59.0,114559.72,60,Retail & Distribution,58.0,prompt_payer
INV701585,C1053,2025-09-10,58.041666666666664,58.0,24,3.1134933081203418,-0.0416666666666643,58.0,86286.0,60,Retail & Distribution,58.0,prompt_payer
INV701586,C1053,2025-09-16,58.04,58.333333333333336,25,3.0479501308256345,0.29333333333333655,58.0,97692.03,60,Retail & Distribution,61.0,prompt_payer
INV701587,C1053,2025-10-12,58.15384615384615,59.0,26,3.0422663616758836,0.8461538461538467,61.0,41291.34,60,Retail & Distribution,58.0,prompt_payer
INV701588,C1053,2025-10-15,58.148148148148145,59.0,27,2.9833345270493727,0.8518518518518547,58.0,149672.49,60,Retail & Distribution,54.0,prompt_payer
INV701589,C1053,2025-10-16,58.0,57.666666666666664,28,3.030707043774635,-0.3333333333333357,54.0,85699.89,60,Retail & Distribution,58.0,prompt_payer
INV701590,C1053,2025-12-21,58.0,56.666666666666664,29,2.97609523657138,-1.3333333333333357,58.0,123150.48,60,Retail & Distribution,58.0,prompt_payer
INV701591,C1053,2025-12-27,58.0,56.666666666666664,30,2.924333109946785,-1.3333333333333357,58.0,126897.75,60,Retail & Distribution,57.0,prompt_payer
INV701592,C1053,2026-01-29,57.96774193548387,57.666666666666664,31,2.8807854365056063,-0.3010752688172076,57.0,87750.87,60,Retail & Distribution,58.0,prompt_payer
INV701593,C1053,2026-02-28,57.96875,57.666666666666664,32,2.8339460121886586,-0.3020833333333357,58.0,137440.08,60,Retail & Distribution,59.0,prompt_payer
INV701594,C1053,2026-03-25,58.0,58.0,33,2.7950849718747373,0.0,59.0,106556.75,60,Retail & Distribution,60.0,prompt_payer
INV701595,C1053,2026-04-01,58.05882352941177,59.0,34,2.773698728157243,0.941176470588232,60.0,96113.77,60,Retail & Distribution,57.0,prompt_payer
INV701596,C1053,2026-04-11,58.02857142857143,58.666666666666664,35,2.738459359542432,0.6380952380952323,57.0,151890.71,60,Retail & Distribution,57.0,prompt_payer
INV701597,C1053,2026-04-15,58.0,58.0,36,2.7044936151312533,0.0,57.0,112041.83,60,Retail & Distribution,60.0,prompt_payer
INV701598,C1053,2026-04-19,58.054054054054056,58.0,37,2.6868604763216157,-0.054054054054056166,60.0,91574.05,60,Retail & Distribution,64.0,prompt_payer
INV701599,C1053,2026-04-20,58.21052631578947,60.333333333333336,38,2.8203689114344703,2.122807017543863,64.0,156511.67,60,Retail & Distribution,60.0,prompt_payer
INV701600,C1053,2026-05-02,58.256410256410255,61.333333333333336,39,2.79772415703182,3.07692307692308,60.0,150182.97,60,Retail & Distribution,57.0,prompt_payer
INV701601,C1053,2026-06-09,58.225,60.333333333333336,40,2.7687588629249826,2.1083333333333343,57.0,107053.25,60,Retail & Distribution,55.0,prompt_payer
INV701605,C1054,2024-02-27,,,0,,,,31215.21,45,Retail & Distribution,42.0,prompt_payer
INV701606,C1054,2024-06-28,42.0,42.0,1,,0.0,42.0,31553.4,45,Retail & Distribution,50.0,prompt_payer
INV701607,C1054,2024-09-05,46.0,46.0,2,5.656854249492381,0.0,50.0,14850.09,45,Retail & Distribution,42.0,prompt_payer
INV701608,C1054,2024-09-12,44.666666666666664,44.666666666666664,3,4.618802153517006,0.0,42.0,16434.06,45,Retail & Distribution,42.0,prompt_payer
INV701609,C1054,2024-10-16,44.0,44.666666666666664,4,3.999999999999999,0.6666666666666643,42.0,33687.34,45,Retail & Distribution,44.0,prompt_payer
INV701610,C1054,2024-12-03,44.0,42.666666666666664,5,3.464101615137754,-1.3333333333333357,44.0,13813.91,45,Retail & Distribution,46.0,prompt_payer
INV701611,C1054,2024-12-11,44.333333333333336,44.0,6,3.2041639575194436,-0.3333333333333357,46.0,17778.71,45,Retail & Distribution,45.0,prompt_payer
INV701612,C1054,2025-01-08,44.42857142857143,45.0,7,2.935821455580638,0.5714285714285694,45.0,35940.65,45,Retail & Distribution,46.0,prompt_payer
INV701613,C1054,2025-03-26,44.625,45.666666666666664,8,2.7742437837054927,1.0416666666666643,46.0,21947.71,45,Retail & Distribution,45.0,prompt_payer
INV701614,C1054,2025-10-09,44.666666666666664,45.333333333333336,9,2.5980762113533156,0.6666666666666714,45.0,40227.33,45,Retail & Distribution,49.0,prompt_payer
INV701615,C1054,2025-10-09,45.1,46.666666666666664,10,2.8067379246694513,1.5666666666666629,49.0,18418.16,45,Retail & Distribution,46.0,prompt_payer
INV701616,C1054,2025-11-03,45.18181818181818,46.666666666666664,11,2.67649703224875,1.4848484848484844,46.0,34924.4,45,Retail & Distribution,43.0,prompt_payer
INV701617,C1054,2025-11-14,45.0,46.0,12,2.6285149626910838,1.0,43.0,47522.71,45,Retail & Distribution,43.0,prompt_payer
INV701618,C1054,2025-12-07,44.84615384615385,44.0,13,2.5770187506158435,-0.8461538461538467,43.0,26137.94,45,Retail & Distribution,46.0,prompt_payer
INV701620,C1054,2026-02-02,44.92857142857143,44.0,14,2.495050044643339,-0.9285714285714306,46.0,9005.79,45,Retail & Distribution,40.0,prompt_payer
INV701621,C1054,2026-06-20,44.6,43.0,15,2.7202941017470894,-1.6000000000000014,40.0,41196.99,45,Retail & Distribution,41.0,prompt_payer
INV701622,C1054,2026-06-28,44.375,42.333333333333336,16,2.777888886666756,-2.0416666666666643,41.0,14313.99,45,Retail & Distribution,44.0,prompt_payer
INV701625,C1055,2024-03-19,,,0,,,,1891862.68,60,Construction & Infra,35.0,erratic_payer
INV701626,C1055,2024-06-07,35.0,35.0,1,,0.0,35.0,3747389.51,60,Construction & Infra,63.0,erratic_payer
INV701627,C1055,2024-06-14,49.0,49.0,2,19.79898987322333,0.0,63.0,583865.16,60,Construction & Infra,103.0,erratic_payer
INV701628,C1055,2024-09-19,67.0,67.0,3,34.17601498127012,0.0,103.0,628198.85,60,Construction & Infra,141.0,erratic_payer
INV701629,C1055,2024-09-22,85.5,102.33333333333333,4,46.3429246667349,16.83333333333333,141.0,904499.63,60,Construction & Infra,71.0,erratic_payer
INV701630,C1055,2024-10-22,82.6,105.0,5,40.65464303127012,22.400000000000006,71.0,702130.25,60,Construction & Infra,52.0,erratic_payer
INV701631,C1055,2024-11-03,77.5,88.0,6,38.44866707702622,10.5,52.0,1354679.99,60,Construction & Infra,36.0,erratic_payer
INV701632,C1055,2024-12-16,71.57142857142857,53.0,7,38.44414625079325,-18.57142857142857,36.0,1000910.25,60,Construction & Infra,195.0,erratic_payer
INV701633,C1055,2025-01-28,87.0,94.33333333333333,8,56.31290133835103,7.333333333333329,195.0,475895.89,60,Construction & Infra,46.0,erratic_payer
INV701634,C1055,2025-02-25,82.44444444444444,92.33333333333333,9,54.41992078070105,9.888888888888886,46.0,1031361.34,60,Construction & Infra,91.0,erratic_payer
INV701635,C1055,2025-04-07,83.3,110.66666666666667,10,51.37887590137497,27.366666666666674,91.0,3671889.31,60,Construction & Infra,116.0,erratic_payer
INV701636,C1055,2025-05-24,86.27272727272727,84.33333333333333,11,49.7294498443144,-1.9393939393939377,116.0,301795.89,60,Construction & Infra,162.0,erratic_payer
INV701637,C1055,2025-07-23,92.58333333333333,123.0,12,52.211907964882236,30.41666666666667,162.0,1042149.44,60,Construction & Infra,76.0,erratic_payer
INV701638,C1055,2025-08-31,91.3076923076923,118.0,13,50.20024006480549,26.692307692307693,76.0,954895.21,60,Construction & Infra,124.0,erratic_payer
INV701639,C1055,2025-09-03,93.64285714285714,120.66666666666667,14,49.01586421817884,27.023809523809533,124.0,386441.93,60,Construction & Infra,85.0,erratic_payer
INV701640,C1055,2025-09-22,93.06666666666666,95.0,15,47.28555603483806,1.9333333333333371,85.0,724450.69,60,Construction & Infra,84.0,erratic_payer
INV701641,C1055,2025-09-24,92.5,97.66666666666667,16,45.73838650411709,5.166666666666671,84.0,942139.85,60,Construction & Infra,80.0,erratic_payer
INV701643,C1055,2025-10-12,91.76470588235294,83.0,17,44.38965168223995,-8.764705882352942,80.0,655424.89,60,Construction & Infra,67.0,erratic_payer
INV701644,C1055,2025-12-25,90.38888888888889,77.0,18,43.45807836482647,-13.388888888888886,67.0,453240.08,60,Construction & Infra,49.0,erratic_payer
INV701645,C1055,2026-02-05,88.21052631578948,65.33333333333333,19,43.287897907650326,-22.87719298245615,49.0,1175049.14,60,Construction & Infra,97.0,erratic_payer
INV701646,C1055,2026-02-15,88.65,71.0,20,42.179160481775455,-17.650000000000006,97.0,137221.14,60,Construction & Infra,148.0,erratic_payer
INV701647,C1055,2026-03-19,91.47619047619048,98.0,21,43.10292222995913,6.523809523809518,148.0,677897.9,60,Construction & Infra,86.0,erratic_payer
INV701648,C1055,2026-05-09,91.22727272727273,110.33333333333333,22,42.08034471407537,19.106060606060595,86.0,921471.81,60,Construction & Infra,42.0,erratic_payer
INV701651,C1056,2025-04-07,,,0,,,,133564.12,30,Retail & Distribution,33.0,cold_start
INV701652,C1056,2026-05-28,33.0,33.0,1,,0.0,33.0,163778.95,30,Retail & Distribution,50.0,cold_start
INV701653,C1057,2024-02-23,,,0,,,,604939.16,60,IT & Business Services,55.0,average_payer
INV701654,C1057,2024-03-15,55.0,55.0,1,,0.0,55.0,122184.68,60,IT & Business Services,59.0,average_payer
INV701655,C1057,2024-04-21,57.0,57.0,2,2.8284271247461903,0.0,59.0,97442.38,60,IT & Business Services,61.0,average_payer
INV701656,C1057,2024-04-22,58.333333333333336,58.333333333333336,3,3.0550504633038926,0.0,61.0,218111.83,60,IT & Business Services,62.0,average_payer
INV701657,C1057,2024-05-26,59.25,60.666666666666664,4,3.095695936834451,1.4166666666666643,62.0,114382.59,60,IT & Business Services,72.0,average_payer
INV701658,C1057,2024-06-13,61.8,65.0,5,6.300793600809346,3.200000000000003,72.0,160699.51,60,IT & Business Services,66.0,average_payer
INV701659,C1057,2024-08-18,62.5,66.66666666666667,6,5.890670590009257,4.166666666666671,66.0,40982.36,60,IT & Business Services,56.0,average_payer
INV701660,C1057,2024-08-26,61.57142857142857,64.66666666666667,7,5.912053869204928,3.095238095238102,56.0,826338.0,60,IT & Business Services,64.0,average_payer
INV701661,C1057,2024-09-10,61.875,62.0,8,5.540435774506241,0.125,64.0,191373.45,60,IT & Business Services,68.0,average_payer
INV701662,C1057,2024-09-25,62.55555555555556,62.666666666666664,9,5.570258322356135,0.11111111111110716,68.0,163344.55,60,IT & Business Services,61.0,average_payer
INV701663,C1057,2024-10-19,62.4,64.33333333333333,10,5.274677451960662,1.93333333333333,61.0,68771.62,60,IT & Business Services,53.0,average_payer
INV701664,C1057,2024-10-30,61.54545454545455,60.666666666666664,11,5.750889259299581,-0.8787878787878824,53.0,167480.07,60,IT & Business Services,60.0,average_payer
INV701665,C1057,2024-11-05,61.416666666666664,58.0,12,5.501377238033356,-3.4166666666666643,60.0,130160.15,60,IT & Business Services,64.0,average_payer
INV701666,C1057,2024-11-18,61.61538461538461,59.0,13,5.315675898360458,-2.615384615384613,64.0,114879.01,60,IT & Business Services,63.0,average_payer
INV701667,C1057,2025-01-25,61.714285714285715,62.333333333333336,14,5.120525385131902,0.6190476190476204,63.0,126745.41,60,IT & Business Services,63.0,average_payer
INV701668,C1057,2025-02-16,61.8,63.333333333333336,15,4.945416348210013,1.5333333333333385,63.0,138564.75,60,IT & Business Services,55.0,average_payer
INV701669,C1057,2025-04-11,61.375,60.333333333333336,16,5.071160288007733,-1.0416666666666643,55.0,111697.7,60,IT & Business Services,62.0,average_payer
INV701670,C1057,2025-05-14,61.411764705882355,60.0,17,4.912469128775923,-1.411764705882355,62.0,119548.73,60,IT & Business Services,63.0,average_payer
INV701671,C1057,2025-05-22,61.5,60.0,18,4.780474994858836,-1.5,63.0,134629.02,60,IT & Business Services,60.0,average_payer
INV701672,C1057,2025-08-03,61.421052631578945,61.666666666666664,19,4.658514182222151,0.24561403508771917,60.0,50882.27,60,IT & Business Services,56.0,average_payer
INV701674,C1057,2025-10-26,61.15,59.666666666666664,20,4.693500545266939,-1.4833333333333343,56.0,108517.61,60,IT & Business Services,60.0,average_payer
INV701675,C1057,2025-11-12,61.095238095238095,58.666666666666664,21,4.581536444302959,-2.4285714285714306,60.0,123734.93,60,IT & Business Services,73.0,average_payer
INV701676,C1057,2025-11-18,61.63636363636363,63.0,22,5.14129365363431,1.3636363636363669,73.0,60203.25,60,IT & Business Services,61.0,average_payer
INV701677,C1057,2025-12-05,61.608695652173914,64.66666666666667,23,5.024839485765442,3.0579710144927574,61.0,111964.58,60,IT & Business Services,57.0,average_payer
INV701678,C1057,2025-12-29,61.416666666666664,63.666666666666664,24,5.003621876606782,2.25,57.0,123100.69,60,IT & Business Services,61.0,average_payer
INV701679,C1057,2026-01-13,61.4,59.666666666666664,25,4.898979485566356,-1.7333333333333343,61.0,142668.85,60,IT & Business Services,64.0,average_payer
INV701680,C1057,2026-01-31,61.5,60.666666666666664,26,4.8270073544588685,-0.8333333333333357,64.0,77020.93,60,IT & Business Services,63.0,average_payer
INV701681,C1057,2026-02-07,61.55555555555556,62.666666666666664,27,4.742064896981007,1.1111111111111072,63.0,143668.35,60,IT & Business Services,61.0,average_payer
INV701682,C1057,2026-02-11,61.535714285714285,62.666666666666664,28,4.654604592803122,1.1309523809523796,61.0,87772.26,60,IT & Business Services,62.0,average_payer
INV701683,C1057,2026-02-16,61.55172413793103,62.0,29,4.571544025635663,0.44827586206896797,62.0,141610.37,60,IT & Business Services,62.0,average_payer
INV701684,C1057,2026-04-24,61.56666666666667,61.666666666666664,30,4.492778368811927,0.09999999999999432,62.0,137262.95,60,IT & Business Services,59.0,average_payer
INV701685,C1057,2026-05-17,61.483870967741936,61.0,31,4.441253334678815,-0.48387096774193594,59.0,99505.56,60,IT & Business Services,55.0,average_payer
INV701686,C1058,2024-02-14,,,0,,,,15850.04,30,Auto Components,29.0,prompt_payer
INV701687,C1058,2024-02-23,29.0,29.0,1,,0.0,29.0,25673.44,30,Auto Components,34.0,prompt_payer
INV701688,C1058,2024-06-12,31.5,31.5,2,3.5355339059327378,0.0,34.0,38365.21,30,Auto Components,26.0,prompt_payer
INV701689,C1058,2024-11-03,29.666666666666668,29.666666666666668,3,4.041451884327381,0.0,26.0,28159.16,30,Auto Components,36.0,prompt_payer
INV701690,C1058,2024-11-11,31.25,32.0,4,4.573474244670748,0.75,36.0,35790.11,30,Auto Components,29.0,prompt_payer
INV701691,C1058,2024-12-07,30.8,30.333333333333332,5,4.08656334834051,-0.46666666666666856,29.0,27169.33,30,Auto Components,30.0,prompt_payer
INV701692,C1058,2025-03-17,30.666666666666668,31.666666666666668,6,3.669695718539436,1.0,30.0,27295.9,30,Auto Components,34.0,prompt_payer
INV701693,C1058,2025-03-18,31.142857142857142,31.0,7,3.579039509354962,-0.14285714285714235,34.0,16774.03,30,Auto Components,31.0,prompt_payer
INV701694,C1058,2025-03-19,31.125,31.666666666666668,8,3.3139316313320126,0.5416666666666679,31.0,36192.69,30,Auto Components,30.0,prompt_payer
INV701695,C1058,2025-03-22,31.0,31.666666666666668,9,3.1224989991991987,0.6666666666666679,30.0,22721.4,30,Auto Components,30.0,prompt_payer
INV701696,C1058,2025-03-23,30.9,30.333333333333332,10,2.9608557321603266,-0.5666666666666664,30.0,31882.75,30,Auto Components,26.0,prompt_payer
INV701697,C1058,2025-03-30,30.454545454545453,28.666666666666668,11,3.1737560197228882,-1.7878787878787854,26.0,13412.71,30,Auto Components,30.0,prompt_payer
INV701698,C1058,2025-06-22,30.416666666666668,28.666666666666668,12,3.0289011909011525,-1.75,30.0,21643.01,30,Auto Components,28.0,prompt_payer
INV701699,C1058,2025-09-27,30.23076923076923,28.0,13,2.97640292282049,-2.23076923076923,28.0,31960.53,30,Auto Components,23.0,prompt_payer
INV701701,C1058,2026-04-08,29.714285714285715,27.0,14,3.4513892727549456,-2.7142857142857153,23.0,22590.49,30,Auto Components,32.0,prompt_payer
INV701702,C1058,2026-06-22,29.866666666666667,27.666666666666668,15,3.377798663260409,-2.1999999999999993,32.0,29573.8,30,Auto Components,29.0,prompt_payer
INV701703,C1059,2024-02-14,,,0,,,,56160.15,45,Retail & Distribution,38.0,erratic_payer
INV701704,C1059,2024-02-16,38.0,38.0,1,,0.0,38.0,54008.74,45,Retail & Distribution,149.0,erratic_payer
INV701705,C1059,2024-02-22,93.5,93.5,2,78.48885271170677,0.0,149.0,76163.42,45,Retail & Distribution,56.0,erratic_payer
INV701706,C1059,2024-02-29,81.0,81.0,3,59.57348403442592,0.0,56.0,45156.18,45,Retail & Distribution,36.0,erratic_payer
INV701707,C1059,2024-03-19,69.75,80.33333333333333,4,53.59337645642417,10.583333333333329,36.0,68777.14,45,Retail & Distribution,66.0,erratic_payer
INV701708,C1059,2024-03-20,69.0,52.666666666666664,5,46.44351407893249,-16.333333333333336,66.0,26578.55,45,Retail & Distribution,55.0,erratic_payer
INV701709,C1059,2024-03-25,66.66666666666667,52.333333333333336,6,41.931690481861885,-14.333333333333336,55.0,103841.99,45,Retail & Distribution,37.0,erratic_payer
INV701710,C1059,2024-04-05,62.42857142857143,52.666666666666664,7,39.88674442659342,-9.761904761904766,37.0,61966.88,45,Retail & Distribution,57.0,erratic_payer
INV701711,C1059,2024-04-08,61.75,49.666666666666664,8,36.977792563336486,-12.083333333333336,57.0,25717.1,45,Retail & Distribution,41.0,erratic_payer
INV701712,C1059,2024-04-11,59.44444444444444,45.0,9,35.27432179047214,-14.444444444444443,41.0,55989.99,45,Retail & Distribution,63.0,erratic_payer
INV701713,C1059,2024-04-21,59.8,53.666666666666664,10,33.275950608343095,-6.133333333333333,63.0,33801.69,45,Retail & Distribution,55.0,erratic_payer
INV701714,C1059,2024-05-18,59.36363636363637,53.0,11,31.601495936973386,-6.363636363636367,55.0,68820.27,45,Retail & Distribution,41.0,erratic_payer
INV701715,C1059,2024-05-18,57.833333333333336,53.0,12,30.593621834782766,-4.833333333333336,41.0,109511.68,45,Retail & Distribution,55.0,erratic_payer
INV701716,C1059,2024-07-26,57.61538461538461,50.333333333333336,13,29.301702059603013,-7.2820512820512775,55.0,7270.49,45,Retail & Distribution,56.0,erratic_payer
INV701717,C1059,2024-08-19,57.5,50.666666666666664,14,28.15547494237611,-6.833333333333336,56.0,55394.7,45,Retail & Distribution,43.0,erratic_payer
INV701718,C1059,2024-10-06,56.53333333333333,51.333333333333336,15,27.388388224278724,-5.199999999999996,43.0,58528.24,45,Retail & Distribution,35.0,erratic_payer
INV701719,C1059,2024-10-06,55.1875,44.666666666666664,16,27.001774633037236,-10.520833333333336,35.0,49432.44,45,Retail & Distribution,106.0,erratic_payer
INV701720,C1059,2024-10-13,58.1764705882353,61.333333333333336,17,28.903363329631826,3.1568627450980387,106.0,41030.07,45,Retail & Distribution,29.0,erratic_payer
INV701721,C1059,2024-10-24,56.55555555555556,56.666666666666664,18,28.87136220470997,0.11111111111110716,29.0,63395.09,45,Retail & Distribution,58.0,erratic_payer
INV701722,C1059,2024-11-24,56.63157894736842,64.33333333333333,19,28.059877496992012,7.701754385964911,58.0,56843.33,45,Retail & Distribution,42.0,erratic_payer
INV701723,C1059,2025-01-05,55.9,43.0,20,27.506745584157695,-12.899999999999999,42.0,107235.57,45,Retail & Distribution,46.0,erratic_payer
INV701724,C1059,2025-01-08,55.42857142857143,48.666666666666664,21,26.897158639104294,-6.761904761904766,46.0,25585.63,45,Retail & Distribution,59.0,erratic_payer
INV701725,C1059,2025-02-28,55.59090909090909,49.0,22,26.259980580468447,-6.5909090909090935,59.0,237141.9,45,Retail & Distribution,27.0,erratic_payer
INV701726,C1059,2025-03-05,54.34782608695652,44.0,23,26.33975339094222,-10.347826086956523,27.0,58628.56,45,Retail & Distribution,102.0,erratic_payer
INV701727,C1059,2025-03-10,56.333333333333336,62.666666666666664,24,27.536010677982585,6.333333333333329,102.0,50717.68,45,Retail & Distribution,48.0,erratic_payer
INV701728,C1059,2025-03-18,56.0,59.0,25,27.00771494715291,3.0,48.0,69455.15,45,Retail & Distribution,60.0,erratic_payer
INV701729,C1059,2025-03-27,56.15384615384615,70.0,26,26.473673425034626,13.846153846153847,60.0,81717.99,45,Retail & Distribution,49.0,erratic_payer
INV701730,C1059,2025-04-12,55.888888888888886,52.333333333333336,27,25.99605492752452,-3.55555555555555,49.0,44922.83,45,Retail & Distribution,61.0,erratic_payer
INV701731,C1059,2025-05-08,56.07142857142857,56.666666666666664,28,25.528384451398658,0.5952380952380949,61.0,39778.81,45,Retail & Distribution,51.0,erratic_payer
INV701732,C1059,2025-05-25,55.89655172413793,53.666666666666664,29,25.086058774299048,-2.2298850574712645,51.0,58747.82,45,Retail & Distribution,64.0,erratic_payer
INV701733,C1059,2025-05-31,56.166666666666664,58.666666666666664,30,24.69410558361474,2.5,64.0,50153.11,45,Retail & Distribution,44.0,erratic_payer
INV701734,C1059,2025-06-09,55.774193548387096,53.0,31,24.37718834951966,-2.774193548387096,44.0,66975.88,45,Retail & Distribution,62.0,erratic_payer
INV701735,C1059,2025-07-10,55.96875,56.666666666666664,32,24.006026629080647,0.6979166666666643,62.0,59808.47,45,Retail & Distribution,45.0,erratic_payer
INV701736,C1059,2025-07-13,55.63636363636363,50.333333333333336,33,23.70498125634434,-5.303030303030297,45.0,43907.68,45,Retail & Distribution,43.0,erratic_payer
INV701737,C1059,2025-07-16,55.26470588235294,50.0,34,23.443431364740484,-5.264705882352942,43.0,35967.52,45,Retail & Distribution,153.0,erratic_payer
INV701738,C1059,2025-08-21,58.05714285714286,80.33333333333333,35,28.396295177926522,22.27619047619047,153.0,94459.04,45,Retail & Distribution,35.0,erratic_payer
INV701739,C1059,2025-08-27,57.416666666666664,77.0,36,28.250284448631163,19.583333333333336,35.0,67619.01,45,Retail & Distribution,51.0,erratic_payer
INV701740,C1059,2025-10-10,57.24324324324324,79.66666666666667,37,27.87512372210252,22.42342342342343,51.0,63389.52,45,Retail & Distribution,39.0,erratic_payer
INV701741,C1059,2025-11-07,56.76315789473684,41.666666666666664,38,27.65466014247901,-15.096491228070178,39.0,69128.87,45,Retail & Distribution,30.0,erratic_payer
INV701742,C1059,2025-11-11,56.07692307692308,40.0,39,27.622821052799438,-16.07692307692308,30.0,61666.31,45,Retail & Distribution,54.0,erratic_payer
INV701743,C1059,2025-11-17,56.025,41.0,40,27.268360081575526,-15.024999999999999,54.0,85348.53,45,Retail & Distribution,45.0,erratic_payer
INV701744,C1059,2025-11-20,55.75609756097561,43.0,41,26.980345149575903,-12.756097560975611,45.0,58921.9,45,Retail & Distribution,51.0,erratic_payer
INV701745,C1059,2025-11-29,55.642857142857146,50.0,42,26.659388524789527,-5.642857142857146,51.0,74107.11,45,Retail & Distribution,74.0,erratic_payer
INV701746,C1059,2025-12-05,56.06976744186046,56.666666666666664,43,26.48844793026109,0.5968992248062008,74.0,67996.32,45,Retail & Distribution,61.0,erratic_payer
INV701747,C1059,2025-12-18,56.18181818181818,62.0,44,26.18918001972777,5.81818181818182,61.0,71903.6,45,Retail & Distribution,56.0,erratic_payer
INV701748,C1059,2025-12-19,56.17777777777778,63.666666666666664,45,25.88987946255947,7.488888888888887,56.0,69276.54,45,Retail & Distribution,44.0,erratic_payer
INV701749,C1059,2025-12-24,55.91304347826087,53.666666666666664,46,25.66348559244483,-2.246376811594203,44.0,83750.46,45,Retail & Distribution,73.0,erratic_payer
INV701750,C1059,2026-01-04,56.276595744680854,57.666666666666664,47,25.50507377286159,1.39007092198581,73.0,54993.0,45,Retail & Distribution,40.0,erratic_payer
INV701751,C1059,2026-02-15,55.9375,52.333333333333336,48,25.341418665891617,-3.6041666666666643,40.0,87241.05,45,Retail & Distribution,57.0,erratic_payer
INV701752,C1059,2026-03-10,55.95918367346939,56.666666666666664,49,25.076515560441432,0.7074829931972744,57.0,71793.78,45,Retail & Distribution,47.0,erratic_payer
INV701753,C1059,2026-03-23,55.78,48.0,50,24.8516332153319,-7.780000000000001,47.0,51936.73,45,Retail & Distribution,48.0,erratic_payer
INV701754,C1059,2026-04-13,55.627450980392155,50.666666666666664,51,24.62597066863658,-4.96078431372549,48.0,31523.01,45,Retail & Distribution,61.0,erratic_payer
INV701755,C1059,2026-05-15,55.73076923076923,52.0,52,24.394724103841884,-3.7307692307692335,61.0,161076.17,45,Retail & Distribution,47.0,erratic_payer
INV701757,C1060,2024-04-04,,,0,,,,79032.25,45,Metal & Engineering,59.0,erratic_payer
INV701758,C1060,2024-05-03,59.0,59.0,1,,0.0,59.0,47702.77,45,Metal & Engineering,92.0,erratic_payer
INV701759,C1060,2024-06-11,75.5,75.5,2,23.33452377915607,0.0,92.0,163164.65,45,Metal & Engineering,43.0,erratic_payer
INV701760,C1060,2024-06-23,64.66666666666667,64.66666666666667,3,24.986663109213552,0.0,43.0,68769.56,45,Metal & Engineering,54.0,erratic_payer
INV701761,C1060,2024-07-21,62.0,63.0,4,21.08712087191295,1.0,54.0,136812.74,45,Metal & Engineering,46.0,erratic_payer
INV701762,C1060,2024-07-22,58.8,47.666666666666664,5,19.613770672667712,-11.133333333333333,46.0,131530.46,45,Metal & Engineering,33.0,erratic_payer
INV701763,C1060,2024-09-05,54.5,44.333333333333336,6,20.462160198766895,-10.166666666666664,33.0,202088.62,45,Metal & Engineering,45.0,erratic_payer
INV701764,C1060,2024-10-03,53.142857142857146,41.333333333333336,7,19.021291328653895,-11.80952380952381,45.0,126804.54,45,Metal & Engineering,53.0,erratic_payer
INV701765,C1060,2024-10-09,53.125,43.666666666666664,8,17.610366265356323,-9.458333333333336,53.0,142555.79,45,Metal & Engineering,63.0,erratic_payer
INV701766,C1060,2024-10-14,54.22222222222222,53.666666666666664,9,16.79864412518,-0.5555555555555571,63.0,54043.24,45,Metal & Engineering,32.0,erratic_payer
INV701767,C1060,2024-10-22,52.0,49.333333333333336,10,17.326921891156037,-2.6666666666666643,32.0,175006.72,45,Metal & Engineering,61.0,erratic_payer
INV701768,C1060,2024-12-06,52.81818181818182,52.0,11,16.66024118563823,-0.8181818181818201,61.0,150635.91,45,Metal & Engineering,29.0,erratic_payer
INV701769,C1060,2025-02-05,50.833333333333336,40.666666666666664,12,17.309132289229886,-10.166666666666671,29.0,21808.14,45,Metal & Engineering,46.0,erratic_payer
INV701770,C1060,2025-02-07,50.46153846153846,45.333333333333336,13,16.62636152126789,-5.128205128205124,46.0,73227.24,45,Metal & Engineering,58.0,erratic_payer
INV701771,C1060,2025-02-13,51.0,44.333333333333336,14,16.100644994246945,-6.666666666666664,58.0,163888.79,45,Metal & Engineering,45.0,erratic_payer
INV701772,C1060,2025-02-19,50.6,49.666666666666664,15,15.592122553208903,-0.9333333333333371,45.0,86137.06,45,Metal & Engineering,48.0,erratic_payer
INV701773,C1060,2025-02-24,50.4375,50.333333333333336,16,15.077438995620797,-0.1041666666666643,48.0,47535.45,45,Metal & Engineering,60.0,erratic_payer
INV701774,C1060,2025-02-26,51.0,51.0,17,14.781745499094482,0.0,60.0,111392.21,45,Metal & Engineering,72.0,erratic_payer
INV701775,C1060,2025-03-04,52.166666666666664,60.0,18,15.170598499186822,7.833333333333336,72.0,131351.74,45,Metal & Engineering,48.0,erratic_payer
INV701776,C1060,2025-03-06,51.94736842105263,60.0,19,14.774127852471345,8.05263157894737,48.0,163499.44,45,Metal & Engineering,48.0,erratic_payer
INV701777,C1060,2025-03-12,51.75,56.0,20,14.407143695878244,4.25,48.0,229341.45,45,Metal & Engineering,61.0,erratic_payer
INV701778,C1060,2025-03-13,52.19047619047619,52.333333333333336,21,14.186680540630523,0.1428571428571459,61.0,132358.24,45,Metal & Engineering,61.0,erratic_payer
INV701779,C1060,2025-04-11,52.59090909090909,56.666666666666664,22,13.971600756736061,4.075757575757571,61.0,64436.65,45,Metal & Engineering,72.0,erratic_payer
INV701780,C1060,2025-04-17,53.43478260869565,64.66666666666667,23,14.23767756519977,11.231884057971023,72.0,590086.12,45,Metal & Engineering,58.0,erratic_payer
INV701781,C1060,2025-05-23,53.625,63.666666666666664,24,13.955869888610529,10.041666666666664,58.0,102744.43,45,Metal & Engineering,37.0,erratic_payer
INV701782,C1060,2025-05-26,52.96,55.666666666666664,25,14.060820270050629,2.7066666666666634,37.0,99040.77,45,Metal & Engineering,92.0,erratic_payer
INV701783,C1060,2025-05-28,54.46153846153846,62.333333333333336,26,15.761296315292771,7.871794871794876,92.0,109359.76,45,Metal & Engineering,67.0,erratic_payer
INV701784,C1060,2025-07-04,54.925925925925924,65.33333333333333,27,15.642461752761605,10.407407407407405,67.0,165895.14,45,Metal & Engineering,47.0,erratic_payer
INV701785,C1060,2025-07-16,54.642857142857146,68.66666666666667,28,15.422960963048723,14.023809523809526,47.0,85743.48,45,Metal & Engineering,57.0,erratic_payer
INV701786,C1060,2025-08-22,54.724137931034484,57.0,29,15.151370875563272,2.275862068965516,57.0,163933.36,45,Metal & Engineering,62.0,erratic_payer
INV701787,C1060,2025-09-05,54.96666666666667,55.333333333333336,30,14.946994469730724,0.36666666666666714,62.0,148144.65,45,Metal & Engineering,58.0,erratic_payer
INV701788,C1060,2025-09-09,55.064516129032256,59.0,31,14.705861606563479,3.9354838709677438,58.0,102898.58,45,Metal & Engineering,58.0,erratic_payer
INV701789,C1060,2025-09-19,55.15625,59.333333333333336,32,14.476029965027948,4.177083333333336,58.0,180034.49,45,Metal & Engineering,49.0,erratic_payer
INV701790,C1060,2025-10-04,54.96969696969697,55.0,33,14.2882925162632,0.030303030303031164,49.0,65592.29,45,Metal & Engineering,53.0,erratic_payer
INV701791,C1060,2025-10-23,54.911764705882355,53.333333333333336,34,14.074192257480878,-1.5784313725490193,53.0,150670.79,45,Metal & Engineering,40.0,erratic_payer
INV701792,C1060,2025-10-23,54.48571428571429,47.333333333333336,35,14.09290899827333,-7.152380952380952,40.0,142901.47,45,Metal & Engineering,51.0,erratic_payer
INV701793,C1060,2025-10-29,54.388888888888886,48.0,36,13.902266573225239,-6.388888888888886,51.0,96755.16,45,Metal & Engineering,47.0,erratic_payer
INV701794,C1060,2025-12-03,54.189189189189186,46.0,37,13.761536247086655,-8.189189189189186,47.0,154209.16,45,Metal & Engineering,53.0,erratic_payer
INV701795,C1060,2025-12-18,54.1578947368421,50.333333333333336,38,13.575666457761988,-3.824561403508767,53.0,148181.72,45,Metal & Engineering,50.0,erratic_payer
INV701796,C1060,2026-01-16,54.05128205128205,50.0,39,13.412383747372225,-4.051282051282051,50.0,100885.67,45,Metal & Engineering,54.0,erratic_payer
INV701797,C1060,2026-01-19,54.05,52.333333333333336,40,13.23931596342829,-1.7166666666666615,54.0,152441.23,45,Metal & Engineering,148.0,erratic_payer
INV701798,C1060,2026-01-22,56.34146341463415,84.0,41,19.651475461269516,27.65853658536585,148.0,106282.64,45,Metal & Engineering,65.0,erratic_payer
INV701799,C1060,2026-02-28,56.54761904761905,89.0,42,19.45627039304895,32.45238095238095,65.0,91605.78,45,Metal & Engineering,54.0,erratic_payer
INV701800,C1060,2026-03-13,56.48837209302326,89.0,43,19.2271783000538,32.51162790697674,54.0,165859.4,45,Metal & Engineering,50.0,erratic_payer
INV701801,C1060,2026-03-20,56.34090909090909,56.333333333333336,44,19.02745040518503,-0.007575757575757791,50.0,160871.29,45,Metal & Engineering,54.0,erratic_payer
INV701802,C1060,2026-03-28,56.28888888888889,52.666666666666664,45,18.813223374461213,-3.622222222222227,54.0,176268.87,45,Metal & Engineering,128.0,erratic_payer
INV701803,C1060,2026-04-20,57.84782608695652,77.33333333333333,46,21.39778533847146,19.485507246376805,128.0,184974.84,45,Metal & Engineering,54.0,erratic_payer
INV701804,C1060,2026-06-15,57.765957446808514,78.66666666666667,47,21.1713637255173,20.900709219858157,54.0,58424.57,45,Metal & Engineering,54.0,erratic_payer
INV701805,C1060,2026-06-17,57.6875,78.66666666666667,48,20.951977766798663,20.97916666666667,54.0,128161.65,45,Metal & Engineering,32.0,erratic_payer
INV701807,C1061,2024-03-05,,,0,,,,117910.49,45,FMCG & Food Processing,63.0,seasonal_payer
INV701808,C1061,2024-04-28,63.0,63.0,1,,0.0,63.0,29398.53,45,FMCG & Food Processing,49.0,seasonal_payer
INV701809,C1061,2024-05-18,56.0,56.0,2,9.899494936611665,0.0,49.0,3602.17,45,FMCG & Food Processing,48.0,seasonal_payer
INV701810,C1061,2024-07-10,53.333333333333336,53.333333333333336,3,8.386497083606084,0.0,48.0,41094.54,45,FMCG & Food Processing,45.0,seasonal_payer
INV701811,C1061,2024-08-15,51.25,47.333333333333336,4,8.0156097709407,-3.9166666666666643,45.0,31168.7,45,FMCG & Food Processing,40.0,seasonal_payer
INV701812,C1061,2024-09-24,49.0,44.333333333333336,5,8.573214099741124,-4.666666666666664,40.0,33427.48,45,FMCG & Food Processing,54.0,seasonal_payer
INV701813,C1061,2024-11-12,49.833333333333336,46.333333333333336,6,7.935153852740768,-3.5,54.0,42379.82,45,FMCG & Food Processing,51.0,seasonal_payer
INV701814,C1061,2024-11-22,50.0,48.333333333333336,7,7.2571803523590805,-1.6666666666666643,51.0,12263.25,45,FMCG & Food Processing,43.0,seasonal_payer
INV701815,C1061,2024-11-24,49.125,49.333333333333336,8,7.160157619972981,0.2083333333333357,43.0,19642.15,45,FMCG & Food Processing,54.0,seasonal_payer
INV701816,C1061,2025-01-02,49.666666666666664,49.333333333333336,9,6.892024376045111,-0.3333333333333286,54.0,29647.0,45,FMCG & Food Processing,60.0,seasonal_payer
INV701817,C1061,2025-01-14,50.7,52.333333333333336,10,7.273238618387273,1.6333333333333329,60.0,16606.99,45,FMCG & Food Processing,61.0,seasonal_payer
INV701818,C1061,2025-02-15,51.63636363636363,58.333333333333336,11,7.566673341340002,6.696969696969703,61.0,6309.88,45,FMCG & Food Processing,59.0,seasonal_payer
INV701819,C1061,2025-03-25,52.25,60.0,12,7.521182208814106,7.75,59.0,20420.74,45,FMCG & Food Processing,58.0,seasonal_payer
INV701820,C1061,2025-04-12,52.69230769230769,59.333333333333336,13,7.375461741303789,6.641025641025642,58.0,29588.22,45,FMCG & Food Processing,44.0,seasonal_payer
INV701821,C1061,2025-04-24,52.07142857142857,53.666666666666664,14,7.457203906954008,1.595238095238095,44.0,35107.49,45,FMCG & Food Processing,44.0,seasonal_payer
INV701822,C1061,2025-06-18,51.53333333333333,48.666666666666664,15,7.482041992728481,-2.866666666666667,44.0,26657.81,45,FMCG & Food Processing,44.0,seasonal_payer
INV701823,C1061,2025-10-29,51.0625,44.0,16,7.469660857986348,-7.0625,44.0,3000.0,45,FMCG & Food Processing,64.0,seasonal_payer
INV701824,C1061,2025-11-01,51.8235294117647,50.666666666666664,17,7.883806933500204,-1.1568627450980387,64.0,26311.65,45,FMCG & Food Processing,43.0,seasonal_payer
INV701825,C1061,2026-01-08,51.333333333333336,50.333333333333336,18,7.926129535388928,-1.0,43.0,23403.48,45,FMCG & Food Processing,60.0,seasonal_payer
INV701826,C1061,2026-01-25,51.78947368421053,55.666666666666664,19,7.955284388857657,3.877192982456137,60.0,15429.14,45,FMCG & Food Processing,51.0,seasonal_payer
INV701827,C1061,2026-06-09,51.75,51.333333333333336,20,7.745117307392004,-0.4166666666666643,51.0,8627.7,45,FMCG & Food Processing,43.0,seasonal_payer
INV701828,C1061,2026-06-27,51.333333333333336,51.333333333333336,21,7.7867408672263725,0.0,43.0,30963.18,45,FMCG & Food Processing,44.0,seasonal_payer
INV701831,C1062,2024-03-03,,,0,,,,128877.03,45,FMCG & Food Processing,38.0,prompt_payer
INV701832,C1062,2024-06-05,38.0,38.0,1,,0.0,38.0,265525.97,45,FMCG & Food Processing,46.0,prompt_payer
INV701833,C1062,2024-06-12,42.0,42.0,2,5.656854249492381,0.0,46.0,306742.37,45,FMCG & Food Processing,41.0,prompt_payer
INV701834,C1062,2024-07-13,41.666666666666664,41.666666666666664,3,4.041451884327381,0.0,41.0,191386.76,45,FMCG & Food Processing,44.0,prompt_payer
INV701835,C1062,2024-09-11,42.25,43.666666666666664,4,3.5,1.4166666666666643,44.0,240861.16,45,FMCG & Food Processing,41.0,prompt_payer
INV701836,C1062,2024-10-05,42.0,42.0,5,3.082207001484488,0.0,41.0,220431.35,45,FMCG & Food Processing,44.0,prompt_payer
INV701837,C1062,2024-10-11,42.333333333333336,43.0,6,2.875181153713043,0.6666666666666643,44.0,526655.49,45,FMCG & Food Processing,41.0,prompt_payer
INV701838,C1062,2024-12-31,42.142857142857146,42.0,7,2.6726124191242437,-0.1428571428571459,41.0,410990.66,45,FMCG & Food Processing,44.0,prompt_payer
INV701839,C1062,2025-01-23,42.375,43.0,8,2.559994419636775,0.625,44.0,374156.12,45,FMCG & Food Processing,42.0,prompt_payer
INV701840,C1062,2025-02-08,42.333333333333336,42.333333333333336,9,2.3979157616563596,0.0,42.0,440687.38,45,FMCG & Food Processing,43.0,prompt_payer
INV701841,C1062,2025-03-10,42.4,43.0,10,2.2705848487901865,0.6000000000000014,43.0,255189.75,45,FMCG & Food Processing,43.0,prompt_payer
INV701842,C1062,2025-03-18,42.45454545454545,42.666666666666664,11,2.161649202050895,0.21212121212121104,43.0,382951.17,45,FMCG & Food Processing,42.0,prompt_payer
INV701843,C1062,2025-04-04,42.416666666666664,42.666666666666664,12,2.0652243256245835,0.25,42.0,456025.44,45,FMCG & Food Processing,42.0,prompt_payer
INV701844,C1062,2025-05-09,42.38461538461539,42.333333333333336,13,1.9806758753205742,-0.0512820512820511,42.0,332235.38,45,FMCG & Food Processing,47.0,prompt_payer
INV701845,C1062,2025-05-31,42.714285714285715,43.666666666666664,14,2.267786838055363,0.952380952380949,47.0,292243.36,45,FMCG & Food Processing,41.0,prompt_payer
INV701846,C1062,2025-06-04,42.6,43.333333333333336,15,2.229670058871619,0.7333333333333343,41.0,368382.96,45,FMCG & Food Processing,45.0,prompt_payer
INV701847,C1062,2025-06-11,42.75,44.333333333333336,16,2.2360679774997894,1.5833333333333357,45.0,228257.08,45,FMCG & Food Processing,49.0,prompt_payer
INV701848,C1062,2025-07-02,43.11764705882353,45.0,17,2.6429706993546214,1.882352941176471,49.0,3000.0,45,FMCG & Food Processing,39.0,prompt_payer
INV701849,C1062,2025-09-14,42.888888888888886,44.333333333333336,18,2.7415944027665806,1.44444444444445,39.0,277360.79,45,FMCG & Food Processing,39.0,prompt_payer
INV701850,C1062,2026-03-08,42.68421052631579,42.333333333333336,19,2.8097574347450816,-0.3508771929824519,39.0,466010.11,45,FMCG & Food Processing,41.0,prompt_payer
INV701851,C1062,2026-04-03,42.6,39.666666666666664,20,2.760625405877977,-2.933333333333337,41.0,375008.36,45,FMCG & Food Processing,43.0,prompt_payer
INV701852,C1062,2026-04-11,42.61904761904762,41.0,21,2.6921402355039095,-1.6190476190476204,43.0,120427.72,45,FMCG & Food Processing,47.0,prompt_payer
INV701853,C1062,2026-05-24,42.81818181818182,43.666666666666664,22,2.7883492921246025,0.8484848484848442,47.0,314755.19,45,FMCG & Food Processing,44.0,prompt_payer
INV701854,C1062,2026-06-17,42.869565217391305,44.666666666666664,23,2.735363492981358,1.7971014492753596,44.0,272763.08,45,FMCG & Food Processing,42.0,prompt_payer
INV701857,C1063,2024-04-19,,,0,,,,359628.36,30,Pharma & Healthcare,28.0,cold_start
INV701858,C1063,2025-10-12,28.0,28.0,1,,0.0,28.0,206787.98,30,Pharma & Healthcare,37.0,cold_start
INV701859,C1064,2024-04-14,,,0,,,,75421.15,30,Textiles & Apparel,41.0,erratic_payer
INV701860,C1064,2024-09-02,41.0,41.0,1,,0.0,41.0,49307.01,30,Textiles & Apparel,12.0,erratic_payer
INV701861,C1064,2024-09-04,26.5,26.5,2,20.506096654409877,0.0,12.0,67303.98,30,Textiles & Apparel,40.0,erratic_payer
INV701862,C1064,2024-09-13,31.0,31.0,3,16.46207763315433,0.0,40.0,61549.73,30,Textiles & Apparel,56.0,erratic_payer
INV701863,C1064,2024-12-01,37.25,36.0,4,18.35528988239267,-1.25,56.0,93497.39,30,Textiles & Apparel,41.0,erratic_payer
INV701864,C1064,2025-01-07,38.0,45.666666666666664,5,15.98436736314578,7.666666666666664,41.0,56104.37,30,Textiles & Apparel,62.0,erratic_payer
INV701865,C1064,2025-02-10,42.0,53.0,6,17.332051234634633,11.0,62.0,38831.69,30,Textiles & Apparel,30.0,erratic_payer
INV701866,C1064,2025-04-30,40.285714285714285,44.333333333333336,7,16.45918472782786,4.047619047619051,30.0,91510.57,30,Textiles & Apparel,56.0,erratic_payer
INV701867,C1064,2025-05-16,42.25,49.333333333333336,8,16.219476827919838,7.083333333333336,56.0,60585.5,30,Textiles & Apparel,99.0,erratic_payer
INV701868,C1064,2025-06-04,48.55555555555556,61.666666666666664,9,24.249284067324087,13.111111111111107,99.0,38963.49,30,Textiles & Apparel,40.0,erratic_payer
INV701869,C1064,2025-06-16,47.7,65.0,10,23.02197018309057,17.299999999999997,40.0,73494.07,30,Textiles & Apparel,46.0,erratic_payer
INV701870,C1064,2025-07-15,47.54545454545455,61.666666666666664,11,21.846572437632574,14.121212121212118,46.0,94499.17,30,Textiles & Apparel,49.0,erratic_payer
INV701871,C1064,2025-08-31,47.666666666666664,45.0,12,20.834121197223705,-2.6666666666666643,49.0,65687.1,30,Textiles & Apparel,27.0,erratic_payer
INV701872,C1064,2026-04-12,46.07692307692308,40.666666666666664,13,20.754363149554596,-5.410256410256416,27.0,42308.68,30,Textiles & Apparel,53.0,erratic_payer
INV701873,C1064,2026-06-20,46.57142857142857,43.0,14,20.02580752511536,-3.5714285714285694,53.0,92645.96,30,Textiles & Apparel,37.0,erratic_payer
INV701874,C1065,2024-04-24,,,0,,,,203244.31,60,Chemicals & Plastics,66.0,deteriorating_payer
INV701875,C1065,2024-06-11,66.0,66.0,1,,0.0,66.0,450417.04,60,Chemicals & Plastics,60.0,deteriorating_payer
INV701876,C1065,2024-09-09,63.0,63.0,2,4.242640687119285,0.0,60.0,188816.53,60,Chemicals & Plastics,72.0,deteriorating_payer
INV701877,C1065,2024-09-30,66.0,66.0,3,6.0,0.0,72.0,284410.43,60,Chemicals & Plastics,71.0,deteriorating_payer
INV701878,C1065,2024-10-30,67.25,67.66666666666667,4,5.5,0.4166666666666714,71.0,152716.85,60,Chemicals & Plastics,73.0,deteriorating_payer
INV701879,C1065,2024-12-30,68.4,72.0,5,5.4129474410897425,3.5999999999999943,73.0,2469336.85,60,Chemicals & Plastics,66.0,deteriorating_payer
INV701880,C1065,2025-03-15,68.0,70.0,6,4.9396356140913875,2.0,66.0,293433.38,60,Chemicals & Plastics,78.0,deteriorating_payer
INV701881,C1065,2025-04-16,69.42857142857143,72.33333333333333,7,5.883795341363227,2.904761904761898,78.0,245707.11,60,Chemicals & Plastics,93.0,deteriorating_payer
INV701882,C1065,2025-05-16,72.375,79.0,8,9.956153875869937,6.625,93.0,258858.55,60,Chemicals & Plastics,92.0,deteriorating_payer
INV701883,C1065,2025-08-18,74.55555555555556,87.66666666666667,9,11.381027096786026,13.111111111111114,92.0,554198.54,60,Chemicals & Plastics,86.0,deteriorating_payer
INV701884,C1065,2025-10-24,75.7,90.33333333333333,10,11.32401577768829,14.633333333333326,86.0,378425.4,60,Chemicals & Plastics,77.0,deteriorating_payer
INV701885,C1065,2025-11-09,75.81818181818181,85.0,11,10.750052853992688,9.181818181818187,77.0,231980.73,60,Chemicals & Plastics,98.0,deteriorating_payer
INV701886,C1065,2026-01-12,77.66666666666667,87.0,12,12.08555361001746,9.333333333333329,98.0,260819.85,60,Chemicals & Plastics,78.0,deteriorating_payer
INV701887,C1065,2026-02-03,77.6923076923077,84.33333333333333,13,11.571405960272758,6.641025641025635,78.0,323439.98,60,Chemicals & Plastics,109.0,deteriorating_payer
INV701888,C1065,2026-04-10,79.92857142857143,95.0,14,13.91437710103798,15.07142857142857,109.0,284382.87,60,Chemicals & Plastics,95.0,deteriorating_payer
INV701892,C1066,2024-04-06,,,0,,,,29092.19,45,Textiles & Apparel,42.0,average_payer
INV701893,C1066,2024-06-20,42.0,42.0,1,,0.0,42.0,13463.84,45,Textiles & Apparel,62.0,average_payer
INV701894,C1066,2024-08-07,52.0,52.0,2,14.142135623730951,0.0,62.0,43657.66,45,Textiles & Apparel,50.0,average_payer
INV701895,C1066,2024-09-30,51.333333333333336,51.333333333333336,3,10.066445913694334,0.0,50.0,39838.0,45,Textiles & Apparel,48.0,average_payer
INV701896,C1066,2024-11-02,50.5,53.333333333333336,4,8.386497083606084,2.8333333333333357,48.0,12700.24,45,Textiles & Apparel,47.0,average_payer
INV701897,C1066,2024-12-07,49.8,48.333333333333336,5,7.429670248402684,-1.4666666666666615,47.0,28473.14,45,Textiles & Apparel,53.0,average_payer
INV701898,C1066,2024-12-07,50.333333333333336,49.333333333333336,6,6.772493386240157,-1.0,53.0,21275.58,45,Textiles & Apparel,58.0,average_payer
INV701899,C1066,2024-12-10,51.42857142857143,52.666666666666664,7,6.8278142636606365,1.2380952380952337,58.0,16992.22,45,Textiles & Apparel,43.0,average_payer
INV701900,C1066,2024-12-14,50.375,51.333333333333336,8,6.988510979764267,0.9583333333333357,43.0,27251.16,45,Textiles & Apparel,50.0,average_payer
INV701901,C1066,2025-01-01,50.333333333333336,50.333333333333336,9,6.5383484153110105,0.0,50.0,27859.95,45,Textiles & Apparel,43.0,average_payer
INV701902,C1066,2025-04-07,49.6,45.333333333333336,10,6.586180818788516,-4.266666666666666,43.0,30513.84,45,Textiles & Apparel,51.0,average_payer
INV701903,C1066,2025-04-12,49.72727272727273,48.0,11,6.262442160865185,-1.7272727272727266,51.0,149621.91,45,Textiles & Apparel,52.0,average_payer
INV701904,C1066,2025-05-11,49.916666666666664,48.666666666666664,12,6.006940430313366,-1.25,52.0,18243.62,45,Textiles & Apparel,34.0,average_payer
INV701905,C1066,2025-06-14,48.69230769230769,45.666666666666664,13,7.250110520819841,-3.025641025641029,34.0,22870.88,45,Textiles & Apparel,50.0,average_payer
INV701906,C1066,2025-09-27,48.785714285714285,45.333333333333336,14,6.9744431421337945,-3.452380952380949,50.0,19790.49,45,Textiles & Apparel,53.0,average_payer
INV701907,C1066,2025-11-11,49.06666666666667,45.666666666666664,15,6.80825829066296,-3.4000000000000057,53.0,34640.6,45,Textiles & Apparel,46.0,average_payer
INV701908,C1066,2025-11-19,48.875,49.666666666666664,16,6.62193325245732,0.7916666666666643,46.0,27682.75,45,Textiles & Apparel,57.0,average_payer
INV701909,C1066,2026-01-28,49.35294117647059,52.0,17,6.707655854232797,2.647058823529413,57.0,27624.03,45,Textiles & Apparel,65.0,average_payer
INV701910,C1067,2024-02-24,,,0,,,,96854.56,30,Pharma & Healthcare,48.0,chronic_late_payer
INV701911,C1067,2024-02-28,48.0,48.0,1,,0.0,48.0,347254.34,30,Pharma & Healthcare,56.0,chronic_late_payer
INV701912,C1067,2024-03-09,52.0,52.0,2,5.656854249492381,0.0,56.0,148676.24,30,Pharma & Healthcare,54.0,chronic_late_payer
INV701913,C1067,2024-03-10,52.666666666666664,52.666666666666664,3,4.163331998932266,0.0,54.0,168396.28,30,Pharma & Healthcare,58.0,chronic_late_payer
INV701914,C1067,2024-04-23,54.0,56.0,4,4.320493798938574,2.0,58.0,257389.74,30,Pharma & Healthcare,58.0,chronic_late_payer
INV701915,C1067,2024-05-18,54.8,56.666666666666664,5,4.147288270665545,1.8666666666666671,58.0,129481.81,30,Pharma & Healthcare,54.0,chronic_late_payer
INV701916,C1067,2024-06-06,54.666666666666664,56.666666666666664,6,3.7237973450050514,2.0,54.0,52211.18,30,Pharma & Healthcare,57.0,chronic_late_payer
INV701917,C1067,2024-07-18,55.0,56.333333333333336,7,3.511884584284247,1.3333333333333357,57.0,91550.8,30,Pharma & Healthcare,54.0,chronic_late_payer
INV701918,C1067,2024-09-13,54.875,55.0,8,3.270539492412311,0.125,54.0,153339.96,30,Pharma & Healthcare,59.0,chronic_late_payer
INV701919,C1067,2024-10-20,55.333333333333336,56.666666666666664,9,3.3541019662496847,1.3333333333333286,59.0,114581.07,30,Pharma & Healthcare,53.0,chronic_late_payer
INV701920,C1067,2024-10-26,55.1,55.333333333333336,10,3.2472210341220147,0.23333333333333428,53.0,142834.87,30,Pharma & Healthcare,48.0,chronic_late_payer
INV701921,C1067,2025-01-10,54.45454545454545,53.333333333333336,11,3.751363388519869,-1.1212121212121176,48.0,69671.06,30,Pharma & Healthcare,59.0,chronic_late_payer
INV701922,C1067,2025-01-26,54.833333333333336,53.333333333333336,12,3.8098755248894314,-1.5,59.0,86709.65,30,Pharma & Healthcare,58.0,chronic_late_payer
INV701923,C1067,2025-02-13,55.07692307692308,55.0,13,3.751922584079139,-0.0769230769230802,58.0,136666.36,30,Pharma & Healthcare,50.0,chronic_late_payer
INV701924,C1067,2025-03-25,54.714285714285715,55.666666666666664,14,3.8516444325982166,0.952380952380949,50.0,96528.64,30,Pharma & Healthcare,57.0,chronic_late_payer
INV701925,C1067,2025-04-16,54.86666666666667,55.0,15,3.7581657126595056,0.13333333333333286,57.0,93388.71,30,Pharma & Healthcare,49.0,chronic_late_payer
INV701926,C1067,2025-04-18,54.5,52.0,16,3.9157800414902435,-2.5,49.0,54139.12,30,Pharma & Healthcare,62.0,chronic_late_payer
INV701927,C1067,2025-04-22,54.94117647058823,56.0,17,4.205213850615896,1.058823529411768,62.0,129104.54,30,Pharma & Healthcare,55.0,chronic_late_payer
INV701928,C1067,2025-06-01,54.94444444444444,55.333333333333336,18,4.079680238655134,0.38888888888889284,55.0,98553.89,30,Pharma & Healthcare,52.0,chronic_late_payer
INV701929,C1067,2025-06-14,54.78947368421053,56.333333333333336,19,4.021870037245265,1.5438596491228083,52.0,157379.46,30,Pharma & Healthcare,53.0,chronic_late_payer
INV701930,C1067,2025-07-04,54.7,53.333333333333336,20,3.934998160903737,-1.3666666666666671,53.0,170343.36,30,Pharma & Healthcare,55.0,chronic_late_payer
INV701931,C1067,2025-09-04,54.714285714285715,53.333333333333336,21,3.8359204520278727,-1.3809523809523796,55.0,62369.61,30,Pharma & Healthcare,55.0,chronic_late_payer
INV701932,C1067,2025-09-05,54.72727272727273,54.333333333333336,22,3.7439706218553614,-0.3939393939393909,55.0,105633.86,30,Pharma & Healthcare,53.0,chronic_late_payer
INV701933,C1067,2025-10-30,54.65217391304348,54.333333333333336,23,3.6755790595394497,-0.318840579710141,53.0,80058.46,30,Pharma & Healthcare,50.0,chronic_late_payer
INV701934,C1067,2025-11-08,54.458333333333336,52.666666666666664,24,3.7181010425106584,-1.7916666666666714,50.0,98564.66,30,Pharma & Healthcare,47.0,chronic_late_payer
INV701935,C1067,2025-11-12,54.16,50.0,25,3.93361580906592,-4.159999999999997,47.0,74739.62,30,Pharma & Healthcare,49.0,chronic_late_payer
INV701936,C1067,2025-11-17,53.96153846153846,48.666666666666664,26,3.9847787314305845,-5.294871794871796,49.0,116724.82,30,Pharma & Healthcare,50.0,chronic_late_payer
INV701937,C1067,2025-12-16,53.81481481481482,48.666666666666664,27,3.9810806132258674,-5.148148148148152,50.0,64815.16,30,Pharma & Healthcare,53.0,chronic_late_payer
INV701938,C1067,2026-01-17,53.785714285714285,50.666666666666664,28,3.909694909544003,-3.1190476190476204,53.0,158417.89,30,Pharma & Healthcare,59.0,chronic_late_payer
INV701939,C1067,2026-01-22,53.96551724137931,54.0,29,3.9594620722363074,0.03448275862069039,59.0,163538.82,30,Pharma & Healthcare,49.0,chronic_late_payer
INV701940,C1067,2026-03-26,53.8,53.666666666666664,30,3.9948242376423986,-0.13333333333333286,49.0,86206.32,30,Pharma & Healthcare,52.0,chronic_late_payer
INV701941,C1067,2026-04-18,53.74193548387097,53.333333333333336,31,3.9409621662354133,-0.40860215053763227,52.0,94452.76,30,Pharma & Healthcare,55.0,chronic_late_payer
INV701942,C1067,2026-05-06,53.78125,52.0,32,3.883250841340821,-1.78125,55.0,99398.05,30,Pharma & Healthcare,55.0,chronic_late_payer
INV701949,C1068,2024-11-15,,,0,,,,51345.76,30,Retail & Distribution,34.0,average_payer
INV701950,C1068,2025-02-07,34.0,34.0,1,,0.0,34.0,57322.32,30,Retail & Distribution,38.0,average_payer
INV701951,C1068,2025-02-20,36.0,36.0,2,2.8284271247461903,0.0,38.0,39366.23,30,Retail & Distribution,27.0,average_payer
INV701952,C1068,2025-06-04,33.0,33.0,3,5.5677643628300215,0.0,27.0,44759.2,30,Retail & Distribution,31.0,average_payer
INV701953,C1068,2025-06-11,32.5,32.0,4,4.654746681256314,-0.5,31.0,43320.6,30,Retail & Distribution,41.0,average_payer
INV701954,C1068,2025-12-12,34.2,33.0,5,5.540758070878027,-1.2000000000000028,41.0,89682.95,30,Retail & Distribution,29.0,average_payer
INV701955,C1068,2026-03-02,33.333333333333336,33.666666666666664,6,5.391351098441528,0.3333333333333286,29.0,60352.55,30,Retail & Distribution,25.0,average_payer
INV701956,C1068,2026-03-26,32.142857142857146,31.666666666666668,7,5.843188953205018,-0.47619047619047805,25.0,36563.19,30,Retail & Distribution,23.0,average_payer
INV701957,C1068,2026-05-13,31.0,25.666666666666668,8,6.301927142889366,-5.333333333333332,23.0,50283.69,30,Retail & Distribution,33.0,average_payer
INV701959,C1069,2024-02-19,,,0,,,,61589.4,45,Textiles & Apparel,45.0,prompt_payer
INV701960,C1069,2024-02-23,45.0,45.0,1,,0.0,45.0,59186.14,45,Textiles & Apparel,48.0,prompt_payer
INV701961,C1069,2024-02-24,46.5,46.5,2,2.1213203435596424,0.0,48.0,66465.18,45,Textiles & Apparel,44.0,prompt_payer
INV701962,C1069,2024-03-11,45.666666666666664,45.666666666666664,3,2.081665999466132,0.0,44.0,61228.07,45,Textiles & Apparel,47.0,prompt_payer
INV701963,C1069,2024-04-16,46.0,46.333333333333336,4,1.8257418583505534,0.3333333333333357,47.0,59789.46,45,Textiles & Apparel,48.0,prompt_payer
INV701964,C1069,2024-04-17,46.4,46.333333333333336,5,1.816590212458495,-0.06666666666666288,48.0,82739.68,45,Textiles & Apparel,47.0,prompt_payer
INV701965,C1069,2024-05-28,46.5,47.333333333333336,6,1.6431676725154984,0.8333333333333357,47.0,67981.45,45,Textiles & Apparel,50.0,prompt_payer
INV701966,C1069,2024-06-28,47.0,48.333333333333336,7,2.0,1.3333333333333357,50.0,99540.35,45,Textiles & Apparel,42.0,prompt_payer
INV701967,C1069,2024-07-12,46.375,46.333333333333336,8,2.559994419636775,-0.0416666666666643,42.0,98324.68,45,Textiles & Apparel,50.0,prompt_payer
INV701968,C1069,2024-08-26,46.77777777777778,47.333333333333336,9,2.6822461565718467,0.5555555555555571,50.0,66909.88,45,Textiles & Apparel,48.0,prompt_payer
INV701969,C1069,2024-10-24,46.9,46.666666666666664,10,2.558211180579986,-0.23333333333333428,48.0,90630.95,45,Textiles & Apparel,45.0,prompt_payer
INV701970,C1069,2024-11-13,46.72727272727273,47.666666666666664,11,2.4936282437809005,0.9393939393939377,45.0,32346.81,45,Textiles & Apparel,44.0,prompt_payer
INV701971,C1069,2024-11-15,46.5,45.666666666666664,12,2.5045413298101655,-0.8333333333333357,44.0,86811.85,45,Textiles & Apparel,45.0,prompt_payer
INV701972,C1069,2024-12-26,46.38461538461539,44.666666666666664,13,2.433737233777904,-1.7179487179487225,45.0,71973.21,45,Textiles & Apparel,46.0,prompt_payer
INV701973,C1069,2025-01-16,46.357142857142854,45.0,14,2.3405174594567715,-1.357142857142854,46.0,59120.96,45,Textiles & Apparel,43.0,prompt_payer
INV701974,C1069,2025-02-28,46.13333333333333,44.666666666666664,15,2.4162150645369382,-1.4666666666666686,43.0,64275.45,45,Textiles & Apparel,44.0,prompt_payer
INV701975,C1069,2025-03-11,46.0,44.333333333333336,16,2.3944379994757305,-1.6666666666666643,44.0,40805.2,45,Textiles & Apparel,41.0,prompt_payer
INV701976,C1069,2025-03-22,45.705882352941174,42.666666666666664,17,2.6164075055874085,-3.0392156862745097,41.0,73421.57,45,Textiles & Apparel,43.0,prompt_payer
INV701977,C1069,2025-04-14,45.55555555555556,42.666666666666664,18,2.6171880334844855,-2.888888888888893,43.0,75650.82,45,Textiles & Apparel,49.0,prompt_payer
INV701978,C1069,2025-04-21,45.73684210526316,44.333333333333336,19,2.6633751616064147,-1.4035087719298218,49.0,42202.56,45,Textiles & Apparel,42.0,prompt_payer
INV701979,C1069,2025-06-01,45.55,44.666666666666664,20,2.723677854048012,-0.8833333333333329,42.0,364810.23,45,Textiles & Apparel,46.0,prompt_payer
INV701980,C1069,2025-07-15,45.57142857142857,45.666666666666664,21,2.6565283467606484,0.0952380952380949,46.0,46971.05,45,Textiles & Apparel,44.0,prompt_payer
INV701981,C1069,2025-07-28,45.5,44.0,22,2.6140645235596884,-1.5,44.0,73880.39,45,Textiles & Apparel,45.0,prompt_payer
INV701982,C1069,2025-08-05,45.47826086956522,45.0,23,2.5560901466780606,-0.4782608695652186,45.0,307527.16,45,Textiles & Apparel,46.0,prompt_payer
INV701983,C1069,2025-08-31,45.5,45.0,24,2.502172968684898,-0.5,46.0,50942.79,45,Textiles & Apparel,41.0,prompt_payer
INV701984,C1069,2025-09-03,45.32,44.0,25,2.6095976701399786,-1.3200000000000003,41.0,32298.66,45,Textiles & Apparel,49.0,prompt_payer
INV701985,C1069,2025-10-15,45.46153846153846,45.333333333333336,26,2.6567765315249123,-0.1282051282051242,49.0,55273.2,45,Textiles & Apparel,40.0,prompt_payer
INV701986,C1069,2025-10-15,45.25925925925926,43.333333333333336,27,2.809223716925709,-1.9259259259259238,40.0,29734.1,45,Textiles & Apparel,49.0,prompt_payer
INV701987,C1069,2025-10-18,45.392857142857146,46.0,28,2.845910460504046,0.6071428571428541,49.0,21351.35,45,Textiles & Apparel,46.0,prompt_payer
INV701988,C1069,2025-12-06,45.41379310344828,45.0,29,2.796901875025681,-0.4137931034482776,46.0,42678.96,45,Textiles & Apparel,42.0,prompt_payer
INV701989,C1069,2025-12-09,45.3,45.666666666666664,30,2.818045299555142,0.36666666666666714,42.0,34471.64,45,Textiles & Apparel,45.0,prompt_payer
INV701990,C1069,2026-01-02,45.29032258064516,44.333333333333336,31,2.7712036901810597,-0.9569892473118244,45.0,51360.04,45,Textiles & Apparel,43.0,prompt_payer
INV701991,C1069,2026-01-08,45.21875,43.333333333333336,32,2.7560417502338863,-1.8854166666666643,43.0,64241.1,45,Textiles & Apparel,45.0,prompt_payer
INV701992,C1069,2026-02-24,45.21212121212121,44.333333333333336,33,2.7129040684934824,-0.8787878787878753,45.0,38304.26,45,Textiles & Apparel,44.0,prompt_payer
INV701993,C1069,2026-04-08,45.1764705882353,44.0,34,2.6795588537339294,-1.176470588235297,44.0,51201.49,45,Textiles & Apparel,45.0,prompt_payer
INV701994,C1069,2026-05-18,45.17142857142857,44.666666666666664,35,2.6400280110558807,-0.5047619047619065,45.0,55074.63,45,Textiles & Apparel,51.0,prompt_payer
INV701995,C1069,2026-06-04,45.333333333333336,46.666666666666664,36,2.777460299317655,1.3333333333333286,51.0,54642.55,45,Textiles & Apparel,45.0,prompt_payer
INV701996,C1069,2026-06-16,45.32432432432432,47.0,37,2.739161003483185,1.6756756756756772,45.0,42205.69,45,Textiles & Apparel,46.0,prompt_payer
INV701999,C1070,2024-03-27,,,0,,,,1360551.83,30,Retail & Distribution,34.0,deteriorating_payer
INV702000,C1070,2024-03-29,34.0,34.0,1,,0.0,34.0,1252079.72,30,Retail & Distribution,34.0,deteriorating_payer
INV702001,C1070,2024-04-21,34.0,34.0,2,0.0,0.0,34.0,582500.2,30,Retail & Distribution,34.0,deteriorating_payer
INV702002,C1070,2024-04-27,34.0,34.0,3,0.0,0.0,34.0,726298.88,30,Retail & Distribution,41.0,deteriorating_payer
INV702003,C1070,2024-05-18,35.75,36.333333333333336,4,3.5,0.5833333333333357,41.0,594542.47,30,Retail & Distribution,41.0,deteriorating_payer
INV702004,C1070,2024-05-22,36.8,38.666666666666664,5,3.834057902536163,1.8666666666666671,41.0,1035598.36,30,Retail & Distribution,38.0,deteriorating_payer
INV702005,C1070,2024-07-26,37.0,40.0,6,3.4641016151377553,3.0,38.0,787796.68,30,Retail & Distribution,29.0,deteriorating_payer
INV702006,C1070,2024-07-26,35.857142857142854,36.0,7,4.375255094603872,0.1428571428571459,29.0,323366.85,30,Retail & Distribution,33.0,deteriorating_payer
INV702007,C1070,2024-08-04,35.5,33.333333333333336,8,4.174754056057845,-2.1666666666666643,33.0,798050.52,30,Retail & Distribution,44.0,deteriorating_payer
INV702008,C1070,2024-08-10,36.44444444444444,35.333333333333336,9,4.824704942043376,-1.1111111111111072,44.0,435934.6,30,Retail & Distribution,46.0,deteriorating_payer
INV702009,C1070,2024-08-24,37.4,41.0,10,5.460972644339305,3.6000000000000014,46.0,606790.97,30,Retail & Distribution,38.0,deteriorating_payer
INV702010,C1070,2024-09-04,37.45454545454545,42.666666666666664,11,5.1838911324146535,5.212121212121211,38.0,916198.83,30,Retail & Distribution,42.0,deteriorating_payer
INV702011,C1070,2024-09-13,37.833333333333336,42.0,12,5.113855214172099,4.166666666666664,42.0,589457.14,30,Retail & Distribution,39.0,deteriorating_payer
INV702012,C1070,2024-09-20,37.92307692307692,39.666666666666664,13,4.906824133482173,1.7435897435897445,39.0,714533.42,30,Retail & Distribution,51.0,deteriorating_payer
INV702013,C1070,2024-09-29,38.857142857142854,44.0,14,5.868522849879725,5.142857142857146,51.0,920056.6,30,Retail & Distribution,42.0,deteriorating_payer
INV702014,C1070,2024-10-05,39.06666666666667,44.0,15,5.712976040392192,4.93333333333333,42.0,1133943.61,30,Retail & Distribution,41.0,deteriorating_payer
INV702015,C1070,2024-11-05,39.1875,44.666666666666664,16,5.540382056621487,5.479166666666664,41.0,667586.22,30,Retail & Distribution,39.0,deteriorating_payer
INV702016,C1070,2024-11-14,39.1764705882353,40.666666666666664,17,5.364644607493203,1.4901960784313673,39.0,742817.87,30,Retail & Distribution,50.0,deteriorating_payer
INV702017,C1070,2024-12-03,39.77777777777778,43.333333333333336,18,5.796099657686199,3.555555555555557,50.0,578672.03,30,Retail & Distribution,50.0,deteriorating_payer
INV702018,C1070,2025-03-13,40.31578947368421,46.333333333333336,19,6.101480982141844,6.017543859649123,50.0,349732.65,30,Retail & Distribution,49.0,deteriorating_payer
INV702019,C1070,2025-03-31,40.75,49.666666666666664,20,6.248157623188658,8.916666666666664,49.0,834907.85,30,Retail & Distribution,51.0,deteriorating_payer
INV702020,C1070,2025-04-16,41.23809523809524,50.0,21,6.487717332812535,8.76190476190476,51.0,1151169.92,30,Retail & Distribution,54.0,deteriorating_payer
INV702021,C1070,2025-05-17,41.81818181818182,51.333333333333336,22,6.891239183860729,9.515151515151516,54.0,376217.78,30,Retail & Distribution,50.0,deteriorating_payer
INV702022,C1070,2025-05-30,42.17391304347826,51.666666666666664,23,6.945581812876989,9.492753623188406,50.0,2695439.46,30,Retail & Distribution,56.0,deteriorating_payer
INV702023,C1070,2025-07-03,42.75,53.333333333333336,24,7.355861312733806,10.583333333333336,56.0,723588.89,30,Retail & Distribution,53.0,deteriorating_payer
INV702024,C1070,2025-08-11,43.16,53.0,25,7.487100017140593,9.840000000000003,53.0,391847.26,30,Retail & Distribution,56.0,deteriorating_payer
INV702025,C1070,2025-09-10,43.65384615384615,55.0,26,7.755990240799985,11.346153846153847,56.0,1131041.69,30,Retail & Distribution,53.0,deteriorating_payer
INV702026,C1070,2025-09-20,44.0,54.0,27,7.815172619777702,10.0,53.0,821335.39,30,Retail & Distribution,65.0,deteriorating_payer
INV702027,C1070,2025-09-26,44.75,58.0,28,8.635092055954864,13.25,65.0,811326.92,30,Retail & Distribution,58.0,deteriorating_payer
INV702028,C1070,2025-10-14,45.206896551724135,58.666666666666664,29,8.829250535839977,13.459770114942529,58.0,781753.17,30,Retail & Distribution,46.0,deteriorating_payer
INV702029,C1070,2025-10-18,45.233333333333334,56.333333333333336,30,8.676894936964858,11.100000000000001,46.0,984385.55,30,Retail & Distribution,58.0,deteriorating_payer
INV702030,C1070,2025-10-27,45.645161290322584,54.0,31,8.833830377576021,8.354838709677416,58.0,814878.74,30,Retail & Distribution,64.0,deteriorating_payer
INV702031,C1070,2026-02-04,46.21875,56.0,32,9.276172649981135,9.78125,64.0,1279557.72,30,Retail & Distribution,73.0,deteriorating_payer
INV702032,C1070,2026-02-19,47.03030303030303,65.0,33,10.25147809002697,17.96969696969697,73.0,665590.35,30,Retail & Distribution,60.0,deteriorating_payer
INV702033,C1070,2026-05-02,47.411764705882355,65.66666666666667,34,10.337098963116393,18.254901960784316,60.0,1315477.04,30,Retail & Distribution,72.0,deteriorating_payer
INV702034,C1070,2026-05-25,48.114285714285714,68.33333333333333,35,10.999388829469058,20.219047619047615,72.0,769038.61,30,Retail & Distribution,61.0,deteriorating_payer
INV702035,C1070,2026-06-03,48.47222222222222,64.33333333333333,36,11.05179005826945,15.861111111111107,61.0,1058092.59,30,Retail & Distribution,62.0,deteriorating_payer
INV702040,C1071,2024-02-23,,,0,,,,391700.21,45,Metal & Engineering,102.0,improving_payer
INV702041,C1071,2024-03-18,102.0,102.0,1,,0.0,102.0,2254194.46,45,Metal & Engineering,86.0,improving_payer
INV702042,C1071,2024-04-04,94.0,94.0,2,11.313708498984761,0.0,86.0,231930.88,45,Metal & Engineering,78.0,improving_payer
INV702043,C1071,2024-04-10,88.66666666666667,88.66666666666667,3,12.220201853215574,0.0,78.0,280112.72,45,Metal & Engineering,71.0,improving_payer
INV702044,C1071,2024-04-18,84.25,78.33333333333333,4,13.32603967176045,-5.916666666666671,71.0,600537.68,45,Metal & Engineering,78.0,improving_payer
INV702045,C1071,2024-06-26,83.0,75.66666666666667,5,11.874342087037919,-7.333333333333329,78.0,263246.56,45,Metal & Engineering,86.0,improving_payer
INV702046,C1071,2024-06-28,83.5,78.33333333333333,6,10.691117808723279,-5.166666666666671,86.0,302073.79,45,Metal & Engineering,84.0,improving_payer
INV702047,C1071,2024-07-11,83.57142857142857,82.66666666666667,7,9.76144017477515,-0.904761904761898,84.0,1633169.42,45,Metal & Engineering,80.0,improving_payer
INV702048,C1071,2024-07-13,83.125,83.33333333333333,8,9.125122308377962,0.2083333333333286,80.0,113021.02,45,Metal & Engineering,94.0,improving_payer
INV702049,C1071,2024-10-04,84.33333333333333,86.0,9,9.273618495495706,1.6666666666666714,94.0,258047.76,45,Metal & Engineering,82.0,improving_payer
INV702050,C1071,2024-10-07,84.1,85.33333333333333,10,8.77433125023719,1.2333333333333343,82.0,268368.63,45,Metal & Engineering,69.0,improving_payer
INV702051,C1071,2024-10-18,82.72727272727273,81.66666666666667,11,9.487791198070383,-1.0606060606060623,69.0,255709.15,45,Metal & Engineering,77.0,improving_payer
INV702052,C1071,2024-11-25,82.25,76.0,12,9.19609600962179,-6.25,77.0,153274.41,45,Metal & Engineering,77.0,improving_payer
INV702053,C1071,2024-12-08,81.84615384615384,74.33333333333333,13,8.924182071261525,-7.512820512820511,77.0,319141.27,45,Metal & Engineering,64.0,improving_payer
INV702054,C1071,2024-12-12,80.57142857142857,72.66666666666667,14,9.811408475022137,-7.904761904761898,64.0,420730.22,45,Metal & Engineering,77.0,improving_payer
INV702055,C1071,2024-12-22,80.33333333333333,72.66666666666667,15,9.499373412920201,-7.666666666666657,77.0,338040.56,45,Metal & Engineering,73.0,improving_payer
INV702056,C1071,2024-12-23,79.875,71.33333333333333,16,9.35859676091097,-8.541666666666671,73.0,294371.82,45,Metal & Engineering,75.0,improving_payer
INV702057,C1071,2025-01-30,79.58823529411765,75.0,17,9.138235767432162,-4.588235294117652,75.0,412016.41,45,Metal & Engineering,79.0,improving_payer
INV702058,C1071,2025-02-17,79.55555555555556,75.66666666666667,18,8.866475008985663,-3.8888888888888857,79.0,356656.01,45,Metal & Engineering,68.0,improving_payer
INV702059,C1071,2025-02-23,78.94736842105263,74.0,19,9.015256724085543,-4.94736842105263,68.0,351175.85,45,Metal & Engineering,55.0,improving_payer
INV702060,C1071,2025-03-10,77.75,67.33333333333333,20,10.279642631511026,-10.416666666666671,55.0,430818.89,45,Metal & Engineering,72.0,improving_payer
INV702061,C1071,2025-04-03,77.47619047619048,65.0,21,10.09761876691256,-12.476190476190482,72.0,333292.4,45,Metal & Engineering,61.0,improving_payer
INV702062,C1071,2025-04-30,76.72727272727273,62.666666666666664,22,10.461638850863062,-14.06060606060607,61.0,352007.55,45,Metal & Engineering,69.0,improving_payer
INV702063,C1071,2025-05-07,76.3913043478261,67.33333333333333,23,10.347327851957205,-9.057971014492765,69.0,574163.0,45,Metal & Engineering,46.0,improving_payer
INV702064,C1071,2025-05-12,75.125,58.666666666666664,24,11.869993223689505,-16.458333333333336,46.0,280855.66,45,Metal & Engineering,64.0,improving_payer
INV702065,C1071,2025-05-12,74.68,59.666666666666664,25,11.831173511814738,-15.013333333333343,64.0,424812.31,45,Metal & Engineering,59.0,improving_payer
INV702066,C1071,2025-06-01,74.07692307692308,56.333333333333336,26,11.993074924882533,-17.743589743589745,59.0,241702.94,45,Metal & Engineering,79.0,improving_payer
INV702067,C1071,2025-06-17,74.25925925925925,67.33333333333333,27,11.798280815416721,-6.925925925925924,79.0,238909.41,45,Metal & Engineering,69.0,improving_payer
INV702068,C1071,2025-07-06,74.07142857142857,69.0,28,11.620316090010032,-5.071428571428569,69.0,319731.87,45,Metal & Engineering,74.0,improving_payer
INV702070,C1071,2025-07-13,74.06896551724138,74.0,29,11.410931583613644,-0.06896551724138078,74.0,376718.94,45,Metal & Engineering,53.0,improving_payer
INV702071,C1071,2025-09-08,73.36666666666666,65.33333333333333,30,11.853948369805861,-8.033333333333331,53.0,307625.71,45,Metal & Engineering,57.0,improving_payer
INV702072,C1071,2025-09-13,72.83870967741936,61.333333333333336,31,12.019697095999133,-11.505376344086024,57.0,218084.82,45,Metal & Engineering,65.0,improving_payer
INV702073,C1071,2025-09-13,72.59375,58.333333333333336,32,11.905161187620514,-14.260416666666664,65.0,296010.46,45,Metal & Engineering,59.0,improving_payer
INV702074,C1071,2025-10-21,72.18181818181819,60.333333333333336,33,11.954221392081928,-11.848484848484851,59.0,175376.92,45,Metal & Engineering,66.0,improving_payer
INV702075,C1071,2025-10-26,72.0,63.333333333333336,34,11.819347261882518,-8.666666666666664,66.0,434413.57,45,Metal & Engineering,59.0,improving_payer
INV702076,C1071,2025-11-26,71.62857142857143,61.333333333333336,35,11.849759774893716,-10.295238095238098,59.0,218917.25,45,Metal & Engineering,54.0,improving_payer
INV702077,C1071,2025-12-30,71.13888888888889,59.666666666666664,36,12.04314334330127,-11.472222222222221,54.0,342309.53,45,Metal & Engineering,57.0,improving_payer
INV702079,C1071,2026-01-12,70.75675675675676,56.666666666666664,37,12.100058322645042,-14.090090090090094,57.0,310802.87,45,Metal & Engineering,51.0,improving_payer
INV702080,C1071,2026-02-09,70.23684210526316,54.0,38,12.358243141400122,-16.236842105263165,51.0,284720.93,45,Metal & Engineering,53.0,improving_payer
INV702081,C1071,2026-04-01,69.7948717948718,53.666666666666664,39,12.503009084510081,-16.12820512820513,53.0,89120.26,45,Metal & Engineering,52.0,improving_payer
INV702082,C1071,2026-04-12,69.35,52.0,40,12.658330590300347,-17.349999999999994,52.0,153165.35,45,Metal & Engineering,50.0,improving_payer
INV702083,C1071,2026-05-21,68.8780487804878,51.666666666666664,41,12.859228440989808,-17.211382113821138,50.0,257349.8,45,Metal & Engineering,46.0,improving_payer
INV702084,C1071,2026-06-10,68.33333333333333,49.333333333333336,42,13.182891104995866,-18.999999999999993,46.0,105047.52,45,Metal & Engineering,47.0,improving_payer
INV702086,C1072,2024-07-07,,,0,,,,125424.0,60,Metal & Engineering,58.0,prompt_payer
INV702087,C1072,2024-09-08,58.0,58.0,1,,0.0,58.0,242748.6,60,Metal & Engineering,66.0,prompt_payer
INV702088,C1072,2024-11-23,62.0,62.0,2,5.656854249492381,0.0,66.0,145185.05,60,Metal & Engineering,60.0,prompt_payer
INV702089,C1072,2025-02-14,61.333333333333336,61.333333333333336,3,4.163331998932266,0.0,60.0,331443.88,60,Metal & Engineering,63.0,prompt_payer
INV702090,C1072,2025-03-01,61.75,63.0,4,3.5,1.25,63.0,344324.55,60,Metal & Engineering,64.0,prompt_payer
INV702091,C1072,2025-05-16,62.2,62.333333333333336,5,3.1937438845342623,0.13333333333333286,64.0,357793.38,60,Metal & Engineering,62.0,prompt_payer
INV702092,C1072,2025-06-09,62.166666666666664,63.0,6,2.857738033247041,0.8333333333333357,62.0,304575.62,60,Metal & Engineering,55.0,prompt_payer
INV702093,C1072,2025-08-16,61.142857142857146,60.333333333333336,7,3.7606990231680535,-0.8095238095238102,55.0,274613.99,60,Metal & Engineering,58.0,prompt_payer
INV702094,C1072,2025-11-05,60.75,58.333333333333336,8,3.6547425158474387,-2.4166666666666643,58.0,233932.4,60,Metal & Engineering,62.0,prompt_payer
INV702095,C1072,2025-11-19,60.888888888888886,58.333333333333336,9,3.4439963866286383,-2.55555555555555,62.0,252518.43,60,Metal & Engineering,59.0,prompt_payer
INV702096,C1072,2025-11-24,60.7,59.666666666666664,10,3.301514803843836,-1.0333333333333385,59.0,412085.74,60,Metal & Engineering,59.0,prompt_payer
INV702097,C1072,2026-02-09,60.54545454545455,60.0,11,3.1737560197228887,-0.5454545454545467,59.0,285362.71,60,Metal & Engineering,58.0,prompt_payer
INV702098,C1072,2026-04-22,60.333333333333336,58.666666666666664,12,3.1139957766460915,-1.6666666666666714,58.0,404208.12,60,Metal & Engineering,58.0,prompt_payer
INV702101,C1073,2024-03-10,,,0,,,,21756.33,30,Textiles & Apparel,37.0,average_payer
INV702102,C1073,2024-04-29,37.0,37.0,1,,0.0,37.0,17497.6,30,Textiles & Apparel,35.0,average_payer
INV702103,C1073,2024-06-02,36.0,36.0,2,1.4142135623730951,0.0,35.0,25866.33,30,Textiles & Apparel,45.0,average_payer
INV702104,C1073,2024-06-14,39.0,39.0,3,5.291502622129181,0.0,45.0,17298.36,30,Textiles & Apparel,34.0,average_payer
INV702105,C1073,2024-07-19,37.75,38.0,4,4.9916597106239795,0.25,34.0,41241.89,30,Textiles & Apparel,39.0,average_payer
INV702106,C1073,2024-08-04,38.0,39.333333333333336,5,4.358898943540674,1.3333333333333357,39.0,6509.93,30,Textiles & Apparel,33.0,average_payer
INV702107,C1073,2024-08-14,37.166666666666664,35.333333333333336,6,4.400757510550504,-1.8333333333333286,33.0,41170.43,30,Textiles & Apparel,42.0,average_payer
INV702108,C1073,2024-08-17,37.857142857142854,38.0,7,4.413183712037204,0.1428571428571459,42.0,26053.99,30,Textiles & Apparel,33.0,average_payer
INV702109,C1073,2024-08-29,37.25,36.0,8,4.432026302139591,-1.25,33.0,28214.24,30,Textiles & Apparel,50.0,average_payer
INV702110,C1073,2024-09-14,38.666666666666664,41.666666666666664,9,5.937171043518958,3.0,50.0,26168.15,30,Textiles & Apparel,30.0,average_payer
INV702111,C1073,2024-11-05,37.8,37.666666666666664,10,6.2325311426774626,-0.13333333333333286,30.0,26220.38,30,Textiles & Apparel,39.0,average_payer
INV702112,C1073,2024-11-05,37.90909090909091,39.666666666666664,11,5.9237580209617855,1.7575757575757578,39.0,17800.2,30,Textiles & Apparel,37.0,average_payer
INV702113,C1073,2024-12-04,37.833333333333336,35.333333333333336,12,5.654175180315602,-2.5,37.0,35488.2,30,Textiles & Apparel,46.0,average_payer
INV702114,C1073,2024-12-10,38.46153846153846,40.666666666666664,13,5.868210752511999,2.2051282051282044,46.0,29879.96,30,Textiles & Apparel,39.0,average_payer
INV702115,C1073,2025-02-27,38.5,40.666666666666664,14,5.6398308758057905,2.1666666666666643,39.0,32886.17,30,Textiles & Apparel,39.0,average_payer
INV702116,C1073,2025-03-13,38.53333333333333,41.333333333333336,15,5.436210164478647,2.8000000000000043,39.0,31678.72,30,Textiles & Apparel,39.0,average_payer
INV702117,C1073,2025-03-27,38.5625,39.0,16,5.253173643935001,0.4375,39.0,36339.69,30,Textiles & Apparel,29.0,average_payer
INV702118,C1073,2025-05-16,38.0,35.666666666666664,17,5.5901699437494745,-2.3333333333333357,29.0,8130.5,30,Textiles & Apparel,38.0,average_payer
INV702119,C1073,2025-06-18,38.0,35.333333333333336,18,5.423261445466404,-2.6666666666666643,38.0,12886.45,30,Textiles & Apparel,36.0,average_payer
INV702120,C1073,2025-06-22,37.89473684210526,34.333333333333336,19,5.290397347417985,-3.5614035087719245,36.0,20953.49,30,Textiles & Apparel,38.0,average_payer
INV702121,C1073,2025-06-25,37.9,37.333333333333336,20,5.149348451375593,-0.5666666666666629,38.0,21990.87,30,Textiles & Apparel,39.0,average_payer
INV702122,C1073,2025-07-01,37.95238095238095,37.666666666666664,21,5.024700891358514,-0.2857142857142847,39.0,26311.99,30,Textiles & Apparel,29.0,average_payer
INV702123,C1073,2025-10-11,37.54545454545455,35.333333333333336,22,5.261968423348024,-2.212121212121211,29.0,31515.26,30,Textiles & Apparel,32.0,average_payer
INV702124,C1073,2026-01-05,37.30434782608695,33.333333333333336,23,5.269421070570497,-3.9710144927536177,32.0,16876.58,30,Textiles & Apparel,43.0,average_payer
INV702125,C1073,2026-03-28,37.541666666666664,34.666666666666664,24,5.283108165091641,-2.875,43.0,22973.68,30,Textiles & Apparel,33.0,average_payer
INV702126,C1073,2026-04-03,37.36,36.0,25,5.251031644670724,-1.3599999999999994,33.0,21210.67,30,Textiles & Apparel,44.0,average_payer
INV702127,C1073,2026-07-02,37.61538461538461,40.0,26,5.307179462403155,2.384615384615387,44.0,18826.74,30,Textiles & Apparel,41.0,average_payer
INV702128,C1074,2024-05-27,,,0,,,,254398.16,30,Construction & Infra,49.0,cold_start
INV702129,C1074,2024-06-01,49.0,49.0,1,,0.0,49.0,129672.19,30,Construction & Infra,49.0,cold_start
INV702130,C1074,2024-06-04,49.0,49.0,2,0.0,0.0,49.0,297616.55,30,Construction & Infra,40.0,cold_start
INV702131,C1075,2024-03-07,,,0,,,,91523.39,45,Retail & Distribution,43.0,prompt_payer
INV702132,C1075,2024-03-11,43.0,43.0,1,,0.0,43.0,60818.36,45,Retail & Distribution,49.0,prompt_payer
INV702133,C1075,2024-04-16,46.0,46.0,2,4.242640687119285,0.0,49.0,66173.62,45,Retail & Distribution,45.0,prompt_payer
INV702134,C1075,2024-05-10,45.666666666666664,45.666666666666664,3,3.055050463303893,0.0,45.0,83344.19,45,Retail & Distribution,44.0,prompt_payer
INV702135,C1075,2024-05-11,45.25,46.0,4,2.629955639676583,0.75,44.0,78967.77,45,Retail & Distribution,46.0,prompt_payer
INV702136,C1075,2024-05-25,45.4,45.0,5,2.3021728866442674,-0.3999999999999986,46.0,104762.59,45,Retail & Distribution,45.0,prompt_payer
INV702137,C1075,2024-06-06,45.333333333333336,45.0,6,2.065591117977289,-0.3333333333333357,45.0,116094.48,45,Retail & Distribution,40.0,prompt_payer
INV702138,C1075,2024-07-02,44.57142857142857,43.666666666666664,7,2.7602622373694157,-0.9047619047619051,40.0,100423.76,45,Retail & Distribution,44.0,prompt_payer
INV702139,C1075,2024-07-05,44.5,43.0,8,2.563479777846622,-1.5,44.0,112560.29,45,Retail & Distribution,44.0,prompt_payer
INV702140,C1075,2024-08-06,44.44444444444444,42.666666666666664,9,2.403700850309325,-1.7777777777777786,44.0,138469.14,45,Retail & Distribution,46.0,prompt_payer
INV702141,C1075,2024-08-27,44.6,44.666666666666664,10,2.3190036174568105,0.06666666666666288,46.0,110591.39,45,Retail & Distribution,41.0,prompt_payer
INV702142,C1075,2024-08-29,44.27272727272727,43.666666666666664,11,2.4531982835029487,-0.6060606060606091,41.0,209599.89,45,Retail & Distribution,45.0,prompt_payer
INV702143,C1075,2024-09-11,44.333333333333336,44.0,12,2.348435972120916,-0.3333333333333357,45.0,126767.6,45,Retail & Distribution,43.0,prompt_payer
INV702144,C1075,2024-09-13,44.23076923076923,43.0,13,2.2786635759382494,-1.2307692307692335,43.0,157761.93,45,Retail & Distribution,47.0,prompt_payer
INV702145,C1075,2024-09-16,44.42857142857143,45.0,14,2.310986659558929,0.5714285714285694,47.0,93627.13,45,Retail & Distribution,40.0,prompt_payer
INV702146,C1075,2024-09-22,44.13333333333333,43.333333333333336,15,2.5033311140691445,-0.7999999999999972,40.0,192047.69,45,Retail & Distribution,42.0,prompt_payer
INV702147,C1075,2024-09-27,44.0,43.0,16,2.476556749467561,-1.0,42.0,154094.11,45,Retail & Distribution,46.0,prompt_payer
INV702148,C1075,2024-10-02,44.11764705882353,42.666666666666664,17,2.4464860755064715,-1.4509803921568647,46.0,52915.16,45,Retail & Distribution,41.0,prompt_payer
INV702149,C1075,2024-10-06,43.94444444444444,43.0,18,2.4845930480420897,-0.9444444444444429,41.0,115135.23,45,Retail & Distribution,45.0,prompt_payer
INV702150,C1075,2024-11-09,44.0,44.0,19,2.426703296426839,0.0,45.0,179133.85,45,Retail & Distribution,49.0,prompt_payer
INV702151,C1075,2024-11-21,44.25,45.0,20,2.6132254721743875,0.75,49.0,138006.23,45,Retail & Distribution,45.0,prompt_payer
INV702152,C1075,2024-12-24,44.285714285714285,46.333333333333336,21,2.5523098781859757,2.047619047619051,45.0,137339.97,45,Retail & Distribution,44.0,prompt_payer
INV702153,C1075,2025-01-27,44.27272727272727,46.0,22,2.4915441412489976,1.7272727272727266,44.0,107501.16,45,Retail & Distribution,41.0,prompt_payer
INV702154,C1075,2025-02-11,44.130434782608695,43.333333333333336,23,2.5281029148011527,-0.7971014492753596,41.0,89045.6,45,Retail & Distribution,46.0,prompt_payer
INV702155,C1075,2025-02-15,44.208333333333336,43.666666666666664,24,2.50181093830339,-0.5416666666666714,46.0,167149.12,45,Retail & Distribution,44.0,prompt_payer
INV702156,C1075,2025-02-19,44.2,43.666666666666664,25,2.4494897427831774,-0.5333333333333385,44.0,102119.34,45,Retail & Distribution,47.0,prompt_payer
INV702157,C1075,2025-03-02,44.30769230769231,45.666666666666664,26,2.4620191838282777,1.3589743589743577,47.0,107585.14,45,Retail & Distribution,44.0,prompt_payer
INV702158,C1075,2025-03-09,44.2962962962963,45.0,27,2.4149345398807043,0.7037037037037024,44.0,130151.87,45,Retail & Distribution,45.0,prompt_payer
INV702159,C1075,2025-03-22,44.32142857142857,45.333333333333336,28,2.3735201460273894,1.0119047619047663,45.0,137213.41,45,Retail & Distribution,43.0,prompt_payer
INV702160,C1075,2025-04-11,44.275862068965516,44.0,29,2.343631975681852,-0.275862068965516,43.0,111741.64,45,Retail & Distribution,47.0,prompt_payer
INV702161,C1075,2025-04-27,44.36666666666667,45.0,30,2.355965770685914,0.6333333333333329,47.0,219125.76,45,Retail & Distribution,50.0,prompt_payer
INV702162,C1075,2025-05-27,44.54838709677419,46.666666666666664,31,2.5276960481489756,2.118279569892472,50.0,106558.41,45,Retail & Distribution,48.0,prompt_payer
INV702163,C1075,2025-06-03,44.65625,48.333333333333336,32,2.5603600427258444,3.6770833333333357,48.0,30067.39,45,Retail & Distribution,47.0,prompt_payer
INV702164,C1075,2025-08-10,44.72727272727273,48.333333333333336,33,2.552850456753283,3.606060606060609,47.0,110853.76,45,Retail & Distribution,49.0,prompt_payer
INV702165,C1075,2025-10-04,44.85294117647059,48.0,34,2.6184931236990425,3.147058823529413,49.0,153555.11,45,Retail & Distribution,45.0,prompt_payer
INV702166,C1075,2025-10-04,44.857142857142854,47.0,35,2.579818246480542,2.142857142857146,45.0,346815.76,45,Retail & Distribution,42.0,prompt_payer
INV702167,C1075,2025-10-10,44.77777777777778,45.333333333333336,36,2.586902296582436,0.5555555555555571,42.0,105315.81,45,Retail & Distribution,44.0,prompt_payer
INV702168,C1075,2025-10-17,44.75675675675676,43.666666666666664,37,2.5539229672256196,-1.0900900900900936,44.0,128110.61,45,Retail & Distribution,46.0,prompt_payer
INV702169,C1075,2025-11-07,44.78947368421053,44.0,38,2.5272343043371506,-0.7894736842105274,46.0,48994.28,45,Retail & Distribution,44.0,prompt_payer
INV702170,C1075,2025-11-11,44.76923076923077,44.666666666666664,39,2.4969617165197335,-0.1025641025641022,44.0,156021.78,45,Retail & Distribution,46.0,prompt_payer
INV702171,C1075,2025-12-13,44.8,45.333333333333336,40,2.4724118817099434,0.5333333333333385,46.0,208974.0,45,Retail & Distribution,43.0,prompt_payer
INV702172,C1075,2026-02-17,44.75609756097561,44.333333333333336,41,2.4574426524832464,-0.4227642276422756,43.0,37878.31,45,Retail & Distribution,43.0,prompt_payer
INV702173,C1075,2026-02-20,44.714285714285715,44.0,42,2.4423670474408796,-0.7142857142857153,43.0,110811.82,45,Retail & Distribution,43.0,prompt_payer
INV702174,C1075,2026-03-02,44.674418604651166,43.0,43,2.427235643322882,-1.6744186046511658,43.0,90559.05,45,Retail & Distribution,44.0,prompt_payer
INV702175,C1075,2026-03-10,44.65909090909091,43.333333333333336,44,2.400999615646373,-1.3257575757575708,44.0,144332.21,45,Retail & Distribution,43.0,prompt_payer
INV702176,C1075,2026-04-18,44.62222222222222,43.333333333333336,45,2.3864093309718446,-1.2888888888888843,43.0,80142.51,45,Retail & Distribution,48.0,prompt_payer
INV702177,C1075,2026-04-20,44.69565217391305,45.0,46,2.4117265849952685,0.30434782608695343,48.0,184853.8,45,Retail & Distribution,48.0,prompt_payer
INV702178,C1075,2026-04-23,44.765957446808514,46.333333333333336,47,2.43357641590785,1.5673758865248217,48.0,77507.39,45,Retail & Distribution,43.0,prompt_payer
INV702179,C1075,2026-05-30,44.729166666666664,46.333333333333336,48,2.4210036896395306,1.6041666666666714,43.0,133382.32,45,Retail & Distribution,43.0,prompt_payer
INV702180,C1075,2026-06-15,44.69387755102041,44.666666666666664,49,2.408354223951951,-0.027210884353742415,43.0,95737.89,45,Retail & Distribution,40.0,prompt_payer
INV702182,C1076,2024-03-11,,,0,,,,61216.63,30,Auto Components,27.0,prompt_payer
INV702183,C1076,2024-07-06,27.0,27.0,1,,0.0,27.0,63461.3,30,Auto Components,28.0,prompt_payer
INV702184,C1076,2024-07-15,27.5,27.5,2,0.7071067811865476,0.0,28.0,55390.7,30,Auto Components,29.0,prompt_payer
INV702185,C1076,2024-08-02,28.0,28.0,3,1.0,0.0,29.0,83940.46,30,Auto Components,28.0,prompt_payer
INV702186,C1076,2024-08-05,28.0,28.333333333333332,4,0.816496580927726,0.33333333333333215,28.0,96146.12,30,Auto Components,30.0,prompt_payer
INV702187,C1076,2024-08-30,28.4,29.0,5,1.1401754250991383,0.6000000000000014,30.0,301507.57,30,Auto Components,29.0,prompt_payer
INV702188,C1076,2024-09-14,28.5,29.0,6,1.0488088481701519,0.5,29.0,23824.16,30,Auto Components,26.0,prompt_payer
INV702189,C1076,2024-09-15,28.142857142857142,28.333333333333332,7,1.3451854182690988,0.1904761904761898,26.0,96484.35,30,Auto Components,26.0,prompt_payer
INV702190,C1076,2024-11-22,27.875,27.0,8,1.4577379737113252,-0.875,26.0,40972.93,30,Auto Components,27.0,prompt_payer
INV702191,C1076,2025-01-02,27.77777777777778,26.333333333333332,9,1.3944333775567928,-1.4444444444444464,27.0,52620.96,30,Auto Components,28.0,prompt_payer
INV702192,C1076,2025-01-25,27.8,27.0,10,1.3165611772087666,-0.8000000000000007,28.0,53123.75,30,Auto Components,28.0,prompt_payer
INV702193,C1076,2025-01-30,27.818181818181817,27.666666666666668,11,1.2504544628399563,-0.15151515151514872,28.0,401518.38,30,Auto Components,28.0,prompt_payer
INV702194,C1076,2025-02-03,27.833333333333332,28.0,12,1.1934162828797101,0.16666666666666785,28.0,49065.99,30,Auto Components,30.0,prompt_payer
INV702195,C1076,2025-02-23,28.0,28.666666666666668,13,1.2909944487358052,0.6666666666666679,30.0,19842.9,30,Auto Components,29.0,prompt_payer
INV702196,C1076,2025-03-06,28.071428571428573,29.0,14,1.2688144505364478,0.928571428571427,29.0,49389.38,30,Auto Components,28.0,prompt_payer
INV702197,C1076,2025-03-06,28.066666666666666,29.0,15,1.2227992865708148,0.9333333333333336,28.0,83373.0,30,Auto Components,30.0,prompt_payer
INV702198,C1076,2025-03-07,28.1875,29.0,16,1.2763881332363851,0.8125,30.0,26248.79,30,Auto Components,33.0,prompt_payer
INV702199,C1076,2025-04-03,28.470588235294116,30.333333333333332,17,1.6999134926086497,1.8627450980392162,33.0,48607.0,30,Auto Components,28.0,prompt_payer
INV702200,C1076,2025-04-21,28.444444444444443,30.333333333333332,18,1.6528841894672615,1.8888888888888893,28.0,69135.11,30,Auto Components,28.0,prompt_payer
INV702201,C1076,2025-04-29,28.42105263157895,29.666666666666668,19,1.6095475373078603,1.2456140350877192,28.0,123559.68,30,Auto Components,33.0,prompt_payer
INV702202,C1076,2025-05-14,28.65,29.666666666666668,20,1.8715318802914804,1.0166666666666693,33.0,42877.38,30,Auto Components,28.0,prompt_payer
INV702203,C1076,2025-06-24,28.61904761904762,29.666666666666668,21,1.8296499795368084,1.0476190476190474,28.0,39628.99,30,Auto Components,31.0,prompt_payer
INV702204,C1076,2025-07-24,28.727272727272727,30.666666666666668,22,1.8563101696342241,1.9393939393939412,31.0,68438.8,30,Auto Components,30.0,prompt_payer
INV702205,C1076,2025-07-31,28.782608695652176,29.666666666666668,23,1.8329440238224404,0.8840579710144922,30.0,36193.35,30,Auto Components,29.0,prompt_payer
INV702206,C1076,2025-09-08,28.791666666666668,30.0,24,1.7932037558919298,1.2083333333333321,29.0,65732.44,30,Auto Components,25.0,prompt_payer
INV702207,C1076,2025-10-18,28.64,28.0,25,1.9122412679017946,-0.6400000000000006,25.0,71590.76,30,Auto Components,31.0,prompt_payer
INV702208,C1076,2025-10-21,28.73076923076923,28.333333333333332,26,1.929926264035852,-0.3974358974358978,31.0,161585.56,30,Auto Components,29.0,prompt_payer
INV702209,C1076,2025-11-17,28.74074074074074,28.333333333333332,27,1.8931575697879934,-0.40740740740740833,29.0,35312.29,30,Auto Components,30.0,prompt_payer
INV702210,C1076,2025-12-18,28.785714285714285,30.0,28,1.8729486132663933,1.2142857142857153,30.0,56297.95,30,Auto Components,31.0,prompt_payer
INV702211,C1076,2025-12-26,28.862068965517242,30.0,29,1.8846018513020282,1.137931034482758,31.0,53840.79,30,Auto Components,30.0,prompt_payer
INV702212,C1076,2026-01-31,28.9,30.333333333333332,30,1.8634413844023765,1.4333333333333336,30.0,86055.34,30,Auto Components,28.0,prompt_payer
INV702213,C1076,2026-02-15,28.870967741935484,29.666666666666668,31,1.8392378037993697,0.7956989247311839,28.0,44037.87,30,Auto Components,24.0,prompt_payer
INV702214,C1076,2026-03-20,28.71875,27.333333333333332,32,2.0037766761148643,-1.3854166666666679,24.0,46213.49,30,Auto Components,30.0,prompt_payer
INV702215,C1076,2026-03-20,28.757575757575758,27.333333333333332,33,1.9847906537954925,-1.4242424242424256,30.0,60098.05,30,Auto Components,33.0,prompt_payer
INV702216,C1076,2026-04-04,28.88235294117647,29.0,34,2.085515790897301,0.117647058823529,33.0,39899.53,30,Auto Components,32.0,prompt_payer
INV702217,C1076,2026-05-03,28.97142857142857,31.666666666666668,35,2.121122265185471,2.6952380952380963,32.0,53635.31,30,Auto Components,27.0,prompt_payer
INV702218,C1076,2026-05-31,28.916666666666668,30.666666666666668,36,2.1162635536651444,1.75,27.0,41881.19,30,Auto Components,28.0,prompt_payer
INV702219,C1076,2026-07-06,28.89189189189189,29.0,37,2.092098677614628,0.10810810810810878,28.0,89751.26,30,Auto Components,30.0,prompt_payer
INV702220,C1077,2024-02-14,,,0,,,,68677.89,45,Chemicals & Plastics,50.0,cold_start
INV702221,C1077,2024-06-26,50.0,50.0,1,,0.0,50.0,50729.59,45,Chemicals & Plastics,39.0,cold_start
INV702222,C1077,2025-06-10,44.5,44.5,2,7.7781745930520225,0.0,39.0,72810.37,45,Chemicals & Plastics,46.0,cold_start
INV702223,C1078,2024-03-23,,,0,,,,72429.0,30,Auto Components,40.0,seasonal_payer
INV702224,C1078,2024-04-03,40.0,40.0,1,,0.0,40.0,245462.29,30,Auto Components,22.0,seasonal_payer
INV702225,C1078,2024-04-26,31.0,31.0,2,12.727922061357855,0.0,22.0,28829.91,30,Auto Components,32.0,seasonal_payer
INV702226,C1078,2024-05-08,31.333333333333332,31.333333333333332,3,9.018499505645789,0.0,32.0,71275.54,30,Auto Components,30.0,seasonal_payer
INV702227,C1078,2024-05-24,31.0,28.0,4,7.393691004272944,-3.0,30.0,56902.79,30,Auto Components,31.0,seasonal_payer
INV702228,C1078,2024-05-28,31.0,31.0,5,6.4031242374328485,0.0,31.0,27631.07,30,Auto Components,31.0,seasonal_payer
INV702229,C1078,2024-06-12,31.0,30.666666666666668,6,5.727128425310541,-0.33333333333333215,31.0,68705.52,30,Auto Components,34.0,seasonal_payer
INV702230,C1078,2024-07-06,31.428571428571427,32.0,7,5.349677337844557,0.571428571428573,34.0,11379.13,30,Auto Components,39.0,seasonal_payer
INV702231,C1078,2024-07-26,32.375,34.666666666666664,8,5.629958132298017,2.2916666666666643,39.0,40916.39,30,Auto Components,35.0,seasonal_payer
INV702232,C1078,2024-08-20,32.666666666666664,36.0,9,5.338539126015656,3.3333333333333357,35.0,56119.96,30,Auto Components,28.0,seasonal_payer
INV702233,C1078,2024-08-27,32.2,34.0,10,5.2451035367389185,1.7999999999999972,28.0,52171.5,30,Auto Components,35.0,seasonal_payer
INV702234,C1078,2024-09-10,32.45454545454545,32.666666666666664,11,5.047051344372006,0.21212121212121104,35.0,84027.91,30,Auto Components,48.0,seasonal_payer
INV702236,C1078,2024-10-23,33.75,37.0,12,6.579928156557224,3.25,48.0,78410.84,30,Auto Components,47.0,seasonal_payer
INV702237,C1078,2024-11-25,34.76923076923077,43.333333333333336,13,7.29330567659876,8.56410256410257,47.0,62817.57,30,Auto Components,30.0,seasonal_payer
INV702238,C1078,2024-11-30,34.42857142857143,41.666666666666664,14,7.122167838886888,7.238095238095234,30.0,32080.17,30,Auto Components,29.0,seasonal_payer
INV702239,C1078,2024-12-13,34.06666666666667,35.333333333333336,15,7.004760286167305,1.2666666666666657,29.0,44654.54,30,Auto Components,34.0,seasonal_payer
INV702240,C1078,2025-01-02,34.0625,31.0,16,6.767261878583785,-3.0625,34.0,43952.71,30,Auto Components,46.0,seasonal_payer
INV702241,C1078,2025-01-23,34.76470588235294,36.333333333333336,17,7.163531005767214,1.5686274509803937,46.0,35402.82,30,Auto Components,51.0,seasonal_payer
INV702242,C1078,2025-01-29,35.666666666666664,43.666666666666664,18,7.933547533770011,8.0,51.0,77927.97,30,Auto Components,49.0,seasonal_payer
INV702243,C1078,2025-01-30,36.36842105263158,48.666666666666664,19,8.294647044368029,12.298245614035082,49.0,110314.06,30,Auto Components,43.0,seasonal_payer
INV702244,C1078,2025-04-04,36.7,47.666666666666664,20,8.208468028104942,10.966666666666661,43.0,97758.05,30,Auto Components,31.0,seasonal_payer
INV702245,C1078,2025-04-05,36.42857142857143,41.0,21,8.096736555992349,4.571428571428569,31.0,43548.04,30,Auto Components,33.0,seasonal_payer
INV702246,C1078,2025-05-30,36.27272727272727,35.666666666666664,22,7.935344792111869,-0.6060606060606091,33.0,25065.91,30,Auto Components,30.0,seasonal_payer
INV702247,C1078,2025-06-14,36.0,31.333333333333332,23,7.862453931068964,-4.666666666666668,30.0,46602.4,30,Auto Components,35.0,seasonal_payer
INV702248,C1078,2025-06-27,35.958333333333336,32.666666666666664,24,7.692340440287036,-3.2916666666666714,35.0,41759.09,30,Auto Components,33.0,seasonal_payer
INV702249,C1078,2025-06-30,35.84,32.666666666666664,25,7.553586344688638,-3.173333333333339,33.0,54930.65,30,Auto Components,34.0,seasonal_payer
INV702250,C1078,2025-07-03,35.76923076923077,34.0,26,7.409764867026171,-1.7692307692307665,34.0,50089.5,30,Auto Components,32.0,seasonal_payer
INV702251,C1078,2025-07-29,35.629629629629626,33.0,27,7.301992078815774,-2.629629629629626,32.0,89355.02,30,Auto Components,33.0,seasonal_payer
INV702252,C1078,2025-08-22,35.535714285714285,33.0,28,7.182706303425599,-2.5357142857142847,33.0,107700.78,30,Auto Components,35.0,seasonal_payer
INV702253,C1078,2025-09-06,35.51724137931034,33.333333333333336,29,7.053979067849235,-2.183908045977006,35.0,100008.13,30,Auto Components,37.0,seasonal_payer
INV702254,C1078,2025-09-16,35.56666666666667,35.0,30,6.93657638565474,-0.56666666666667,37.0,26193.13,30,Auto Components,46.0,seasonal_payer
INV702255,C1078,2025-10-01,35.903225806451616,39.333333333333336,31,7.072740339781921,3.43010752688172,46.0,67645.05,30,Auto Components,46.0,seasonal_payer
INV702256,C1078,2025-10-03,36.21875,43.0,32,7.183019290593076,6.78125,46.0,48043.32,30,Auto Components,44.0,seasonal_payer
INV702257,C1078,2025-10-03,36.45454545454545,45.333333333333336,33,7.198484689028783,8.878787878787882,44.0,60600.22,30,Auto Components,50.0,seasonal_payer
INV702258,C1078,2025-10-14,36.85294117647059,46.666666666666664,34,7.45951640702921,9.813725490196077,50.0,21820.33,30,Auto Components,40.0,seasonal_payer
INV702259,C1078,2025-10-14,36.94285714285714,44.666666666666664,35,7.368226129980066,7.723809523809521,40.0,27574.43,30,Auto Components,49.0,seasonal_payer
INV702260,C1078,2025-10-16,37.27777777777778,46.333333333333336,36,7.535103036971544,9.055555555555557,49.0,42073.31,30,Auto Components,46.0,seasonal_payer
INV702261,C1078,2025-10-19,37.513513513513516,45.0,37,7.566819461091745,7.486486486486484,46.0,53682.54,30,Auto Components,44.0,seasonal_payer
INV702262,C1078,2025-12-05,37.68421052631579,46.333333333333336,38,7.537672101599908,8.649122807017548,44.0,52335.13,30,Auto Components,34.0,seasonal_payer
INV702263,C1078,2025-12-15,37.58974358974359,41.333333333333336,39,7.461190637022842,3.7435897435897445,34.0,74626.5,30,Auto Components,38.0,seasonal_payer
INV702264,C1078,2025-12-19,37.6,38.666666666666664,40,7.365198832764385,1.0666666666666629,38.0,70018.13,30,Auto Components,36.0,seasonal_payer
INV702265,C1078,2025-12-28,37.5609756097561,36.0,41,7.276842654914991,-1.560975609756099,36.0,74920.55,30,Auto Components,38.0,seasonal_payer
INV702266,C1078,2026-01-04,37.57142857142857,37.333333333333336,42,7.18787209308018,-0.2380952380952337,38.0,82620.22,30,Auto Components,55.0,seasonal_payer
INV702267,C1078,2026-03-09,37.97674418604651,43.0,43,7.582838933416954,5.02325581395349,55.0,56126.05,30,Auto Components,43.0,seasonal_payer
INV702268,C1078,2026-04-16,38.09090909090909,45.333333333333336,44,7.532312353247985,7.242424242424242,43.0,73903.62,30,Auto Components,32.0,seasonal_payer
INV702269,C1078,2026-04-25,37.955555555555556,43.333333333333336,45,7.501380344357103,5.37777777777778,32.0,45189.63,30,Auto Components,33.0,seasonal_payer
INV702270,C1078,2026-05-27,37.84782608695652,36.0,46,7.453462704018397,-1.8478260869565233,33.0,43446.05,30,Auto Components,35.0,seasonal_payer
INV702274,C1079,2024-03-07,,,0,,,,35930.98,30,IT & Business Services,25.0,prompt_payer
INV702275,C1079,2024-03-08,25.0,25.0,1,,0.0,25.0,21027.23,30,IT & Business Services,28.0,prompt_payer
INV702276,C1079,2024-03-26,26.5,26.5,2,2.1213203435596424,0.0,28.0,34283.9,30,IT & Business Services,28.0,prompt_payer
INV702277,C1079,2024-05-17,27.0,27.0,3,1.7320508075688772,0.0,28.0,37877.98,30,IT & Business Services,27.0,prompt_payer
INV702278,C1079,2024-06-09,27.0,27.666666666666668,4,1.4142135623730951,0.6666666666666679,27.0,8916.32,30,IT & Business Services,26.0,prompt_payer
INV702279,C1079,2024-06-10,26.8,27.0,5,1.3038404810405297,0.1999999999999993,26.0,28372.82,30,IT & Business Services,29.0,prompt_payer
INV702280,C1079,2024-06-15,27.166666666666668,27.333333333333332,6,1.4719601443879742,0.1666666666666643,29.0,27574.63,30,IT & Business Services,31.0,prompt_payer
INV702281,C1079,2024-06-26,27.714285714285715,28.666666666666668,7,1.976047040118707,0.9523809523809526,31.0,13459.85,30,IT & Business Services,28.0,prompt_payer
INV702282,C1079,2024-07-22,27.75,29.333333333333332,8,1.832250762625808,1.5833333333333321,28.0,26985.38,30,IT & Business Services,28.0,prompt_payer
INV702283,C1079,2024-08-15,27.77777777777778,29.0,9,1.7159383568311664,1.2222222222222214,28.0,15035.75,30,IT & Business Services,29.0,prompt_payer
INV702284,C1079,2024-09-05,27.9,28.333333333333332,10,1.6633299933166192,0.43333333333333357,29.0,31554.86,30,IT & Business Services,30.0,prompt_payer
INV702285,C1079,2024-09-12,28.09090909090909,29.0,11,1.700267358655423,0.9090909090909101,30.0,20370.58,30,IT & Business Services,28.0,prompt_payer
INV702286,C1079,2024-10-18,28.083333333333332,29.0,12,1.621353717973927,0.9166666666666679,28.0,12800.23,30,IT & Business Services,28.0,prompt_payer
INV702287,C1079,2024-10-30,28.076923076923077,28.666666666666668,13,1.552500051612369,0.5897435897435912,28.0,19584.46,30,IT & Business Services,32.0,prompt_payer
INV702288,C1079,2024-11-10,28.357142857142858,29.333333333333332,14,1.8232322463624375,0.9761904761904745,32.0,20420.5,30,IT & Business Services,30.0,prompt_payer
INV702290,C1079,2024-12-20,28.466666666666665,30.0,15,1.8073922282301267,1.533333333333335,30.0,31051.43,30,IT & Business Services,30.0,prompt_payer
INV702291,C1079,2025-01-04,28.5625,30.666666666666668,16,1.787689383906871,2.104166666666668,30.0,6715.27,30,IT & Business Services,27.0,prompt_payer
INV702292,C1079,2025-01-15,28.470588235294116,29.0,17,1.7719215226281713,0.529411764705884,27.0,23562.94,30,IT & Business Services,24.0,prompt_payer
INV702293,C1079,2025-01-15,28.22222222222222,27.0,18,2.0162736612682766,-1.2222222222222214,24.0,50885.43,30,IT & Business Services,32.0,prompt_payer
INV702294,C1079,2025-02-10,28.42105263157895,27.666666666666668,19,2.142578650797631,-0.7543859649122808,32.0,27031.26,30,IT & Business Services,27.0,prompt_payer
INV702296,C1079,2025-03-07,28.35,27.666666666666668,20,2.1095023109728976,-0.6833333333333336,27.0,26540.57,30,IT & Business Services,28.0,prompt_payer
INV702297,C1079,2025-03-15,28.333333333333332,29.0,21,2.0575065816014613,0.6666666666666679,28.0,22086.19,30,IT & Business Services,31.0,prompt_payer
INV702298,C1079,2025-05-24,28.454545454545453,28.666666666666668,22,2.0868584894473203,0.2121212121212146,31.0,23969.12,30,IT & Business Services,29.0,prompt_payer
INV702299,C1079,2025-06-21,28.47826086956522,29.333333333333332,23,2.0420481077360293,0.8550724637681135,29.0,15786.5,30,IT & Business Services,30.0,prompt_payer
INV702300,C1079,2025-06-26,28.541666666666668,30.0,24,2.021174145771766,1.4583333333333321,30.0,40119.65,30,IT & Business Services,26.0,prompt_payer
INV702301,C1079,2025-07-14,28.44,28.333333333333332,25,2.042873792805941,-0.10666666666666913,26.0,18935.53,30,IT & Business Services,28.0,prompt_payer
INV702302,C1079,2025-07-21,28.423076923076923,28.0,26,2.0034585480728446,-0.42307692307692335,28.0,13984.94,30,IT & Business Services,30.0,prompt_payer
INV702303,C1079,2025-07-25,28.48148148148148,28.0,27,1.9878548617962402,-0.48148148148148096,30.0,6203.17,30,IT & Business Services,27.0,prompt_payer
INV702304,C1079,2025-08-04,28.428571428571427,28.333333333333332,28,1.9706846230683084,-0.0952380952380949,27.0,12407.87,30,IT & Business Services,27.0,prompt_payer
INV702305,C1079,2025-08-23,28.379310344827587,28.0,29,1.9532718540849834,-0.3793103448275872,27.0,22843.58,30,IT & Business Services,25.0,prompt_payer
INV702307,C1079,2025-10-11,28.266666666666666,26.333333333333332,30,2.0160277319749227,-1.9333333333333336,25.0,37114.05,30,IT & Business Services,26.0,prompt_payer
INV702308,C1079,2025-10-12,28.193548387096776,26.0,31,2.023517644082694,-2.193548387096776,26.0,29729.48,30,IT & Business Services,24.0,prompt_payer
INV702309,C1079,2025-12-29,28.0625,25.0,32,2.1241696669978,-3.0625,24.0,19236.37,30,IT & Business Services,28.0,prompt_payer
INV702310,C1079,2026-01-19,28.060606060606062,26.0,33,2.0907443940405814,-2.0606060606060623,28.0,18701.22,30,IT & Business Services,29.0,prompt_payer
INV702311,C1079,2026-01-27,28.08823529411765,27.0,34,2.065116433122583,-1.0882352941176485,29.0,33220.2,30,IT & Business Services,28.0,prompt_payer
INV702312,C1079,2026-03-01,28.085714285714285,28.333333333333332,35,2.0345750903614555,0.24761904761904674,28.0,22074.01,30,IT & Business Services,26.0,prompt_payer
INV702313,C1079,2026-03-17,28.02777777777778,27.666666666666668,36,2.0352060072787443,-0.3611111111111107,26.0,7597.13,30,IT & Business Services,25.0,prompt_payer
INV702314,C1079,2026-03-30,27.945945945945947,26.333333333333332,37,2.067552846912207,-1.6126126126126152,25.0,23054.8,30,IT & Business Services,26.0,prompt_payer
INV702315,C1079,2026-04-09,27.894736842105264,25.666666666666668,38,2.0637079418892545,-2.228070175438596,26.0,24544.24,30,IT & Business Services,30.0,prompt_payer
INV702316,C1079,2026-06-05,27.94871794871795,27.0,39,2.0640878952714696,-0.9487179487179489,30.0,18379.36,30,IT & Business Services,27.0,prompt_payer
INV702317,C1079,2026-07-16,27.925,27.666666666666668,40,2.0429679265025054,-0.25833333333333286,27.0,46265.15,30,IT & Business Services,28.0,prompt_payer
INV702319,C1080,2024-03-02,,,0,,,,44269.88,30,Electronics & Electricals,49.0,seasonal_payer
INV702320,C1080,2024-04-03,49.0,49.0,1,,0.0,49.0,48517.71,30,Electronics & Electricals,36.0,seasonal_payer
INV702321,C1080,2024-05-08,42.5,42.5,2,9.192388155425117,0.0,36.0,82892.81,30,Electronics & Electricals,36.0,seasonal_payer
INV702322,C1080,2024-05-20,40.333333333333336,40.333333333333336,3,7.505553499465136,0.0,36.0,47873.02,30,Electronics & Electricals,34.0,seasonal_payer
INV702323,C1080,2024-07-13,38.75,35.333333333333336,4,6.898067362191626,-3.4166666666666643,34.0,50739.7,30,Electronics & Electricals,37.0,seasonal_payer
INV702324,C1080,2024-08-07,38.4,35.666666666666664,5,6.024948132556828,-2.7333333333333343,37.0,52932.28,30,Electronics & Electricals,30.0,seasonal_payer
INV702325,C1080,2024-08-24,37.0,33.666666666666664,6,6.387487769068525,-3.3333333333333357,30.0,72303.3,30,Electronics & Electricals,29.0,seasonal_payer
INV702326,C1080,2024-10-09,35.857142857142854,32.0,7,6.56832224718437,-3.857142857142854,29.0,41075.1,30,Electronics & Electricals,49.0,seasonal_payer
INV702327,C1080,2024-10-21,37.5,36.0,8,7.653197277702214,-1.5,49.0,59458.81,30,Electronics & Electricals,48.0,seasonal_payer
INV702328,C1080,2024-11-02,38.666666666666664,42.0,9,7.968688725254614,3.3333333333333357,48.0,71070.83,30,Electronics & Electricals,39.0,seasonal_payer
INV702330,C1080,2024-11-25,38.7,45.333333333333336,10,7.513691207093592,6.633333333333333,39.0,95354.67,30,Electronics & Electricals,33.0,seasonal_payer
INV702331,C1080,2024-11-29,38.18181818181818,40.0,11,7.332369082611456,1.8181818181818201,33.0,47774.87,30,Electronics & Electricals,32.0,seasonal_payer
INV702332,C1080,2024-12-16,37.666666666666664,34.666666666666664,12,7.215303601415956,-3.0,32.0,12891.85,30,Electronics & Electricals,23.0,seasonal_payer
INV702333,C1080,2024-12-30,36.53846153846154,29.333333333333332,13,8.016809263617962,-7.205128205128208,23.0,56551.3,30,Electronics & Electricals,35.0,seasonal_payer
INV702334,C1080,2025-01-20,36.42857142857143,30.0,14,7.713268146156043,-6.428571428571431,35.0,10337.48,30,Electronics & Electricals,59.0,seasonal_payer
INV702335,C1080,2025-01-23,37.93333333333333,39.0,15,9.44507934373893,1.06666666666667,59.0,66906.92,30,Electronics & Electricals,50.0,seasonal_payer
INV702336,C1080,2025-02-07,38.6875,48.0,16,9.610541087784808,9.3125,50.0,81052.73,30,Electronics & Electricals,46.0,seasonal_payer
INV702337,C1080,2025-02-08,39.11764705882353,51.666666666666664,17,9.472871482166696,12.549019607843135,46.0,35136.46,30,Electronics & Electricals,51.0,seasonal_payer
INV702338,C1080,2025-02-12,39.77777777777778,49.0,18,9.607322915087805,9.222222222222221,51.0,73775.97,30,Electronics & Electricals,50.0,seasonal_payer
INV702339,C1080,2025-03-03,40.31578947368421,49.0,19,9.626656461091931,8.684210526315788,50.0,47570.05,30,Electronics & Electricals,47.0,seasonal_payer
INV702340,C1080,2025-03-08,40.65,49.333333333333336,20,9.488358518122144,8.683333333333337,47.0,39662.15,30,Electronics & Electricals,48.0,seasonal_payer
INV702341,C1080,2025-04-05,41.0,48.333333333333336,21,9.386160024205852,7.333333333333336,48.0,18630.24,30,Electronics & Electricals,32.0,seasonal_payer
INV702342,C1080,2025-06-01,40.59090909090909,42.333333333333336,22,9.358770222982296,1.7424242424242422,32.0,58377.55,30,Electronics & Electricals,41.0,seasonal_payer
INV702343,C1080,2025-06-04,40.608695652173914,40.333333333333336,23,9.143995200203458,-0.27536231884057827,41.0,63105.28,30,Electronics & Electricals,36.0,seasonal_payer
INV702344,C1080,2025-06-13,40.416666666666664,36.333333333333336,24,8.992347793573138,-4.083333333333329,36.0,29887.32,30,Electronics & Electricals,34.0,seasonal_payer
INV702345,C1080,2025-07-04,40.16,37.0,25,8.896066546513689,-3.1599999999999966,34.0,48061.33,30,Electronics & Electricals,38.0,seasonal_payer
INV702346,C1080,2025-08-19,40.07692307692308,36.0,26,8.726617108241093,-4.07692307692308,38.0,65118.03,30,Electronics & Electricals,27.0,seasonal_payer
INV702347,C1080,2025-09-03,39.592592592592595,33.0,27,8.919551813763096,-6.592592592592595,27.0,47635.92,30,Electronics & Electricals,43.0,seasonal_payer
INV702348,C1080,2025-09-09,39.714285714285715,36.0,28,8.77647167297058,-3.7142857142857153,43.0,60778.76,30,Electronics & Electricals,58.0,seasonal_payer
INV702349,C1080,2025-10-03,40.3448275862069,42.666666666666664,29,9.263121434981397,2.3218390804597675,58.0,51562.63,30,Electronics & Electricals,54.0,seasonal_payer
INV702350,C1080,2025-10-09,40.8,51.666666666666664,30,9.437270207296029,10.866666666666667,54.0,83116.7,30,Electronics & Electricals,52.0,seasonal_payer
INV702351,C1080,2025-11-11,41.16129032258065,54.666666666666664,31,9.494197435604368,13.505376344086017,52.0,79650.01,30,Electronics & Electricals,44.0,seasonal_payer
INV702352,C1080,2025-12-18,41.25,50.0,32,9.35328129416313,8.75,44.0,8343.07,30,Electronics & Electricals,33.0,seasonal_payer
INV702353,C1080,2026-01-23,41.0,43.0,33,9.317322576792112,2.0,33.0,189849.01,30,Electronics & Electricals,57.0,seasonal_payer
INV702354,C1080,2026-01-30,41.470588235294116,44.666666666666664,34,9.576598036177778,3.1960784313725483,57.0,64109.83,30,Electronics & Electricals,55.0,seasonal_payer
INV702355,C1080,2026-02-27,41.857142857142854,48.333333333333336,35,9.707919317700968,6.476190476190482,55.0,55133.44,30,Electronics & Electricals,52.0,seasonal_payer
INV702356,C1080,2026-04-05,42.138888888888886,54.666666666666664,36,9.716415499490035,12.527777777777779,52.0,60286.01,30,Electronics & Electricals,32.0,seasonal_payer
INV702357,C1080,2026-04-13,41.86486486486486,46.333333333333336,37,9.724431323453551,4.468468468468473,32.0,82017.59,30,Electronics & Electricals,31.0,seasonal_payer
INV702358,C1080,2026-04-19,41.578947368421055,38.333333333333336,38,9.752703239801852,-3.245614035087719,31.0,56345.96,30,Electronics & Electricals,33.0,seasonal_payer
INV702359,C1080,2026-04-23,41.35897435897436,32.0,39,9.721076341443233,-9.358974358974358,33.0,83377.53,30,Electronics & Electricals,37.0,seasonal_payer
INV702360,C1080,2026-05-06,41.25,33.666666666666664,40,9.620357688323343,-7.583333333333336,37.0,48893.6,30,Electronics & Electricals,30.0,seasonal_payer
INV702361,C1080,2026-05-16,40.97560975609756,33.333333333333336,41,9.660454970854243,-7.642276422764226,30.0,20727.88,30,Electronics & Electricals,33.0,seasonal_payer
INV702362,C1080,2026-05-23,40.785714285714285,33.333333333333336,42,9.620952019942457,-7.452380952380949,33.0,83415.62,30,Electronics & Electricals,36.0,seasonal_payer
INV702363,C1080,2026-06-19,40.674418604651166,33.0,43,9.533701949831295,-7.674418604651166,36.0,51954.61,30,Electronics & Electricals,44.0,seasonal_payer
INV702364,C1080,2026-06-22,40.75,37.666666666666664,44,9.43552170086222,-3.0833333333333357,44.0,71272.96,30,Electronics & Electricals,37.0,seasonal_payer
INV702365,C1080,2026-06-30,40.666666666666664,39.0,45,9.344419822449215,-1.6666666666666643,37.0,49233.03,30,Electronics & Electricals,36.0,seasonal_payer
INV702366,C1081,2024-04-29,,,0,,,,294105.49,60,Pharma & Healthcare,59.0,deteriorating_payer
INV702367,C1081,2024-08-30,59.0,59.0,1,,0.0,59.0,439748.04,60,Pharma & Healthcare,61.0,deteriorating_payer
INV702368,C1081,2024-09-28,60.0,60.0,2,1.4142135623730951,0.0,61.0,335951.96,60,Pharma & Healthcare,67.0,deteriorating_payer
INV702369,C1081,2024-10-06,62.333333333333336,62.333333333333336,3,4.163331998932264,0.0,67.0,331748.22,60,Pharma & Healthcare,62.0,deteriorating_payer
INV702370,C1081,2024-10-24,62.25,63.333333333333336,4,3.4034296427770223,1.0833333333333357,62.0,365064.11,60,Pharma & Healthcare,63.0,deteriorating_payer
INV702371,C1081,2024-11-05,62.4,64.0,5,2.966479394838265,1.6000000000000014,63.0,432542.69,60,Pharma & Healthcare,67.0,deteriorating_payer
INV702372,C1081,2024-12-11,63.166666666666664,64.0,6,3.250640962435973,0.8333333333333357,67.0,316197.61,60,Pharma & Healthcare,68.0,deteriorating_payer
INV702373,C1081,2025-01-13,63.857142857142854,66.0,7,3.484660262185849,2.142857142857146,68.0,74170.0,60,Pharma & Healthcare,69.0,deteriorating_payer
INV702374,C1081,2025-01-16,64.5,68.0,8,3.7032803990902066,3.5,69.0,205178.26,60,Pharma & Healthcare,76.0,deteriorating_payer
INV702375,C1081,2025-01-23,65.77777777777777,71.0,9,5.166666666666668,5.2222222222222285,76.0,319952.62,60,Pharma & Healthcare,78.0,deteriorating_payer
INV702376,C1081,2025-01-25,67.0,74.33333333333333,10,6.218252702059211,7.333333333333329,78.0,340049.45,60,Pharma & Healthcare,77.0,deteriorating_payer
INV702377,C1081,2025-02-27,67.9090909090909,77.0,11,6.625021440788634,9.090909090909093,77.0,444841.43,60,Pharma & Healthcare,78.0,deteriorating_payer
INV702378,C1081,2025-04-28,68.75,77.66666666666667,12,6.956030738601121,8.916666666666671,78.0,253189.72,60,Pharma & Healthcare,75.0,deteriorating_payer
INV702379,C1081,2025-05-31,69.23076923076923,76.66666666666667,13,6.8817856955135115,7.435897435897445,75.0,327358.47,60,Pharma & Healthcare,74.0,deteriorating_payer
INV702380,C1081,2025-06-03,69.57142857142857,75.66666666666667,14,6.733547307375168,6.095238095238102,74.0,356965.29,60,Pharma & Healthcare,81.0,deteriorating_payer
INV702381,C1081,2025-07-06,70.33333333333333,76.66666666666667,15,7.128079952520443,6.333333333333343,81.0,403982.59,60,Pharma & Healthcare,86.0,deteriorating_payer
INV702382,C1081,2025-07-20,71.3125,80.33333333333333,16,7.922278712592737,9.020833333333329,86.0,544724.62,60,Pharma & Healthcare,81.0,deteriorating_payer
INV702383,C1081,2025-08-08,71.88235294117646,82.66666666666667,17,8.022486778901358,10.784313725490208,81.0,326544.64,60,Pharma & Healthcare,78.0,deteriorating_payer
INV702384,C1081,2025-09-01,72.22222222222223,81.66666666666667,18,7.91540237582663,9.444444444444443,78.0,265492.0,60,Pharma & Healthcare,81.0,deteriorating_payer
INV702385,C1081,2025-11-14,72.6842105263158,80.0,19,7.95160802450917,7.315789473684205,81.0,125881.78,60,Pharma & Healthcare,84.0,deteriorating_payer
INV702386,C1081,2025-11-23,73.25,81.0,20,8.14264278836714,7.75,84.0,465135.26,60,Pharma & Healthcare,97.0,deteriorating_payer
INV702387,C1081,2025-11-25,74.38095238095238,87.33333333333333,21,9.478798396823256,12.952380952380949,97.0,69300.44,60,Pharma & Healthcare,86.0,deteriorating_payer
INV702388,C1081,2025-12-10,74.9090909090909,89.0,22,9.576305535310984,14.090909090909093,86.0,271624.58,60,Pharma & Healthcare,81.0,deteriorating_payer
INV702389,C1081,2025-12-12,75.17391304347827,88.0,23,9.441938234730122,12.826086956521735,81.0,248892.23,60,Pharma & Healthcare,89.0,deteriorating_payer
INV702390,C1081,2026-01-13,75.75,85.33333333333333,24,9.656041136759034,9.583333333333329,89.0,203451.85,60,Pharma & Healthcare,88.0,deteriorating_payer
INV702391,C1081,2026-02-01,76.24,86.0,25,9.765073817778685,9.760000000000005,88.0,441077.52,60,Pharma & Healthcare,83.0,deteriorating_payer
INV702392,C1081,2026-02-09,76.5,86.66666666666667,26,9.659192512834606,10.166666666666671,83.0,518008.69,60,Pharma & Healthcare,83.0,deteriorating_payer
INV702393,C1081,2026-03-03,76.74074074074075,84.66666666666667,27,9.553865881220721,7.925925925925924,83.0,292808.81,60,Pharma & Healthcare,88.0,deteriorating_payer
INV702399,C1082,2024-03-29,,,0,,,,26504.9,30,Chemicals & Plastics,38.0,average_payer
INV702400,C1082,2024-05-25,38.0,38.0,1,,0.0,38.0,157207.92,30,Chemicals & Plastics,44.0,average_payer
INV702401,C1082,2024-05-27,41.0,41.0,2,4.242640687119285,0.0,44.0,22351.74,30,Chemicals & Plastics,37.0,average_payer
INV702402,C1082,2024-06-19,39.666666666666664,39.666666666666664,3,3.785938897200182,0.0,37.0,3000.0,30,Chemicals & Plastics,41.0,average_payer
INV702403,C1082,2024-07-04,40.0,40.666666666666664,4,3.162277660168379,0.6666666666666643,41.0,30494.7,30,Chemicals & Plastics,43.0,average_payer
INV702404,C1082,2024-08-01,40.6,40.333333333333336,5,3.0495901363953806,-0.2666666666666657,43.0,23626.23,30,Chemicals & Plastics,37.0,average_payer
INV702405,C1082,2024-08-05,40.0,40.333333333333336,6,3.098386676965933,0.3333333333333357,37.0,31332.06,30,Chemicals & Plastics,27.0,average_payer
INV702406,C1082,2024-08-10,38.142857142857146,35.666666666666664,7,5.669467095138408,-2.4761904761904816,27.0,20641.8,30,Chemicals & Plastics,44.0,average_payer
INV702407,C1082,2024-08-26,38.875,36.0,8,5.642631098546645,-2.875,44.0,29746.11,30,Chemicals & Plastics,36.0,average_payer
INV702408,C1082,2024-09-04,38.55555555555556,35.666666666666664,9,5.364492313143694,-2.888888888888893,36.0,19696.87,30,Chemicals & Plastics,45.0,average_payer
INV702409,C1082,2024-09-14,39.2,41.666666666666664,10,5.4528280124476085,2.4666666666666615,45.0,17441.08,30,Chemicals & Plastics,38.0,average_payer
INV702410,C1082,2024-09-15,39.09090909090909,39.666666666666664,11,5.185644520299197,0.5757575757575708,38.0,29475.93,30,Chemicals & Plastics,32.0,average_payer
INV702411,C1082,2024-09-29,38.5,38.333333333333336,12,5.351295510095069,-0.1666666666666643,32.0,29323.43,30,Chemicals & Plastics,41.0,average_payer
INV702412,C1082,2024-11-26,38.69230769230769,37.0,13,5.1701807735096885,-1.6923076923076934,41.0,38579.74,30,Chemicals & Plastics,44.0,average_payer
INV702413,C1082,2025-04-08,39.07142857142857,39.0,14,5.165928105075911,-0.0714285714285694,44.0,28091.31,30,Chemicals & Plastics,40.0,average_payer
INV702414,C1082,2025-05-22,39.13333333333333,41.666666666666664,15,4.983783225431784,2.5333333333333314,40.0,13631.02,30,Chemicals & Plastics,33.0,average_payer
INV702415,C1082,2025-06-02,38.75,39.0,16,5.053051883103254,0.25,33.0,20897.59,30,Chemicals & Plastics,35.0,average_payer
INV702416,C1082,2025-06-05,38.529411764705884,36.0,17,4.976414962837499,-2.529411764705884,35.0,28993.94,30,Chemicals & Plastics,39.0,average_payer
INV702417,C1082,2025-06-19,38.55555555555556,35.666666666666664,18,4.829105656113614,-2.888888888888893,39.0,17460.99,30,Chemicals & Plastics,34.0,average_payer
INV702418,C1082,2025-07-18,38.31578947368421,36.0,19,4.808009886047188,-2.3157894736842124,34.0,144837.64,30,Chemicals & Plastics,34.0,average_payer
INV702419,C1082,2025-08-12,38.1,35.666666666666664,20,4.778240151705273,-2.433333333333337,34.0,18876.41,30,Chemicals & Plastics,29.0,average_payer
INV702420,C1082,2025-08-20,37.666666666666664,32.333333333333336,21,5.062937223917885,-5.333333333333329,29.0,21705.42,30,Chemicals & Plastics,24.0,average_payer
INV702421,C1082,2025-09-08,37.04545454545455,29.0,22,5.736078573607356,-8.045454545454547,24.0,23940.24,30,Chemicals & Plastics,33.0,average_payer
INV702422,C1082,2025-12-08,36.869565217391305,28.666666666666668,23,5.667325389908261,-8.202898550724637,33.0,12589.79,30,Chemicals & Plastics,28.0,average_payer
INV702423,C1082,2025-12-11,36.5,28.333333333333332,24,5.830951894845301,-8.166666666666668,28.0,15934.98,30,Chemicals & Plastics,39.0,average_payer
INV702424,C1082,2026-01-04,36.6,33.333333333333336,25,5.730037812557029,-3.2666666666666657,39.0,16161.24,30,Chemicals & Plastics,38.0,average_payer
INV702425,C1082,2026-01-23,36.65384615384615,35.0,26,5.620977193992573,-1.6538461538461533,38.0,135895.9,30,Chemicals & Plastics,42.0,average_payer
INV702426,C1082,2026-02-07,36.851851851851855,39.666666666666664,27,5.607026523813352,2.8148148148148096,42.0,24942.49,30,Chemicals & Plastics,31.0,average_payer
INV702427,C1082,2026-03-10,36.642857142857146,37.0,28,5.612250395104847,0.3571428571428541,31.0,21320.89,30,Chemicals & Plastics,36.0,average_payer
INV702428,C1082,2026-04-21,36.62068965517241,36.333333333333336,29,5.512413219941805,-0.2873563218390771,36.0,27073.68,30,Chemicals & Plastics,40.0,average_payer
INV702429,C1082,2026-04-28,36.733333333333334,35.666666666666664,30,5.45156309968848,-1.06666666666667,40.0,25015.26,30,Chemicals & Plastics,38.0,average_payer
INV702430,C1082,2026-05-15,36.774193548387096,38.0,31,5.364759562300097,1.225806451612904,38.0,33722.15,30,Chemicals & Plastics,50.0,average_payer
INV702431,C1082,2026-05-29,37.1875,42.666666666666664,32,5.772222135979936,5.479166666666664,50.0,26620.76,30,Chemicals & Plastics,33.0,average_payer
INV702432,C1082,2026-06-16,37.06060606060606,40.333333333333336,33,5.727888975985143,3.2727272727272734,33.0,29743.31,30,Chemicals & Plastics,27.0,average_payer
INV702433,C1082,2026-07-04,36.76470588235294,36.666666666666664,34,5.898427235311748,-0.09803921568627771,27.0,18911.92,30,Chemicals & Plastics,27.0,average_payer
INV702436,C1083,2024-02-15,,,0,,,,10071.1,60,Retail & Distribution,106.0,improving_payer
INV702437,C1083,2024-02-20,106.0,106.0,1,,0.0,106.0,28057.75,60,Retail & Distribution,88.0,improving_payer
INV702438,C1083,2024-04-01,97.0,97.0,2,12.727922061357855,0.0,88.0,6581.38,60,Retail & Distribution,96.0,improving_payer
INV702439,C1083,2024-05-09,96.66666666666667,96.66666666666667,3,9.018499505645789,0.0,96.0,33370.66,60,Retail & Distribution,86.0,improving_payer
INV702440,C1083,2024-06-07,94.0,90.0,4,9.092121131323905,-4.0,86.0,35534.21,60,Retail & Distribution,97.0,improving_payer
INV702441,C1083,2024-06-22,94.6,93.0,5,7.987490219086345,-1.5999999999999943,97.0,25036.39,60,Retail & Distribution,75.0,improving_payer
INV702442,C1083,2024-09-05,91.33333333333333,86.0,6,10.726913193769523,-5.333333333333329,75.0,20107.71,60,Retail & Distribution,78.0,improving_payer
INV702443,C1083,2024-09-14,89.42857142857143,83.33333333333333,7,11.012979355547447,-6.095238095238102,78.0,27114.22,60,Retail & Distribution,73.0,improving_payer
INV702444,C1083,2024-09-25,87.375,75.33333333333333,8,11.73441215278501,-12.041666666666671,73.0,22079.68,60,Retail & Distribution,92.0,improving_payer
INV702445,C1083,2024-10-10,87.88888888888889,81.0,9,11.08427314311187,-6.888888888888886,92.0,19892.69,60,Retail & Distribution,84.0,improving_payer
INV702446,C1083,2024-10-26,87.5,83.0,10,10.522462745109731,-4.5,84.0,19893.41,60,Retail & Distribution,73.0,improving_payer
INV702447,C1083,2024-11-25,86.18181818181819,83.0,11,10.897873020164823,-3.181818181818187,73.0,97726.2,60,Retail & Distribution,76.0,improving_payer
INV702448,C1083,2024-12-27,85.33333333333333,77.66666666666667,12,10.798428617445254,-7.666666666666657,76.0,20561.39,60,Retail & Distribution,77.0,improving_payer
INV702449,C1083,2024-12-29,84.6923076923077,75.33333333333333,13,10.593902455222496,-9.358974358974365,77.0,27769.16,60,Retail & Distribution,72.0,improving_payer
INV702450,C1083,2025-01-24,83.78571428571429,75.0,14,10.728671660760043,-8.785714285714292,72.0,19288.46,60,Retail & Distribution,78.0,improving_payer
INV702451,C1083,2025-02-21,83.4,75.66666666666667,15,10.445778368043513,-7.733333333333334,78.0,26098.3,60,Retail & Distribution,76.0,improving_payer
INV702452,C1083,2025-09-12,82.9375,75.33333333333333,16,10.259751458977945,-7.604166666666671,76.0,16464.65,60,Retail & Distribution,58.0,improving_payer
INV702453,C1083,2025-10-16,81.47058823529412,70.66666666666667,17,11.630335587692777,-10.803921568627445,58.0,22877.04,60,Retail & Distribution,72.0,improving_payer
INV702454,C1083,2025-10-21,80.94444444444444,68.66666666666667,18,11.5017759356198,-12.277777777777771,72.0,25186.43,60,Retail & Distribution,77.0,improving_payer
INV702455,C1083,2025-11-10,80.73684210526316,69.0,19,11.214287044575272,-11.736842105263165,77.0,23785.67,60,Retail & Distribution,75.0,improving_payer
INV702456,C1083,2025-11-26,80.45,74.66666666666667,20,10.99030673390253,-5.783333333333331,75.0,35773.46,60,Retail & Distribution,77.0,improving_payer
INV702457,C1083,2025-12-18,80.28571428571429,76.33333333333333,21,10.738448943599156,-3.952380952380963,77.0,29453.56,60,Retail & Distribution,69.0,improving_payer
INV702458,C1083,2026-01-31,79.77272727272727,73.66666666666667,22,10.752327846217964,-6.106060606060595,69.0,33237.52,60,Retail & Distribution,63.0,improving_payer
INV702459,C1083,2026-03-06,79.04347826086956,69.66666666666667,23,11.07198865634915,-9.376811594202891,63.0,28002.89,60,Retail & Distribution,73.0,improving_payer
INV702460,C1083,2026-03-08,78.79166666666667,68.33333333333333,24,10.898660335171908,-10.458333333333343,73.0,18680.27,60,Retail & Distribution,64.0,improving_payer
INV702461,C1083,2026-04-28,78.2,66.66666666666667,25,11.071735786828254,-11.533333333333331,64.0,25306.86,60,Retail & Distribution,68.0,improving_payer
INV702462,C1083,2026-05-13,77.8076923076923,68.33333333333333,26,11.030935520686294,-9.474358974358978,68.0,117234.43,60,Retail & Distribution,61.0,improving_payer
INV702463,C1083,2026-06-10,77.18518518518519,64.33333333333333,27,11.2900127309223,-12.851851851851862,61.0,12110.37,60,Retail & Distribution,64.0,improving_payer
INV702465,C1084,2024-03-02,,,0,,,,21180.72,30,Electronics & Electricals,30.0,average_payer
INV702466,C1084,2024-03-12,30.0,30.0,1,,0.0,30.0,17833.89,30,Electronics & Electricals,30.0,average_payer
INV702467,C1084,2024-04-26,30.0,30.0,2,0.0,0.0,30.0,19378.74,30,Electronics & Electricals,46.0,average_payer
INV702468,C1084,2024-04-27,35.333333333333336,35.333333333333336,3,9.237604307034012,0.0,46.0,23467.66,30,Electronics & Electricals,29.0,average_payer
INV702469,C1084,2024-05-01,33.75,35.0,4,8.180260794538684,1.25,29.0,9349.27,30,Electronics & Electricals,46.0,average_payer
INV702470,C1084,2024-06-21,36.2,40.333333333333336,5,8.955445270895243,4.133333333333333,46.0,26995.45,30,Electronics & Electricals,45.0,average_payer
INV702471,C1084,2024-06-24,37.666666666666664,40.0,6,8.778762251403478,2.3333333333333357,45.0,70814.05,30,Electronics & Electricals,34.0,average_payer
INV702472,C1084,2024-06-25,37.142857142857146,41.666666666666664,7,8.132825901423018,4.523809523809518,34.0,20134.58,30,Electronics & Electricals,26.0,average_payer
INV702473,C1084,2024-07-28,35.75,35.0,8,8.49789889998026,-0.75,26.0,34289.55,30,Electronics & Electricals,27.0,average_payer
INV702474,C1084,2024-08-29,34.77777777777778,29.0,9,8.467257197253693,-5.777777777777779,27.0,29610.58,30,Electronics & Electricals,38.0,average_payer
INV702475,C1084,2024-09-05,35.1,30.333333333333332,10,8.04777401935881,-4.766666666666669,38.0,40254.14,30,Electronics & Electricals,31.0,average_payer
INV702476,C1084,2024-09-10,34.72727272727273,32.0,11,7.734221474601164,-2.7272727272727266,31.0,22239.98,30,Electronics & Electricals,35.0,average_payer
INV702477,C1084,2024-09-20,34.75,34.666666666666664,12,7.374711088331775,-0.0833333333333357,35.0,27312.96,30,Electronics & Electricals,39.0,average_payer
INV702478,C1084,2024-10-16,35.07692307692308,35.0,13,7.158462805909502,-0.0769230769230802,39.0,18025.68,30,Electronics & Electricals,25.0,average_payer
INV702479,C1084,2024-12-04,34.357142857142854,33.0,14,7.3861319413442015,-1.357142857142854,25.0,17154.46,30,Electronics & Electricals,41.0,average_payer
INV702480,C1084,2025-01-17,34.8,35.0,15,7.321202087089251,0.20000000000000284,41.0,16389.79,30,Electronics & Electricals,42.0,average_payer
INV702481,C1084,2025-02-28,35.25,36.0,16,7.2984016515033385,0.75,42.0,23166.97,30,Electronics & Electricals,38.0,average_payer
INV702482,C1084,2025-05-01,35.411764705882355,40.333333333333336,17,7.098052757001491,4.921568627450981,38.0,39157.94,30,Electronics & Electricals,45.0,average_payer
INV702483,C1084,2025-06-09,35.94444444444444,41.666666666666664,18,7.247492241517038,5.722222222222221,45.0,21733.88,30,Electronics & Electricals,42.0,average_payer
INV702484,C1084,2025-08-02,36.26315789473684,41.666666666666664,19,7.178997959040413,5.403508771929822,42.0,32621.28,30,Electronics & Electricals,31.0,average_payer
INV702485,C1084,2025-09-27,36.0,39.333333333333336,20,7.085938633363223,3.3333333333333357,31.0,37189.89,30,Electronics & Electricals,36.0,average_payer
INV702486,C1084,2025-10-13,36.0,36.333333333333336,21,6.906518659932802,0.3333333333333357,36.0,19616.03,30,Electronics & Electricals,43.0,average_payer
INV702487,C1084,2025-12-10,36.31818181818182,36.666666666666664,22,6.903321240956713,0.3484848484848442,43.0,32594.47,30,Electronics & Electricals,35.0,average_payer
INV702488,C1084,2026-01-17,36.26086956521739,38.0,23,6.750201285243598,1.7391304347826093,35.0,38398.79,30,Electronics & Electricals,38.0,average_payer
INV702489,C1084,2026-01-27,36.333333333333336,38.666666666666664,24,6.611364830920785,2.3333333333333286,38.0,72980.04,30,Electronics & Electricals,33.0,average_payer
INV702490,C1084,2026-04-06,36.2,35.333333333333336,25,6.506407098647711,-0.8666666666666671,33.0,28493.84,30,Electronics & Electricals,41.0,average_payer
INV702491,C1084,2026-06-22,36.38461538461539,37.333333333333336,26,6.444078975784967,0.9487179487179489,41.0,18664.3,30,Electronics & Electricals,32.0,average_payer
INV702492,C1084,2026-07-08,36.22222222222222,35.333333333333336,27,6.375031422748097,-0.8888888888888857,32.0,22496.51,30,Electronics & Electricals,36.0,average_payer
INV702495,C1085,2024-04-22,,,0,,,,58743.72,30,Retail & Distribution,35.0,seasonal_payer
INV702496,C1085,2024-05-02,35.0,35.0,1,,0.0,35.0,69981.78,30,Retail & Distribution,34.0,seasonal_payer
INV702497,C1085,2024-06-18,34.5,34.5,2,0.7071067811865476,0.0,34.0,103334.37,30,Retail & Distribution,37.0,seasonal_payer
INV702498,C1085,2024-06-24,35.333333333333336,35.333333333333336,3,1.5275252316519456,0.0,37.0,38879.39,30,Retail & Distribution,34.0,seasonal_payer
INV702499,C1085,2024-06-25,35.0,35.0,4,1.4142135623730947,0.0,34.0,39710.17,30,Retail & Distribution,37.0,seasonal_payer
INV702500,C1085,2024-07-11,35.4,36.0,5,1.51657508881031,0.6000000000000014,37.0,186002.77,30,Retail & Distribution,24.0,seasonal_payer
INV702501,C1085,2024-08-06,33.5,31.666666666666668,6,4.8476798574163285,-1.8333333333333321,24.0,41247.71,30,Retail & Distribution,37.0,seasonal_payer
INV702502,C1085,2024-08-30,34.0,32.666666666666664,7,4.618802153517006,-1.3333333333333357,37.0,43559.15,30,Retail & Distribution,33.0,seasonal_payer
INV702503,C1085,2024-10-17,33.875,31.333333333333332,8,4.2907708265199025,-2.541666666666668,33.0,62804.95,30,Retail & Distribution,38.0,seasonal_payer
INV702504,C1085,2024-10-20,34.333333333333336,36.0,9,4.242640687119285,1.6666666666666643,38.0,88202.85,30,Retail & Distribution,39.0,seasonal_payer
INV702505,C1085,2024-10-21,34.8,36.666666666666664,10,4.263540521418528,1.8666666666666671,39.0,89639.52,30,Retail & Distribution,43.0,seasonal_payer
INV702507,C1085,2024-12-27,35.54545454545455,40.0,11,4.7405408207004465,4.454545454545453,43.0,37991.54,30,Retail & Distribution,34.0,seasonal_payer
INV702508,C1085,2025-01-05,35.416666666666664,38.666666666666664,12,4.541892543729747,3.25,34.0,25990.44,30,Retail & Distribution,39.0,seasonal_payer
INV702509,C1085,2025-01-22,35.69230769230769,38.666666666666664,13,4.460654200611821,2.974358974358971,39.0,96086.17,30,Retail & Distribution,53.0,seasonal_payer
INV702510,C1085,2025-03-08,36.92857142857143,42.0,14,6.305849368938039,5.071428571428569,53.0,55615.24,30,Retail & Distribution,49.0,seasonal_payer
INV702511,C1085,2025-03-12,37.733333333333334,47.0,15,6.829208976015833,9.266666666666666,49.0,53113.37,30,Retail & Distribution,49.0,seasonal_payer
INV702512,C1085,2025-04-13,38.4375,50.333333333333336,16,7.173736822605077,11.895833333333336,49.0,44381.06,30,Retail & Distribution,37.0,seasonal_payer
INV702513,C1085,2025-05-19,38.35294117647059,45.0,17,6.954685259508406,6.647058823529413,37.0,71459.5,30,Retail & Distribution,41.0,seasonal_payer
INV702514,C1085,2025-05-21,38.5,42.333333333333336,18,6.775822068640996,3.8333333333333357,41.0,66696.6,30,Retail & Distribution,41.0,seasonal_payer
INV702515,C1085,2025-06-24,38.63157894736842,39.666666666666664,19,6.6098455715343425,1.0350877192982466,41.0,39740.87,30,Retail & Distribution,44.0,seasonal_payer
INV702516,C1085,2025-07-13,38.9,42.0,20,6.544583939974214,3.1000000000000014,44.0,65626.3,30,Retail & Distribution,29.0,seasonal_payer
INV702518,C1085,2025-08-29,38.42857142857143,38.0,21,6.734771180756095,-0.4285714285714306,29.0,44001.96,30,Retail & Distribution,31.0,seasonal_payer
INV702519,C1085,2025-09-01,38.09090909090909,34.666666666666664,22,6.7605937391347295,-3.424242424242429,31.0,76172.47,30,Retail & Distribution,37.0,seasonal_payer
INV702520,C1085,2025-10-20,38.04347826086956,32.333333333333336,23,6.609072695714066,-5.710144927536227,37.0,38418.19,30,Retail & Distribution,42.0,seasonal_payer
INV702521,C1085,2025-12-21,38.208333333333336,36.666666666666664,24,6.5140594880990115,-1.5416666666666714,42.0,84256.68,30,Retail & Distribution,37.0,seasonal_payer
INV702522,C1085,2025-12-25,38.16,38.666666666666664,25,6.381483631047981,0.5066666666666677,37.0,93272.52,30,Retail & Distribution,44.0,seasonal_payer
INV702523,C1085,2025-12-31,38.38461538461539,41.0,26,6.356583504222519,2.615384615384613,44.0,77793.55,30,Retail & Distribution,42.0,seasonal_payer
INV702524,C1085,2026-01-10,38.51851851851852,41.0,27,6.271856370818956,2.481481481481481,42.0,45697.52,30,Retail & Distribution,43.0,seasonal_payer
INV702525,C1085,2026-01-19,38.67857142857143,43.0,28,6.212613044972368,4.321428571428569,43.0,76657.76,30,Retail & Distribution,45.0,seasonal_payer
INV702526,C1085,2026-01-21,38.89655172413793,43.333333333333336,29,6.212572664629403,4.436781609195407,45.0,67187.57,30,Retail & Distribution,45.0,seasonal_payer
INV702527,C1085,2026-01-26,39.1,44.333333333333336,30,6.205392538085252,5.233333333333334,45.0,48087.12,30,Retail & Distribution,43.0,seasonal_payer
INV702528,C1085,2026-01-31,39.225806451612904,44.333333333333336,31,6.141170775562559,5.107526881720432,43.0,33821.66,30,Retail & Distribution,42.0,seasonal_payer
INV702529,C1085,2026-02-19,39.3125,43.333333333333336,32,6.061180019254207,4.020833333333336,42.0,73217.43,30,Retail & Distribution,40.0,seasonal_payer
INV702530,C1085,2026-03-01,39.333333333333336,41.666666666666664,33,5.966922713314347,2.3333333333333286,40.0,68285.99,30,Retail & Distribution,38.0,seasonal_payer
INV702531,C1085,2026-03-10,39.294117647058826,40.0,34,5.880267009834831,0.705882352941174,38.0,304977.17,30,Retail & Distribution,42.0,seasonal_payer
INV702532,C1085,2026-03-31,39.371428571428574,40.0,35,5.811174399306878,0.6285714285714263,42.0,65868.75,30,Retail & Distribution,46.0,seasonal_payer
INV702533,C1085,2026-04-22,39.55555555555556,42.0,36,5.833129248130613,2.444444444444443,46.0,214898.51,30,Retail & Distribution,42.0,seasonal_payer
INV702534,C1085,2026-05-10,39.62162162162162,43.333333333333336,37,5.765565171060139,3.7117117117117147,42.0,31405.3,30,Retail & Distribution,30.0,seasonal_payer
INV702535,C1085,2026-06-18,39.36842105263158,39.333333333333336,38,5.897416074728297,-0.03508771929824661,30.0,68074.17,30,Retail & Distribution,33.0,seasonal_payer
INV702536,C1085,2026-07-01,39.205128205128204,35.0,39,5.907976263980964,-4.205128205128204,33.0,58725.51,30,Retail & Distribution,31.0,seasonal_payer
INV702537,C1085,2026-07-06,39.0,31.333333333333332,40,5.974303950445414,-7.666666666666668,31.0,66974.09,30,Retail & Distribution,32.0,seasonal_payer
INV702538,C1086,2024-05-05,,,0,,,,111623.94,30,Metal & Engineering,33.0,deteriorating_payer
INV702539,C1086,2025-01-09,33.0,33.0,1,,0.0,33.0,124654.59,30,Metal & Engineering,35.0,deteriorating_payer
INV702540,C1086,2025-03-05,34.0,34.0,2,1.4142135623730951,0.0,35.0,53424.33,30,Metal & Engineering,46.0,deteriorating_payer
INV702541,C1086,2025-03-14,38.0,38.0,3,7.0,0.0,46.0,143990.71,30,Metal & Engineering,41.0,deteriorating_payer
INV702542,C1086,2025-05-11,38.75,40.666666666666664,4,5.909032633745278,1.9166666666666643,41.0,179994.11,30,Metal & Engineering,54.0,deteriorating_payer
INV702543,C1086,2025-08-10,41.8,47.0,5,8.526429498916883,5.200000000000003,54.0,77237.7,30,Metal & Engineering,54.0,deteriorating_payer
INV702544,C1086,2025-11-24,43.833333333333336,49.666666666666664,6,9.108603991099113,5.833333333333329,54.0,130267.3,30,Metal & Engineering,53.0,deteriorating_payer
INV702545,C1086,2025-12-28,45.142857142857146,53.666666666666664,7,9.007933011676828,8.523809523809518,53.0,111638.99,30,Metal & Engineering,82.0,deteriorating_payer
INV702546,C1086,2026-02-26,49.75,63.0,8,15.471171347287926,13.25,82.0,178593.84,30,Metal & Engineering,67.0,deteriorating_payer
INV702547,C1086,2026-02-28,51.666666666666664,67.33333333333333,9,15.572411502397438,15.666666666666664,67.0,201398.02,30,Metal & Engineering,54.0,deteriorating_payer
INV702548,C1086,2026-03-22,51.9,67.66666666666667,10,14.700340132119395,15.766666666666673,54.0,126570.26,30,Metal & Engineering,66.0,deteriorating_payer
INV702549,C1086,2026-04-14,53.18181818181818,62.333333333333336,11,14.579562282991779,9.151515151515156,66.0,116990.11,30,Metal & Engineering,86.0,deteriorating_payer
INV702550,C1087,2024-04-10,,,0,,,,109654.71,30,Auto Components,38.0,average_payer
INV702551,C1087,2024-04-20,38.0,38.0,1,,0.0,38.0,106314.72,30,Auto Components,32.0,average_payer
INV702552,C1087,2024-04-22,35.0,35.0,2,4.242640687119285,0.0,32.0,120112.44,30,Auto Components,41.0,average_payer
INV702553,C1087,2024-05-09,37.0,37.0,3,4.58257569495584,0.0,41.0,16692.23,30,Auto Components,37.0,average_payer
INV702554,C1087,2024-05-15,37.0,36.666666666666664,4,3.7416573867739413,-0.3333333333333357,37.0,156157.73,30,Auto Components,34.0,average_payer
INV702555,C1087,2024-05-27,36.4,37.333333333333336,5,3.507135583350036,0.9333333333333371,34.0,178675.32,30,Auto Components,42.0,average_payer
INV702556,C1087,2024-05-29,37.333333333333336,37.666666666666664,6,3.8815804341359037,0.3333333333333286,42.0,221014.6,30,Auto Components,43.0,average_payer
INV702557,C1087,2024-05-29,38.142857142857146,39.666666666666664,7,4.140393356054126,1.5238095238095184,43.0,116546.89,30,Auto Components,24.0,average_payer
INV702558,C1087,2024-07-15,36.375,36.333333333333336,8,6.300510183423924,-0.0416666666666643,24.0,137146.66,30,Auto Components,43.0,average_payer
INV702559,C1087,2024-08-22,37.111111111111114,36.666666666666664,9,6.293735862833068,-0.44444444444444997,43.0,77032.99,30,Auto Components,26.0,average_payer
INV702560,C1087,2024-10-09,36.0,31.0,10,6.896053621859067,-5.0,26.0,101185.83,30,Auto Components,30.0,average_payer
INV702561,C1087,2024-11-06,35.45454545454545,33.0,11,6.787689391297106,-2.4545454545454533,30.0,124873.19,30,Auto Components,36.0,average_payer
INV702562,C1087,2024-12-03,35.5,30.666666666666668,12,6.473723110319973,-4.833333333333332,36.0,101815.28,30,Auto Components,36.0,average_payer
INV702563,C1087,2024-12-09,35.53846153846154,34.0,13,6.199669139228112,-1.53846153846154,36.0,97686.53,30,Auto Components,37.0,average_payer
INV702564,C1087,2024-12-18,35.642857142857146,36.333333333333336,14,5.969243514204135,0.6904761904761898,37.0,96611.52,30,Auto Components,33.0,average_payer
INV702565,C1087,2025-01-09,35.46666666666667,35.333333333333336,15,5.792441709018827,-0.13333333333333286,33.0,160260.95,30,Auto Components,32.0,average_payer
INV702566,C1087,2025-02-19,35.25,34.0,16,5.66274374015518,-1.25,32.0,91808.1,30,Auto Components,40.0,average_payer
INV702567,C1087,2025-03-14,35.529411764705884,35.0,17,5.6026516831187125,-0.529411764705884,40.0,87923.71,30,Auto Components,42.0,average_payer
INV702568,C1087,2025-03-17,35.888888888888886,38.0,18,5.645288393496973,2.1111111111111143,42.0,172110.8,30,Auto Components,34.0,average_payer
INV702569,C1087,2025-05-25,35.78947368421053,38.666666666666664,19,5.503321697629745,2.877192982456137,34.0,93651.83,30,Auto Components,35.0,average_payer
INV702570,C1087,2025-05-27,35.75,37.0,20,5.359448125556056,1.25,35.0,137732.05,30,Auto Components,39.0,average_payer
INV702571,C1087,2025-05-30,35.904761904761905,36.0,21,5.271667306505238,0.0952380952380949,39.0,117340.97,30,Auto Components,38.0,average_payer
INV702572,C1087,2025-06-04,36.0,37.333333333333336,22,5.163977794943222,1.3333333333333357,38.0,141079.4,30,Auto Components,28.0,average_payer
INV702573,C1087,2025-06-24,35.65217391304348,35.0,23,5.313864333062863,-0.6521739130434767,28.0,97514.93,30,Auto Components,41.0,average_payer
INV702574,C1087,2025-07-12,35.875,35.666666666666664,24,5.31046956083186,-0.2083333333333357,41.0,57472.04,30,Auto Components,33.0,average_payer
INV702575,C1087,2025-07-29,35.76,34.0,25,5.2303600895795554,-1.759999999999998,33.0,94954.23,30,Auto Components,32.0,average_payer
INV702576,C1087,2025-10-07,35.61538461538461,35.333333333333336,26,5.177465967648057,-0.2820512820512775,32.0,165543.12,30,Auto Components,47.0,average_payer
INV702577,C1087,2025-10-31,36.03703703703704,37.333333333333336,27,5.529511603704125,1.2962962962962976,47.0,178436.51,30,Auto Components,33.0,average_payer
INV702578,C1087,2025-11-07,35.92857142857143,37.333333333333336,28,5.456417026995533,1.404761904761905,33.0,119974.55,30,Auto Components,27.0,average_payer
INV702579,C1087,2025-12-17,35.62068965517241,35.666666666666664,29,5.608754592493572,0.045977011494251485,27.0,122755.72,30,Auto Components,34.0,average_payer
INV702580,C1087,2026-02-11,35.56666666666667,31.333333333333332,30,5.519141195895416,-4.233333333333338,34.0,119387.22,30,Auto Components,36.0,average_payer
INV702581,C1087,2026-02-14,35.58064516129032,32.333333333333336,31,5.426934024218998,-3.2473118279569846,36.0,129712.61,30,Auto Components,40.0,average_payer
INV702582,C1087,2026-02-17,35.71875,36.666666666666664,32,5.3955440097630865,0.9479166666666643,40.0,113360.86,30,Auto Components,34.0,average_payer
INV702583,C1087,2026-03-01,35.666666666666664,36.666666666666664,33,5.318991132410983,1.0,34.0,96528.65,30,Auto Components,39.0,average_payer
INV702584,C1087,2026-03-04,35.76470588235294,37.666666666666664,34,5.268884210149655,1.9019607843137223,39.0,147990.43,30,Auto Components,39.0,average_payer
INV702585,C1087,2026-03-27,35.857142857142854,37.333333333333336,35,5.21954954751764,1.4761904761904816,39.0,133953.46,30,Auto Components,31.0,average_payer
INV702586,C1087,2026-03-28,35.72222222222222,36.333333333333336,36,5.207747586110037,0.6111111111111143,31.0,80818.6,30,Auto Components,33.0,average_payer
INV702587,C1087,2026-04-07,35.648648648648646,34.333333333333336,37,5.154373634843283,-1.3153153153153099,33.0,154435.41,30,Auto Components,26.0,average_payer
INV702588,C1087,2026-04-17,35.39473684210526,30.0,38,5.319720952264068,-5.39473684210526,26.0,129924.27,30,Auto Components,37.0,average_payer
INV702589,C1087,2026-04-26,35.43589743589744,32.0,39,5.255547804562897,-3.435897435897438,37.0,412308.57,30,Auto Components,42.0,average_payer
INV702590,C1087,2026-05-06,35.6,35.0,40,5.290533393689486,-0.6000000000000014,42.0,77314.63,30,Auto Components,39.0,average_payer
INV702591,C1087,2026-05-28,35.68292682926829,39.333333333333336,41,5.250900038994477,3.650406504065046,39.0,116151.39,30,Auto Components,33.0,average_payer
INV702592,C1087,2026-06-22,35.61904761904762,38.0,42,5.2029652940737225,2.3809523809523796,33.0,89260.5,30,Auto Components,36.0,average_payer
INV702593,C1087,2026-07-04,35.627906976744185,36.0,43,5.1409803392235895,0.3720930232558146,36.0,162516.42,30,Auto Components,32.0,average_payer
INV702598,C1088,2024-04-10,,,0,,,,95812.58,30,Retail & Distribution,34.0,average_payer
INV702599,C1088,2024-04-23,34.0,34.0,1,,0.0,34.0,114646.89,30,Retail & Distribution,26.0,average_payer
INV702600,C1088,2024-05-10,30.0,30.0,2,5.656854249492381,0.0,26.0,102965.51,30,Retail & Distribution,25.0,average_payer
INV702601,C1088,2024-05-16,28.333333333333332,28.333333333333332,3,4.932882862316247,0.0,25.0,62953.71,30,Retail & Distribution,36.0,average_payer
INV702603,C1088,2024-07-23,30.25,29.0,4,5.560275772537426,-1.25,36.0,167242.36,30,Retail & Distribution,31.0,average_payer
INV702604,C1088,2024-09-03,30.4,30.666666666666668,5,4.8270073544588685,0.26666666666666927,31.0,90875.62,30,Retail & Distribution,40.0,average_payer
INV702605,C1088,2024-09-17,32.0,35.666666666666664,6,5.830951894845301,3.6666666666666643,40.0,152776.95,30,Retail & Distribution,36.0,average_payer
INV702606,C1088,2024-09-26,32.57142857142857,35.666666666666664,7,5.533448076836686,3.095238095238095,36.0,78434.59,30,Retail & Distribution,39.0,average_payer
INV702607,C1088,2024-10-20,33.375,38.333333333333336,8,5.604526232048012,4.958333333333336,39.0,138484.65,30,Retail & Distribution,44.0,average_payer
INV702608,C1088,2024-10-22,34.55555555555556,39.666666666666664,9,6.326750965367435,5.111111111111107,44.0,137119.08,30,Retail & Distribution,27.0,average_payer
INV702609,C1088,2024-11-02,33.8,36.666666666666664,10,6.425643072011462,2.866666666666667,27.0,166500.09,30,Retail & Distribution,22.0,average_payer
INV702610,C1088,2024-11-03,32.72727272727273,31.0,11,7.058199615920609,-1.7272727272727266,22.0,162534.23,30,Retail & Distribution,42.0,average_payer
INV702611,C1088,2024-11-17,33.5,30.333333333333332,12,7.242551032236187,-3.166666666666668,42.0,115561.65,30,Retail & Distribution,33.0,average_payer
INV702612,C1088,2024-11-24,33.46153846153846,32.333333333333336,13,6.935601207001748,-1.1282051282051242,33.0,94988.61,30,Retail & Distribution,32.0,average_payer
INV702613,C1088,2024-11-27,33.357142857142854,35.666666666666664,14,6.6749490675918315,2.30952380952381,32.0,87236.79,30,Retail & Distribution,31.0,average_payer
INV702614,C1088,2024-11-30,33.2,32.0,15,6.460871237136455,-1.2000000000000028,31.0,149532.71,30,Retail & Distribution,42.0,average_payer
INV702615,C1088,2024-12-06,33.75,35.0,16,6.618156843109719,1.25,42.0,62473.32,30,Retail & Distribution,34.0,average_payer
INV702616,C1088,2024-12-08,33.76470588235294,35.666666666666664,17,6.408289668124268,1.9019607843137223,34.0,435055.69,30,Retail & Distribution,33.0,average_payer
INV702617,C1088,2025-01-11,33.72222222222222,36.333333333333336,18,6.219566426685041,2.6111111111111143,33.0,131747.71,30,Retail & Distribution,32.0,average_payer
INV702618,C1088,2025-02-11,33.63157894736842,33.0,19,6.057231915613944,-0.6315789473684177,32.0,148449.8,30,Retail & Distribution,35.0,average_payer
INV702619,C1088,2025-02-20,33.7,33.333333333333336,20,5.9036117401932335,-0.36666666666666714,35.0,81883.46,30,Retail & Distribution,38.0,average_payer
INV702620,C1088,2025-02-27,33.904761904761905,35.0,21,5.83013517771897,1.095238095238095,38.0,108634.81,30,Retail & Distribution,44.0,average_payer
INV702621,C1088,2025-04-03,34.36363636363637,39.0,22,6.083118361854306,4.636363636363633,44.0,162313.6,30,Retail & Distribution,42.0,average_payer
INV702622,C1088,2025-04-12,34.69565217391305,41.333333333333336,23,6.152861733362894,6.637681159420289,42.0,81901.12,30,Retail & Distribution,26.0,average_payer
INV702623,C1088,2025-04-15,34.333333333333336,37.333333333333336,24,6.273939658665815,3.0,26.0,27806.65,30,Retail & Distribution,31.0,average_payer
INV702624,C1088,2025-06-03,34.2,33.0,25,6.177917664283547,-1.2000000000000028,31.0,145499.98,30,Retail & Distribution,30.0,average_payer
INV702625,C1088,2025-06-04,34.03846153846154,29.0,26,6.108883820998853,-5.03846153846154,30.0,117883.96,30,Retail & Distribution,28.0,average_payer
INV702626,C1088,2025-06-23,33.81481481481482,29.666666666666668,27,6.1019356136899905,-4.148148148148149,28.0,116986.9,30,Retail & Distribution,32.0,average_payer
INV702627,C1088,2025-08-12,33.75,30.0,28,5.997684738482194,-3.75,32.0,202541.72,30,Retail & Distribution,43.0,average_payer
INV702628,C1088,2025-08-21,34.06896551724138,34.333333333333336,29,6.134976041883356,0.2643678160919549,43.0,119393.93,30,Retail & Distribution,38.0,average_payer
INV702629,C1088,2025-09-12,34.2,37.666666666666664,30,6.070846103616292,3.4666666666666615,38.0,172625.03,30,Retail & Distribution,26.0,average_payer
INV702630,C1088,2025-09-18,33.935483870967744,35.666666666666664,31,6.147820664652734,1.7311827956989205,26.0,136011.63,30,Retail & Distribution,37.0,average_payer
INV702631,C1088,2025-10-08,34.03125,33.666666666666664,32,6.072063872969335,-0.3645833333333357,37.0,52058.9,30,Retail & Distribution,42.0,average_payer
INV702632,C1088,2025-10-19,34.27272727272727,35.0,33,6.135311357587769,0.7272727272727266,42.0,82940.49,30,Retail & Distribution,36.0,average_payer
INV702633,C1088,2025-10-29,34.3235294117647,38.333333333333336,34,6.048894656027232,4.009803921568633,36.0,164745.95,30,Retail & Distribution,28.0,average_payer
INV702634,C1088,2025-12-06,34.142857142857146,35.333333333333336,35,6.054375457871271,1.1904761904761898,28.0,185212.56,30,Retail & Distribution,30.0,average_payer
INV702635,C1088,2025-12-14,34.02777777777778,31.333333333333332,36,6.007072551161726,-2.6944444444444464,30.0,120491.0,30,Retail & Distribution,41.0,average_payer
INV702636,C1088,2025-12-16,34.21621621621622,33.0,37,6.032942598466888,-1.2162162162162176,41.0,115624.12,30,Retail & Distribution,38.0,average_payer
INV702637,C1088,2026-01-31,34.31578947368421,36.333333333333336,38,5.982430416161189,2.0175438596491233,38.0,135048.83,30,Retail & Distribution,37.0,average_payer
INV702638,C1088,2026-02-01,34.38461538461539,38.666666666666664,39,5.9188164918307455,4.2820512820512775,37.0,130725.38,30,Retail & Distribution,35.0,average_payer
INV702639,C1088,2026-02-02,34.4,36.666666666666664,40,5.843251641302961,2.2666666666666657,35.0,76061.46,30,Retail & Distribution,34.0,average_payer
INV702640,C1088,2026-03-06,34.390243902439025,35.333333333333336,41,5.770086865812715,0.943089430894311,34.0,77942.55,30,Retail & Distribution,38.0,average_payer
INV702641,C1088,2026-03-16,34.476190476190474,35.666666666666664,42,5.726438876538923,1.1904761904761898,38.0,80082.03,30,Retail & Distribution,34.0,average_payer
INV702642,C1088,2026-04-14,34.46511627906977,35.333333333333336,43,5.658322303976778,0.8682170542635674,34.0,95613.65,30,Retail & Distribution,21.0,average_payer
INV702643,C1088,2026-04-17,34.15909090909091,31.0,44,5.9491769288766525,-3.1590909090909065,21.0,170059.79,30,Retail & Distribution,37.0,average_payer
INV702644,C1088,2026-06-07,34.22222222222222,30.666666666666668,45,5.896412194519374,-3.5555555555555536,37.0,175635.54,30,Retail & Distribution,42.0,average_payer
INV702645,C1088,2026-06-07,34.391304347826086,33.333333333333336,46,5.942234001411947,-1.0579710144927503,42.0,118293.47,30,Retail & Distribution,43.0,average_payer
INV702648,C1089,2024-03-11,,,0,,,,118546.55,15,Construction & Infra,31.0,prompt_payer
INV702649,C1089,2024-05-02,31.0,31.0,1,,0.0,31.0,97251.28,15,Construction & Infra,12.0,prompt_payer
INV702650,C1089,2024-05-15,21.5,21.5,2,13.435028842544403,0.0,12.0,60217.2,15,Construction & Infra,21.0,prompt_payer
INV702651,C1089,2024-05-22,21.333333333333332,21.333333333333332,3,9.504384952922168,0.0,21.0,192624.44,15,Construction & Infra,13.0,prompt_payer
INV702652,C1089,2024-06-18,19.25,15.333333333333334,4,8.80814017448254,-3.916666666666666,13.0,105206.13,15,Construction & Infra,21.0,prompt_payer
INV702653,C1089,2024-07-30,19.6,18.333333333333332,5,7.6681158050723255,-1.2666666666666693,21.0,71607.83,15,Construction & Infra,26.0,prompt_payer
INV702654,C1089,2024-11-01,20.666666666666668,20.0,6,7.339391437078872,-0.6666666666666679,26.0,146146.95,15,Construction & Infra,10.0,prompt_payer
INV702655,C1089,2025-04-05,19.142857142857142,19.0,7,7.819389819088005,-0.14285714285714235,10.0,180525.66,15,Construction & Infra,17.0,prompt_payer
INV702656,C1089,2025-05-28,18.875,17.666666666666668,8,7.278883352351709,-1.2083333333333321,17.0,130407.58,15,Construction & Infra,20.0,prompt_payer
INV702657,C1089,2025-07-01,19.0,15.666666666666666,9,6.819090848492928,-3.333333333333334,20.0,151108.6,15,Construction & Infra,16.0,prompt_payer
INV702658,C1089,2025-07-25,18.7,17.666666666666668,10,6.498717822257967,-1.0333333333333314,16.0,96241.76,15,Construction & Infra,20.0,prompt_payer
INV702659,C1089,2025-09-06,18.818181818181817,18.666666666666668,11,6.177672406629893,-0.15151515151514872,20.0,119623.77,15,Construction & Infra,26.0,prompt_payer
INV702660,C1089,2025-10-15,19.416666666666668,20.666666666666668,12,6.244391422902976,1.25,26.0,116201.51,15,Construction & Infra,14.0,prompt_payer
INV702661,C1089,2025-11-08,19.0,20.0,13,6.164414002968977,1.0,14.0,20647.56,15,Construction & Infra,22.0,prompt_payer
INV702662,C1089,2026-02-10,19.214285714285715,20.666666666666668,14,5.976602732303714,1.4523809523809526,22.0,95192.18,15,Construction & Infra,18.0,prompt_payer
INV702663,C1089,2026-02-13,19.133333333333333,18.0,15,5.767726299562651,-1.1333333333333329,18.0,170013.26,15,Construction & Infra,11.0,prompt_payer
INV702664,C1090,2024-04-11,,,0,,,,5621.41,15,Chemicals & Plastics,19.0,average_payer
INV702665,C1090,2024-06-13,19.0,19.0,1,,0.0,19.0,29810.87,15,Chemicals & Plastics,23.0,average_payer
INV702666,C1090,2024-07-13,21.0,21.0,2,2.8284271247461903,0.0,23.0,24115.32,15,Chemicals & Plastics,29.0,average_payer
INV702667,C1090,2024-07-16,23.666666666666668,23.666666666666668,3,5.033222956847166,0.0,29.0,22624.02,15,Chemicals & Plastics,20.0,average_payer
INV702668,C1090,2024-09-18,22.75,24.0,4,4.5,1.25,20.0,12831.75,15,Chemicals & Plastics,18.0,average_payer
INV702669,C1090,2024-10-25,21.8,22.333333333333332,5,4.43846820423443,0.5333333333333314,18.0,35819.94,15,Chemicals & Plastics,29.0,average_payer
INV702670,C1090,2025-06-16,23.0,22.333333333333332,6,4.9396356140913875,-0.6666666666666679,29.0,85808.22,15,Chemicals & Plastics,22.0,average_payer
INV702671,C1090,2025-07-29,22.857142857142858,23.0,7,4.525062483125562,0.14285714285714235,22.0,41789.41,15,Chemicals & Plastics,8.0,average_payer
INV702672,C1090,2025-09-13,21.0,19.666666666666668,8,6.718843437888484,-1.3333333333333321,8.0,15505.15,15,Chemicals & Plastics,18.0,average_payer
INV702673,C1090,2026-02-21,20.666666666666668,16.0,9,6.363961030678928,-4.666666666666668,18.0,17144.22,15,Chemicals & Plastics,15.0,average_payer
INV702674,C1090,2026-02-24,20.1,13.666666666666666,10,6.261877602693231,-6.433333333333335,15.0,47741.5,15,Chemicals & Plastics,20.0,average_payer
INV702675,C1090,2026-04-04,20.09090909090909,17.666666666666668,11,5.940615211483496,-2.424242424242422,20.0,18342.01,15,Chemicals & Plastics,30.0,average_payer
INV702676,C1091,2024-03-23,,,0,,,,30156.64,30,FMCG & Food Processing,55.0,improving_payer
INV702678,C1091,2024-04-24,55.0,55.0,1,,0.0,55.0,35532.26,30,FMCG & Food Processing,61.0,improving_payer
INV702679,C1091,2024-04-29,58.0,58.0,2,4.242640687119285,0.0,61.0,31040.4,30,FMCG & Food Processing,63.0,improving_payer
INV702680,C1091,2024-06-04,59.666666666666664,59.666666666666664,3,4.163331998932266,0.0,63.0,42124.87,30,FMCG & Food Processing,55.0,improving_payer
INV702682,C1091,2024-07-27,58.5,59.666666666666664,4,4.123105625617661,1.1666666666666643,55.0,12558.71,30,FMCG & Food Processing,50.0,improving_payer
INV702683,C1091,2024-08-10,56.8,56.0,5,5.215361924162119,-0.7999999999999972,50.0,18868.57,30,FMCG & Food Processing,55.0,improving_payer
INV702684,C1091,2024-10-12,56.5,53.333333333333336,6,4.722287581247037,-3.1666666666666643,55.0,93754.35,30,FMCG & Food Processing,61.0,improving_payer
INV702685,C1091,2024-10-23,57.142857142857146,55.333333333333336,7,4.634241089562612,-1.8095238095238102,61.0,35288.13,30,FMCG & Food Processing,47.0,improving_payer
INV702686,C1091,2024-10-26,55.875,54.333333333333336,8,5.5917669070569405,-1.5416666666666643,47.0,19944.75,30,FMCG & Food Processing,53.0,improving_payer
INV702687,C1091,2024-12-29,55.55555555555556,53.666666666666664,9,5.317685377847939,-1.8888888888888928,53.0,38110.42,30,FMCG & Food Processing,53.0,improving_payer
INV702688,C1091,2025-01-03,55.3,51.0,10,5.078276172963507,-4.299999999999997,53.0,22396.95,30,FMCG & Food Processing,49.0,improving_payer
INV702689,C1091,2025-01-15,54.72727272727273,51.666666666666664,11,5.178627406773133,-3.0606060606060623,49.0,32535.09,30,FMCG & Food Processing,44.0,improving_payer
INV702690,C1091,2025-02-07,53.833333333333336,48.666666666666664,12,5.828352852195635,-5.166666666666671,44.0,11616.54,30,FMCG & Food Processing,43.0,improving_payer
INV702691,C1091,2025-04-16,53.0,45.333333333333336,13,6.337717780610517,-7.666666666666664,43.0,71504.61,30,FMCG & Food Processing,47.0,improving_payer
INV702692,C1091,2025-05-09,52.57142857142857,44.666666666666664,14,6.2966937076811735,-7.904761904761905,47.0,32684.51,30,FMCG & Food Processing,44.0,improving_payer
INV702693,C1091,2025-05-12,52.0,44.666666666666664,15,6.458659745975612,-7.333333333333336,44.0,19542.84,30,FMCG & Food Processing,52.0,improving_payer
INV702694,C1091,2025-05-27,52.0,47.666666666666664,16,6.239658110292051,-4.333333333333336,52.0,14428.06,30,FMCG & Food Processing,44.0,improving_payer
INV702695,C1091,2025-06-13,51.529411764705884,46.666666666666664,17,6.34544765027283,-4.86274509803922,44.0,40463.83,30,FMCG & Food Processing,45.0,improving_payer
INV702696,C1091,2025-06-17,51.166666666666664,47.0,18,6.34544765027283,-4.166666666666664,45.0,14253.28,30,FMCG & Food Processing,44.0,improving_payer
INV702697,C1091,2025-06-19,50.78947368421053,44.333333333333336,19,6.382083840881976,-6.456140350877192,44.0,26294.29,30,FMCG & Food Processing,51.0,improving_payer
INV702698,C1091,2025-07-03,50.8,46.666666666666664,20,6.212042633804968,-4.133333333333333,51.0,31458.41,30,FMCG & Food Processing,33.0,improving_payer
INV702699,C1091,2025-07-06,49.95238095238095,42.666666666666664,21,7.193581795435366,-7.285714285714285,33.0,20319.07,30,FMCG & Food Processing,42.0,improving_payer
INV702700,C1091,2025-07-06,49.59090909090909,42.0,22,7.222050170000808,-7.5909090909090935,42.0,126728.79,30,FMCG & Food Processing,39.0,improving_payer
INV702701,C1091,2025-08-22,49.130434782608695,38.0,23,7.393512806545574,-11.130434782608695,39.0,33718.84,30,FMCG & Food Processing,43.0,improving_payer
INV702702,C1091,2025-09-14,48.875,41.333333333333336,24,7.3384781030923065,-7.541666666666664,43.0,35658.09,30,FMCG & Food Processing,35.0,improving_payer
INV702703,C1091,2025-09-21,48.32,39.0,25,7.701298591796064,-9.32,35.0,29474.95,30,FMCG & Food Processing,42.0,improving_payer
INV702704,C1091,2025-09-23,48.07692307692308,40.0,26,7.646819348843425,-8.07692307692308,42.0,23817.73,30,FMCG & Food Processing,32.0,improving_payer
INV702705,C1091,2025-10-08,47.48148148148148,36.333333333333336,27,8.111579426826864,-11.148148148148145,32.0,25088.68,30,FMCG & Food Processing,34.0,improving_payer
INV702706,C1091,2025-11-08,47.0,36.0,28,8.35774203070733,-11.0,34.0,37869.02,30,FMCG & Food Processing,36.0,improving_payer
INV702707,C1091,2026-01-05,46.62068965517241,34.0,29,8.457514803430518,-12.620689655172413,36.0,28414.42,30,FMCG & Food Processing,28.0,improving_payer
INV702708,C1091,2026-01-17,46.0,32.666666666666664,30,8.978902474978357,-13.333333333333336,28.0,24770.02,30,FMCG & Food Processing,29.0,improving_payer
INV702709,C1091,2026-01-30,45.45161290322581,31.0,31,9.341087408781416,-14.451612903225808,29.0,9644.62,30,FMCG & Food Processing,34.0,improving_payer
INV702710,C1091,2026-05-10,45.09375,30.333333333333332,32,9.409533172061678,-14.760416666666668,34.0,24007.39,30,FMCG & Food Processing,27.0,improving_payer
INV702711,C1091,2026-05-11,44.54545454545455,30.0,33,9.782289191093355,-14.545454545454547,27.0,24766.87,30,FMCG & Food Processing,33.0,improving_payer
INV702712,C1092,2024-02-24,,,0,,,,19528.19,60,Metal & Engineering,104.0,chronic_late_payer
INV702713,C1092,2024-02-24,104.0,104.0,1,,0.0,104.0,21119.41,60,Metal & Engineering,111.0,chronic_late_payer
INV702714,C1092,2024-08-12,107.5,107.5,2,4.949747468305833,0.0,111.0,39477.09,60,Metal & Engineering,98.0,chronic_late_payer
INV702715,C1092,2024-08-22,104.33333333333333,104.33333333333333,3,6.50640709864771,0.0,98.0,18824.38,60,Metal & Engineering,97.0,chronic_late_payer
INV702716,C1092,2024-09-14,102.5,102.0,4,6.454972243679027,-0.5,97.0,18232.33,60,Metal & Engineering,92.0,chronic_late_payer
INV702717,C1092,2024-09-26,100.4,95.66666666666667,5,7.3006848993775915,-4.733333333333334,92.0,53171.04,60,Metal & Engineering,103.0,chronic_late_payer
INV702718,C1092,2024-09-28,100.83333333333333,97.33333333333333,6,6.6156380392723015,-3.5,103.0,22063.15,60,Metal & Engineering,97.0,chronic_late_payer
INV702719,C1092,2024-09-29,100.28571428571429,97.33333333333333,7,6.210590034081188,-2.952380952380963,97.0,17637.87,60,Metal & Engineering,97.0,chronic_late_payer
INV702720,C1092,2024-10-28,99.875,99.0,8,5.866064633612068,-0.875,97.0,36387.69,60,Metal & Engineering,108.0,chronic_late_payer
INV702721,C1092,2025-02-17,100.77777777777777,100.66666666666667,9,6.119186583561941,-0.11111111111110006,108.0,21207.36,60,Metal & Engineering,96.0,chronic_late_payer
INV702722,C1092,2025-03-07,100.3,100.33333333333333,10,5.963779562212765,0.03333333333333144,96.0,17035.9,60,Metal & Engineering,108.0,chronic_late_payer
INV702723,C1092,2025-05-04,101.0,104.0,11,6.1155539405682635,3.0,108.0,13488.59,60,Metal & Engineering,94.0,chronic_late_payer
INV702724,C1092,2025-07-17,100.41666666666667,99.33333333333333,12,6.171169527191207,-1.0833333333333428,94.0,136909.89,60,Metal & Engineering,105.0,chronic_late_payer
INV702725,C1092,2025-09-24,100.76923076923077,102.33333333333333,13,6.043644680624518,1.564102564102555,105.0,38142.64,60,Metal & Engineering,98.0,chronic_late_payer
INV702726,C1092,2025-11-09,100.57142857142857,99.0,14,5.853523405927089,-1.5714285714285694,98.0,20958.8,60,Metal & Engineering,100.0,chronic_late_payer
INV702727,C1092,2025-11-14,100.53333333333333,101.0,15,5.642525608102744,0.46666666666666856,100.0,19002.73,60,Metal & Engineering,105.0,chronic_late_payer
INV702728,C1092,2025-11-29,100.8125,101.0,16,5.564395744373328,0.1875,105.0,30496.83,60,Metal & Engineering,99.0,chronic_late_payer
INV702729,C1092,2025-12-21,100.70588235294117,101.33333333333333,17,5.405607110704044,0.6274509803921546,99.0,13019.09,60,Metal & Engineering,98.0,chronic_late_payer
INV702730,C1092,2025-12-23,100.55555555555556,100.66666666666667,18,5.282849300522034,0.11111111111111427,98.0,22437.84,60,Metal & Engineering,102.0,chronic_late_payer
INV702731,C1092,2026-01-11,100.63157894736842,99.66666666666667,19,5.144690103136431,-0.9649122807017534,102.0,18740.16,60,Metal & Engineering,110.0,chronic_late_payer
INV702732,C1092,2026-02-25,101.1,103.33333333333333,20,5.427997595314209,2.2333333333333343,110.0,30004.04,60,Metal & Engineering,102.0,chronic_late_payer
INV702734,C1093,2024-02-19,,,0,,,,59970.5,30,Chemicals & Plastics,29.0,prompt_payer
INV702735,C1093,2024-03-11,29.0,29.0,1,,0.0,29.0,74128.41,30,Chemicals & Plastics,31.0,prompt_payer
INV702736,C1093,2024-03-15,30.0,30.0,2,1.4142135623730951,0.0,31.0,23499.24,30,Chemicals & Plastics,33.0,prompt_payer
INV702737,C1093,2024-03-21,31.0,31.0,3,2.0,0.0,33.0,61057.47,30,Chemicals & Plastics,32.0,prompt_payer
INV702738,C1093,2024-03-21,31.25,32.0,4,1.707825127659933,0.75,32.0,79449.13,30,Chemicals & Plastics,31.0,prompt_payer
INV702739,C1093,2024-04-11,31.2,32.0,5,1.4832396974191326,0.8000000000000007,31.0,49021.85,30,Chemicals & Plastics,25.0,prompt_payer
INV702740,C1093,2024-04-16,30.166666666666668,29.333333333333332,6,2.8577380332470406,-0.8333333333333357,25.0,62205.78,30,Chemicals & Plastics,30.0,prompt_payer
INV702741,C1093,2024-04-21,30.142857142857142,28.666666666666668,7,2.609506430251477,-1.4761904761904745,30.0,78418.45,30,Chemicals & Plastics,28.0,prompt_payer
INV702742,C1093,2024-05-13,29.875,27.666666666666668,8,2.5319388392523,-2.208333333333332,28.0,48855.85,30,Chemicals & Plastics,29.0,prompt_payer
INV702743,C1093,2024-05-16,29.77777777777778,29.0,9,2.3863035105460586,-0.7777777777777786,29.0,92481.49,30,Chemicals & Plastics,36.0,prompt_payer
INV702744,C1093,2024-06-12,30.4,31.0,10,2.988868236194652,0.6000000000000014,36.0,49764.27,30,Chemicals & Plastics,28.0,prompt_payer
INV702745,C1093,2024-06-26,30.181818181818183,31.0,11,2.926369143432927,0.8181818181818166,28.0,33767.19,30,Chemicals & Plastics,27.0,prompt_payer
INV702746,C1093,2024-07-13,29.916666666666668,30.333333333333332,12,2.937479851639476,0.4166666666666643,27.0,71112.73,30,Chemicals & Plastics,30.0,prompt_payer
INV702747,C1093,2024-07-23,29.923076923076923,28.333333333333332,13,2.8125178062114395,-1.5897435897435912,30.0,41088.42,30,Chemicals & Plastics,29.0,prompt_payer
INV702748,C1093,2024-08-21,29.857142857142858,28.666666666666668,14,2.7134180220963673,-1.1904761904761898,29.0,68124.16,30,Chemicals & Plastics,22.0,prompt_payer
INV702749,C1093,2024-08-31,29.333333333333332,27.0,15,3.309438162646486,-2.333333333333332,22.0,41907.72,30,Chemicals & Plastics,27.0,prompt_payer
INV702750,C1093,2024-09-06,29.1875,26.0,16,3.2499999999999996,-3.1875,27.0,68134.22,30,Chemicals & Plastics,31.0,prompt_payer
INV702751,C1093,2024-10-27,29.294117647058822,26.666666666666668,17,3.1773555412157,-2.6274509803921546,31.0,38603.92,30,Chemicals & Plastics,33.0,prompt_payer
INV702752,C1093,2024-11-10,29.5,30.333333333333332,18,3.203857968504993,0.8333333333333321,33.0,71138.54,30,Chemicals & Plastics,26.0,prompt_payer
INV702753,C1093,2024-11-22,29.31578947368421,30.0,19,3.2154597317568303,0.6842105263157912,26.0,64597.16,30,Chemicals & Plastics,27.0,prompt_payer
INV702754,C1093,2024-11-25,29.2,28.666666666666668,20,3.17224808215512,-0.5333333333333314,27.0,43228.0,30,Chemicals & Plastics,24.0,prompt_payer
INV702755,C1093,2024-12-02,28.952380952380953,25.666666666666668,21,3.2935723838438777,-3.2857142857142847,24.0,38384.93,30,Chemicals & Plastics,30.0,prompt_payer
INV702756,C1093,2024-12-12,29.0,27.0,22,3.2219485379118606,-2.0,30.0,39914.19,30,Chemicals & Plastics,31.0,prompt_payer
INV702757,C1093,2024-12-14,29.08695652173913,28.333333333333332,23,3.175374616099519,-0.7536231884057969,31.0,49819.67,30,Chemicals & Plastics,26.0,prompt_payer
INV702759,C1093,2025-01-02,28.958333333333332,29.0,24,3.168858890305257,0.04166666666666785,26.0,86659.43,30,Chemicals & Plastics,30.0,prompt_payer
INV702760,C1093,2025-03-11,29.0,29.0,25,3.1091263510296048,0.0,30.0,71828.34,30,Chemicals & Plastics,29.0,prompt_payer
INV702761,C1093,2025-03-28,29.0,28.333333333333332,26,3.046309242345563,-0.6666666666666679,29.0,44578.93,30,Chemicals & Plastics,32.0,prompt_payer
INV702762,C1093,2025-04-03,29.11111111111111,30.333333333333332,27,3.042434922296655,1.2222222222222214,32.0,70668.41,30,Chemicals & Plastics,26.0,prompt_payer
INV702763,C1093,2025-05-01,29.0,29.0,28,3.042903097250923,0.0,26.0,97764.54,30,Chemicals & Plastics,26.0,prompt_payer
INV702764,C1093,2025-05-03,28.896551724137932,28.0,29,3.039558562712295,-0.8965517241379324,26.0,79285.6,30,Chemicals & Plastics,30.0,prompt_payer
INV702765,C1093,2025-06-16,28.933333333333334,27.333333333333332,30,2.993479503893401,-1.6000000000000014,30.0,63878.82,30,Chemicals & Plastics,31.0,prompt_payer
INV702766,C1093,2025-07-08,29.0,29.0,31,2.966479394838265,0.0,31.0,84811.12,30,Chemicals & Plastics,26.0,prompt_payer
INV702767,C1093,2025-09-26,28.90625,29.0,32,2.966037597917137,0.09375,26.0,69774.97,30,Chemicals & Plastics,35.0,prompt_payer
INV702768,C1093,2025-10-11,29.09090909090909,30.666666666666668,33,3.106079083463148,1.575757575757578,35.0,49999.66,30,Chemicals & Plastics,30.0,prompt_payer
INV702769,C1093,2025-10-15,29.11764705882353,30.333333333333332,34,3.062626184238786,1.2156862745098032,30.0,81456.31,30,Chemicals & Plastics,28.0,prompt_payer
INV702770,C1093,2025-10-31,29.085714285714285,31.0,35,3.023159902869732,1.9142857142857146,28.0,96763.34,30,Chemicals & Plastics,38.0,prompt_payer
INV702771,C1093,2025-11-09,29.333333333333332,32.0,36,3.3295216301616493,2.666666666666668,38.0,50838.5,30,Chemicals & Plastics,30.0,prompt_payer
INV702772,C1093,2025-11-13,29.35135135135135,32.0,37,3.2847815436935512,2.648648648648649,30.0,84875.92,30,Chemicals & Plastics,31.0,prompt_payer
INV702773,C1093,2026-01-03,29.394736842105264,33.0,38,3.2511077004964934,3.6052631578947363,31.0,101410.57,30,Chemicals & Plastics,26.0,prompt_payer
INV702774,C1093,2026-03-11,29.307692307692307,29.0,39,3.253773891101371,-0.3076923076923066,26.0,60133.99,30,Chemicals & Plastics,31.0,prompt_payer
INV702775,C1093,2026-03-13,29.35,29.333333333333332,40,3.222914750219045,-0.016666666666669272,31.0,45254.6,30,Chemicals & Plastics,29.0,prompt_payer
INV702776,C1093,2026-03-17,29.341463414634145,28.666666666666668,41,3.1828427238677772,-0.674796747967477,29.0,57452.45,30,Chemicals & Plastics,33.0,prompt_payer
INV702777,C1093,2026-04-09,29.428571428571427,31.0,42,3.1940711626910407,1.571428571428573,33.0,59986.7,30,Chemicals & Plastics,29.0,prompt_payer
INV702778,C1093,2026-05-18,29.41860465116279,30.333333333333332,43,3.1564941231533545,0.9147286821705407,29.0,65133.78,30,Chemicals & Plastics,29.0,prompt_payer
INV702779,C1093,2026-06-16,29.40909090909091,30.333333333333332,44,3.120213035498086,0.9242424242424221,29.0,35445.42,30,Chemicals & Plastics,29.0,prompt_payer
INV702780,C1093,2026-06-27,29.4,29.0,45,3.0851550719829013,-0.3999999999999986,29.0,67027.7,30,Chemicals & Plastics,25.0,prompt_payer
INV702783,C1094,2024-05-11,,,0,,,,39867.47,45,Metal & Engineering,48.0,average_payer
INV702784,C1094,2024-05-15,48.0,48.0,1,,0.0,48.0,136358.59,45,Metal & Engineering,50.0,average_payer
INV702785,C1094,2024-05-25,49.0,49.0,2,1.4142135623730951,0.0,50.0,28291.97,45,Metal & Engineering,45.0,average_payer
INV702786,C1094,2024-06-14,47.666666666666664,47.666666666666664,3,2.5166114784235822,0.0,45.0,40437.73,45,Metal & Engineering,56.0,average_payer
INV702787,C1094,2024-09-29,49.75,50.333333333333336,4,4.645786621588784,0.5833333333333357,56.0,27422.17,45,Metal & Engineering,53.0,average_payer
INV702788,C1094,2024-10-06,50.4,51.333333333333336,5,4.277849927241488,0.9333333333333371,53.0,32736.28,45,Metal & Engineering,53.0,average_payer
INV702789,C1094,2024-11-13,50.833333333333336,54.0,6,3.9707262140150976,3.1666666666666643,53.0,30636.99,45,Metal & Engineering,57.0,average_payer
INV702790,C1094,2024-12-11,51.714285714285715,54.333333333333336,7,4.309458036856675,2.6190476190476204,57.0,12508.16,45,Metal & Engineering,66.0,average_payer
INV702791,C1094,2025-05-15,53.5,58.666666666666664,8,6.436503043467894,5.166666666666664,66.0,17817.4,45,Metal & Engineering,38.0,average_payer
INV702792,C1094,2025-08-20,51.77777777777778,53.666666666666664,9,7.933753490274603,1.8888888888888857,38.0,31240.58,45,Metal & Engineering,39.0,average_payer
INV702793,C1094,2025-12-25,50.5,47.666666666666664,10,8.501633829904566,-2.8333333333333357,39.0,21952.89,45,Metal & Engineering,40.0,average_payer
INV702794,C1094,2026-01-08,49.54545454545455,39.0,11,8.664451931468445,-10.545454545454547,40.0,28563.79,45,Metal & Engineering,56.0,average_payer
INV702795,C1094,2026-01-24,50.083333333333336,45.0,12,8.468748252823257,-5.083333333333336,56.0,21260.49,45,Metal & Engineering,56.0,average_payer
INV702796,C1094,2026-02-12,50.53846153846154,50.666666666666664,13,8.27259919468467,0.1282051282051242,56.0,23218.55,45,Metal & Engineering,50.0,average_payer
INV702797,C1094,2026-04-04,50.5,54.0,14,7.94935894851325,3.5,50.0,20126.62,45,Metal & Engineering,61.0,average_payer
INV702798,C1094,2026-05-07,51.2,55.666666666666664,15,8.125796664239848,4.4666666666666615,61.0,45585.25,45,Metal & Engineering,65.0,average_payer
INV702799,C1094,2026-05-13,52.0625,58.666666666666664,16,8.574914965564771,6.604166666666664,65.0,25233.35,45,Metal & Engineering,68.0,average_payer
INV702800,C1094,2026-06-12,53.0,64.66666666666667,17,9.158329542007102,11.666666666666671,68.0,17096.87,45,Metal & Engineering,49.0,average_payer
INV702802,C1095,2024-03-11,,,0,,,,10992.71,30,Retail & Distribution,30.0,prompt_payer
INV702803,C1095,2024-04-21,30.0,30.0,1,,0.0,30.0,25694.69,30,Retail & Distribution,28.0,prompt_payer
INV702804,C1095,2024-05-19,29.0,29.0,2,1.4142135623730951,0.0,28.0,25853.0,30,Retail & Distribution,32.0,prompt_payer
INV702805,C1095,2024-06-07,30.0,30.0,3,2.0,0.0,32.0,25276.62,30,Retail & Distribution,24.0,prompt_payer
INV702806,C1095,2024-07-19,28.5,28.0,4,3.415650255319866,-0.5,24.0,24052.48,30,Retail & Distribution,33.0,prompt_payer
INV702807,C1095,2024-08-09,29.4,29.666666666666668,5,3.5777087639996634,0.26666666666666927,33.0,20825.65,30,Retail & Distribution,31.0,prompt_payer
INV702808,C1095,2024-08-19,29.666666666666668,29.333333333333332,6,3.265986323710904,-0.3333333333333357,31.0,33875.16,30,Retail & Distribution,33.0,prompt_payer
INV702809,C1095,2024-09-07,30.142857142857142,32.333333333333336,7,3.2366943748507486,2.1904761904761934,33.0,7172.43,30,Retail & Distribution,33.0,prompt_payer
INV702810,C1095,2024-10-27,30.5,32.333333333333336,8,3.1622776601683795,1.8333333333333357,33.0,25302.36,30,Retail & Distribution,30.0,prompt_payer
INV702811,C1095,2024-11-08,30.444444444444443,32.0,9,2.96273147243853,1.5555555555555571,30.0,39010.65,30,Retail & Distribution,29.0,prompt_payer
INV702812,C1095,2024-11-14,30.3,30.666666666666668,10,2.8303906287138374,0.36666666666666714,29.0,32146.42,30,Retail & Distribution,31.0,prompt_payer
INV702813,C1095,2025-01-14,30.363636363636363,30.0,11,2.6934263410283665,-0.3636363636363633,31.0,28455.69,30,Retail & Distribution,28.0,prompt_payer
INV702814,C1095,2025-01-23,30.166666666666668,29.333333333333332,12,2.657180095628834,-0.8333333333333357,28.0,9209.66,30,Retail & Distribution,30.0,prompt_payer
INV702815,C1095,2025-02-24,30.153846153846153,29.666666666666668,13,2.5444761689508852,-0.48717948717948545,30.0,32704.83,30,Retail & Distribution,32.0,prompt_payer
INV702816,C1095,2025-03-31,30.285714285714285,30.0,14,2.493948720358985,-0.2857142857142847,32.0,23745.91,30,Retail & Distribution,25.0,prompt_payer
INV702817,C1095,2025-04-23,29.933333333333334,29.0,15,2.7637104114026196,-0.9333333333333336,25.0,19391.9,30,Retail & Distribution,32.0,prompt_payer
INV702818,C1095,2025-04-24,30.0625,29.666666666666668,16,2.7195281453467866,-0.39583333333333215,32.0,22667.09,30,Retail & Distribution,29.0,prompt_payer
INV702819,C1095,2025-06-22,30.0,28.666666666666668,17,2.6457513110645903,-1.3333333333333321,29.0,4608.34,30,Retail & Distribution,26.0,prompt_payer
INV702820,C1095,2025-09-20,29.77777777777778,29.0,18,2.734433064276128,-0.7777777777777786,26.0,12426.39,30,Retail & Distribution,27.0,prompt_payer
INV702821,C1095,2025-09-22,29.63157894736842,27.333333333333332,19,2.7327342090495996,-2.298245614035089,27.0,39346.17,30,Retail & Distribution,30.0,prompt_payer
INV702822,C1095,2025-12-09,29.65,27.666666666666668,20,2.6611236249690506,-1.9833333333333307,30.0,12438.27,30,Retail & Distribution,30.0,prompt_payer
INV702823,C1095,2025-12-23,29.666666666666668,29.0,21,2.594866727470475,-0.6666666666666679,30.0,24503.19,30,Retail & Distribution,30.0,prompt_payer
INV702824,C1095,2026-01-13,29.681818181818183,30.0,22,2.5333276372686018,0.31818181818181657,30.0,30025.0,30,Retail & Distribution,30.0,prompt_payer
INV702825,C1095,2026-01-22,29.695652173913043,30.0,23,2.4759714825919734,0.304347826086957,30.0,26926.43,30,Retail & Distribution,30.0,prompt_payer
INV702826,C1095,2026-03-09,29.708333333333332,30.0,24,2.4223446540879365,0.29166666666666785,30.0,34063.9,30,Retail & Distribution,31.0,prompt_payer
INV702827,C1095,2026-05-18,29.76,30.333333333333332,25,2.3853720883753122,0.5733333333333306,31.0,22596.73,30,Retail & Distribution,29.0,prompt_payer
INV702828,C1095,2026-06-27,29.73076923076923,30.0,26,2.3419255719632472,0.26923076923077005,29.0,21922.12,30,Retail & Distribution,36.0,prompt_payer
INV702829,C1095,2026-07-12,29.962962962962962,32.0,27,2.594098057002612,2.037037037037038,36.0,26107.54,30,Retail & Distribution,28.0,prompt_payer
INV702830,C1096,2024-03-04,,,0,,,,21226.62,60,Retail & Distribution,63.0,prompt_payer
INV702831,C1096,2024-03-08,63.0,63.0,1,,0.0,63.0,13785.77,60,Retail & Distribution,60.0,prompt_payer
INV702832,C1096,2024-03-21,61.5,61.5,2,2.1213203435596424,0.0,60.0,108650.46,60,Retail & Distribution,58.0,prompt_payer
INV702833,C1096,2024-05-23,60.333333333333336,60.333333333333336,3,2.516611478423584,0.0,58.0,73694.62,60,Retail & Distribution,58.0,prompt_payer
INV702834,C1096,2024-05-26,59.75,58.666666666666664,4,2.3629078131263053,-1.0833333333333357,58.0,28534.89,60,Retail & Distribution,62.0,prompt_payer
INV702835,C1096,2024-06-09,60.2,59.333333333333336,5,2.2803508501982765,-0.8666666666666671,62.0,34701.45,60,Retail & Distribution,66.0,prompt_payer
INV702836,C1096,2024-07-25,61.166666666666664,62.0,6,3.1251666622224583,0.8333333333333357,66.0,14395.87,60,Retail & Distribution,62.0,prompt_payer
INV702837,C1096,2024-08-02,61.285714285714285,63.333333333333336,7,2.87020822207993,2.047619047619051,62.0,28039.02,60,Retail & Distribution,62.0,prompt_payer
INV702838,C1096,2024-08-17,61.375,63.333333333333336,8,2.6692695630078265,1.9583333333333357,62.0,22911.73,60,Retail & Distribution,61.0,prompt_payer
INV702839,C1096,2024-09-17,61.333333333333336,61.666666666666664,9,2.499999999999999,0.3333333333333286,61.0,18010.71,60,Retail & Distribution,62.0,prompt_payer
INV702840,C1096,2024-10-23,61.4,61.666666666666664,10,2.366431913239845,0.2666666666666657,62.0,35476.06,60,Retail & Distribution,58.0,prompt_payer
INV702841,C1096,2024-10-25,61.09090909090909,60.333333333333336,11,2.4679767200905864,-0.7575757575757578,58.0,15119.36,60,Retail & Distribution,62.0,prompt_payer
INV702842,C1096,2024-12-10,61.166666666666664,60.666666666666664,12,2.3677121037112183,-0.5,62.0,21741.37,60,Retail & Distribution,59.0,prompt_payer
INV702843,C1096,2024-12-12,61.0,59.666666666666664,13,2.345207879911715,-1.3333333333333357,59.0,21952.72,60,Retail & Distribution,55.0,prompt_payer
INV702844,C1096,2025-01-14,60.57142857142857,58.666666666666664,14,2.765565339736462,-1.904761904761905,55.0,18956.46,60,Retail & Distribution,60.0,prompt_payer
INV702845,C1096,2025-01-19,60.53333333333333,58.0,15,2.6690465570704323,-2.5333333333333314,60.0,21728.24,60,Retail & Distribution,60.0,prompt_payer
INV702846,C1096,2025-02-02,60.5,58.333333333333336,16,2.5819888974716125,-2.1666666666666643,60.0,19095.08,60,Retail & Distribution,57.0,prompt_payer
INV702847,C1096,2025-02-04,60.294117647058826,59.0,17,2.6401871591412087,-1.294117647058826,57.0,24673.66,60,Retail & Distribution,55.0,prompt_payer
INV702848,C1096,2025-04-22,60.0,57.333333333333336,18,2.8491484796029045,-2.6666666666666643,55.0,21267.45,60,Retail & Distribution,63.0,prompt_payer
INV702849,C1096,2025-08-04,60.1578947368421,58.333333333333336,19,2.8531300140710365,-1.824561403508767,63.0,21243.21,60,Retail & Distribution,56.0,prompt_payer
INV702850,C1096,2025-08-13,59.95,58.0,20,2.9285347512832582,-1.9500000000000028,56.0,28608.35,60,Retail & Distribution,59.0,prompt_payer
INV702851,C1096,2025-08-13,59.904761904761905,59.333333333333336,21,2.8619008002508055,-0.5714285714285694,59.0,35794.07,60,Retail & Distribution,59.0,prompt_payer
INV702852,C1096,2025-09-06,59.86363636363637,58.0,22,2.799582529175082,-1.8636363636363669,59.0,21384.52,60,Retail & Distribution,62.0,prompt_payer
INV702853,C1096,2025-09-26,59.95652173913044,60.0,23,2.7712527667524687,0.043478260869562746,62.0,39403.89,60,Retail & Distribution,60.0,prompt_payer
INV702854,C1096,2025-11-08,59.958333333333336,60.333333333333336,24,2.710353204428093,0.375,60.0,15457.72,60,Retail & Distribution,63.0,prompt_payer
INV702855,C1096,2025-11-17,60.08,61.666666666666664,25,2.7221315177632412,1.586666666666666,63.0,34681.23,60,Retail & Distribution,59.0,prompt_payer
INV702856,C1096,2025-12-23,60.03846153846154,60.666666666666664,26,2.6755301415722355,0.6282051282051242,59.0,12149.73,60,Retail & Distribution,61.0,prompt_payer
INV702857,C1096,2025-12-28,60.074074074074076,61.0,27,2.630091047355381,0.9259259259259238,61.0,14860.57,60,Retail & Distribution,62.0,prompt_payer
INV702858,C1096,2026-03-25,60.142857142857146,60.666666666666664,28,2.6064632730293362,0.5238095238095184,62.0,14582.94,60,Retail & Distribution,60.0,prompt_payer
INV702859,C1096,2026-04-04,60.13793103448276,61.0,29,2.5596335944683646,0.8620689655172384,60.0,24530.32,60,Retail & Distribution,61.0,prompt_payer
INV702860,C1096,2026-04-16,60.166666666666664,61.0,30,2.520034664968655,0.8333333333333357,61.0,24786.65,60,Retail & Distribution,61.0,prompt_payer
INV702863,C1097,2024-12-22,,,0,,,,524647.59,15,Auto Components,23.0,cold_start
INV702864,C1097,2026-01-10,23.0,23.0,1,,0.0,23.0,135778.6,15,Auto Components,7.0,cold_start
INV702865,C1098,2024-03-18,,,0,,,,119930.76,90,Metal & Engineering,96.0,erratic_payer
INV702867,C1098,2024-03-28,96.0,96.0,1,,0.0,96.0,112471.56,90,Metal & Engineering,93.0,erratic_payer
INV702868,C1098,2024-03-29,94.5,94.5,2,2.1213203435596424,0.0,93.0,67376.52,90,Metal & Engineering,108.0,erratic_payer
INV702869,C1098,2024-04-09,99.0,99.0,3,7.937253933193772,0.0,108.0,114723.69,90,Metal & Engineering,97.0,erratic_payer
INV702870,C1098,2024-06-14,98.5,99.33333333333333,4,6.557438524302,0.8333333333333286,97.0,118325.89,90,Metal & Engineering,93.0,erratic_payer
INV702871,C1098,2024-06-29,97.4,99.33333333333333,5,6.188699378706322,1.933333333333323,93.0,153475.86,90,Metal & Engineering,98.0,erratic_payer
INV702872,C1098,2024-07-16,97.5,96.0,6,5.540758070878028,-1.5,98.0,104236.28,90,Metal & Engineering,103.0,erratic_payer
INV702873,C1098,2024-08-19,98.28571428571429,98.0,7,5.468524655221178,-0.2857142857142918,103.0,185011.88,90,Metal & Engineering,82.0,erratic_payer
INV702874,C1098,2024-08-23,96.25,94.33333333333333,8,7.667184247539269,-1.9166666666666714,82.0,78521.8,90,Metal & Engineering,115.0,erratic_payer
INV702875,C1098,2024-10-12,98.33333333333333,100.0,9,9.513148795220225,1.6666666666666714,115.0,109791.02,90,Metal & Engineering,131.0,erratic_payer
INV702876,C1098,2024-11-09,101.6,109.33333333333333,10,13.680480823258941,7.733333333333334,131.0,230611.01,90,Metal & Engineering,104.0,erratic_payer
INV702877,C1098,2025-01-08,101.81818181818181,116.66666666666667,11,12.998601323359233,14.848484848484858,104.0,47472.21,90,Metal & Engineering,117.0,erratic_payer
INV702878,C1098,2025-01-15,103.08333333333333,117.33333333333333,12,13.145744789117357,14.25,117.0,207193.4,90,Metal & Engineering,74.0,erratic_payer
INV702879,C1098,2025-03-12,100.84615384615384,98.33333333333333,13,14.949058798946474,-2.512820512820511,74.0,584108.67,90,Metal & Engineering,100.0,erratic_payer
INV702880,C1098,2025-03-12,100.78571428571429,97.0,14,14.364371369299976,-3.785714285714292,100.0,114741.62,90,Metal & Engineering,85.0,erratic_payer
INV702881,C1098,2025-03-17,99.73333333333333,86.33333333333333,15,14.429467204631077,-13.400000000000006,85.0,107866.73,90,Metal & Engineering,106.0,erratic_payer
INV702882,C1098,2025-03-20,100.125,97.0,16,14.027948293793122,-3.125,106.0,71290.24,90,Metal & Engineering,85.0,erratic_payer
INV702883,C1098,2025-04-01,99.23529411764706,92.0,17,14.069156921101854,-7.235294117647058,85.0,201590.05,90,Metal & Engineering,100.0,erratic_payer
INV702884,C1098,2025-05-06,99.27777777777777,97.0,18,13.650277116581814,-2.2777777777777715,100.0,175390.02,90,Metal & Engineering,115.0,erratic_payer
INV702885,C1098,2025-06-07,100.10526315789474,100.0,19,13.74730170228206,-0.10526315789473983,115.0,144933.02,90,Metal & Engineering,78.0,erratic_payer
INV702886,C1098,2025-07-06,99.0,97.66666666666667,20,14.264420219922233,-1.3333333333333286,78.0,58412.1,90,Metal & Engineering,96.0,erratic_payer
INV702887,C1098,2025-07-15,98.85714285714286,96.33333333333333,21,13.918641148782138,-2.5238095238095326,96.0,146608.56,90,Metal & Engineering,130.0,erratic_payer
INV702888,C1098,2025-07-17,100.27272727272727,101.33333333333333,22,15.119151582967364,1.0606060606060623,130.0,136805.2,90,Metal & Engineering,110.0,erratic_payer
INV702889,C1098,2025-07-19,100.69565217391305,112.0,23,14.910139267103673,11.304347826086953,110.0,155241.24,90,Metal & Engineering,150.0,erratic_payer
INV702890,C1098,2025-07-31,102.75,130.0,24,17.718204835950388,27.25,150.0,606278.64,90,Metal & Engineering,97.0,erratic_payer
INV702891,C1098,2025-08-02,102.52,119.0,25,17.38322946597285,16.480000000000004,97.0,204940.5,90,Metal & Engineering,150.0,erratic_payer
INV702892,C1098,2025-08-05,104.34615384615384,132.33333333333334,26,19.4112180095785,27.987179487179503,150.0,137608.93,90,Metal & Engineering,130.0,erratic_payer
INV702893,C1098,2025-09-05,105.29629629629629,125.66666666666667,27,19.66413137359652,20.37037037037038,130.0,80323.8,90,Metal & Engineering,85.0,erratic_payer
INV702894,C1098,2025-10-07,104.57142857142857,121.66666666666667,28,19.67406371517545,17.095238095238102,85.0,799657.12,90,Metal & Engineering,82.0,erratic_payer
INV702895,C1098,2025-11-08,103.79310344827586,99.0,29,19.768986010460264,-4.793103448275858,82.0,118994.21,90,Metal & Engineering,99.0,erratic_payer
INV702896,C1098,2025-12-06,103.63333333333334,88.66666666666667,30,19.444852759807024,-14.966666666666669,99.0,72428.54,90,Metal & Engineering,89.0,erratic_payer
INV702897,C1098,2025-12-18,103.16129032258064,90.0,31,19.297835412628626,-13.16129032258064,89.0,166438.09,90,Metal & Engineering,142.0,erratic_payer
INV702898,C1098,2025-12-31,104.375,110.0,32,20.187428218188575,5.625,142.0,123019.5,90,Metal & Engineering,127.0,erratic_payer
INV702899,C1098,2026-02-18,105.06060606060606,119.33333333333333,33,20.256078399364778,14.272727272727266,127.0,178225.02,90,Metal & Engineering,117.0,erratic_payer
INV702900,C1098,2026-02-27,105.41176470588235,128.66666666666666,34,20.05162677154608,23.25490196078431,117.0,59236.97,90,Metal & Engineering,96.0,erratic_payer
INV702901,C1098,2026-03-15,105.14285714285714,113.33333333333333,35,19.81850421307566,8.19047619047619,96.0,66922.87,90,Metal & Engineering,93.0,erratic_payer
INV702902,C1098,2026-03-26,104.80555555555556,102.0,36,19.637892590520643,-2.805555555555557,93.0,59125.21,90,Metal & Engineering,96.0,erratic_payer
INV702908,C1098,2026-06-01,104.56756756756756,95.0,37,19.417261136165166,-9.567567567567565,96.0,70655.45,90,Metal & Engineering,46.0,erratic_payer
INV702912,C1099,2024-02-16,,,0,,,,49440.3,45,Pharma & Healthcare,57.0,seasonal_payer
INV702913,C1099,2024-03-15,57.0,57.0,1,,0.0,57.0,124213.27,45,Pharma & Healthcare,52.0,seasonal_payer
INV702914,C1099,2024-03-24,54.5,54.5,2,3.5355339059327378,0.0,52.0,182455.24,45,Pharma & Healthcare,52.0,seasonal_payer
INV702915,C1099,2024-04-13,53.666666666666664,53.666666666666664,3,2.886751345948128,0.0,52.0,161697.28,45,Pharma & Healthcare,37.0,seasonal_payer
INV702916,C1099,2024-04-18,49.5,47.0,4,8.660254037844386,-2.5,37.0,146137.76,45,Pharma & Healthcare,51.0,seasonal_payer
INV702917,C1099,2024-07-31,49.8,46.666666666666664,5,7.52994023880668,-3.133333333333333,51.0,193481.05,45,Pharma & Healthcare,53.0,seasonal_payer
INV702918,C1099,2024-08-21,50.333333333333336,47.0,6,6.860515043833566,-3.3333333333333357,53.0,224255.35,45,Pharma & Healthcare,52.0,seasonal_payer
INV702919,C1099,2024-09-19,50.57142857142857,52.0,7,6.294366339755546,1.4285714285714306,52.0,17311.54,45,Pharma & Healthcare,53.0,seasonal_payer
INV702920,C1099,2024-09-20,50.875,52.666666666666664,8,5.89036743942418,1.7916666666666643,53.0,74046.0,45,Pharma & Healthcare,58.0,seasonal_payer
INV702921,C1099,2024-10-27,51.666666666666664,54.333333333333336,9,6.0,2.6666666666666714,58.0,100700.75,45,Pharma & Healthcare,60.0,seasonal_payer
INV702922,C1099,2024-10-29,52.5,57.0,10,6.240548408949685,4.5,60.0,51967.63,45,Pharma & Healthcare,56.0,seasonal_payer
INV702923,C1099,2024-12-27,52.81818181818182,58.0,11,6.013620902886743,5.18181818181818,56.0,134860.99,45,Pharma & Healthcare,50.0,seasonal_payer
INV702924,C1099,2025-03-02,52.583333333333336,55.333333333333336,12,5.791189755816916,2.75,50.0,128759.35,45,Pharma & Healthcare,58.0,seasonal_payer
INV702925,C1099,2025-03-18,53.0,54.666666666666664,13,5.744562646538029,1.6666666666666643,58.0,123379.98,45,Pharma & Healthcare,54.0,seasonal_payer
INV702926,C1099,2025-04-07,53.07142857142857,54.0,14,5.525664397424714,0.9285714285714306,54.0,98883.9,45,Pharma & Healthcare,44.0,seasonal_payer
INV702927,C1099,2025-05-18,52.46666666666667,52.0,15,5.817052108937587,-0.46666666666666856,44.0,135557.03,45,Pharma & Healthcare,42.0,seasonal_payer
INV702928,C1099,2025-06-04,51.8125,46.666666666666664,16,6.199126282522937,-5.145833333333336,42.0,82671.21,45,Pharma & Healthcare,47.0,seasonal_payer
INV702929,C1099,2025-06-04,51.529411764705884,44.333333333333336,17,6.114712248532462,-7.196078431372548,47.0,56625.57,45,Pharma & Healthcare,44.0,seasonal_payer
INV702930,C1099,2025-06-08,51.111111111111114,44.333333333333336,18,6.191919676566043,-6.777777777777779,44.0,70748.04,45,Pharma & Healthcare,52.0,seasonal_payer
INV702931,C1099,2025-06-13,51.1578947368421,47.666666666666664,19,6.020918699692271,-3.4912280701754383,52.0,188005.87,45,Pharma & Healthcare,46.0,seasonal_payer
INV702932,C1099,2025-07-29,50.9,47.333333333333336,20,5.972745115148167,-3.566666666666663,46.0,21168.68,45,Pharma & Healthcare,49.0,seasonal_payer
INV702933,C1099,2025-07-30,50.80952380952381,49.0,21,5.836257770344345,-1.8095238095238102,49.0,108668.35,45,Pharma & Healthcare,47.0,seasonal_payer
INV702934,C1099,2025-07-30,50.63636363636363,47.333333333333336,22,5.753222323147879,-3.3030303030302974,47.0,111007.34,45,Pharma & Healthcare,43.0,seasonal_payer
INV702935,C1099,2025-08-07,50.30434782608695,46.333333333333336,23,5.842125878702776,-3.9710144927536177,43.0,116339.92,45,Pharma & Healthcare,39.0,seasonal_payer
INV702936,C1099,2025-08-14,49.833333333333336,43.0,24,6.162062519380472,-6.833333333333336,39.0,169005.64,45,Pharma & Healthcare,50.0,seasonal_payer
INV702937,C1099,2025-09-13,49.84,44.0,25,6.0324124527422684,-5.840000000000003,50.0,180166.55,45,Pharma & Healthcare,60.0,seasonal_payer
INV702938,C1099,2025-09-29,50.23076923076923,49.666666666666664,26,6.237356442004526,-0.5641025641025692,60.0,161499.16,45,Pharma & Healthcare,61.0,seasonal_payer
INV702939,C1099,2025-10-23,50.629629629629626,57.0,27,6.457840482986839,6.370370370370374,61.0,157146.32,45,Pharma & Healthcare,48.0,seasonal_payer
INV702940,C1099,2025-11-04,50.535714285714285,56.333333333333336,28,6.356578061825768,5.797619047619051,48.0,186565.2,45,Pharma & Healthcare,47.0,seasonal_payer
INV702941,C1099,2025-12-13,50.41379310344828,52.0,29,6.276471036334887,1.5862068965517224,47.0,111498.76,45,Pharma & Healthcare,52.0,seasonal_payer
INV702942,C1099,2025-12-15,50.46666666666667,49.0,30,6.174102382523717,-1.4666666666666686,52.0,88976.09,45,Pharma & Healthcare,52.0,seasonal_payer
INV702944,C1099,2026-01-12,50.516129032258064,50.333333333333336,31,6.076572321860054,-0.18279569892472836,52.0,97080.59,45,Pharma & Healthcare,51.0,seasonal_payer
INV702945,C1099,2026-01-17,50.53125,51.666666666666664,32,5.978371636102495,1.1354166666666643,51.0,131999.59,45,Pharma & Healthcare,53.0,seasonal_payer
INV702946,C1099,2026-01-25,50.60606060606061,52.0,33,5.899890856720326,1.393939393939391,53.0,116658.05,45,Pharma & Healthcare,57.0,seasonal_payer
INV702947,C1099,2026-01-30,50.794117647058826,53.666666666666664,34,5.9123876721456385,2.8725490196078383,57.0,100169.01,45,Pharma & Healthcare,56.0,seasonal_payer
INV702948,C1099,2026-03-06,50.94285714285714,55.333333333333336,35,5.890884569264903,4.390476190476193,56.0,123924.91,45,Pharma & Healthcare,50.0,seasonal_payer
INV702949,C1099,2026-04-08,50.916666666666664,54.333333333333336,36,5.808245370653194,3.4166666666666714,50.0,76208.55,45,Pharma & Healthcare,50.0,seasonal_payer
INV702950,C1099,2026-04-12,50.891891891891895,52.0,37,5.728989555001937,1.1081081081081052,50.0,116087.67,45,Pharma & Healthcare,50.0,seasonal_payer
INV702951,C1099,2026-04-20,50.86842105263158,50.0,38,5.652892360034762,-0.8684210526315823,50.0,1064997.31,45,Pharma & Healthcare,41.0,seasonal_payer
INV702952,C1099,2026-04-30,50.61538461538461,47.0,39,5.797528441705883,-3.615384615384613,41.0,110255.24,45,Pharma & Healthcare,47.0,seasonal_payer
INV702953,C1099,2026-05-25,50.525,46.0,40,5.75119831437606,-4.524999999999999,47.0,120567.9,45,Pharma & Healthcare,52.0,seasonal_payer
INV702958,C1100,2024-02-28,,,0,,,,358082.34,45,IT & Business Services,46.0,prompt_payer
INV702959,C1100,2024-03-03,46.0,46.0,1,,0.0,46.0,432256.8,45,IT & Business Services,42.0,prompt_payer
INV702960,C1100,2024-03-22,44.0,44.0,2,2.8284271247461903,0.0,42.0,151899.99,45,IT & Business Services,40.0,prompt_payer
INV702961,C1100,2024-03-26,42.666666666666664,42.666666666666664,3,3.0550504633038926,0.0,40.0,500879.69,45,IT & Business Services,42.0,prompt_payer
INV702962,C1100,2024-05-25,42.5,41.333333333333336,4,2.5166114784235827,-1.1666666666666643,42.0,296823.69,45,IT & Business Services,41.0,prompt_payer
INV702963,C1100,2024-05-29,42.2,41.0,5,2.2803508501982757,-1.2000000000000028,41.0,278630.02,45,IT & Business Services,41.0,prompt_payer
INV702964,C1100,2024-06-12,42.0,41.333333333333336,6,2.097617696340303,-0.6666666666666643,41.0,493889.77,45,IT & Business Services,40.0,prompt_payer
INV702965,C1100,2024-08-12,41.714285714285715,40.666666666666664,7,2.0586634591635513,-1.047619047619051,40.0,1494348.91,45,IT & Business Services,43.0,prompt_payer
INV702966,C1100,2024-08-18,41.875,41.333333333333336,8,1.9594095320493146,-0.5416666666666643,43.0,274105.02,45,IT & Business Services,44.0,prompt_payer
INV702967,C1100,2024-08-27,42.111111111111114,42.333333333333336,9,1.9649710204252657,0.22222222222222143,44.0,2297126.67,45,IT & Business Services,44.0,prompt_payer
INV702968,C1100,2024-09-08,42.3,43.666666666666664,10,1.9465068427541903,1.3666666666666671,44.0,469393.52,45,IT & Business Services,42.0,prompt_payer
INV702969,C1100,2024-09-17,42.27272727272727,43.333333333333336,11,1.84883255547435,1.0606060606060623,42.0,381294.72,45,IT & Business Services,40.0,prompt_payer
INV702970,C1100,2024-10-17,42.083333333333336,42.0,12,1.8809249819912506,-0.0833333333333357,40.0,346080.03,45,IT & Business Services,44.0,prompt_payer
INV702971,C1100,2024-10-22,42.23076923076923,42.0,13,1.8776690404970262,-0.2307692307692335,44.0,401033.16,45,IT & Business Services,42.0,prompt_payer
INV702972,C1100,2024-11-24,42.214285714285715,42.0,14,1.8050600428356272,-0.2142857142857153,42.0,416405.86,45,IT & Business Services,44.0,prompt_payer
INV702973,C1100,2025-02-15,42.333333333333336,43.333333333333336,15,1.7994708216848738,1.0,44.0,213336.7,45,IT & Business Services,41.0,prompt_payer
INV702974,C1100,2025-03-04,42.25,42.333333333333336,16,1.7701224063135665,0.0833333333333357,41.0,279309.41,45,IT & Business Services,43.0,prompt_payer
INV702975,C1100,2025-03-22,42.294117647058826,42.666666666666664,17,1.7235394498804242,0.37254901960783826,43.0,202057.76,45,IT & Business Services,42.0,prompt_payer
INV702976,C1100,2025-04-18,42.27777777777778,42.0,18,1.6735153404648668,-0.27777777777777857,42.0,318078.61,45,IT & Business Services,42.0,prompt_payer
INV702977,C1100,2025-05-11,42.26315789473684,42.333333333333336,19,1.6276126096272239,0.07017543859649322,42.0,562912.23,45,IT & Business Services,44.0,prompt_payer
INV702978,C1100,2025-05-19,42.35,42.666666666666664,20,1.6311119875071336,0.3166666666666629,44.0,217067.71,45,IT & Business Services,44.0,prompt_payer
INV702979,C1100,2025-06-09,42.42857142857143,43.333333333333336,21,1.630074494353818,0.9047619047619051,44.0,52532.73,45,IT & Business Services,44.0,prompt_payer
INV702980,C1100,2025-06-15,42.5,44.0,22,1.6256866681058624,1.5,44.0,244323.85,45,IT & Business Services,39.0,prompt_payer
INV702981,C1100,2025-07-02,42.34782608695652,42.333333333333336,23,1.7479519353744957,-0.014492753623187582,39.0,332320.77,45,IT & Business Services,42.0,prompt_payer
INV702982,C1100,2025-07-31,42.333333333333336,41.666666666666664,24,1.7110044511584581,-0.6666666666666714,42.0,496730.29,45,IT & Business Services,45.0,prompt_payer
INV702983,C1100,2025-08-16,42.44,42.0,25,1.757839583124694,-0.4399999999999977,45.0,415131.89,45,IT & Business Services,43.0,prompt_payer
INV702984,C1100,2025-08-26,42.46153846153846,43.333333333333336,26,1.725821989216019,0.8717948717948758,43.0,391077.05,45,IT & Business Services,42.0,prompt_payer
INV702985,C1100,2025-09-03,42.44444444444444,43.333333333333336,27,1.694637091472646,0.8888888888888928,42.0,232604.23,45,IT & Business Services,43.0,prompt_payer
INV702986,C1100,2025-10-02,42.464285714285715,42.666666666666664,28,1.6662697940174707,0.202380952380949,43.0,259403.67,45,IT & Business Services,40.0,prompt_payer
INV702987,C1100,2025-11-14,42.37931034482759,41.666666666666664,29,1.6990289895670296,-0.7126436781609229,40.0,319374.57,45,IT & Business Services,43.0,prompt_payer
INV702988,C1100,2025-12-27,42.4,42.0,30,1.6733200530681507,-0.3999999999999986,43.0,405238.74,45,IT & Business Services,41.0,prompt_payer
INV702989,C1100,2026-01-18,42.354838709677416,41.333333333333336,31,1.6642993940749597,-1.0215053763440807,41.0,286332.42,45,IT & Business Services,42.0,prompt_payer
INV702990,C1100,2026-02-01,42.34375,42.0,32,1.638437001062785,-0.34375,42.0,161760.24,45,IT & Business Services,42.0,prompt_payer
INV702991,C1100,2026-02-05,42.333333333333336,41.666666666666664,33,1.613743060919757,-0.6666666666666714,42.0,284215.39,45,IT & Business Services,42.0,prompt_payer
INV702992,C1100,2026-04-16,42.3235294117647,42.0,34,1.5901322269260294,-0.32352941176470296,42.0,283662.73,45,IT & Business Services,47.0,prompt_payer
INV702994,C1100,2026-05-17,42.457142857142856,43.666666666666664,35,1.754705558388259,1.2095238095238088,47.0,321268.63,45,IT & Business Services,42.0,prompt_payer
INV702995,C1100,2026-05-18,42.44444444444444,43.666666666666664,36,1.7311341360002677,1.2222222222222214,42.0,457087.64,45,IT & Business Services,43.0,prompt_payer
INV702996,C1100,2026-05-19,42.45945945945946,44.0,37,1.7093630164251004,1.5405405405405403,43.0,160909.68,45,IT & Business Services,42.0,prompt_payer
INV702997,C1100,2026-05-26,42.44736842105263,42.333333333333336,38,1.6877518778357132,-0.11403508771929438,42.0,1917587.82,45,IT & Business Services,42.0,prompt_payer
INV702998,C1100,2026-06-07,42.43589743589744,42.333333333333336,39,1.6669365503485685,-0.1025641025641022,42.0,342452.55,45,IT & Business Services,42.0,prompt_payer
INV702999,C1100,2026-06-25,42.425,42.0,40,1.6468696023606375,-0.42499999999999716,42.0,248671.89,45,IT & Business Services,44.0,prompt_payer
INV703000,C1100,2026-07-03,42.46341463414634,42.666666666666664,41,1.6446513456597673,0.2032520325203251,44.0,41207.01,45,IT & Business Services,42.0,prompt_payer
INV703003,C1101,2024-03-14,,,0,,,,353469.1,30,Pharma & Healthcare,37.0,erratic_payer
INV703004,C1101,2024-03-17,37.0,37.0,1,,0.0,37.0,250040.1,30,Pharma & Healthcare,25.0,erratic_payer
INV703005,C1101,2024-04-03,31.0,31.0,2,8.48528137423857,0.0,25.0,245690.44,30,Pharma & Healthcare,44.0,erratic_payer
INV703006,C1101,2024-04-04,35.333333333333336,35.333333333333336,3,9.609023536933048,0.0,44.0,336398.34,30,Pharma & Healthcare,32.0,erratic_payer
INV703007,C1101,2024-04-07,34.5,33.666666666666664,4,8.020806277010642,-0.8333333333333357,32.0,223515.61,30,Pharma & Healthcare,38.0,erratic_payer
INV703008,C1101,2024-04-18,35.2,38.0,5,7.120393247567159,2.799999999999997,38.0,431351.34,30,Pharma & Healthcare,47.0,erratic_payer
INV703009,C1101,2024-06-08,37.166666666666664,39.0,6,7.985403350280225,1.8333333333333357,47.0,419513.42,30,Pharma & Healthcare,36.0,erratic_payer
INV703010,C1101,2024-06-10,37.0,40.333333333333336,7,7.302967433402213,3.3333333333333357,36.0,392206.69,30,Pharma & Healthcare,31.0,erratic_payer
INV703011,C1101,2024-06-24,36.25,38.0,8,7.086203900134804,1.75,31.0,412870.92,30,Pharma & Healthcare,60.0,erratic_payer
INV703012,C1101,2024-08-18,38.888888888888886,42.333333333333336,9,10.325265667822357,3.44444444444445,60.0,189857.28,30,Pharma & Healthcare,42.0,erratic_payer
INV703013,C1101,2024-09-24,39.2,44.333333333333336,10,9.784341231443909,5.133333333333333,42.0,270696.06,30,Pharma & Healthcare,37.0,erratic_payer
INV703014,C1101,2024-09-30,39.0,46.333333333333336,11,9.305912099305472,7.333333333333336,37.0,1057260.33,30,Pharma & Healthcare,44.0,erratic_payer
INV703015,C1101,2024-10-28,39.416666666666664,41.0,12,8.989471956717258,1.5833333333333357,44.0,448554.06,30,Pharma & Healthcare,30.0,erratic_payer
INV703016,C1101,2024-11-07,38.69230769230769,37.0,13,8.994300189421958,-1.6923076923076934,30.0,2123228.94,30,Pharma & Healthcare,27.0,erratic_payer
INV703017,C1101,2024-12-28,37.857142857142854,33.666666666666664,14,9.189100088668118,-4.19047619047619,27.0,219578.13,30,Pharma & Healthcare,29.0,erratic_payer
INV703018,C1101,2025-01-10,37.266666666666666,28.666666666666668,15,9.14538655487537,-8.599999999999998,29.0,198515.73,30,Pharma & Healthcare,20.0,erratic_payer
INV703019,C1101,2025-01-24,36.1875,25.333333333333332,16,9.833403954548665,-10.854166666666668,20.0,280853.38,30,Pharma & Healthcare,35.0,erratic_payer
INV703020,C1101,2025-02-17,36.11764705882353,28.0,17,9.525507551708047,-8.117647058823529,35.0,211303.75,30,Pharma & Healthcare,31.0,erratic_payer
INV703021,C1101,2025-02-24,35.833333333333336,28.666666666666668,18,9.319492538570465,-7.166666666666668,31.0,346093.03,30,Pharma & Healthcare,65.0,erratic_payer
INV703022,C1101,2025-05-15,37.36842105263158,43.666666666666664,19,11.260602541189492,6.298245614035082,65.0,224559.85,30,Pharma & Healthcare,35.0,erratic_payer
INV703023,C1101,2025-05-22,37.25,43.666666666666664,20,10.973053118291284,6.416666666666664,35.0,342195.54,30,Pharma & Healthcare,37.0,erratic_payer
INV703024,C1101,2025-05-30,37.23809523809524,45.666666666666664,21,10.695348343577976,8.428571428571423,37.0,216222.36,30,Pharma & Healthcare,30.0,erratic_payer
INV703025,C1101,2025-06-16,36.90909090909091,34.0,22,10.55105091091287,-2.9090909090909065,30.0,527387.21,30,Pharma & Healthcare,39.0,erratic_payer
INV703026,C1101,2025-07-03,37.0,35.333333333333336,23,10.317681205316699,-1.6666666666666643,39.0,174730.83,30,Pharma & Healthcare,31.0,erratic_payer
INV703027,C1101,2025-08-18,36.75,33.333333333333336,24,10.164944021317664,-3.4166666666666643,31.0,386520.6,30,Pharma & Healthcare,41.0,erratic_payer
INV703028,C1101,2025-09-01,36.92,37.0,25,9.987158421359567,0.0799999999999983,41.0,229045.16,30,Pharma & Healthcare,41.0,erratic_payer
INV703029,C1101,2025-10-13,37.07692307692308,37.666666666666664,26,9.81803677696545,0.5897435897435841,41.0,210976.79,30,Pharma & Healthcare,32.0,erratic_payer
INV703030,C1101,2025-11-13,36.888888888888886,38.0,27,9.676829317551572,1.1111111111111143,32.0,431724.86,30,Pharma & Healthcare,85.0,erratic_payer
INV703031,C1101,2025-12-18,38.607142857142854,52.666666666666664,28,13.14686073136652,14.05952380952381,85.0,269170.7,30,Pharma & Healthcare,42.0,erratic_payer
INV703032,C1101,2026-01-06,38.724137931034484,53.0,29,12.925325504948296,14.275862068965516,42.0,330157.4,30,Pharma & Healthcare,26.0,erratic_payer
INV703033,C1101,2026-03-22,38.3,51.0,30,12.911235417263521,12.700000000000003,26.0,359783.3,30,Pharma & Healthcare,20.0,erratic_payer
INV703034,C1101,2026-05-31,37.70967741935484,29.333333333333332,31,13.112827176438335,-8.376344086021508,20.0,381333.01,30,Pharma & Healthcare,52.0,erratic_payer
INV703035,C1101,2026-06-20,38.15625,32.666666666666664,32,13.14462818036326,-5.489583333333336,52.0,156735.91,30,Pharma & Healthcare,32.0,erratic_payer
INV703036,C1102,2024-02-23,,,0,,,,416869.06,30,Chemicals & Plastics,32.0,deteriorating_payer
INV703037,C1102,2024-03-03,32.0,32.0,1,,0.0,32.0,217275.84,30,Chemicals & Plastics,39.0,deteriorating_payer
INV703038,C1102,2024-04-09,35.5,35.5,2,4.949747468305833,0.0,39.0,77766.0,30,Chemicals & Plastics,42.0,deteriorating_payer
INV703039,C1102,2024-04-15,37.666666666666664,37.666666666666664,3,5.131601439446885,0.0,42.0,323183.49,30,Chemicals & Plastics,39.0,deteriorating_payer
INV703040,C1102,2024-05-06,38.0,40.0,4,4.242640687119286,2.0,39.0,310263.38,30,Chemicals & Plastics,39.0,deteriorating_payer
INV703041,C1102,2024-06-19,38.2,40.0,5,3.70135110466435,1.7999999999999972,39.0,490549.2,30,Chemicals & Plastics,47.0,deteriorating_payer
INV703042,C1102,2024-06-28,39.666666666666664,41.666666666666664,6,4.885352256149669,2.0,47.0,279583.04,30,Chemicals & Plastics,45.0,deteriorating_payer
INV703043,C1102,2024-08-29,40.42857142857143,43.666666666666664,7,4.8941169737125145,3.2380952380952337,45.0,221683.72,30,Chemicals & Plastics,42.0,deteriorating_payer
INV703045,C1102,2024-09-13,40.625,44.666666666666664,8,4.565006649971685,4.041666666666664,42.0,289362.83,30,Chemicals & Plastics,44.0,deteriorating_payer
INV703046,C1102,2024-11-29,41.0,43.666666666666664,9,4.415880433163922,2.6666666666666643,44.0,302520.06,30,Chemicals & Plastics,46.0,deteriorating_payer
INV703047,C1102,2025-02-01,41.5,44.0,10,4.453463071962462,2.5,46.0,136551.81,30,Chemicals & Plastics,55.0,deteriorating_payer
INV703048,C1102,2025-02-13,42.72727272727273,48.333333333333336,11,5.866701101827314,5.606060606060609,55.0,261624.05,30,Chemicals & Plastics,45.0,deteriorating_payer
INV703049,C1102,2025-03-21,42.916666666666664,48.666666666666664,12,5.632024233763289,5.75,45.0,307132.32,30,Chemicals & Plastics,53.0,deteriorating_payer
INV703050,C1102,2025-03-27,43.69230769230769,51.0,13,6.074325962395819,7.307692307692307,53.0,483159.52,30,Chemicals & Plastics,42.0,deteriorating_payer
INV703051,C1102,2025-04-05,43.57142857142857,46.666666666666664,14,5.853523405927088,3.095238095238095,42.0,303417.23,30,Chemicals & Plastics,40.0,deteriorating_payer
INV703052,C1102,2025-05-15,43.333333333333336,45.0,15,5.715476066494082,1.6666666666666643,40.0,238522.23,30,Chemicals & Plastics,45.0,deteriorating_payer
INV703053,C1102,2025-06-01,43.4375,42.333333333333336,16,5.537373023374893,-1.1041666666666643,45.0,289237.39,30,Chemicals & Plastics,58.0,deteriorating_payer
INV703054,C1102,2025-07-13,44.294117647058826,47.666666666666664,17,6.420326178263385,3.3725490196078383,58.0,174629.72,30,Chemicals & Plastics,73.0,deteriorating_payer
INV703055,C1102,2025-07-23,45.888888888888886,58.666666666666664,18,9.196475596590947,12.777777777777779,73.0,263483.82,30,Chemicals & Plastics,60.0,deteriorating_payer
INV703056,C1102,2025-08-18,46.63157894736842,63.666666666666664,19,9.50561545330963,17.035087719298247,60.0,287963.73,30,Chemicals & Plastics,58.0,deteriorating_payer
INV703057,C1102,2025-09-09,47.2,63.666666666666664,20,9.594954814627158,16.46666666666666,58.0,352929.82,30,Chemicals & Plastics,65.0,deteriorating_payer
INV703058,C1102,2025-10-30,48.04761904761905,61.0,21,10.126579829716402,12.952380952380949,65.0,188388.49,30,Chemicals & Plastics,75.0,deteriorating_payer
INV703059,C1102,2026-03-12,49.27272727272727,66.0,22,11.431709525875066,16.727272727272727,75.0,188760.36,30,Chemicals & Plastics,84.0,deteriorating_payer
INV703060,C1102,2026-04-29,50.78260869565217,74.66666666666667,23,13.31081761623411,23.8840579710145,84.0,275333.04,30,Chemicals & Plastics,75.0,deteriorating_payer
INV703061,C1102,2026-05-11,51.791666666666664,78.0,24,13.925201322927366,26.208333333333336,75.0,353288.22,30,Chemicals & Plastics,76.0,deteriorating_payer
INV703063,C1103,2024-05-19,,,0,,,,53607.22,30,Textiles & Apparel,60.0,chronic_late_payer
INV703064,C1103,2025-01-14,60.0,60.0,1,,0.0,60.0,82067.8,30,Textiles & Apparel,69.0,chronic_late_payer
INV703065,C1103,2025-02-11,64.5,64.5,2,6.363961030678928,0.0,69.0,55828.41,30,Textiles & Apparel,59.0,chronic_late_payer
INV703066,C1103,2025-02-12,62.666666666666664,62.666666666666664,3,5.507570547286101,0.0,59.0,38615.14,30,Textiles & Apparel,76.0,chronic_late_payer
INV703067,C1103,2025-04-02,66.0,68.0,4,8.04155872120988,2.0,76.0,74818.91,30,Textiles & Apparel,74.0,chronic_late_payer
INV703068,C1103,2025-05-08,67.6,69.66666666666667,5,7.829431652425354,2.066666666666677,74.0,107819.18,30,Textiles & Apparel,65.0,chronic_late_payer
INV703069,C1103,2025-05-23,67.16666666666667,71.66666666666667,6,7.082843120291926,4.5,65.0,43347.96,30,Textiles & Apparel,65.0,chronic_late_payer
INV703070,C1103,2025-06-28,66.85714285714286,68.0,7,6.51737604225738,1.1428571428571388,65.0,32343.61,30,Textiles & Apparel,65.0,chronic_late_payer
INV703071,C1103,2025-08-15,66.625,65.0,8,6.069537520625909,-1.625,65.0,86611.36,30,Textiles & Apparel,73.0,chronic_late_payer
INV703072,C1103,2025-09-11,67.33333333333333,67.66666666666667,9,6.062177826491071,0.3333333333333428,73.0,82957.92,30,Textiles & Apparel,65.0,chronic_late_payer
INV703073,C1103,2025-10-03,67.1,67.66666666666667,10,5.7629082164399525,0.5666666666666771,65.0,70627.24,30,Textiles & Apparel,56.0,chronic_late_payer
INV703074,C1103,2025-10-14,66.0909090909091,64.66666666666667,11,6.410219114110613,-1.424242424242422,56.0,43930.66,30,Textiles & Apparel,68.0,chronic_late_payer
INV703075,C1103,2026-01-07,66.25,63.0,12,6.136700327463521,-3.25,68.0,74301.66,30,Textiles & Apparel,72.0,chronic_late_payer
INV703076,C1103,2026-04-21,66.6923076923077,65.33333333333333,13,6.088029448360327,-1.3589743589743648,72.0,52059.46,30,Textiles & Apparel,70.0,chronic_late_payer
INV703081,C1104,2024-06-30,,,0,,,,1349809.39,30,IT & Business Services,33.0,average_payer
INV703082,C1104,2024-09-03,33.0,33.0,1,,0.0,33.0,1532209.6,30,IT & Business Services,28.0,average_payer
INV703083,C1104,2025-03-20,30.5,30.5,2,3.5355339059327378,0.0,28.0,1497716.46,30,IT & Business Services,31.0,average_payer
INV703084,C1104,2025-03-27,30.666666666666668,30.666666666666668,3,2.516611478423583,0.0,31.0,1544904.59,30,IT & Business Services,30.0,average_payer
INV703085,C1104,2025-04-01,30.5,29.666666666666668,4,2.0816659994661326,-0.8333333333333321,30.0,1646286.27,30,IT & Business Services,36.0,average_payer
INV703086,C1104,2025-05-02,31.6,32.333333333333336,5,3.0495901363953806,0.7333333333333343,36.0,2320548.5,30,IT & Business Services,34.0,average_payer
INV703087,C1104,2025-05-05,32.0,33.333333333333336,6,2.898275349237887,1.3333333333333357,34.0,1095372.62,30,IT & Business Services,32.0,average_payer
INV703088,C1104,2025-08-14,32.0,34.0,7,2.6457513110645903,2.0,32.0,1096122.97,30,IT & Business Services,32.0,average_payer
INV703089,C1104,2025-08-18,32.0,32.666666666666664,8,2.449489742783178,0.6666666666666643,32.0,1553042.49,30,IT & Business Services,31.0,average_payer
INV703090,C1104,2025-09-26,31.88888888888889,31.666666666666668,9,2.315407331574967,-0.22222222222222143,31.0,3744365.02,30,IT & Business Services,35.0,average_payer
INV703091,C1104,2025-12-20,32.2,32.666666666666664,10,2.3944379994757288,0.46666666666666146,35.0,1686787.5,30,IT & Business Services,30.0,average_payer
INV703092,C1104,2025-12-29,32.0,32.0,11,2.366431913239846,0.0,30.0,830615.71,30,IT & Business Services,36.0,average_payer
INV703093,C1104,2026-01-10,32.333333333333336,33.666666666666664,12,2.5346089292516947,1.3333333333333286,36.0,1169706.2,30,IT & Business Services,39.0,average_payer
INV703094,C1104,2026-02-20,32.84615384615385,35.0,13,3.0508510792387593,2.1538461538461533,39.0,1612725.58,30,IT & Business Services,34.0,average_payer
INV703095,C1104,2026-03-30,32.92857142857143,36.333333333333336,14,2.947340018866704,3.404761904761905,34.0,1196320.66,30,IT & Business Services,35.0,average_payer
INV703096,C1104,2026-04-11,33.06666666666667,36.0,15,2.890048607269599,2.93333333333333,35.0,2091091.32,30,IT & Business Services,32.0,average_payer
INV703097,C1104,2026-05-07,33.0,33.666666666666664,16,2.8047578623950167,0.6666666666666643,32.0,2365455.62,30,IT & Business Services,29.0,average_payer
INV703098,C1104,2026-05-07,32.76470588235294,32.0,17,2.8837781590455656,-0.764705882352942,29.0,1491738.24,30,IT & Business Services,33.0,average_payer
INV703099,C1104,2026-07-09,32.77777777777778,31.333333333333332,18,2.798225394688055,-1.4444444444444464,33.0,1827595.25,30,IT & Business Services,36.0,average_payer
INV703101,C1105,2024-03-24,,,0,,,,35397.99,45,Chemicals & Plastics,56.0,average_payer
INV703102,C1105,2024-05-12,56.0,56.0,1,,0.0,56.0,120594.86,45,Chemicals & Plastics,44.0,average_payer
INV703103,C1105,2024-05-13,50.0,50.0,2,8.48528137423857,0.0,44.0,27117.6,45,Chemicals & Plastics,49.0,average_payer
INV703104,C1105,2024-05-15,49.666666666666664,49.666666666666664,3,6.027713773341707,0.0,49.0,25535.97,45,Chemicals & Plastics,56.0,average_payer
INV703105,C1105,2024-05-28,51.25,49.666666666666664,4,5.852349955359813,-1.5833333333333357,56.0,40480.06,45,Chemicals & Plastics,46.0,average_payer
INV703106,C1105,2024-06-20,50.2,50.333333333333336,5,5.585696017507577,0.13333333333333286,46.0,8364.42,45,Chemicals & Plastics,52.0,average_payer
INV703107,C1105,2024-07-04,50.5,51.333333333333336,6,5.049752469181039,0.8333333333333357,52.0,17925.26,45,Chemicals & Plastics,42.0,average_payer
INV703108,C1105,2024-09-05,49.285714285714285,46.666666666666664,7,5.618845839799182,-2.6190476190476204,42.0,27318.96,45,Chemicals & Plastics,52.0,average_payer
INV703109,C1105,2024-09-07,49.625,48.666666666666664,8,5.2898150116183515,-0.9583333333333357,52.0,28094.21,45,Chemicals & Plastics,46.0,average_payer
INV703110,C1105,2024-11-10,49.22222222222222,46.666666666666664,9,5.093568929978709,-2.555555555555557,46.0,19175.26,45,Chemicals & Plastics,47.0,average_payer
INV703111,C1105,2025-01-09,49.0,48.333333333333336,10,4.853406592853679,-0.6666666666666643,47.0,29049.73,45,Chemicals & Plastics,55.0,average_payer
INV703112,C1105,2025-02-05,49.54545454545455,49.333333333333336,11,4.946991739706796,-0.21212121212121104,55.0,20429.58,45,Chemicals & Plastics,38.0,average_payer
INV703113,C1105,2025-02-20,48.583333333333336,46.666666666666664,12,5.77547059606926,-1.9166666666666714,38.0,32007.47,45,Chemicals & Plastics,51.0,average_payer
INV703114,C1105,2025-03-11,48.76923076923077,48.0,13,5.570066518960166,-0.7692307692307665,51.0,16557.76,45,Chemicals & Plastics,51.0,average_payer
INV703115,C1105,2025-04-07,48.92857142857143,46.666666666666664,14,5.384654630940177,-2.2619047619047663,51.0,21163.41,45,Chemicals & Plastics,45.0,average_payer
INV703116,C1105,2025-05-23,48.666666666666664,49.0,15,5.287001130355558,0.3333333333333357,45.0,38271.53,45,Chemicals & Plastics,49.0,average_payer
INV703117,C1105,2025-05-28,48.6875,48.333333333333336,16,5.108408101682298,-0.3541666666666643,49.0,26267.86,45,Chemicals & Plastics,46.0,average_payer
INV703118,C1105,2025-06-18,48.529411764705884,46.666666666666664,17,4.988958396534586,-1.8627450980392197,46.0,20552.02,45,Chemicals & Plastics,41.0,average_payer
INV703119,C1105,2025-07-04,48.111111111111114,45.333333333333336,18,5.155110415761512,-2.7777777777777786,41.0,29562.57,45,Chemicals & Plastics,40.0,average_payer
INV703120,C1105,2025-11-01,47.68421052631579,42.333333333333336,19,5.344286997230965,-5.350877192982452,40.0,41517.91,45,Chemicals & Plastics,49.0,average_payer
INV703121,C1105,2026-03-12,47.75,43.333333333333336,20,5.210061116926105,-4.416666666666664,49.0,38374.63,45,Chemicals & Plastics,50.0,average_payer
INV703122,C1105,2026-06-13,47.857142857142854,46.333333333333336,21,5.101820403402245,-1.5238095238095184,50.0,37081.88,45,Chemicals & Plastics,40.0,average_payer
INV703123,C1105,2026-06-18,47.5,46.333333333333336,22,5.253116988535295,-1.1666666666666643,40.0,9063.64,45,Chemicals & Plastics,53.0,average_payer
INV703125,C1106,2024-03-22,,,0,,,,25789.05,60,Electronics & Electricals,77.0,cold_start
INV703126,C1106,2026-01-18,77.0,77.0,1,,0.0,77.0,23039.51,60,Electronics & Electricals,70.0,cold_start
INV703127,C1107,2024-03-14,,,0,,,,69046.11,45,Metal & Engineering,57.0,average_payer
INV703128,C1107,2024-03-17,57.0,57.0,1,,0.0,57.0,42533.16,45,Metal & Engineering,54.0,average_payer
INV703129,C1107,2024-04-09,55.5,55.5,2,2.1213203435596424,0.0,54.0,12734.34,45,Metal & Engineering,66.0,average_payer
INV703130,C1107,2024-04-18,59.0,59.0,3,6.244997998398398,0.0,66.0,46519.94,45,Metal & Engineering,53.0,average_payer
INV703131,C1107,2024-04-28,57.5,57.666666666666664,4,5.916079783099616,0.1666666666666643,53.0,68085.7,45,Metal & Engineering,49.0,average_payer
INV703132,C1107,2024-06-09,55.8,56.0,5,6.379655163094632,0.20000000000000284,49.0,363671.69,45,Metal & Engineering,47.0,average_payer
INV703133,C1107,2024-08-02,54.333333333333336,49.666666666666664,6,6.742897497861484,-4.666666666666671,47.0,67703.8,45,Metal & Engineering,57.0,average_payer
INV703134,C1107,2024-08-06,54.714285714285715,51.0,7,6.237368187365718,-3.7142857142857153,57.0,37114.86,45,Metal & Engineering,48.0,average_payer
INV703135,C1107,2024-10-03,53.875,50.666666666666664,8,6.243568119044016,-3.2083333333333357,48.0,27799.55,45,Metal & Engineering,55.0,average_payer
INV703136,C1107,2024-10-07,54.0,53.333333333333336,9,5.852349955359811,-0.6666666666666643,55.0,72956.14,45,Metal & Engineering,46.0,average_payer
INV703137,C1107,2024-11-18,53.2,49.666666666666664,10,6.069962474714685,-3.5333333333333385,46.0,24382.33,45,Metal & Engineering,67.0,average_payer
INV703138,C1107,2024-12-28,54.45454545454545,56.0,11,7.104416040233516,1.5454545454545467,67.0,103802.37,45,Metal & Engineering,50.0,average_payer
INV703139,C1107,2024-12-29,54.083333333333336,54.333333333333336,12,6.894771844512245,0.25,50.0,66828.52,45,Metal & Engineering,51.0,average_payer
INV703140,C1107,2025-01-13,53.84615384615385,56.0,13,6.656402354702748,2.1538461538461533,51.0,60001.31,45,Metal & Engineering,59.0,average_payer
INV703141,C1107,2025-01-21,54.214285714285715,53.333333333333336,14,6.541918930765139,-0.8809523809523796,59.0,342590.64,45,Metal & Engineering,52.0,average_payer
INV703142,C1107,2025-03-01,54.06666666666667,54.0,15,6.32982358890567,-0.06666666666666998,52.0,56498.43,45,Metal & Engineering,55.0,average_payer
INV703143,C1107,2025-03-19,54.125,55.333333333333336,16,6.119640512317697,1.2083333333333357,55.0,32875.77,45,Metal & Engineering,60.0,average_payer
INV703144,C1107,2025-04-22,54.470588235294116,55.666666666666664,17,6.094235463317195,1.1960784313725483,60.0,28101.42,45,Metal & Engineering,63.0,average_payer
INV703145,C1107,2025-05-03,54.94444444444444,59.333333333333336,18,6.244736345606897,4.388888888888893,63.0,29488.27,45,Metal & Engineering,48.0,average_payer
INV703146,C1107,2025-08-13,54.578947368421055,57.0,19,6.274425954032096,2.421052631578945,48.0,37952.06,45,Metal & Engineering,58.0,average_payer
INV703147,C1107,2025-09-14,54.75,56.333333333333336,20,6.1548012922732465,1.5833333333333357,58.0,67157.22,45,Metal & Engineering,41.0,average_payer
INV703148,C1107,2025-10-20,54.095238095238095,49.0,21,6.707494032086513,-5.095238095238095,41.0,93171.48,45,Metal & Engineering,49.0,average_payer
INV703149,C1107,2025-11-07,53.86363636363637,49.333333333333336,22,6.6353702630779035,-4.530303030303031,49.0,62037.37,45,Metal & Engineering,45.0,average_payer
INV703150,C1107,2025-12-14,53.47826086956522,45.0,23,6.741119176148391,-8.478260869565219,45.0,56989.99,45,Metal & Engineering,43.0,average_payer
INV703151,C1107,2025-12-24,53.041666666666664,45.666666666666664,24,6.9312096106427665,-7.375,43.0,63214.43,45,Metal & Engineering,55.0,average_payer
INV703152,C1107,2026-01-26,53.12,47.666666666666664,25,6.796567761255186,-5.453333333333333,55.0,66940.55,45,Metal & Engineering,59.0,average_payer
INV703153,C1107,2026-02-20,53.34615384615385,52.333333333333336,26,6.758356650501999,-1.012820512820511,59.0,37360.44,45,Metal & Engineering,64.0,average_payer
INV703154,C1107,2026-05-23,53.74074074074074,59.333333333333336,27,6.937038786291101,5.592592592592595,64.0,30438.54,45,Metal & Engineering,59.0,average_payer
INV703158,C1108,2024-02-19,,,0,,,,135203.57,60,Retail & Distribution,96.0,improving_payer
INV703159,C1108,2024-03-12,96.0,96.0,1,,0.0,96.0,149522.97,60,Retail & Distribution,94.0,improving_payer
INV703160,C1108,2024-03-15,95.0,95.0,2,1.4142135623730951,0.0,94.0,182790.68,60,Retail & Distribution,101.0,improving_payer
INV703161,C1108,2024-04-23,97.0,97.0,3,3.605551275463989,0.0,101.0,144869.67,60,Retail & Distribution,89.0,improving_payer
INV703162,C1108,2024-05-05,95.0,94.66666666666667,4,4.96655480858378,-0.3333333333333286,89.0,150269.81,60,Retail & Distribution,95.0,improving_payer
INV703163,C1108,2024-06-10,95.0,95.0,5,4.301162633521313,0.0,95.0,154955.26,60,Retail & Distribution,88.0,improving_payer
INV703164,C1108,2024-06-15,93.83333333333333,90.66666666666667,6,4.79235502302017,-3.166666666666657,88.0,118749.97,60,Retail & Distribution,97.0,improving_payer
INV703165,C1108,2024-06-26,94.28571428571429,93.33333333333333,7,4.535573676110727,-0.9523809523809632,97.0,169184.58,60,Retail & Distribution,87.0,improving_payer
INV703166,C1108,2024-08-26,93.375,90.66666666666667,8,4.926241685388278,-2.7083333333333286,87.0,84613.4,60,Retail & Distribution,100.0,improving_payer
INV703167,C1108,2024-09-10,94.11111111111111,94.66666666666667,9,5.10990323891863,0.5555555555555571,100.0,141999.79,60,Retail & Distribution,87.0,improving_payer
INV703168,C1108,2024-10-24,93.4,91.33333333333333,10,5.316640543300503,-2.066666666666677,87.0,149812.38,60,Retail & Distribution,83.0,improving_payer
INV703169,C1108,2024-11-07,92.45454545454545,90.0,11,5.939084716749482,-2.4545454545454533,83.0,125733.91,60,Retail & Distribution,79.0,improving_payer
INV703170,C1108,2024-11-13,91.33333333333333,83.0,12,6.866696087021411,-8.333333333333329,79.0,122677.07,60,Retail & Distribution,78.0,improving_payer
INV703171,C1108,2024-11-25,90.3076923076923,80.0,13,7.54303890334896,-10.307692307692307,78.0,71284.1,60,Retail & Distribution,85.0,improving_payer
INV703172,C1108,2024-11-28,89.92857142857143,80.66666666666667,14,7.384644001776052,-9.26190476190476,85.0,83115.05,60,Retail & Distribution,82.0,improving_payer
INV703173,C1108,2024-12-07,89.4,81.66666666666667,15,7.404631755095687,-7.733333333333334,82.0,227500.2,60,Retail & Distribution,83.0,improving_payer
INV703174,C1108,2025-01-27,89.0,83.33333333333333,16,7.330302403948512,-5.666666666666671,83.0,53041.17,60,Retail & Distribution,86.0,improving_payer
INV703175,C1108,2025-02-10,88.82352941176471,83.66666666666667,17,7.134732774582793,-5.156862745098039,86.0,158252.33,60,Retail & Distribution,80.0,improving_payer
INV703176,C1108,2025-02-10,88.33333333333333,83.0,18,7.227398848662434,-5.333333333333329,80.0,129639.3,60,Retail & Distribution,73.0,improving_payer
INV703177,C1108,2025-02-13,87.52631578947368,79.66666666666667,19,7.855418660974175,-7.8596491228070136,73.0,109663.52,60,Retail & Distribution,77.0,improving_payer
INV703178,C1108,2025-02-14,87.0,76.66666666666667,20,8.000000000000002,-10.333333333333329,77.0,52340.02,60,Retail & Distribution,82.0,improving_payer
INV703179,C1108,2025-02-17,86.76190476190476,77.33333333333333,21,7.873403088276138,-9.42857142857143,82.0,121081.19,60,Retail & Distribution,79.0,improving_payer
INV703180,C1108,2025-05-05,86.4090909090909,79.33333333333333,22,7.859838183897701,-7.075757575757578,79.0,90669.71,60,Retail & Distribution,74.0,improving_payer
INV703181,C1108,2025-05-22,85.8695652173913,78.33333333333333,23,8.103334598827411,-7.536231884057969,74.0,9888.55,60,Retail & Distribution,67.0,improving_payer
INV703182,C1108,2025-05-24,85.08333333333333,73.33333333333333,24,8.811635917140014,-11.75,67.0,105213.55,60,Retail & Distribution,80.0,improving_payer
INV703183,C1108,2025-06-21,84.88,73.66666666666667,25,8.685812186165057,-11.213333333333324,80.0,118489.28,60,Retail & Distribution,73.0,improving_payer
INV703184,C1108,2025-06-25,84.42307692307692,73.33333333333333,26,8.823482654476418,-11.089743589743591,73.0,105715.07,60,Retail & Distribution,85.0,improving_payer
INV703185,C1108,2025-07-20,84.44444444444444,79.33333333333333,27,8.652848945393357,-5.111111111111114,85.0,76707.87,60,Retail & Distribution,75.0,improving_payer
INV703186,C1108,2025-07-21,84.10714285714286,77.66666666666667,28,8.676657855095566,-6.44047619047619,75.0,131384.67,60,Retail & Distribution,72.0,improving_payer
INV703187,C1108,2025-09-24,83.6896551724138,77.33333333333333,29,8.81193771570242,-6.356321839080465,72.0,884325.28,60,Retail & Distribution,71.0,improving_payer
INV703188,C1108,2025-10-02,83.26666666666667,72.66666666666667,30,8.96327115985328,-10.599999999999994,71.0,154422.67,60,Retail & Distribution,73.0,improving_payer
INV703189,C1108,2025-10-12,82.93548387096774,72.0,31,9.003464088416079,-10.935483870967744,73.0,48285.15,60,Retail & Distribution,65.0,improving_payer
INV703190,C1108,2025-10-13,82.375,69.66666666666667,32,9.407443861113396,-12.708333333333329,65.0,99157.87,60,Retail & Distribution,69.0,improving_payer
INV703191,C1108,2025-10-26,81.96969696969697,69.0,33,9.547528634694068,-12.969696969696969,69.0,140127.57,60,Retail & Distribution,69.0,improving_payer
INV703192,C1108,2025-11-04,81.58823529411765,67.66666666666667,34,9.661286842761198,-13.92156862745098,69.0,88018.83,60,Retail & Distribution,72.0,improving_payer
INV703193,C1108,2025-11-25,81.31428571428572,70.0,35,9.655146230870661,-11.314285714285717,72.0,96130.8,60,Retail & Distribution,74.0,improving_payer
INV703194,C1108,2025-12-16,81.11111111111111,71.66666666666667,36,9.593979593705868,-9.444444444444443,74.0,197553.89,60,Retail & Distribution,68.0,improving_payer
INV703195,C1108,2025-12-16,80.75675675675676,71.33333333333333,37,9.702248895675362,-9.42342342342343,68.0,128693.87,60,Retail & Distribution,71.0,improving_payer
INV703196,C1108,2025-12-30,80.5,71.0,38,9.700236831881723,-9.5,71.0,157126.97,60,Retail & Distribution,69.0,improving_payer
INV703197,C1108,2025-12-30,80.2051282051282,69.33333333333333,39,9.747278937921976,-10.871794871794876,69.0,68185.58,60,Retail & Distribution,61.0,improving_payer
INV703198,C1108,2026-01-07,79.725,67.0,40,10.08931270053768,-12.724999999999994,61.0,115878.59,60,Retail & Distribution,66.0,improving_payer
INV703199,C1108,2026-01-27,79.39024390243902,65.33333333333333,41,10.190382840650521,-14.056910569105696,66.0,118764.59,60,Retail & Distribution,60.0,improving_payer
INV703200,C1108,2026-03-04,78.92857142857143,62.333333333333336,42,10.50062218166575,-16.595238095238095,60.0,534698.06,60,Retail & Distribution,61.0,improving_payer
INV703201,C1108,2026-06-05,78.51162790697674,62.333333333333336,43,10.729070640583528,-16.178294573643406,61.0,105375.47,60,Retail & Distribution,57.0,improving_payer
INV703206,C1109,2024-02-26,,,0,,,,71753.74,30,Construction & Infra,37.0,deteriorating_payer
INV703207,C1109,2024-03-01,37.0,37.0,1,,0.0,37.0,96183.95,30,Construction & Infra,40.0,deteriorating_payer
INV703208,C1109,2024-04-20,38.5,38.5,2,2.1213203435596424,0.0,40.0,23306.78,30,Construction & Infra,35.0,deteriorating_payer
INV703209,C1109,2024-06-25,37.333333333333336,37.333333333333336,3,2.516611478423584,0.0,35.0,84998.55,30,Construction & Infra,46.0,deteriorating_payer
INV703210,C1109,2024-07-25,39.5,40.333333333333336,4,4.795831523312719,0.8333333333333357,46.0,66227.99,30,Construction & Infra,47.0,deteriorating_payer
INV703211,C1109,2024-09-02,41.0,42.666666666666664,5,5.338539126015656,1.6666666666666643,47.0,57795.39,30,Construction & Infra,51.0,deteriorating_payer
INV703212,C1109,2024-09-16,42.666666666666664,48.0,6,6.282250127674532,5.333333333333336,51.0,42971.44,30,Construction & Infra,43.0,deteriorating_payer
INV703213,C1109,2024-09-17,42.714285714285715,47.0,7,5.736267244886862,4.285714285714285,43.0,65087.82,30,Construction & Infra,68.0,deteriorating_payer
INV703214,C1109,2024-10-20,45.875,54.0,8,10.398317171542711,8.125,68.0,75017.93,30,Construction & Infra,51.0,deteriorating_payer
INV703215,C1109,2024-11-09,46.44444444444444,54.0,9,9.875615311350366,7.555555555555557,51.0,59750.74,30,Construction & Infra,47.0,deteriorating_payer
INV703216,C1109,2024-12-01,46.5,55.333333333333336,10,9.312476696465996,8.833333333333336,47.0,27796.67,30,Construction & Infra,56.0,deteriorating_payer
INV703217,C1109,2025-03-02,47.36363636363637,51.333333333333336,11,9.2873325263256,3.969696969696969,56.0,72609.33,30,Construction & Infra,53.0,deteriorating_payer
INV703218,C1109,2025-03-14,47.833333333333336,52.0,12,9.0033663737852,4.166666666666664,53.0,73768.54,30,Construction & Infra,65.0,deteriorating_payer
INV703219,C1109,2025-04-07,49.15384615384615,58.0,13,9.84755598990729,8.846153846153847,65.0,49852.21,30,Construction & Infra,61.0,deteriorating_payer
INV703220,C1109,2025-04-20,50.0,59.666666666666664,14,9.976896388078886,9.666666666666664,61.0,18481.77,30,Construction & Infra,53.0,deteriorating_payer
INV703221,C1109,2025-04-22,50.2,59.666666666666664,15,9.645132006798633,9.466666666666661,53.0,103444.21,30,Construction & Infra,77.0,deteriorating_payer
INV703222,C1109,2025-06-24,51.875,63.666666666666664,16,11.476788168589097,11.791666666666664,77.0,59468.43,30,Construction & Infra,76.0,deteriorating_payer
INV703223,C1109,2025-07-04,53.294117647058826,68.66666666666667,17,12.558685768634158,15.372549019607845,76.0,356226.86,30,Construction & Infra,82.0,deteriorating_payer
INV703224,C1109,2025-07-25,54.888888888888886,78.33333333333333,18,13.936363306911247,23.444444444444443,82.0,75870.47,30,Construction & Infra,67.0,deteriorating_payer
INV703225,C1109,2025-07-27,55.526315789473685,75.0,19,13.825774726344477,19.473684210526315,67.0,104550.97,30,Construction & Infra,61.0,deteriorating_payer
INV703226,C1109,2025-08-07,55.8,70.0,20,13.5125672499422,14.200000000000003,61.0,19669.0,30,Construction & Infra,67.0,deteriorating_payer
INV703227,C1109,2025-09-14,56.333333333333336,65.0,21,13.39527279801846,8.666666666666664,67.0,74851.29,30,Construction & Infra,47.0,deteriorating_payer
INV703228,C1109,2025-10-11,55.90909090909091,58.333333333333336,22,13.223028580793617,2.424242424242429,47.0,89751.07,30,Construction & Infra,92.0,deteriorating_payer
INV703229,C1109,2025-10-28,57.47826086956522,68.66666666666667,23,14.951039991851557,11.188405797101453,92.0,59461.36,30,Construction & Infra,102.0,deteriorating_payer
INV703230,C1109,2025-11-16,59.333333333333336,80.33333333333333,24,17.216439733622316,20.999999999999993,102.0,42620.8,30,Construction & Infra,84.0,deteriorating_payer
INV703231,C1109,2026-02-24,60.32,92.66666666666667,25,17.561131322706213,32.34666666666667,84.0,40789.97,30,Construction & Infra,76.0,deteriorating_payer
INV703232,C1109,2026-04-17,60.92307692307692,87.33333333333333,26,17.478954378161358,26.41025641025641,76.0,27230.98,30,Construction & Infra,93.0,deteriorating_payer
INV703233,C1109,2026-04-24,62.111111111111114,84.33333333333333,27,18.21734873333095,22.222222222222214,93.0,32730.99,30,Construction & Infra,106.0,deteriorating_payer
INV703234,C1109,2026-04-29,63.67857142857143,91.66666666666667,28,19.707215394985123,27.98809523809524,106.0,70775.72,30,Construction & Infra,94.0,deteriorating_payer
INV703239,C1110,2024-02-22,,,0,,,,158122.33,45,Auto Components,48.0,average_payer
INV703240,C1110,2024-02-24,48.0,48.0,1,,0.0,48.0,101017.92,45,Auto Components,49.0,average_payer
INV703241,C1110,2024-03-15,48.5,48.5,2,0.7071067811865476,0.0,49.0,82764.36,45,Auto Components,44.0,average_payer
INV703242,C1110,2024-03-17,47.0,47.0,3,2.6457513110645907,0.0,44.0,151054.0,45,Auto Components,53.0,average_payer
INV703243,C1110,2024-03-30,48.5,48.666666666666664,4,3.696845502136472,0.1666666666666643,53.0,127601.0,45,Auto Components,52.0,average_payer
INV703244,C1110,2024-04-03,49.2,49.666666666666664,5,3.563705936241092,0.46666666666666146,52.0,99991.73,45,Auto Components,57.0,average_payer
INV703245,C1110,2024-04-04,50.5,54.0,6,4.505552130427524,3.5,57.0,911985.71,45,Auto Components,56.0,average_payer
INV703246,C1110,2024-04-16,51.285714285714285,55.0,7,4.6084807950229365,3.7142857142857153,56.0,106959.72,45,Auto Components,44.0,average_payer
INV703247,C1110,2024-05-25,50.375,52.333333333333336,8,4.983902658989812,1.9583333333333357,44.0,148177.31,45,Auto Components,58.0,average_payer
INV703248,C1110,2024-07-01,51.22222222222222,52.666666666666664,9,5.309844107357997,1.4444444444444429,58.0,58270.82,45,Auto Components,53.0,average_payer
INV703249,C1110,2024-07-06,51.4,51.666666666666664,10,5.037636129950016,0.2666666666666657,53.0,176958.82,45,Auto Components,46.0,average_payer
INV703251,C1110,2024-07-10,50.90909090909091,52.333333333333336,11,5.048852254810898,1.4242424242424292,46.0,169076.91,45,Auto Components,49.0,average_payer
INV703252,C1110,2024-07-18,50.75,49.333333333333336,12,4.84533515118126,-1.4166666666666643,49.0,70569.36,45,Auto Components,50.0,average_payer
INV703253,C1110,2024-08-02,50.69230769230769,48.333333333333336,13,4.643716460347526,-2.3589743589743577,50.0,129585.18,45,Auto Components,47.0,average_payer
INV703254,C1110,2024-08-26,50.42857142857143,48.666666666666664,14,4.569367667316877,-1.7619047619047663,47.0,102199.73,45,Auto Components,46.0,average_payer
INV703255,C1110,2024-12-22,50.13333333333333,47.666666666666664,15,4.549201918494946,-2.4666666666666686,46.0,77405.03,45,Auto Components,49.0,average_payer
INV703256,C1110,2025-01-03,50.0625,47.333333333333336,16,4.40407008724127,-2.7291666666666643,49.0,119952.71,45,Auto Components,56.0,average_payer
INV703257,C1110,2025-02-08,50.411764705882355,50.333333333333336,17,4.500816919313256,-0.07843137254901933,56.0,93589.61,45,Auto Components,53.0,average_payer
INV703258,C1110,2025-02-17,50.55555555555556,52.666666666666664,18,4.40884434934281,2.111111111111107,53.0,120548.07,45,Auto Components,53.0,average_payer
INV703259,C1110,2025-03-07,50.68421052631579,54.0,19,4.321170515020558,3.3157894736842124,53.0,124124.2,45,Auto Components,47.0,average_payer
INV703260,C1110,2025-04-26,50.5,51.0,20,4.285839597165482,0.5,47.0,543303.8,45,Auto Components,56.0,average_payer
INV703261,C1110,2025-04-30,50.76190476190476,52.0,21,4.3463175436771975,1.2380952380952408,56.0,88202.6,45,Auto Components,54.0,average_payer
INV703262,C1110,2025-05-27,50.90909090909091,52.333333333333336,22,4.297386702117051,1.4242424242424292,54.0,140369.84,45,Auto Components,52.0,average_payer
INV703263,C1110,2025-06-19,50.95652173913044,54.0,23,4.204740407829382,3.0434782608695627,52.0,180044.41,45,Auto Components,47.0,average_payer
INV703264,C1110,2025-06-27,50.791666666666664,51.0,24,4.190871722816322,0.2083333333333357,47.0,86718.57,45,Auto Components,42.0,average_payer
INV703265,C1110,2025-07-08,50.44,47.0,25,4.463556130859488,-3.4399999999999977,42.0,111315.8,45,Auto Components,40.0,average_payer
INV703266,C1110,2025-07-17,50.03846153846154,43.0,26,4.828919293015936,-7.03846153846154,40.0,166692.94,45,Auto Components,52.0,average_payer
INV703267,C1110,2025-07-29,50.111111111111114,44.666666666666664,27,4.750168687962835,-5.44444444444445,52.0,26016.59,45,Auto Components,49.0,average_payer
INV703268,C1110,2025-08-22,50.07142857142857,47.0,28,4.666099738806143,-3.0714285714285694,49.0,83222.19,45,Auto Components,48.0,average_payer
INV703269,C1110,2025-10-23,50.0,49.666666666666664,29,4.598136268408879,-0.3333333333333357,48.0,71335.32,45,Auto Components,56.0,average_payer
INV703270,C1110,2025-11-01,50.2,51.0,30,4.649063680296094,0.7999999999999972,56.0,72694.1,45,Auto Components,51.0,average_payer
INV703271,C1110,2025-12-02,50.225806451612904,51.666666666666664,31,4.5731803479224,1.4408602150537604,51.0,132965.77,45,Auto Components,56.0,average_payer
INV703272,C1110,2026-01-06,50.40625,54.333333333333336,32,4.613160521811483,3.9270833333333357,56.0,137657.66,45,Auto Components,55.0,average_payer
INV703273,C1110,2026-01-15,50.54545454545455,54.0,33,4.610388467166493,3.4545454545454533,55.0,90534.17,45,Auto Components,50.0,average_payer
INV703274,C1110,2026-01-27,50.529411764705884,53.666666666666664,34,4.54096034508285,3.1372549019607803,50.0,121628.4,45,Auto Components,45.0,average_payer
INV703275,C1110,2026-02-01,50.371428571428574,50.0,35,4.570272963180994,-0.37142857142857366,45.0,170297.93,45,Auto Components,49.0,average_payer
INV703276,C1110,2026-02-20,50.333333333333336,48.0,36,4.510305659581968,-2.3333333333333357,49.0,107796.12,45,Auto Components,48.0,average_payer
INV703277,C1110,2026-04-01,50.270270270270274,47.333333333333336,37,4.463734414694149,-2.936936936936938,48.0,137048.68,45,Auto Components,52.0,average_payer
INV703278,C1110,2026-05-06,50.31578947368421,49.666666666666664,38,4.411932610533188,-0.6491228070175481,52.0,168129.88,45,Auto Components,46.0,average_payer
INV703279,C1110,2026-06-06,50.205128205128204,48.666666666666664,39,4.4080040069442035,-1.53846153846154,46.0,95826.56,45,Auto Components,50.0,average_payer
INV703280,C1110,2026-06-18,50.2,49.333333333333336,40,4.351245032554857,-0.8666666666666671,50.0,179369.82,45,Auto Components,51.0,average_payer
INV703282,C1111,2024-02-16,,,0,,,,101718.66,45,Construction & Infra,42.0,prompt_payer
INV703283,C1111,2024-03-09,42.0,42.0,1,,0.0,42.0,69112.85,45,Construction & Infra,51.0,prompt_payer
INV703284,C1111,2024-05-26,46.5,46.5,2,6.363961030678928,0.0,51.0,44324.08,45,Construction & Infra,52.0,prompt_payer
INV703285,C1111,2024-06-18,48.333333333333336,48.333333333333336,3,5.507570547286101,0.0,52.0,80908.86,45,Construction & Infra,46.0,prompt_payer
INV703286,C1111,2024-06-25,47.75,49.666666666666664,4,4.645786621588784,1.9166666666666643,46.0,47499.59,45,Construction & Infra,49.0,prompt_payer
INV703287,C1111,2024-06-26,48.0,49.0,5,4.06201920231798,1.0,49.0,165210.18,45,Construction & Infra,46.0,prompt_payer
INV703288,C1111,2024-07-19,47.666666666666664,47.0,6,3.723797345005051,-0.6666666666666643,46.0,106153.54,45,Construction & Infra,47.0,prompt_payer
INV703289,C1111,2024-07-21,47.57142857142857,47.333333333333336,7,3.4086724129853865,-0.2380952380952337,47.0,66794.5,45,Construction & Infra,40.0,prompt_payer
INV703290,C1111,2024-08-26,46.625,44.333333333333336,8,4.138236339311712,-2.2916666666666643,40.0,61235.12,45,Construction & Infra,51.0,prompt_payer
INV703291,C1111,2024-10-27,47.111111111111114,46.0,9,4.136557881996952,-1.1111111111111143,51.0,45196.14,45,Construction & Infra,53.0,prompt_payer
INV703292,C1111,2024-11-13,47.7,48.0,10,4.321779468896784,0.29999999999999716,53.0,40488.58,45,Construction & Infra,52.0,prompt_payer
INV703293,C1111,2024-11-14,48.09090909090909,52.0,11,4.300105706945945,3.9090909090909065,52.0,45976.26,45,Construction & Infra,48.0,prompt_payer
INV703294,C1111,2024-12-04,48.083333333333336,51.0,12,4.10007390916384,2.9166666666666643,48.0,31208.88,45,Construction & Infra,47.0,prompt_payer
INV703295,C1111,2024-12-29,48.0,49.0,13,3.9370039370059047,1.0,47.0,65698.61,45,Construction & Infra,54.0,prompt_payer
INV703296,C1111,2025-01-08,48.42857142857143,49.666666666666664,14,4.108420728104763,1.2380952380952337,54.0,98080.18,45,Construction & Infra,46.0,prompt_payer
INV703297,C1111,2025-01-19,48.266666666666666,49.0,15,4.008324670815309,0.7333333333333343,46.0,48409.57,45,Construction & Infra,51.0,prompt_payer
INV703298,C1111,2025-02-02,48.4375,50.333333333333336,16,3.9322385482063513,1.8958333333333357,51.0,106534.97,45,Construction & Infra,51.0,prompt_payer
INV703299,C1111,2025-02-15,48.588235294117645,49.333333333333336,17,3.8577652781340217,0.7450980392156907,51.0,63135.55,45,Construction & Infra,50.0,prompt_payer
INV703300,C1111,2025-04-25,48.666666666666664,50.666666666666664,18,3.757345746510896,2.0,50.0,68008.69,45,Construction & Infra,47.0,prompt_payer
INV703301,C1111,2025-05-23,48.578947368421055,49.333333333333336,19,3.6714482379222892,0.7543859649122808,47.0,77723.0,45,Construction & Infra,50.0,prompt_payer
INV703302,C1111,2025-06-08,48.65,49.0,20,3.5876249290552855,0.3500000000000014,50.0,76968.5,45,Construction & Infra,49.0,prompt_payer
INV703303,C1111,2025-06-12,48.666666666666664,48.666666666666664,21,3.4976182372199127,0.0,49.0,58372.98,45,Construction & Infra,57.0,prompt_payer
INV703304,C1111,2025-07-07,49.04545454545455,52.0,22,3.8480331738901765,2.9545454545454533,57.0,32130.32,45,Construction & Infra,55.0,prompt_payer
INV703305,C1111,2025-07-11,49.30434782608695,53.666666666666664,23,3.959278889907004,4.362318840579711,55.0,257052.06,45,Construction & Infra,60.0,prompt_payer
INV703306,C1111,2025-08-02,49.75,57.333333333333336,24,4.445319962074427,7.583333333333336,60.0,42026.31,45,Construction & Infra,46.0,prompt_payer
INV703307,C1111,2025-08-21,49.6,53.666666666666664,25,4.415880433163923,4.066666666666663,46.0,52836.36,45,Construction & Infra,60.0,prompt_payer
INV703308,C1111,2025-08-23,50.0,55.333333333333336,26,4.783304297240558,5.333333333333336,60.0,51129.4,45,Construction & Infra,49.0,prompt_payer
INV703309,C1111,2025-09-10,49.96296296296296,51.666666666666664,27,4.694362260950578,1.7037037037037024,49.0,79027.63,45,Construction & Infra,54.0,prompt_payer
INV703311,C1111,2025-10-14,50.107142857142854,54.333333333333336,28,4.669358633999967,4.226190476190482,54.0,41778.06,45,Construction & Infra,46.0,prompt_payer
INV703312,C1111,2025-10-26,49.96551724137931,49.666666666666664,29,4.648215929800298,-0.2988505747126453,46.0,85274.97,45,Construction & Infra,41.0,prompt_payer
INV703313,C1111,2025-12-20,49.666666666666664,47.0,30,4.851827478904981,-2.6666666666666643,41.0,81200.0,45,Construction & Infra,50.0,prompt_payer
INV703314,C1111,2025-12-27,49.67741935483871,45.666666666666664,31,4.770654020671194,-4.010752688172047,50.0,43781.09,45,Construction & Infra,46.0,prompt_payer
INV703315,C1111,2025-12-30,49.5625,45.666666666666664,32,4.737887783090824,-3.8958333333333357,46.0,54715.29,45,Construction & Infra,51.0,prompt_payer
INV703316,C1111,2026-01-11,49.60606060606061,49.0,33,4.669979884454762,-0.6060606060606091,51.0,86186.61,45,Construction & Infra,43.0,prompt_payer
INV703317,C1111,2026-01-29,49.411764705882355,46.666666666666664,34,4.736176997222507,-2.7450980392156907,43.0,55418.53,45,Construction & Infra,53.0,prompt_payer
INV703318,C1111,2026-01-31,49.51428571428571,49.0,35,4.705262564227348,-0.5142857142857125,53.0,61798.39,45,Construction & Infra,53.0,prompt_payer
INV703319,C1111,2026-03-01,49.611111111111114,49.666666666666664,36,4.673804065688295,0.05555555555555003,53.0,65892.23,45,Construction & Infra,55.0,prompt_payer
INV703320,C1111,2026-03-16,49.75675675675676,53.666666666666664,37,4.692816054622481,3.9099099099099064,55.0,79882.22,45,Construction & Infra,51.0,prompt_payer
INV703321,C1111,2026-04-17,49.78947368421053,53.0,38,4.633356700071728,3.2105263157894726,51.0,26196.07,45,Construction & Infra,50.0,prompt_payer
INV703322,C1111,2026-04-25,49.794871794871796,52.0,39,4.572109309253496,2.2051282051282044,50.0,61889.66,45,Construction & Infra,52.0,prompt_payer
INV703323,C1111,2026-04-25,49.85,51.0,40,4.526559796329171,1.1499999999999986,52.0,21236.22,45,Construction & Infra,42.0,prompt_payer
INV703324,C1111,2026-05-29,49.65853658536585,48.0,41,4.634704716039421,-1.6585365853658516,42.0,69576.81,45,Construction & Infra,48.0,prompt_payer
INV703326,C1111,2026-06-20,49.61904761904762,47.333333333333336,42,4.584982809513114,-2.2857142857142847,48.0,432573.18,45,Construction & Infra,51.0,prompt_payer
INV703330,C1112,2024-04-03,,,0,,,,480001.65,15,IT & Business Services,20.0,seasonal_payer
INV703331,C1112,2024-05-27,20.0,20.0,1,,0.0,20.0,1013249.96,15,IT & Business Services,10.0,seasonal_payer
INV703332,C1112,2024-07-25,15.0,15.0,2,7.0710678118654755,0.0,10.0,523616.78,15,IT & Business Services,16.0,seasonal_payer
INV703333,C1112,2025-01-25,15.333333333333334,15.333333333333334,3,5.033222956847166,0.0,16.0,1012769.99,15,IT & Business Services,26.0,seasonal_payer
INV703334,C1112,2025-02-26,18.0,17.333333333333332,4,6.733003292241386,-0.6666666666666679,26.0,1565949.39,15,IT & Business Services,23.0,seasonal_payer
INV703335,C1112,2025-03-05,19.0,21.666666666666668,5,6.244997998398398,2.666666666666668,23.0,370680.19,15,IT & Business Services,25.0,seasonal_payer
INV703336,C1112,2025-03-23,20.0,24.666666666666668,6,6.099180272790763,4.666666666666668,25.0,714334.38,15,IT & Business Services,23.0,seasonal_payer
INV703337,C1112,2025-07-17,20.428571428571427,23.666666666666668,7,5.68205194324324,3.238095238095241,23.0,828772.52,15,IT & Business Services,21.0,seasonal_payer
INV703338,C1112,2025-08-26,20.5,23.0,8,5.264435935053794,2.5,21.0,973880.99,15,IT & Business Services,18.0,seasonal_payer
INV703339,C1112,2025-08-30,20.22222222222222,20.666666666666668,9,4.994441354590566,0.4444444444444464,18.0,1320262.45,15,IT & Business Services,18.0,seasonal_payer
INV703340,C1112,2025-12-09,20.0,19.0,10,4.760952285695233,-1.0,18.0,1075403.53,15,IT & Business Services,13.0,seasonal_payer
INV703342,C1112,2026-03-19,19.363636363636363,16.333333333333332,11,4.9854333266573185,-3.030303030303031,13.0,849758.24,15,IT & Business Services,24.0,seasonal_payer
INV703343,C1112,2026-05-09,19.75,18.333333333333332,12,4.938255120623441,-1.4166666666666679,24.0,806206.68,15,IT & Business Services,20.0,seasonal_payer
INV703344,C1113,2024-03-16,,,0,,,,35641.3,90,Construction & Infra,94.0,prompt_payer
INV703346,C1113,2024-04-09,94.0,94.0,1,,0.0,94.0,11970.71,90,Construction & Infra,99.0,prompt_payer
INV703347,C1113,2024-04-29,96.5,96.5,2,3.5355339059327378,0.0,99.0,18522.17,90,Construction & Infra,104.0,prompt_payer
INV703348,C1113,2024-04-29,99.0,99.0,3,5.0,0.0,104.0,33203.78,90,Construction & Infra,82.0,prompt_payer
INV703349,C1113,2024-06-06,94.75,95.0,4,9.429563439877091,0.25,82.0,28774.41,90,Construction & Infra,89.0,prompt_payer
INV703350,C1113,2024-06-07,93.6,91.66666666666667,5,8.561541917201597,-1.933333333333323,89.0,21899.22,90,Construction & Infra,87.0,prompt_payer
INV703351,C1113,2024-06-09,92.5,86.0,6,8.11788149704096,-6.5,87.0,33037.1,90,Construction & Infra,93.0,prompt_payer
INV703352,C1113,2024-06-13,92.57142857142857,89.66666666666667,7,7.41298731635101,-2.904761904761898,93.0,21144.97,90,Construction & Infra,86.0,prompt_payer
INV703353,C1113,2024-06-15,91.75,88.66666666666667,8,7.245688373094719,-3.0833333333333286,86.0,29588.95,90,Construction & Infra,93.0,prompt_payer
INV703354,C1113,2024-06-29,91.88888888888889,90.66666666666667,9,6.790516262487787,-1.2222222222222143,93.0,34209.91,90,Construction & Infra,89.0,prompt_payer
INV703355,C1113,2024-07-16,91.6,89.33333333333333,10,6.4670103001481465,-2.2666666666666657,89.0,40797.0,90,Construction & Infra,97.0,prompt_payer
INV703356,C1113,2024-07-24,92.0909090909091,93.0,11,6.347512039445777,0.9090909090909065,97.0,30323.8,90,Construction & Infra,95.0,prompt_payer
INV703357,C1113,2024-08-13,92.33333333333333,93.66666666666667,12,6.110100926607787,1.3333333333333428,95.0,37622.23,90,Construction & Infra,95.0,prompt_payer
INV703358,C1113,2024-08-15,92.53846153846153,95.66666666666667,13,5.896543968226709,3.1282051282051384,95.0,39116.78,90,Construction & Infra,88.0,prompt_payer
INV703359,C1113,2024-09-01,92.21428571428571,92.66666666666667,14,5.793611487313769,0.4523809523809632,88.0,22264.7,90,Construction & Infra,106.0,prompt_payer
INV703360,C1113,2024-10-13,93.13333333333334,96.33333333333333,15,6.621034302742681,3.1999999999999886,106.0,27073.88,90,Construction & Infra,101.0,prompt_payer
INV703361,C1113,2024-11-04,93.625,98.33333333333333,16,6.692035066654489,4.708333333333329,101.0,17508.21,90,Construction & Infra,90.0,prompt_payer
INV703362,C1113,2024-12-19,93.41176470588235,99.0,17,6.538910684600035,5.588235294117652,90.0,20858.4,90,Construction & Infra,94.0,prompt_payer
INV703363,C1113,2024-12-27,93.44444444444444,95.0,18,6.345190139664591,1.5555555555555571,94.0,25362.82,90,Construction & Infra,92.0,prompt_payer
INV703364,C1113,2025-01-13,93.36842105263158,92.0,19,6.175313993958253,-1.3684210526315752,92.0,24496.59,90,Construction & Infra,89.0,prompt_payer
INV703365,C1113,2025-02-19,93.15,91.66666666666667,20,6.089464586264414,-1.4833333333333343,89.0,17792.72,90,Construction & Infra,95.0,prompt_payer
INV703366,C1113,2025-03-11,93.23809523809524,92.0,21,5.948989510032456,-1.2380952380952408,95.0,18890.52,90,Construction & Infra,98.0,prompt_payer
INV703367,C1113,2025-04-01,93.45454545454545,94.0,22,5.893719601061011,0.5454545454545467,98.0,29690.31,90,Construction & Infra,87.0,prompt_payer
INV703368,C1113,2025-05-28,93.17391304347827,93.33333333333333,23,5.913406754709195,0.1594202898550634,87.0,11738.48,90,Construction & Infra,101.0,prompt_payer
INV703369,C1113,2025-06-22,93.5,95.33333333333333,24,6.000000000000002,1.8333333333333286,101.0,27355.79,90,Construction & Infra,95.0,prompt_payer
INV703370,C1113,2025-07-08,93.56,94.33333333333333,25,5.881326381013047,0.7733333333333263,95.0,19687.17,90,Construction & Infra,100.0,prompt_payer
INV703371,C1113,2025-07-11,93.8076923076923,98.66666666666667,26,5.899282876887537,4.858974358974365,100.0,21477.19,90,Construction & Infra,92.0,prompt_payer
INV703373,C1113,2025-07-17,93.74074074074075,95.66666666666667,27,5.7951743359493175,1.9259259259259238,92.0,34295.27,90,Construction & Infra,89.0,prompt_payer
INV703374,C1113,2025-07-22,93.57142857142857,93.66666666666667,28,5.756983337031397,0.095238095238102,89.0,34705.39,90,Construction & Infra,98.0,prompt_payer
INV703375,C1113,2025-07-25,93.72413793103448,93.0,29,5.712746098007121,-0.7241379310344769,98.0,27936.91,90,Construction & Infra,101.0,prompt_payer
INV703376,C1113,2025-08-10,93.96666666666667,96.0,30,5.768423757290911,2.0333333333333314,101.0,11764.99,90,Construction & Infra,103.0,prompt_payer
INV703377,C1113,2025-08-17,94.25806451612904,100.66666666666667,31,5.898970203549569,6.408602150537632,103.0,20754.8,90,Construction & Infra,94.0,prompt_payer
INV703378,C1113,2025-09-03,94.25,99.33333333333333,32,5.803224909896113,5.083333333333329,94.0,26221.94,90,Construction & Infra,92.0,prompt_payer
INV703379,C1113,2025-10-21,94.18181818181819,96.33333333333333,33,5.725243146881112,2.1515151515151416,92.0,15164.12,90,Construction & Infra,97.0,prompt_payer
INV703380,C1113,2025-11-20,94.26470588235294,94.33333333333333,34,5.65850833502436,0.06862745098038658,97.0,23690.72,90,Construction & Infra,98.0,prompt_payer
INV703381,C1113,2025-11-24,94.37142857142857,95.66666666666667,35,5.610314630401835,1.2952380952381048,98.0,20026.92,90,Construction & Infra,88.0,prompt_payer
INV703382,C1113,2025-11-26,94.19444444444444,94.33333333333333,36,5.630627696266934,0.13888888888888573,88.0,22742.09,90,Construction & Infra,98.0,prompt_payer
INV703383,C1113,2025-12-06,94.29729729729729,94.66666666666667,37,5.5870130404997935,0.36936936936938025,98.0,29218.95,90,Construction & Infra,96.0,prompt_payer
INV703384,C1113,2025-12-16,94.34210526315789,94.0,38,5.517913411884303,-0.34210526315789025,96.0,3000.0,90,Construction & Infra,100.0,prompt_payer
INV703385,C1113,2025-12-20,94.48717948717949,98.0,39,5.519686274798575,3.512820512820511,100.0,30680.84,90,Construction & Infra,101.0,prompt_payer
INV703387,C1113,2026-02-19,94.65,99.0,40,5.544921446346547,4.349999999999994,101.0,18979.55,90,Construction & Infra,93.0,prompt_payer
INV703388,C1113,2026-02-22,94.60975609756098,98.0,41,5.481231835912839,3.3902439024390247,93.0,28936.2,90,Construction & Infra,97.0,prompt_payer
INV703389,C1113,2026-03-30,94.66666666666667,97.0,42,5.426523239749808,2.3333333333333286,97.0,32745.85,90,Construction & Infra,99.0,prompt_payer
INV703390,C1113,2026-04-04,94.76744186046511,96.33333333333333,43,5.402103687684247,1.5658914728682163,99.0,36939.16,90,Construction & Infra,96.0,prompt_payer
INV703391,C1113,2026-04-10,94.79545454545455,97.33333333333333,44,5.342151580544471,2.537878787878782,96.0,26758.99,90,Construction & Infra,96.0,prompt_payer
INV703392,C1113,2026-04-22,94.82222222222222,97.0,45,5.284148202144056,2.177777777777777,96.0,26880.57,90,Construction & Infra,97.0,prompt_payer
INV703393,C1113,2026-04-24,94.8695652173913,96.33333333333333,46,5.234962360693191,1.463768115942031,97.0,22292.14,90,Construction & Infra,99.0,prompt_payer
INV703394,C1113,2026-04-28,94.95744680851064,97.33333333333333,47,5.212682889330396,2.3758865248226897,99.0,35043.02,90,Construction & Infra,97.0,prompt_payer
INV703396,C1114,2024-04-09,,,0,,,,120987.43,45,Auto Components,47.0,deteriorating_payer
INV703397,C1114,2024-05-01,47.0,47.0,1,,0.0,47.0,98737.92,45,Auto Components,55.0,deteriorating_payer
INV703398,C1114,2024-05-19,51.0,51.0,2,5.656854249492381,0.0,55.0,192324.07,45,Auto Components,49.0,deteriorating_payer
INV703399,C1114,2024-05-22,50.333333333333336,50.333333333333336,3,4.163331998932266,0.0,49.0,222766.18,45,Auto Components,55.0,deteriorating_payer
INV703400,C1114,2024-07-06,51.5,53.0,4,4.123105625617661,1.5,55.0,99495.11,45,Auto Components,47.0,deteriorating_payer
INV703401,C1114,2024-07-18,50.6,50.333333333333336,5,4.09878030638384,-0.2666666666666657,47.0,190947.87,45,Auto Components,60.0,deteriorating_payer
INV703402,C1114,2024-07-22,52.166666666666664,54.0,6,5.307227776030218,1.8333333333333357,60.0,105075.5,45,Auto Components,52.0,deteriorating_payer
INV703403,C1114,2024-08-02,52.142857142857146,53.0,7,4.845223470201397,0.8571428571428541,52.0,69700.87,45,Auto Components,61.0,deteriorating_payer
INV703404,C1114,2024-08-09,53.25,57.666666666666664,8,5.470701182533316,4.416666666666664,61.0,116095.83,45,Auto Components,51.0,deteriorating_payer
INV703405,C1114,2024-09-18,53.0,54.666666666666664,9,5.1720402163943,1.6666666666666643,51.0,179582.68,45,Auto Components,50.0,deteriorating_payer
INV703406,C1114,2024-10-17,52.7,54.0,10,4.967673276069771,1.2999999999999972,50.0,93761.72,45,Auto Components,58.0,deteriorating_payer
INV703407,C1114,2024-10-31,53.18181818181818,53.0,11,4.976307502921856,-0.18181818181817988,58.0,83756.06,45,Auto Components,48.0,deteriorating_payer
INV703408,C1114,2024-11-02,52.75,52.0,12,4.9749371855331,-0.75,48.0,147003.62,45,Auto Components,63.0,deteriorating_payer
INV703409,C1114,2024-11-16,53.53846153846154,56.333333333333336,13,5.54700196225229,2.7948717948717956,63.0,74017.96,45,Auto Components,51.0,deteriorating_payer
INV703410,C1114,2024-12-08,53.357142857142854,54.0,14,5.37239586801246,0.6428571428571459,51.0,196727.46,45,Auto Components,58.0,deteriorating_payer
INV703411,C1114,2025-01-20,53.666666666666664,57.333333333333336,15,5.313952882562586,3.6666666666666714,58.0,102938.17,45,Auto Components,56.0,deteriorating_payer
INV703412,C1114,2025-01-24,53.8125,55.0,16,5.1668010735205705,1.1875,56.0,135749.8,45,Auto Components,53.0,deteriorating_payer
INV703413,C1114,2025-03-06,53.76470588235294,55.666666666666664,17,5.0066132735201565,1.9019607843137223,53.0,733350.58,45,Auto Components,55.0,deteriorating_payer
INV703414,C1114,2025-03-27,53.833333333333336,54.666666666666664,18,4.865847365899929,0.8333333333333286,55.0,145474.84,45,Auto Components,61.0,deteriorating_payer
INV703415,C1114,2025-03-28,54.21052631578947,56.333333333333336,19,5.006428615827863,2.122807017543863,61.0,172722.51,45,Auto Components,58.0,deteriorating_payer
INV703416,C1114,2025-04-10,54.4,58.0,20,4.946024453511812,3.6000000000000014,58.0,122268.65,45,Auto Components,60.0,deteriorating_payer
INV703417,C1114,2025-05-31,54.666666666666664,59.666666666666664,21,4.9732618404155335,5.0,60.0,95610.7,45,Auto Components,60.0,deteriorating_payer
INV703418,C1114,2025-07-29,54.90909090909091,59.333333333333336,22,4.984825458176526,4.424242424242429,60.0,124559.4,45,Auto Components,71.0,deteriorating_payer
INV703419,C1114,2025-08-07,55.608695652173914,63.666666666666664,23,5.914075125070714,8.05797101449275,71.0,14692.77,45,Auto Components,62.0,deteriorating_payer
INV703420,C1114,2025-09-12,55.875,64.33333333333333,24,5.929385186986263,8.458333333333329,62.0,153843.25,45,Auto Components,73.0,deteriorating_payer
INV703422,C1114,2025-09-28,56.56,68.66666666666667,25,6.7396834742688965,12.10666666666667,73.0,138511.15,45,Auto Components,65.0,deteriorating_payer
INV703423,C1114,2025-11-14,56.88461538461539,66.66666666666667,26,6.807800955239054,9.782051282051285,65.0,123488.26,45,Auto Components,75.0,deteriorating_payer
INV703424,C1114,2025-12-16,57.55555555555556,71.0,27,7.5311319679015485,13.444444444444443,75.0,152782.11,45,Auto Components,66.0,deteriorating_payer
INV703425,C1114,2025-12-21,57.857142857142854,68.66666666666667,28,7.560689199009643,10.809523809523817,66.0,111711.74,45,Auto Components,75.0,deteriorating_payer
INV703426,C1114,2026-01-06,58.44827586206897,72.0,29,8.078128349776815,13.551724137931032,75.0,74703.07,45,Auto Components,76.0,deteriorating_payer
INV703427,C1114,2026-01-21,59.03333333333333,72.33333333333333,30,8.56006499062233,13.299999999999997,76.0,158454.6,45,Auto Components,71.0,deteriorating_payer
INV703428,C1114,2026-01-28,59.41935483870968,74.0,31,8.686288787694416,14.58064516129032,71.0,107790.14,45,Auto Components,62.0,deteriorating_payer
INV703429,C1114,2026-02-13,59.5,69.66666666666667,32,8.55720786539703,10.166666666666671,62.0,46567.16,45,Auto Components,77.0,deteriorating_payer
INV703430,C1114,2026-02-17,60.03030303030303,70.0,33,8.956439193692042,9.969696969696969,77.0,145389.87,45,Auto Components,65.0,deteriorating_payer
INV703431,C1114,2026-03-10,60.1764705882353,68.0,34,8.860776996627164,7.823529411764703,65.0,430468.91,45,Auto Components,68.0,deteriorating_payer
INV703432,C1114,2026-04-08,60.4,70.0,35,8.829096283112474,9.600000000000001,68.0,150611.15,45,Auto Components,91.0,deteriorating_payer
INV703433,C1114,2026-04-12,61.25,74.66666666666667,36,10.08641235949206,13.416666666666671,91.0,211648.65,45,Auto Components,68.0,deteriorating_payer
INV703434,C1114,2026-04-15,61.432432432432435,75.66666666666667,37,10.007054568710068,14.234234234234236,68.0,104672.87,45,Auto Components,79.0,deteriorating_payer
INV703442,C1115,2024-03-03,,,0,,,,63855.8,30,Retail & Distribution,38.0,cold_start
INV703443,C1115,2025-04-01,38.0,38.0,1,,0.0,38.0,81259.75,30,Retail & Distribution,23.0,cold_start
INV703444,C1115,2025-11-02,30.5,30.5,2,10.606601717798213,0.0,23.0,140644.86,30,Retail & Distribution,45.0,cold_start
INV703445,C1115,2026-04-21,35.333333333333336,35.333333333333336,3,11.239810200058242,0.0,45.0,65090.9,30,Retail & Distribution,39.0,cold_start
INV703446,C1116,2024-02-14,,,0,,,,92461.35,45,Chemicals & Plastics,45.0,prompt_payer
INV703447,C1116,2024-02-22,45.0,45.0,1,,0.0,45.0,68129.62,45,Chemicals & Plastics,47.0,prompt_payer
INV703448,C1116,2024-02-28,46.0,46.0,2,1.4142135623730951,0.0,47.0,91264.88,45,Chemicals & Plastics,46.0,prompt_payer
INV703449,C1116,2024-03-06,46.0,46.0,3,1.0,0.0,46.0,147512.81,45,Chemicals & Plastics,45.0,prompt_payer
INV703450,C1116,2024-03-13,45.75,46.0,4,0.9574271077563381,0.25,45.0,84206.44,45,Chemicals & Plastics,40.0,prompt_payer
INV703451,C1116,2024-03-30,44.6,43.666666666666664,5,2.7018512172212596,-0.9333333333333371,40.0,176648.46,45,Chemicals & Plastics,39.0,prompt_payer
INV703452,C1116,2024-04-24,43.666666666666664,41.333333333333336,6,3.3266599866332407,-2.3333333333333286,39.0,77991.24,45,Chemicals & Plastics,51.0,prompt_payer
INV703453,C1116,2024-05-31,44.714285714285715,43.333333333333336,7,4.111540089159037,-1.3809523809523796,51.0,129997.94,45,Chemicals & Plastics,43.0,prompt_payer
INV703454,C1116,2024-07-09,44.5,44.333333333333336,8,3.854496446637726,-0.1666666666666643,43.0,84822.61,45,Chemicals & Plastics,48.0,prompt_payer
INV703455,C1116,2024-07-22,44.888888888888886,47.333333333333336,9,3.7896056669673577,2.44444444444445,48.0,223413.19,45,Chemicals & Plastics,46.0,prompt_payer
INV703456,C1116,2024-09-11,45.0,45.666666666666664,10,3.590109871423003,0.6666666666666643,46.0,114714.22,45,Chemicals & Plastics,50.0,prompt_payer
INV703457,C1116,2024-10-12,45.45454545454545,48.0,11,3.7246110230099565,2.5454545454545467,50.0,135181.97,45,Chemicals & Plastics,45.0,prompt_payer
INV703458,C1116,2024-10-17,45.416666666666664,47.0,12,3.553700589355817,1.5833333333333357,45.0,166981.84,45,Chemicals & Plastics,44.0,prompt_payer
INV703459,C1116,2024-11-01,45.30769230769231,46.333333333333336,13,3.425021055522029,1.025641025641029,44.0,130968.98,45,Chemicals & Plastics,48.0,prompt_payer
INV703460,C1116,2024-11-04,45.5,45.666666666666664,14,3.3684052378171256,0.1666666666666643,48.0,93169.59,45,Chemicals & Plastics,48.0,prompt_payer
INV703461,C1116,2024-11-27,45.666666666666664,46.666666666666664,15,3.3094381626464866,1.0,48.0,113703.76,45,Chemicals & Plastics,47.0,prompt_payer
INV703462,C1116,2024-12-16,45.75,47.666666666666664,16,3.2145502536643185,1.9166666666666643,47.0,178155.1,45,Chemicals & Plastics,50.0,prompt_payer
INV703463,C1116,2024-12-27,46.0,48.333333333333336,17,3.278719262151,2.3333333333333357,50.0,112203.91,45,Chemicals & Plastics,47.0,prompt_payer
INV703464,C1116,2025-01-02,46.05555555555556,48.0,18,3.1895458319922425,1.9444444444444429,47.0,166379.57,45,Chemicals & Plastics,42.0,prompt_payer
INV703465,C1116,2025-01-25,45.8421052631579,46.333333333333336,19,3.236307187293307,0.49122807017543835,42.0,102987.49,45,Chemicals & Plastics,41.0,prompt_payer
INV703466,C1116,2025-02-07,45.6,43.333333333333336,20,3.330876287421264,-2.2666666666666657,41.0,68258.21,45,Chemicals & Plastics,44.0,prompt_payer
INV703467,C1116,2025-02-17,45.523809523809526,42.333333333333336,21,3.2652572275250784,-3.19047619047619,44.0,113603.91,45,Chemicals & Plastics,45.0,prompt_payer
INV703468,C1116,2025-05-02,45.5,43.333333333333336,22,3.188521078284832,-2.1666666666666643,45.0,69463.14,45,Chemicals & Plastics,42.0,prompt_payer
INV703469,C1116,2025-05-10,45.34782608695652,43.666666666666664,23,3.199555305069383,-1.681159420289859,42.0,113369.64,45,Chemicals & Plastics,44.0,prompt_payer
INV703470,C1116,2025-07-14,45.291666666666664,43.666666666666664,24,3.141298079327781,-1.625,44.0,98854.75,45,Chemicals & Plastics,43.0,prompt_payer
INV703471,C1116,2025-10-28,45.2,43.0,25,3.1091263510296057,-2.200000000000003,43.0,105501.74,45,Chemicals & Plastics,40.0,prompt_payer
INV703472,C1116,2025-11-30,45.0,42.333333333333336,26,3.212475680841803,-2.6666666666666643,40.0,213926.03,45,Chemicals & Plastics,46.0,prompt_payer
INV703473,C1116,2025-12-26,45.03703703703704,43.0,27,3.155964822382208,-2.037037037037038,46.0,103392.51,45,Chemicals & Plastics,49.0,prompt_payer
INV703474,C1116,2026-01-02,45.17857142857143,45.0,28,3.186238597800925,-0.1785714285714306,49.0,129934.6,45,Chemicals & Plastics,43.0,prompt_payer
INV703475,C1116,2026-02-09,45.10344827586207,46.0,29,3.1548695647274156,0.8965517241379288,43.0,170419.39,45,Chemicals & Plastics,44.0,prompt_payer
INV703476,C1116,2026-03-27,45.06666666666667,45.333333333333336,30,3.106537415297566,0.2666666666666657,44.0,159494.89,45,Chemicals & Plastics,47.0,prompt_payer
INV703477,C1116,2026-03-27,45.12903225806452,44.666666666666664,31,3.0739977823009896,-0.46236559139785527,47.0,107499.56,45,Chemicals & Plastics,46.0,prompt_payer
INV703478,C1116,2026-04-03,45.15625,45.666666666666664,32,3.0279278020113938,0.5104166666666643,46.0,106247.47,45,Chemicals & Plastics,48.0,prompt_payer
INV703479,C1116,2026-06-13,45.24242424242424,47.0,33,3.021074964212895,1.7575757575757578,48.0,120934.95,45,Chemicals & Plastics,43.0,prompt_payer
INV703480,C1116,2026-06-26,45.1764705882353,45.666666666666664,34,2.999702896755895,0.49019607843136725,43.0,99519.78,45,Chemicals & Plastics,43.0,prompt_payer
INV703482,C1117,2024-04-27,,,0,,,,90439.9,45,Auto Components,45.0,deteriorating_payer
INV703483,C1117,2024-11-09,45.0,45.0,1,,0.0,45.0,100534.74,45,Auto Components,51.0,deteriorating_payer
INV703484,C1117,2025-01-09,48.0,48.0,2,4.242640687119285,0.0,51.0,53097.37,45,Auto Components,51.0,deteriorating_payer
INV703485,C1117,2025-01-24,49.0,49.0,3,3.4641016151377544,0.0,51.0,60952.8,45,Auto Components,57.0,deteriorating_payer
INV703486,C1117,2025-02-11,51.0,53.0,4,4.898979485566356,2.0,57.0,54620.25,45,Auto Components,56.0,deteriorating_payer
INV703487,C1117,2025-03-31,52.0,54.666666666666664,5,4.795831523312719,2.6666666666666643,56.0,75821.68,45,Auto Components,58.0,deteriorating_payer
INV703488,C1117,2025-05-17,53.0,57.0,6,4.9396356140913875,4.0,58.0,68809.22,45,Auto Components,60.0,deteriorating_payer
INV703489,C1117,2025-07-31,54.0,58.0,7,5.228129047119374,4.0,60.0,59808.0,45,Auto Components,64.0,deteriorating_payer
INV703490,C1117,2025-09-10,55.25,60.666666666666664,8,5.994044663544928,5.416666666666664,64.0,47464.45,45,Auto Components,66.0,deteriorating_payer
INV703491,C1117,2025-11-22,56.44444444444444,63.333333333333336,9,6.654154925892376,6.888888888888893,66.0,100730.79,45,Auto Components,70.0,deteriorating_payer
INV703492,C1117,2026-01-12,57.8,66.66666666666667,10,7.598245411496876,8.866666666666674,70.0,112299.24,45,Auto Components,83.0,deteriorating_payer
INV703493,C1117,2026-02-07,60.09090909090909,73.0,11,10.473342784942595,12.909090909090907,83.0,90808.94,45,Auto Components,70.0,deteriorating_payer
INV703494,C1117,2026-02-10,60.916666666666664,74.33333333333333,12,10.387565410215965,13.416666666666664,70.0,70541.94,45,Auto Components,77.0,deteriorating_payer
INV703495,C1117,2026-03-05,62.15384615384615,76.66666666666667,13,10.899894142040662,14.512820512820518,77.0,52444.38,45,Auto Components,68.0,deteriorating_payer
INV703496,C1117,2026-03-15,62.57142857142857,71.66666666666667,14,10.588195791063278,9.095238095238102,68.0,76523.86,45,Auto Components,84.0,deteriorating_payer
INV703497,C1117,2026-03-27,64.0,76.33333333333333,15,11.606648341114058,12.333333333333329,84.0,91250.46,45,Auto Components,86.0,deteriorating_payer
INV703499,C1118,2024-03-13,,,0,,,,1611536.89,45,FMCG & Food Processing,78.0,chronic_late_payer
INV703500,C1118,2024-04-04,78.0,78.0,1,,0.0,78.0,498752.12,45,FMCG & Food Processing,74.0,chronic_late_payer
INV703501,C1118,2024-04-14,76.0,76.0,2,2.8284271247461903,0.0,74.0,1122588.0,45,FMCG & Food Processing,71.0,chronic_late_payer
INV703502,C1118,2024-05-18,74.33333333333333,74.33333333333333,3,3.5118845842842448,0.0,71.0,1652904.74,45,FMCG & Food Processing,75.0,chronic_late_payer
INV703503,C1118,2024-06-16,74.5,73.33333333333333,4,2.8867513459481278,-1.1666666666666714,75.0,1899787.62,45,FMCG & Food Processing,78.0,chronic_late_payer
INV703504,C1118,2024-06-21,75.2,74.66666666666667,5,2.949576240750524,-0.5333333333333314,78.0,2207503.39,45,FMCG & Food Processing,72.0,chronic_late_payer
INV703505,C1118,2024-09-30,74.66666666666667,75.0,6,2.943920288775949,0.3333333333333286,72.0,10558644.79,45,FMCG & Food Processing,71.0,chronic_late_payer
INV703506,C1118,2024-10-28,74.14285714285714,73.66666666666667,7,3.0237157840738194,-0.4761904761904674,71.0,1478684.25,45,FMCG & Food Processing,72.0,chronic_late_payer
INV703507,C1118,2024-12-21,73.875,71.66666666666667,8,2.900123150094544,-2.2083333333333286,72.0,1459303.17,45,FMCG & Food Processing,74.0,chronic_late_payer
INV703508,C1118,2025-01-26,73.88888888888889,72.33333333333333,9,2.71313676601662,-1.5555555555555571,74.0,1759733.13,45,FMCG & Food Processing,73.0,chronic_late_payer
INV703509,C1118,2025-01-29,73.8,73.0,10,2.57336787541584,-0.7999999999999972,73.0,1644049.58,45,FMCG & Food Processing,67.0,chronic_late_payer
INV703510,C1118,2025-02-27,73.18181818181819,71.33333333333333,11,3.1880458534400637,-1.8484848484848584,67.0,1690330.74,45,FMCG & Food Processing,72.0,chronic_late_payer
INV703511,C1118,2025-05-05,73.08333333333333,70.66666666666667,12,3.0587678248047245,-2.416666666666657,72.0,1648654.04,45,FMCG & Food Processing,65.0,chronic_late_payer
INV703512,C1118,2025-06-07,72.46153846153847,68.0,13,3.6881654114971756,-4.461538461538467,65.0,2543573.6,45,FMCG & Food Processing,77.0,chronic_late_payer
INV703513,C1118,2025-06-20,72.78571428571429,71.33333333333333,14,3.745326758438114,-1.4523809523809632,77.0,2815539.92,45,FMCG & Food Processing,69.0,chronic_late_payer
INV703514,C1118,2025-07-14,72.53333333333333,70.33333333333333,15,3.7391111752597577,-2.200000000000003,69.0,986142.2,45,FMCG & Food Processing,73.0,chronic_late_payer
INV703515,C1118,2025-07-23,72.5625,73.0,16,3.6142080737002433,0.4375,73.0,1927007.4,45,FMCG & Food Processing,77.0,chronic_late_payer
INV703516,C1118,2025-09-03,72.82352941176471,73.0,17,3.661203595090813,0.17647058823528994,77.0,1113311.63,45,FMCG & Food Processing,78.0,chronic_late_payer
INV703517,C1118,2025-11-22,73.11111111111111,76.0,18,3.755605831739893,2.8888888888888857,78.0,1778797.47,45,FMCG & Food Processing,64.0,chronic_late_payer
INV703518,C1118,2025-12-21,72.63157894736842,73.0,19,4.205955120960302,0.3684210526315752,64.0,1185047.71,45,FMCG & Food Processing,75.0,chronic_late_payer
INV703519,C1118,2026-03-05,72.75,72.33333333333333,20,4.127889737409484,-0.4166666666666714,75.0,901968.58,45,FMCG & Food Processing,74.0,chronic_late_payer
INV703520,C1118,2026-04-01,72.80952380952381,71.0,21,4.0326052077912085,-1.8095238095238102,74.0,2907562.87,45,FMCG & Food Processing,74.0,chronic_late_payer
INV703521,C1118,2026-04-07,72.86363636363636,74.33333333333333,22,3.9435958276613565,1.4696969696969688,74.0,9335167.91,45,FMCG & Food Processing,71.0,chronic_late_payer
INV703522,C1118,2026-04-09,72.78260869565217,73.0,23,3.8724730381024024,0.21739130434782794,71.0,1704294.05,45,FMCG & Food Processing,75.0,chronic_late_payer
INV703525,C1119,2024-03-10,,,0,,,,77788.58,45,Retail & Distribution,66.0,chronic_late_payer
INV703526,C1119,2024-03-17,66.0,66.0,1,,0.0,66.0,124302.47,45,Retail & Distribution,74.0,chronic_late_payer
INV703527,C1119,2024-03-20,70.0,70.0,2,5.656854249492381,0.0,74.0,205405.5,45,Retail & Distribution,78.0,chronic_late_payer
INV703528,C1119,2024-04-03,72.66666666666667,72.66666666666667,3,6.110100926607785,0.0,78.0,139322.63,45,Retail & Distribution,68.0,chronic_late_payer
INV703529,C1119,2024-05-24,71.5,73.33333333333333,4,5.507570547286101,1.8333333333333286,68.0,89817.85,45,Retail & Distribution,70.0,chronic_late_payer
INV703530,C1119,2024-06-07,71.2,72.0,5,4.816637831516918,0.7999999999999972,70.0,40787.66,45,Retail & Distribution,75.0,chronic_late_payer
INV703531,C1119,2024-08-24,71.83333333333333,71.0,6,4.578937285731991,-0.8333333333333286,75.0,162249.95,45,Retail & Distribution,73.0,chronic_late_payer
INV703532,C1119,2024-10-09,72.0,72.66666666666667,7,4.203173404306162,0.6666666666666714,73.0,128070.8,45,Retail & Distribution,78.0,chronic_late_payer
INV703533,C1119,2024-11-04,72.75,75.33333333333333,8,4.432026302139588,2.5833333333333286,78.0,73739.94,45,Retail & Distribution,69.0,chronic_late_payer
INV703534,C1119,2024-11-09,72.33333333333333,73.33333333333333,9,4.330127018922191,1.0,69.0,96059.48,45,Retail & Distribution,75.0,chronic_late_payer
INV703535,C1119,2024-11-10,72.6,74.0,10,4.1686661868969255,1.4000000000000057,75.0,219328.14,45,Retail & Distribution,70.0,chronic_late_payer
INV703536,C1119,2024-12-04,72.36363636363636,71.33333333333333,11,4.031692628976748,-1.0303030303030312,70.0,119633.73,45,Retail & Distribution,81.0,chronic_late_payer
INV703537,C1119,2025-01-12,73.08333333333333,75.33333333333333,12,4.581749037477305,2.25,81.0,116938.3,45,Retail & Distribution,77.0,chronic_late_payer
INV703538,C1119,2025-01-17,73.38461538461539,76.0,13,4.519189852515259,2.615384615384613,77.0,129430.39,45,Retail & Distribution,67.0,chronic_late_payer
INV703539,C1119,2025-02-02,72.92857142857143,75.0,14,4.665161976152193,2.0714285714285694,67.0,139446.62,45,Retail & Distribution,82.0,chronic_late_payer
INV703540,C1119,2025-02-05,73.53333333333333,75.33333333333333,15,5.069047059876055,1.7999999999999972,82.0,70441.94,45,Retail & Distribution,75.0,chronic_late_payer
INV703541,C1119,2025-03-25,73.625,74.66666666666667,16,4.910872291830306,1.0416666666666714,75.0,51506.87,45,Retail & Distribution,77.0,chronic_late_payer
INV703542,C1119,2025-03-28,73.82352941176471,78.0,17,4.824874274497302,4.17647058823529,77.0,141781.84,45,Retail & Distribution,71.0,chronic_late_payer
INV703543,C1119,2025-04-12,73.66666666666667,74.33333333333333,18,4.727889717037673,0.6666666666666572,71.0,109879.58,45,Retail & Distribution,69.0,chronic_late_payer
INV703544,C1119,2025-05-21,73.42105263157895,72.33333333333333,19,4.717765354648369,-1.0877192982456165,69.0,98976.36,45,Retail & Distribution,65.0,chronic_late_payer
INV703545,C1119,2025-05-29,73.0,68.33333333333333,20,4.9630211512110645,-4.666666666666671,65.0,365554.21,45,Retail & Distribution,59.0,chronic_late_payer
INV703546,C1119,2025-06-25,72.33333333333333,64.33333333333333,21,5.721305212391077,-8.0,59.0,114514.33,45,Retail & Distribution,71.0,chronic_late_payer
INV703547,C1119,2025-08-04,72.27272727272727,65.0,22,5.590653920196745,-7.272727272727266,71.0,148165.79,45,Retail & Distribution,67.0,chronic_late_payer
INV703548,C1119,2025-10-14,72.04347826086956,65.66666666666667,23,5.571667457850436,-6.376811594202891,67.0,142930.45,45,Retail & Distribution,84.0,chronic_late_payer
INV703549,C1119,2025-11-01,72.54166666666667,74.0,24,5.970792436422536,1.4583333333333286,84.0,122144.55,45,Retail & Distribution,71.0,chronic_late_payer
INV703550,C1119,2025-12-03,72.48,74.0,25,5.853204250664757,1.519999999999996,71.0,134042.59,45,Retail & Distribution,73.0,chronic_late_payer
INV703551,C1119,2025-12-10,72.5,76.0,26,5.735852159879993,3.5,73.0,101453.08,45,Retail & Distribution,71.0,chronic_late_payer
INV703552,C1119,2026-01-30,72.44444444444444,71.66666666666667,27,5.631869025283588,-0.7777777777777715,71.0,162982.8,45,Retail & Distribution,67.0,chronic_late_payer
INV703553,C1119,2026-02-04,72.25,70.33333333333333,28,5.621552441439271,-1.9166666666666714,67.0,113813.68,45,Retail & Distribution,77.0,chronic_late_payer
INV703554,C1119,2026-03-31,72.41379310344827,71.66666666666667,29,5.590280093796158,-0.7471264367815991,77.0,130909.77,45,Retail & Distribution,77.0,chronic_late_payer
INV703555,C1119,2026-05-01,72.56666666666666,73.66666666666667,30,5.55650183511876,1.1000000000000085,77.0,135917.25,45,Retail & Distribution,64.0,chronic_late_payer
INV703556,C1119,2026-05-20,72.29032258064517,72.66666666666667,31,5.675641217149515,0.37634408602150415,64.0,133785.42,45,Retail & Distribution,69.0,chronic_late_payer
INV703559,C1120,2024-02-22,,,0,,,,12233.87,30,Auto Components,30.0,prompt_payer
INV703560,C1120,2024-02-24,30.0,30.0,1,,0.0,30.0,59691.51,30,Auto Components,32.0,prompt_payer
INV703561,C1120,2024-03-09,31.0,31.0,2,1.4142135623730951,0.0,32.0,21802.47,30,Auto Components,30.0,prompt_payer
INV703562,C1120,2024-05-09,30.666666666666668,30.666666666666668,3,1.1547005383792517,0.0,30.0,24967.98,30,Auto Components,35.0,prompt_payer
INV703563,C1120,2024-06-14,31.75,32.333333333333336,4,2.362907813126304,0.5833333333333357,35.0,16903.39,30,Auto Components,31.0,prompt_payer
INV703564,C1120,2024-06-18,31.6,32.0,5,2.073644135332772,0.3999999999999986,31.0,33387.53,30,Auto Components,30.0,prompt_payer
INV703565,C1120,2024-06-27,31.333333333333332,32.0,6,1.9663841605003503,0.6666666666666679,30.0,22636.69,30,Auto Components,31.0,prompt_payer
INV703566,C1120,2024-07-25,31.285714285714285,30.666666666666668,7,1.799470821684875,-0.6190476190476168,31.0,12836.14,30,Auto Components,27.0,prompt_payer
INV703567,C1120,2024-09-04,30.75,29.333333333333332,8,2.2519832529192074,-1.4166666666666679,27.0,28191.61,30,Auto Components,29.0,prompt_payer
INV703568,C1120,2024-10-02,30.555555555555557,29.0,9,2.185812841434001,-1.5555555555555571,29.0,22658.18,30,Auto Components,28.0,prompt_payer
INV703569,C1120,2024-10-12,30.3,28.0,10,2.2135943621178664,-2.3000000000000007,28.0,21502.33,30,Auto Components,29.0,prompt_payer
INV703570,C1120,2024-10-15,30.181818181818183,28.666666666666668,11,2.1362669223756585,-1.5151515151515156,29.0,18949.3,30,Auto Components,33.0,prompt_payer
INV703571,C1120,2024-11-01,30.416666666666668,30.0,12,2.193309385519075,-0.41666666666666785,33.0,12708.38,30,Auto Components,27.0,prompt_payer
INV703572,C1120,2024-11-19,30.153846153846153,29.666666666666668,13,2.303842943364914,-0.48717948717948545,27.0,20620.58,30,Auto Components,26.0,prompt_payer
INV703573,C1120,2024-11-29,29.857142857142858,28.666666666666668,14,2.476260917566672,-1.1904761904761898,26.0,18857.38,30,Auto Components,29.0,prompt_payer
INV703574,C1120,2024-12-20,29.8,27.333333333333332,15,2.3964259101539414,-2.4666666666666686,29.0,33293.11,30,Auto Components,32.0,prompt_payer
INV703575,C1120,2024-12-21,29.9375,29.0,16,2.3796008068581593,-0.9375,32.0,10319.34,30,Auto Components,31.0,prompt_payer
INV703576,C1120,2025-01-03,30.0,30.666666666666668,17,2.3184046238739264,0.6666666666666679,31.0,26960.76,30,Auto Components,28.0,prompt_payer
INV703577,C1120,2025-01-14,29.88888888888889,30.333333333333332,18,2.2980525998405668,0.44444444444444287,28.0,20591.24,30,Auto Components,26.0,prompt_payer
INV703578,C1120,2025-01-16,29.68421052631579,28.333333333333332,19,2.4049169904581227,-1.350877192982459,26.0,7608.84,30,Auto Components,29.0,prompt_payer
INV703579,C1120,2025-01-29,29.65,27.666666666666668,20,2.3457688673327066,-1.9833333333333307,29.0,37665.38,30,Auto Components,28.0,prompt_payer
INV703580,C1120,2025-02-27,29.571428571428573,27.666666666666668,21,2.314550249431379,-1.904761904761905,28.0,29269.76,30,Auto Components,28.0,prompt_payer
INV703581,C1120,2025-03-23,29.5,28.333333333333332,22,2.283481051877969,-1.1666666666666679,28.0,16193.81,30,Auto Components,26.0,prompt_payer
INV703582,C1120,2025-04-12,29.347826086956523,27.333333333333332,23,2.3473136609590344,-2.014492753623191,26.0,39256.23,30,Auto Components,32.0,prompt_payer
INV703583,C1120,2025-04-13,29.458333333333332,28.666666666666668,24,2.3586873037987575,-0.7916666666666643,32.0,21704.37,30,Auto Components,26.0,prompt_payer
INV703584,C1120,2025-04-14,29.32,28.0,25,2.4103941586387907,-1.3200000000000003,26.0,38962.57,30,Auto Components,30.0,prompt_payer
INV703585,C1120,2025-04-24,29.346153846153847,29.333333333333332,26,2.3654565342412486,-0.012820512820514551,30.0,28896.28,30,Auto Components,32.0,prompt_payer
INV703586,C1120,2025-04-30,29.444444444444443,29.333333333333332,27,2.375084343981418,-0.11111111111111072,32.0,25766.07,30,Auto Components,33.0,prompt_payer
INV703587,C1120,2025-05-10,29.571428571428573,31.666666666666668,28,2.42561288824039,2.095238095238095,33.0,7227.87,30,Auto Components,32.0,prompt_payer
INV703588,C1120,2025-05-28,29.655172413793103,32.333333333333336,29,2.424220965720822,2.6781609195402325,32.0,37213.08,30,Auto Components,33.0,prompt_payer
INV703589,C1120,2025-06-20,29.766666666666666,32.666666666666664,30,2.459090571081433,2.8999999999999986,33.0,114657.89,30,Auto Components,29.0,prompt_payer
INV703590,C1120,2025-07-11,29.741935483870968,31.333333333333332,31,2.421676305585091,1.5913978494623642,29.0,31991.71,30,Auto Components,27.0,prompt_payer
INV703591,C1120,2025-07-21,29.65625,29.666666666666668,32,2.431107208262218,0.010416666666667851,27.0,151024.71,30,Auto Components,25.0,prompt_payer
INV703592,C1120,2025-08-23,29.515151515151516,27.0,33,2.5263760127058994,-2.5151515151515156,25.0,18755.18,30,Auto Components,29.0,prompt_payer
INV703593,C1120,2025-08-30,29.5,27.0,34,2.4893713457356452,-2.5,29.0,68993.33,30,Auto Components,29.0,prompt_payer
INV703594,C1120,2025-09-28,29.485714285714284,27.666666666666668,35,2.4539455453403605,-1.8190476190476161,29.0,17215.44,30,Auto Components,25.0,prompt_payer
INV703595,C1120,2025-10-04,29.36111111111111,27.666666666666668,36,2.53154698924001,-1.6944444444444429,25.0,25721.76,30,Auto Components,30.0,prompt_payer
INV703596,C1120,2025-10-14,29.37837837837838,28.0,37,2.4983478023969647,-1.378378378378379,30.0,20850.67,30,Auto Components,32.0,prompt_payer
INV703597,C1120,2025-10-27,29.44736842105263,29.0,38,2.5007822389291285,-0.4473684210526301,32.0,35847.27,30,Auto Components,29.0,prompt_payer
INV703598,C1120,2026-01-15,29.435897435897434,30.333333333333332,39,2.4686974169736153,0.8974358974358978,29.0,23040.06,30,Auto Components,28.0,prompt_payer
INV703599,C1120,2026-01-19,29.4,29.666666666666668,40,2.447395266348203,0.26666666666666927,28.0,21260.65,30,Auto Components,27.0,prompt_payer
INV703600,C1120,2026-02-10,29.341463414634145,28.0,41,2.4455035892179855,-1.3414634146341449,27.0,22259.57,30,Auto Components,33.0,prompt_payer
INV703601,C1120,2026-03-06,29.428571428571427,29.333333333333332,42,2.480586645237295,-0.0952380952380949,33.0,21040.24,30,Auto Components,27.0,prompt_payer
INV703602,C1120,2026-03-12,29.372093023255815,29.0,43,2.4787021931989357,-0.3720930232558146,27.0,14509.39,30,Auto Components,30.0,prompt_payer
INV703603,C1120,2026-03-18,29.386363636363637,30.0,44,2.4515387582696095,0.6136363636363633,30.0,21855.28,30,Auto Components,29.0,prompt_payer
INV703604,C1120,2026-03-20,29.377777777777776,28.666666666666668,45,2.424204545158613,-0.7111111111111086,29.0,13192.71,30,Auto Components,32.0,prompt_payer
INV703605,C1120,2026-04-16,29.434782608695652,30.333333333333332,46,2.4280964095177615,0.8985507246376798,32.0,14595.84,30,Auto Components,29.0,prompt_payer
INV703606,C1120,2026-05-08,29.425531914893618,30.0,47,2.4023962751989383,0.5744680851063819,29.0,39955.25,30,Auto Components,29.0,prompt_payer
INV703610,C1121,2024-06-26,,,0,,,,91560.04,30,Chemicals & Plastics,65.0,improving_payer
INV703611,C1121,2024-07-27,65.0,65.0,1,,0.0,65.0,62117.6,30,Chemicals & Plastics,69.0,improving_payer
INV703612,C1121,2024-09-12,67.0,67.0,2,2.8284271247461903,0.0,69.0,28304.11,30,Chemicals & Plastics,62.0,improving_payer
INV703613,C1121,2024-11-03,65.33333333333333,65.33333333333333,3,3.5118845842842448,0.0,62.0,171422.74,30,Chemicals & Plastics,42.0,improving_payer
INV703614,C1121,2024-11-14,59.5,57.666666666666664,4,12.013880860626731,-1.8333333333333357,42.0,88552.8,30,Chemicals & Plastics,55.0,improving_payer
INV703615,C1121,2025-04-23,58.6,53.0,5,10.597169433391162,-5.600000000000001,55.0,119628.91,30,Chemicals & Plastics,45.0,improving_payer
INV703616,C1121,2025-07-03,56.333333333333336,47.333333333333336,6,10.98483803552272,-9.0,45.0,120470.77,30,Chemicals & Plastics,49.0,improving_payer
INV703617,C1121,2025-09-19,55.285714285714285,49.666666666666664,7,10.403753901265409,-5.61904761904762,49.0,130381.08,30,Chemicals & Plastics,40.0,improving_payer
INV703618,C1121,2025-12-19,53.375,44.666666666666664,8,11.044552632729985,-8.708333333333336,40.0,92276.09,30,Chemicals & Plastics,39.0,improving_payer
INV703619,C1121,2026-02-03,51.77777777777778,42.666666666666664,9,11.388346870571006,-9.111111111111114,39.0,101146.81,30,Chemicals & Plastics,34.0,improving_payer
INV703620,C1121,2026-06-20,50.0,37.666666666666664,10,12.119772641798562,-12.333333333333336,34.0,180399.07,30,Chemicals & Plastics,30.0,improving_payer
INV703621,C1121,2026-06-22,48.18181818181818,34.333333333333336,11,12.983205935501307,-13.848484848484844,30.0,110636.32,30,Chemicals & Plastics,35.0,improving_payer
INV703623,C1122,2024-03-13,,,0,,,,952318.71,30,Retail & Distribution,56.0,improving_payer
INV703624,C1122,2024-05-07,56.0,56.0,1,,0.0,56.0,6061934.83,30,Retail & Distribution,67.0,improving_payer
INV703625,C1122,2024-05-25,61.5,61.5,2,7.7781745930520225,0.0,67.0,589650.03,30,Retail & Distribution,56.0,improving_payer
INV703626,C1122,2024-05-28,59.666666666666664,59.666666666666664,3,6.350852961085883,0.0,56.0,979709.43,30,Retail & Distribution,63.0,improving_payer
INV703627,C1122,2024-06-06,60.5,62.0,4,5.446711546122731,1.5,63.0,711610.54,30,Retail & Distribution,56.0,improving_payer
INV703628,C1122,2024-07-03,59.6,58.333333333333336,5,5.128352561983234,-1.2666666666666657,56.0,1096440.56,30,Retail & Distribution,57.0,improving_payer
INV703629,C1122,2024-07-13,59.166666666666664,58.666666666666664,6,4.708148963941845,-0.5,57.0,581692.56,30,Retail & Distribution,52.0,improving_payer
INV703630,C1122,2024-10-07,58.142857142857146,55.0,7,5.080307452263478,-3.142857142857146,52.0,676659.91,30,Retail & Distribution,62.0,improving_payer
INV703631,C1122,2024-10-14,58.625,57.0,8,4.897156609415597,-1.625,62.0,1026852.91,30,Retail & Distribution,53.0,improving_payer
INV703632,C1122,2024-10-19,58.0,55.666666666666664,9,4.949747468305834,-2.3333333333333357,53.0,583606.01,30,Retail & Distribution,69.0,improving_payer
INV703633,C1122,2024-11-07,59.1,61.333333333333336,10,5.820461990063829,2.2333333333333343,69.0,796141.0,30,Retail & Distribution,59.0,improving_payer
INV703634,C1122,2024-11-18,59.09090909090909,60.333333333333336,11,5.521857395017468,1.2424242424242422,59.0,630607.14,30,Retail & Distribution,58.0,improving_payer
INV703635,C1122,2024-12-26,59.0,62.0,12,5.274294437949196,3.0,58.0,571041.93,30,Retail & Distribution,58.0,improving_payer
INV703636,C1122,2024-12-29,58.92307692307692,58.333333333333336,13,5.057363253408152,-0.5897435897435841,58.0,968001.24,30,Retail & Distribution,56.0,improving_payer
INV703637,C1122,2025-01-01,58.714285714285715,57.333333333333336,14,4.921359590578627,-1.3809523809523796,56.0,470332.68,30,Retail & Distribution,54.0,improving_payer
INV703638,C1122,2025-02-22,58.4,56.0,15,4.896062557957014,-2.3999999999999986,54.0,924512.26,30,Retail & Distribution,45.0,improving_payer
INV703639,C1122,2025-03-17,57.5625,51.666666666666664,16,5.796191278187196,-5.895833333333336,45.0,2561929.29,30,Retail & Distribution,46.0,improving_payer
INV703640,C1122,2025-04-09,56.88235294117647,48.333333333333336,17,6.273778296819791,-8.549019607843135,46.0,778780.55,30,Retail & Distribution,56.0,improving_payer
INV703641,C1122,2025-05-15,56.833333333333336,49.0,18,6.0900111078813,-7.833333333333336,56.0,1054646.82,30,Retail & Distribution,44.0,improving_payer
INV703642,C1122,2025-05-18,56.1578947368421,48.666666666666664,19,6.610287923589147,-7.491228070175438,44.0,1241627.25,30,Retail & Distribution,43.0,improving_payer
INV703643,C1122,2025-06-16,55.5,47.666666666666664,20,7.074788447646144,-7.833333333333336,43.0,741779.81,30,Retail & Distribution,50.0,improving_payer
INV703644,C1122,2025-06-16,55.23809523809524,45.666666666666664,21,6.999319694832932,-9.571428571428577,50.0,457016.55,30,Retail & Distribution,37.0,improving_payer
INV703645,C1122,2025-06-20,54.40909090909091,43.333333333333336,22,7.859838183897698,-11.07575757575757,37.0,997689.58,30,Retail & Distribution,47.0,improving_payer
INV703646,C1122,2025-07-19,54.08695652173913,44.666666666666664,23,7.832989928839206,-9.420289855072468,47.0,225801.61,30,Retail & Distribution,47.0,improving_payer
INV703647,C1122,2025-10-02,53.791666666666664,43.666666666666664,24,7.79620401871637,-10.125,47.0,686917.81,30,Retail & Distribution,49.0,improving_payer
INV703648,C1122,2025-10-27,53.6,47.666666666666664,25,7.691987172809551,-5.933333333333337,49.0,736894.88,30,Retail & Distribution,46.0,improving_payer
INV703649,C1122,2025-11-02,53.30769230769231,47.333333333333336,26,7.6825476543616995,-5.974358974358971,46.0,1056795.51,30,Retail & Distribution,40.0,improving_payer
INV703650,C1122,2025-12-06,52.81481481481482,45.0,27,7.956792149512347,-7.814814814814817,40.0,919975.04,30,Retail & Distribution,43.0,improving_payer
INV703651,C1122,2025-12-10,52.464285714285715,43.0,28,8.02534015827894,-9.464285714285715,43.0,436086.46,30,Retail & Distribution,42.0,improving_payer
INV703652,C1122,2026-01-02,52.10344827586207,41.666666666666664,29,8.116758798868842,-10.436781609195407,42.0,850022.31,30,Retail & Distribution,40.0,improving_payer
INV703653,C1122,2026-01-05,51.7,41.666666666666664,30,8.276056032209778,-10.033333333333339,40.0,715027.08,30,Retail & Distribution,44.0,improving_payer
INV703654,C1122,2026-01-08,51.45161290322581,42.0,31,8.253640448018153,-9.451612903225808,44.0,937684.29,30,Retail & Distribution,37.0,improving_payer
INV703655,C1122,2026-02-04,51.0,40.333333333333336,32,8.511851320554525,-10.666666666666664,37.0,1193169.52,30,Retail & Distribution,49.0,improving_payer
INV703656,C1122,2026-02-15,50.93939393939394,43.333333333333336,33,8.385029047129898,-7.606060606060602,49.0,971866.24,30,Retail & Distribution,41.0,improving_payer
INV703657,C1122,2026-02-25,50.64705882352941,42.333333333333336,34,8.431119674523183,-8.313725490196077,41.0,478691.09,30,Retail & Distribution,37.0,improving_payer
INV703658,C1122,2026-03-05,50.25714285714286,42.333333333333336,35,8.620573398230869,-7.923809523809524,37.0,598231.02,30,Retail & Distribution,33.0,improving_payer
INV703659,C1122,2026-04-18,49.77777777777778,37.0,36,8.97014448398085,-12.777777777777779,33.0,1049777.91,30,Retail & Distribution,34.0,improving_payer
INV703660,C1122,2026-05-11,49.351351351351354,34.666666666666664,37,9.217182674573422,-14.68468468468469,34.0,893252.02,30,Retail & Distribution,34.0,improving_payer
INV703661,C1122,2026-06-06,48.94736842105263,33.666666666666664,38,9.426665365581378,-15.280701754385966,34.0,730089.84,30,Retail & Distribution,35.0,improving_payer
INV703662,C1122,2026-06-15,48.58974358974359,34.333333333333336,39,9.56616281406266,-14.256410256410255,35.0,629436.19,30,Retail & Distribution,33.0,improving_payer
INV703663,C1122,2026-06-24,48.2,34.0,40,9.7591508668032,-14.200000000000003,33.0,596296.74,30,Retail & Distribution,27.0,improving_payer
INV703664,C1122,2026-07-01,47.68292682926829,31.666666666666668,41,10.189305728042132,-16.016260162601622,27.0,637904.16,30,Retail & Distribution,30.0,improving_payer
INV703667,C1123,2024-02-25,,,0,,,,137173.78,30,Chemicals & Plastics,40.0,seasonal_payer
INV703668,C1123,2024-04-09,40.0,40.0,1,,0.0,40.0,159786.11,30,Chemicals & Plastics,37.0,seasonal_payer
INV703669,C1123,2024-04-14,38.5,38.5,2,2.1213203435596424,0.0,37.0,160505.01,30,Chemicals & Plastics,29.0,seasonal_payer
INV703670,C1123,2024-05-01,35.333333333333336,35.333333333333336,3,5.686240703077328,0.0,29.0,83630.68,30,Chemicals & Plastics,34.0,seasonal_payer
INV703671,C1123,2024-05-09,35.0,33.333333333333336,4,4.690415759823431,-1.6666666666666643,34.0,76886.47,30,Chemicals & Plastics,37.0,seasonal_payer
INV703672,C1123,2024-06-09,35.4,33.333333333333336,5,4.159326868617085,-2.066666666666663,37.0,93691.41,30,Chemicals & Plastics,36.0,seasonal_payer
INV703673,C1123,2024-08-01,35.5,35.666666666666664,6,3.7282703764614507,0.1666666666666643,36.0,136017.69,30,Chemicals & Plastics,32.0,seasonal_payer
INV703674,C1123,2024-08-15,35.0,35.0,7,3.651483716701108,0.0,32.0,122257.19,30,Chemicals & Plastics,30.0,seasonal_payer
INV703675,C1123,2024-10-27,34.375,32.666666666666664,8,3.8149143409218813,-1.7083333333333357,30.0,99232.97,30,Chemicals & Plastics,47.0,seasonal_payer
INV703676,C1123,2024-10-29,35.77777777777778,36.333333333333336,9,5.517648452415616,0.5555555555555571,47.0,141793.78,30,Chemicals & Plastics,49.0,seasonal_payer
INV703677,C1123,2024-11-11,37.1,42.0,10,6.6741624526560965,4.899999999999999,49.0,119924.44,30,Chemicals & Plastics,37.0,seasonal_payer
INV703678,C1123,2024-11-22,37.09090909090909,44.333333333333336,11,6.331738236133035,7.242424242424242,37.0,394693.18,30,Chemicals & Plastics,36.0,seasonal_payer
INV703679,C1123,2024-12-09,37.0,40.666666666666664,12,6.045283661289563,3.6666666666666643,36.0,82008.86,30,Chemicals & Plastics,36.0,seasonal_payer
INV703680,C1123,2025-01-25,36.92307692307692,36.333333333333336,13,5.794559782841409,-0.5897435897435841,36.0,110729.54,30,Chemicals & Plastics,46.0,seasonal_payer
INV703681,C1123,2025-03-02,37.57142857142857,39.333333333333336,14,6.072818199083592,1.7619047619047663,46.0,154198.01,30,Chemicals & Plastics,53.0,seasonal_payer
INV703682,C1123,2025-03-06,38.6,45.0,15,7.079144419651693,6.399999999999999,53.0,171993.76,30,Chemicals & Plastics,42.0,seasonal_payer
INV703683,C1123,2025-03-10,38.8125,47.0,16,6.891722087644954,8.1875,42.0,164568.05,30,Chemicals & Plastics,39.0,seasonal_payer
INV703684,C1123,2025-04-05,38.8235294117647,44.666666666666664,17,6.673036172890559,5.843137254901961,39.0,131430.64,30,Chemicals & Plastics,26.0,seasonal_payer
INV703685,C1123,2025-04-17,38.111111111111114,35.666666666666664,18,7.1446309655563685,-2.44444444444445,26.0,202907.99,30,Chemicals & Plastics,33.0,seasonal_payer
INV703686,C1123,2025-05-13,37.8421052631579,32.666666666666664,19,7.041647202298438,-5.175438596491233,33.0,210154.88,30,Chemicals & Plastics,28.0,seasonal_payer
INV703687,C1123,2025-05-23,37.35,29.0,20,7.19850130601027,-8.350000000000001,28.0,117762.3,30,Chemicals & Plastics,46.0,seasonal_payer
INV703688,C1123,2025-05-25,37.76190476190476,35.666666666666664,21,7.265705484705266,-2.095238095238095,46.0,184728.01,30,Chemicals & Plastics,38.0,seasonal_payer
INV703689,C1123,2025-06-13,37.77272727272727,37.333333333333336,22,7.090784214684633,-0.43939393939393767,38.0,200360.27,30,Chemicals & Plastics,26.0,seasonal_payer
INV703690,C1123,2025-06-20,37.26086956521739,36.666666666666664,23,7.3498137966787835,-0.5942028985507264,26.0,60603.69,30,Chemicals & Plastics,22.0,seasonal_payer
INV703691,C1123,2025-06-21,36.625,28.666666666666668,24,7.834219807996199,-7.958333333333332,22.0,121510.36,30,Chemicals & Plastics,30.0,seasonal_payer
INV703692,C1123,2025-07-02,36.36,26.0,25,7.782887210626486,-10.36,30.0,108107.81,30,Chemicals & Plastics,35.0,seasonal_payer
INV703693,C1123,2025-08-20,36.30769230769231,29.0,26,7.63030395603861,-7.307692307692307,35.0,144412.42,30,Chemicals & Plastics,35.0,seasonal_payer
INV703694,C1123,2025-09-24,36.25925925925926,33.333333333333336,27,7.4863598661555155,-2.925925925925924,35.0,122278.9,30,Chemicals & Plastics,50.0,seasonal_payer
INV703695,C1123,2025-10-06,36.75,40.0,28,7.791852344787018,3.25,50.0,146720.93,30,Chemicals & Plastics,42.0,seasonal_payer
INV703696,C1123,2025-11-01,36.93103448275862,42.333333333333336,29,7.713304991482289,5.4022988505747165,42.0,177830.14,30,Chemicals & Plastics,43.0,seasonal_payer
INV703697,C1123,2025-12-12,37.13333333333333,45.0,30,7.659716990060147,7.866666666666667,43.0,109889.9,30,Chemicals & Plastics,31.0,seasonal_payer
INV703698,C1123,2025-12-22,36.935483870967744,38.666666666666664,31,7.611112419223914,1.7311827956989205,31.0,46856.04,30,Chemicals & Plastics,35.0,seasonal_payer
INV703699,C1123,2026-01-28,36.875,36.333333333333336,32,7.495159728440663,-0.5416666666666643,35.0,85233.49,30,Chemicals & Plastics,48.0,seasonal_payer
INV703700,C1123,2026-02-04,37.21212121212121,38.0,33,7.627079944831343,0.787878787878789,48.0,140138.53,30,Chemicals & Plastics,50.0,seasonal_payer
INV703701,C1123,2026-02-18,37.588235294117645,44.333333333333336,34,7.824273214612229,6.745098039215691,50.0,112906.71,30,Chemicals & Plastics,43.0,seasonal_payer
INV703702,C1123,2026-02-26,37.74285714285714,47.0,35,7.7624391904139225,9.25714285714286,43.0,93567.3,30,Chemicals & Plastics,52.0,seasonal_payer
INV703703,C1123,2026-03-02,38.138888888888886,48.333333333333336,36,8.011252007655154,10.19444444444445,52.0,201267.74,30,Chemicals & Plastics,48.0,seasonal_payer
INV703704,C1123,2026-03-24,38.4054054054054,47.666666666666664,37,8.063840618807241,9.26126126126126,48.0,93073.43,30,Chemicals & Plastics,48.0,seasonal_payer
INV703705,C1123,2026-03-27,38.6578947368421,49.333333333333336,38,8.104974501150258,10.675438596491233,48.0,52609.14,30,Chemicals & Plastics,47.0,seasonal_payer
INV703706,C1123,2026-03-29,38.87179487179487,47.666666666666664,39,8.108408524422064,8.794871794871796,47.0,89040.44,30,Chemicals & Plastics,52.0,seasonal_payer
INV703707,C1123,2026-03-30,39.2,49.0,40,8.268568846495189,9.799999999999997,52.0,34342.69,30,Chemicals & Plastics,50.0,seasonal_payer
INV703708,C1123,2026-04-15,39.46341463414634,49.666666666666664,41,8.336958561056935,10.203252032520325,50.0,118391.06,30,Chemicals & Plastics,34.0,seasonal_payer
INV703709,C1123,2026-04-25,39.333333333333336,45.333333333333336,42,8.277700477986144,6.0,34.0,169115.02,30,Chemicals & Plastics,43.0,seasonal_payer
INV703710,C1123,2026-04-26,39.41860465116279,42.333333333333336,43,8.197655176182817,2.914728682170548,43.0,91779.6,30,Chemicals & Plastics,34.0,seasonal_payer
INV703711,C1123,2026-04-30,39.29545454545455,37.0,44,8.142851181863689,-2.2954545454545467,34.0,72538.13,30,Chemicals & Plastics,37.0,seasonal_payer
INV703712,C1123,2026-06-27,39.24444444444445,38.0,45,8.057056634786777,-1.2444444444444471,37.0,135059.88,30,Chemicals & Plastics,42.0,seasonal_payer
INV703714,C1123,2026-07-16,39.30434782608695,37.666666666666664,46,7.977383489778787,-1.6376811594202891,42.0,182554.75,30,Chemicals & Plastics,24.0,seasonal_payer
INV703717,C1124,2024-03-28,,,0,,,,30198.8,30,Chemicals & Plastics,30.0,average_payer
INV703718,C1124,2024-04-15,30.0,30.0,1,,0.0,30.0,23446.98,30,Chemicals & Plastics,37.0,average_payer
INV703719,C1124,2024-10-13,33.5,33.5,2,4.949747468305833,0.0,37.0,22777.1,30,Chemicals & Plastics,26.0,average_payer
INV703720,C1124,2024-10-15,31.0,31.0,3,5.5677643628300215,0.0,26.0,29871.73,30,Chemicals & Plastics,36.0,average_payer
INV703721,C1124,2025-01-03,32.25,33.0,4,5.188127472091127,0.75,36.0,25295.16,30,Chemicals & Plastics,26.0,average_payer
INV703722,C1124,2025-01-05,31.0,29.333333333333332,5,5.291502622129181,-1.6666666666666679,26.0,33387.04,30,Chemicals & Plastics,36.0,average_payer
INV703723,C1124,2025-01-10,31.833333333333332,32.666666666666664,6,5.154286242213045,0.8333333333333321,36.0,27345.18,30,Chemicals & Plastics,31.0,average_payer
INV703724,C1124,2025-02-10,31.714285714285715,31.0,7,4.715728494951256,-0.7142857142857153,31.0,32375.56,30,Chemicals & Plastics,24.0,average_payer
INV703725,C1124,2025-02-22,30.75,30.333333333333332,8,5.1478150704934995,-0.41666666666666785,24.0,46136.87,30,Chemicals & Plastics,40.0,average_payer
INV703726,C1124,2025-03-20,31.77777777777778,31.666666666666668,9,5.717905599469481,-0.11111111111111072,40.0,24794.11,30,Chemicals & Plastics,19.0,average_payer
INV703727,C1124,2025-04-18,30.5,27.666666666666668,10,6.7371276438025784,-2.833333333333332,19.0,8662.76,30,Chemicals & Plastics,38.0,average_payer
INV703728,C1124,2025-04-25,31.181818181818183,32.333333333333336,11,6.779648690281553,1.1515151515151523,38.0,16958.87,30,Chemicals & Plastics,33.0,average_payer
INV703729,C1124,2025-05-08,31.333333333333332,30.0,12,6.485414871895712,-1.3333333333333321,33.0,26121.81,30,Chemicals & Plastics,41.0,average_payer
INV703730,C1124,2025-05-30,32.07692307692308,37.333333333333336,13,6.763400752845402,5.2564102564102555,41.0,3000.0,30,Chemicals & Plastics,37.0,average_payer
INV703731,C1124,2025-07-19,32.42857142857143,37.0,14,6.62993544131796,4.571428571428569,37.0,9654.02,30,Chemicals & Plastics,30.0,average_payer
INV703732,C1124,2025-07-23,32.266666666666666,36.0,15,6.419464448809092,3.7333333333333343,30.0,31762.76,30,Chemicals & Plastics,37.0,average_payer
INV703733,C1124,2025-08-06,32.5625,34.666666666666664,16,6.313675633099946,2.1041666666666643,37.0,31322.37,30,Chemicals & Plastics,44.0,average_payer
INV703734,C1124,2025-08-12,33.23529411764706,37.0,17,6.713134623302906,3.764705882352942,44.0,19451.54,30,Chemicals & Plastics,38.0,average_payer
INV703735,C1124,2025-10-12,33.5,39.666666666666664,18,6.6088176392025915,6.166666666666664,38.0,24243.57,30,Chemicals & Plastics,49.0,average_payer
INV703736,C1124,2026-01-08,34.31578947368421,43.666666666666664,19,7.3413034838579785,9.350877192982452,49.0,21362.85,30,Chemicals & Plastics,33.0,average_payer
INV703737,C1124,2026-02-13,34.25,40.0,20,7.151554854862352,5.75,33.0,12913.37,30,Chemicals & Plastics,39.0,average_payer
INV703738,C1124,2026-04-13,34.476190476190474,40.333333333333336,21,7.047120316973791,5.857142857142861,39.0,33306.09,30,Chemicals & Plastics,33.0,average_payer
INV703739,C1124,2026-05-01,34.40909090909091,35.0,22,6.884482834324153,0.5909090909090935,33.0,32784.71,30,Chemicals & Plastics,34.0,average_payer
INV703740,C1124,2026-05-07,34.391304347826086,35.333333333333336,23,6.726738575097707,0.9420289855072497,34.0,31358.71,30,Chemicals & Plastics,31.0,average_payer
INV703741,C1124,2026-05-26,34.25,32.666666666666664,24,6.615199888530762,-1.5833333333333357,31.0,37481.58,30,Chemicals & Plastics,41.0,average_payer
INV703742,C1124,2026-06-14,34.52,35.333333333333336,25,6.615134163416492,0.8133333333333326,41.0,27106.3,30,Chemicals & Plastics,31.0,average_payer
INV703743,C1125,2025-04-25,,,0,,,,101145.11,30,Retail & Distribution,39.0,cold_start
INV703744,C1125,2025-06-25,39.0,39.0,1,,0.0,39.0,67982.06,30,Retail & Distribution,35.0,cold_start
INV703745,C1126,2024-04-21,,,0,,,,1207854.66,45,Chemicals & Plastics,41.0,seasonal_payer
INV703746,C1126,2024-06-02,41.0,41.0,1,,0.0,41.0,1197627.46,45,Chemicals & Plastics,49.0,seasonal_payer
INV703747,C1126,2024-07-19,45.0,45.0,2,5.656854249492381,0.0,49.0,1110336.22,45,Chemicals & Plastics,52.0,seasonal_payer
INV703748,C1126,2024-08-17,47.333333333333336,47.333333333333336,3,5.686240703077327,0.0,52.0,1808955.13,45,Chemicals & Plastics,48.0,seasonal_payer
INV703749,C1126,2024-09-22,47.5,49.666666666666664,4,4.654746681256313,2.1666666666666643,48.0,1713610.81,45,Chemicals & Plastics,50.0,seasonal_payer
INV703750,C1126,2024-09-29,48.0,50.0,5,4.183300132670377,2.0,50.0,1760574.29,45,Chemicals & Plastics,49.0,seasonal_payer
INV703751,C1126,2024-12-02,48.166666666666664,49.0,6,3.7638632635454043,0.8333333333333357,49.0,760340.55,45,Chemicals & Plastics,55.0,seasonal_payer
INV703752,C1126,2024-12-04,49.142857142857146,51.333333333333336,7,4.29839394148448,2.19047619047619,55.0,286952.0,45,Chemicals & Plastics,60.0,seasonal_payer
INV703753,C1126,2024-12-15,50.5,54.666666666666664,8,5.52914356581818,4.166666666666664,60.0,926345.2,45,Chemicals & Plastics,49.0,seasonal_payer
INV703754,C1126,2025-01-03,50.333333333333336,54.666666666666664,9,5.196152422706633,4.333333333333329,49.0,1548826.82,45,Chemicals & Plastics,68.0,seasonal_payer
INV703755,C1126,2025-01-20,52.1,59.0,10,7.430417963419764,6.899999999999999,68.0,875836.37,45,Chemicals & Plastics,65.0,seasonal_payer
INV703756,C1126,2025-02-17,53.27272727272727,60.666666666666664,11,8.050973967054036,7.393939393939391,65.0,1926282.2,45,Chemicals & Plastics,62.0,seasonal_payer
INV703757,C1126,2025-02-19,54.0,65.0,12,8.079153871088684,11.0,62.0,1281673.05,45,Chemicals & Plastics,67.0,seasonal_payer
INV703758,C1126,2025-04-18,55.0,64.66666666666667,13,8.534244742994739,9.666666666666671,67.0,1969724.24,45,Chemicals & Plastics,55.0,seasonal_payer
INV703759,C1126,2025-04-19,55.0,61.333333333333336,14,8.199437128899106,6.333333333333336,55.0,2408228.49,45,Chemicals & Plastics,54.0,seasonal_payer
INV703760,C1126,2025-05-01,54.93333333333333,58.666666666666664,15,7.9053929753832035,3.7333333333333343,54.0,5092933.26,45,Chemicals & Plastics,40.0,seasonal_payer
INV703761,C1126,2025-09-16,54.0,49.666666666666664,16,8.500980335624043,-4.333333333333336,40.0,961394.61,45,Chemicals & Plastics,62.0,seasonal_payer
INV703762,C1126,2025-10-22,54.470588235294116,52.0,17,8.456636794988475,-2.470588235294116,62.0,1301641.32,45,Chemicals & Plastics,61.0,seasonal_payer
INV703763,C1126,2025-12-19,54.833333333333336,54.333333333333336,18,8.347243292742538,-0.5,61.0,2248127.92,45,Chemicals & Plastics,52.0,seasonal_payer
INV703764,C1126,2026-01-17,54.68421052631579,58.333333333333336,19,8.138063048136123,3.649122807017548,52.0,311394.89,45,Chemicals & Plastics,59.0,seasonal_payer
INV703765,C1126,2026-02-06,54.9,57.333333333333336,20,7.979579200091088,2.433333333333337,59.0,1082370.47,45,Chemicals & Plastics,66.0,seasonal_payer
INV703766,C1126,2026-02-22,55.42857142857143,59.0,21,8.145989372515954,3.5714285714285694,66.0,1816929.63,45,Chemicals & Plastics,68.0,seasonal_payer
INV703767,C1126,2026-03-08,56.0,64.33333333333333,22,8.389335634062592,8.333333333333329,68.0,767524.28,45,Chemicals & Plastics,68.0,seasonal_payer
INV703768,C1126,2026-03-12,56.52173913043478,67.33333333333333,23,8.56987092942686,10.811594202898547,68.0,1609080.33,45,Chemicals & Plastics,61.0,seasonal_payer
INV703769,C1126,2026-05-14,56.708333333333336,65.66666666666667,24,8.431200681251529,8.958333333333336,61.0,2091432.6,45,Chemicals & Plastics,47.0,seasonal_payer
INV703770,C1126,2026-05-25,56.32,58.666666666666664,25,8.47899365097848,2.346666666666664,47.0,2356527.06,45,Chemicals & Plastics,54.0,seasonal_payer
INV703771,C1126,2026-06-17,56.23076923076923,54.0,26,8.320133135029476,-2.2307692307692335,54.0,889980.3,45,Chemicals & Plastics,49.0,seasonal_payer
INV703772,C1127,2024-02-18,,,0,,,,443260.43,30,Retail & Distribution,45.0,seasonal_payer
INV703773,C1127,2024-03-01,45.0,45.0,1,,0.0,45.0,319327.12,30,Retail & Distribution,37.0,seasonal_payer
INV703774,C1127,2024-03-02,41.0,41.0,2,5.656854249492381,0.0,37.0,269790.14,30,Retail & Distribution,41.0,seasonal_payer
INV703775,C1127,2024-03-11,41.0,41.0,3,4.0,0.0,41.0,138201.37,30,Retail & Distribution,41.0,seasonal_payer
INV703776,C1127,2024-03-17,41.0,39.666666666666664,4,3.265986323710904,-1.3333333333333357,41.0,202877.72,30,Retail & Distribution,46.0,seasonal_payer
INV703777,C1127,2024-03-18,42.0,42.666666666666664,5,3.605551275463989,0.6666666666666643,46.0,329575.44,30,Retail & Distribution,42.0,seasonal_payer
INV703778,C1127,2024-03-31,42.0,43.0,6,3.22490309931942,1.0,42.0,274923.5,30,Retail & Distribution,42.0,seasonal_payer
INV703779,C1127,2024-04-28,42.0,43.333333333333336,7,2.943920288775949,1.3333333333333357,42.0,202893.51,30,Retail & Distribution,35.0,seasonal_payer
INV703780,C1127,2024-05-27,41.125,39.666666666666664,8,3.6815175442433286,-1.4583333333333357,35.0,229643.44,30,Retail & Distribution,29.0,seasonal_payer
INV703781,C1127,2024-06-09,39.77777777777778,35.333333333333336,9,5.309844107357997,-4.444444444444443,29.0,275816.3,30,Retail & Distribution,38.0,seasonal_payer
INV703782,C1127,2024-06-15,39.6,34.0,10,5.037636129950017,-5.600000000000001,38.0,261635.2,30,Retail & Distribution,37.0,seasonal_payer
INV703783,C1127,2024-07-04,39.36363636363637,34.666666666666664,11,4.842989309769893,-4.696969696969703,37.0,280134.59,30,Retail & Distribution,40.0,seasonal_payer
INV703784,C1127,2024-07-24,39.416666666666664,38.333333333333336,12,4.621261798043973,-1.0833333333333286,40.0,320145.5,30,Retail & Distribution,34.0,seasonal_payer
INV703785,C1127,2024-07-24,39.0,37.0,13,4.672615256292063,-2.0,34.0,286757.22,30,Retail & Distribution,29.0,seasonal_payer
INV703786,C1127,2024-08-04,38.285714285714285,34.333333333333336,14,5.22462470390968,-3.952380952380949,29.0,262883.15,30,Retail & Distribution,38.0,seasonal_payer
INV703787,C1127,2024-09-05,38.266666666666666,33.666666666666664,15,5.035114790387699,-4.600000000000001,38.0,483192.12,30,Retail & Distribution,39.0,seasonal_payer
INV703788,C1127,2024-09-07,38.3125,35.333333333333336,16,4.867836617362311,-2.9791666666666643,39.0,458328.91,30,Retail & Distribution,43.0,seasonal_payer
INV703789,C1127,2024-10-02,38.588235294117645,40.0,17,4.848438196076803,1.411764705882355,43.0,335082.83,30,Retail & Distribution,41.0,seasonal_payer
INV703790,C1127,2024-10-14,38.72222222222222,41.0,18,4.737901689387472,2.2777777777777786,41.0,394799.09,30,Retail & Distribution,44.0,seasonal_payer
INV703791,C1127,2024-10-17,39.0,42.666666666666664,19,4.760952285695234,3.6666666666666643,44.0,350068.32,30,Retail & Distribution,43.0,seasonal_payer
INV703792,C1127,2025-01-03,39.2,42.666666666666664,20,4.719500419591709,3.4666666666666615,43.0,390497.15,30,Retail & Distribution,51.0,seasonal_payer
INV703793,C1127,2025-02-05,39.76190476190476,46.0,21,5.271667306505237,6.238095238095241,51.0,359378.67,30,Retail & Distribution,43.0,seasonal_payer
INV703794,C1127,2025-02-05,39.90909090909091,45.666666666666664,22,5.190734335691139,5.757575757575758,43.0,289039.17,30,Retail & Distribution,47.0,seasonal_payer
INV703795,C1127,2025-02-10,40.21739130434783,47.0,23,5.282531432932598,6.782608695652172,47.0,16789.58,30,Retail & Distribution,38.0,seasonal_payer
INV703796,C1127,2025-03-11,40.125,42.666666666666664,24,5.186206622420163,2.5416666666666643,38.0,44380.33,30,Retail & Distribution,48.0,seasonal_payer
INV703797,C1127,2025-03-16,40.44,44.333333333333336,25,5.3157000166174395,3.893333333333338,48.0,513402.65,30,Retail & Distribution,48.0,seasonal_payer
INV703798,C1127,2025-04-03,40.73076923076923,44.666666666666664,26,5.415220714302913,3.935897435897431,48.0,432722.62,30,Retail & Distribution,26.0,seasonal_payer
INV703799,C1127,2025-04-03,40.18518518518518,40.666666666666664,27,6.019436704012944,0.48148148148148096,26.0,254925.89,30,Retail & Distribution,35.0,seasonal_payer
INV703800,C1127,2025-04-24,40.0,36.333333333333336,28,5.98764159346999,-3.6666666666666643,35.0,443293.76,30,Retail & Distribution,30.0,seasonal_payer
INV703801,C1127,2025-05-06,39.6551724137931,30.333333333333332,29,6.166012036437937,-9.321839080459771,30.0,198446.49,30,Retail & Distribution,28.0,seasonal_payer
INV703802,C1127,2025-05-11,39.266666666666666,31.0,30,6.42158715655214,-8.266666666666666,28.0,279576.35,30,Retail & Distribution,28.0,seasonal_payer
INV703803,C1127,2025-05-25,38.903225806451616,28.666666666666668,31,6.630006730563087,-10.236559139784948,28.0,197204.71,30,Retail & Distribution,34.0,seasonal_payer
INV703804,C1127,2025-06-14,38.75,30.0,32,6.579538173811682,-8.75,34.0,352838.44,30,Retail & Distribution,38.0,seasonal_payer
INV703805,C1127,2025-06-16,38.72727272727273,33.333333333333336,33,6.477232854741711,-5.393939393939391,38.0,394060.64,30,Retail & Distribution,37.0,seasonal_payer
INV703806,C1127,2025-06-18,38.6764705882353,36.333333333333336,34,6.38521297542478,-2.3431372549019613,37.0,505604.38,30,Retail & Distribution,38.0,seasonal_payer
INV703807,C1127,2025-08-06,38.65714285714286,37.666666666666664,35,6.291651130631755,-0.9904761904761941,38.0,273693.06,30,Retail & Distribution,40.0,seasonal_payer
INV703808,C1127,2025-08-20,38.69444444444444,38.333333333333336,36,6.205156585773501,-0.36111111111110716,40.0,190183.01,30,Retail & Distribution,38.0,seasonal_payer
INV703809,C1127,2025-09-19,38.67567567567568,38.666666666666664,37,6.119431954638228,-0.009009009009012914,38.0,130239.05,30,Retail & Distribution,48.0,seasonal_payer
INV703810,C1127,2025-09-21,38.921052631578945,42.0,38,6.222807131170759,3.078947368421055,48.0,161298.08,30,Retail & Distribution,37.0,seasonal_payer
INV703811,C1127,2025-09-22,38.87179487179487,41.0,39,6.148082658672356,2.1282051282051313,37.0,489142.36,30,Retail & Distribution,40.0,seasonal_payer
INV703812,C1127,2025-10-07,38.9,41.666666666666664,40,6.071370394032838,2.7666666666666657,40.0,246373.98,30,Retail & Distribution,48.0,seasonal_payer
INV703813,C1127,2025-10-28,39.1219512195122,41.666666666666664,41,6.161148926747427,2.5447154471544664,48.0,306561.61,30,Retail & Distribution,44.0,seasonal_payer
INV703814,C1127,2025-11-10,39.23809523809524,44.0,42,6.131921768587262,4.761904761904759,44.0,441442.18,30,Retail & Distribution,34.0,seasonal_payer
INV703815,C1127,2026-02-07,39.116279069767444,42.0,43,6.110916470607496,2.883720930232556,34.0,334592.35,30,Retail & Distribution,50.0,seasonal_payer
INV703817,C1127,2026-03-13,39.36363636363637,42.666666666666664,44,6.258355936464795,3.3030303030302974,50.0,139623.68,30,Retail & Distribution,46.0,seasonal_payer
INV703818,C1127,2026-05-10,39.51111111111111,43.333333333333336,45,6.265425408985056,3.822222222222223,46.0,301702.7,30,Retail & Distribution,36.0,seasonal_payer
INV703819,C1127,2026-05-14,39.43478260869565,44.0,46,6.217009548767687,4.565217391304351,36.0,235319.3,30,Retail & Distribution,38.0,seasonal_payer
INV703820,C1127,2026-06-04,39.40425531914894,40.0,47,6.15262253899165,0.5957446808510625,38.0,1020270.33,30,Retail & Distribution,28.0,seasonal_payer
INV703821,C1127,2026-07-04,39.166666666666664,34.0,48,6.305463127180029,-5.166666666666664,28.0,271977.76,30,Retail & Distribution,36.0,seasonal_payer
INV703823,C1127,2026-07-15,39.10204081632653,34.0,49,6.255813622673925,-5.102040816326529,36.0,91835.37,30,Retail & Distribution,30.0,seasonal_payer
INV703824,C1128,2024-02-21,,,0,,,,28237.73,45,Auto Components,52.0,cold_start
INV703825,C1128,2024-09-14,52.0,52.0,1,,0.0,52.0,23397.19,45,Auto Components,47.0,cold_start
INV703826,C1128,2025-09-27,49.5,49.5,2,3.5355339059327378,0.0,47.0,27819.77,45,Auto Components,48.0,cold_start
INV703827,C1129,2024-03-06,,,0,,,,126520.51,60,Metal & Engineering,59.0,prompt_payer
INV703828,C1129,2024-03-11,59.0,59.0,1,,0.0,59.0,105160.35,60,Metal & Engineering,59.0,prompt_payer
INV703829,C1129,2024-03-22,59.0,59.0,2,0.0,0.0,59.0,47326.21,60,Metal & Engineering,65.0,prompt_payer
INV703830,C1129,2024-03-25,61.0,61.0,3,3.4641016151377544,0.0,65.0,129504.79,60,Metal & Engineering,60.0,prompt_payer
INV703831,C1129,2024-04-02,60.75,61.333333333333336,4,2.8722813232690143,0.5833333333333357,60.0,130721.03,60,Metal & Engineering,68.0,prompt_payer
INV703832,C1129,2024-04-14,62.2,64.33333333333333,5,4.086563348340509,2.1333333333333258,68.0,114879.34,60,Metal & Engineering,59.0,prompt_payer
INV703833,C1129,2024-04-21,61.666666666666664,62.333333333333336,6,3.8815804341359033,0.6666666666666714,59.0,125490.3,60,Metal & Engineering,63.0,prompt_payer
INV703834,C1129,2024-05-27,61.857142857142854,63.333333333333336,7,3.5790395093549625,1.4761904761904816,63.0,133035.79,60,Metal & Engineering,60.0,prompt_payer
INV703835,C1129,2024-05-27,61.625,60.666666666666664,8,3.3779748793788102,-0.9583333333333357,60.0,62393.45,60,Metal & Engineering,65.0,prompt_payer
INV703836,C1129,2024-06-11,62.0,62.666666666666664,9,3.3541019662496847,0.6666666666666643,65.0,108856.05,60,Metal & Engineering,65.0,prompt_payer
INV703837,C1129,2024-06-15,62.3,63.333333333333336,10,3.301514803843836,1.0333333333333385,65.0,933037.51,60,Metal & Engineering,58.0,prompt_payer
INV703838,C1129,2024-07-08,61.90909090909091,62.666666666666664,11,3.389824345140776,0.7575757575757578,58.0,193019.21,60,Metal & Engineering,51.0,prompt_payer
INV703839,C1129,2024-07-15,61.0,58.0,12,4.512608598542129,-3.0,51.0,103389.25,60,Metal & Engineering,63.0,prompt_payer
INV703840,C1129,2024-07-22,61.15384615384615,57.333333333333336,13,4.355956723196291,-3.8205128205128176,63.0,96779.12,60,Metal & Engineering,59.0,prompt_payer
INV703841,C1129,2024-07-24,61.0,57.666666666666664,14,4.224470836229533,-3.3333333333333357,59.0,172455.58,60,Metal & Engineering,63.0,prompt_payer
INV703842,C1129,2024-08-01,61.13333333333333,61.666666666666664,15,4.103424818136094,0.5333333333333314,63.0,77147.01,60,Metal & Engineering,65.0,prompt_payer
INV703843,C1129,2024-08-09,61.375,62.333333333333336,16,4.080441152620633,0.9583333333333357,65.0,100664.4,60,Metal & Engineering,57.0,prompt_payer
INV703844,C1129,2024-09-10,61.11764705882353,61.666666666666664,17,4.0908793819479765,0.5490196078431353,57.0,102366.31,60,Metal & Engineering,66.0,prompt_payer
INV703845,C1129,2024-09-23,61.388888888888886,62.666666666666664,18,4.132210473668157,1.2777777777777786,66.0,74565.3,60,Metal & Engineering,64.0,prompt_payer
INV703846,C1129,2024-09-27,61.526315789473685,62.333333333333336,19,4.06021922030807,0.8070175438596507,64.0,127794.37,60,Metal & Engineering,60.0,prompt_payer
INV703847,C1129,2024-10-23,61.45,63.333333333333336,20,3.966637181078677,1.8833333333333329,60.0,58929.66,60,Metal & Engineering,55.0,prompt_payer
INV703848,C1129,2024-10-28,61.142857142857146,59.666666666666664,21,4.1144345211184765,-1.4761904761904816,55.0,60771.92,60,Metal & Engineering,53.0,prompt_payer
INV703849,C1129,2024-11-02,60.77272727272727,56.0,22,4.374512959903495,-4.772727272727273,53.0,156761.95,60,Metal & Engineering,62.0,prompt_payer
INV703850,C1129,2024-11-10,60.82608695652174,56.666666666666664,23,4.281590336577833,-4.159420289855078,62.0,126919.59,60,Metal & Engineering,59.0,prompt_payer
INV703851,C1129,2024-12-18,60.75,58.0,24,4.204035328524043,-2.75,59.0,168360.46,60,Metal & Engineering,61.0,prompt_payer
INV703852,C1129,2024-12-18,60.76,60.666666666666664,25,4.115823125451334,-0.09333333333333371,61.0,84908.73,60,Metal & Engineering,63.0,prompt_payer
INV703853,C1129,2024-12-24,60.84615384615385,61.0,26,4.056523710689316,0.1538461538461533,63.0,169671.99,60,Metal & Engineering,58.0,prompt_payer
INV703854,C1129,2025-01-05,60.74074074074074,60.666666666666664,27,4.015284189507278,-0.07407407407407618,58.0,147630.12,60,Metal & Engineering,61.0,prompt_payer
INV703855,C1129,2025-01-31,60.75,60.666666666666664,28,3.9405301391789624,-0.0833333333333357,61.0,160487.02,60,Metal & Engineering,62.0,prompt_payer
INV703856,C1129,2025-02-15,60.793103448275865,60.333333333333336,29,3.8764795363911193,-0.45977011494252906,62.0,62276.29,60,Metal & Engineering,64.0,prompt_payer
INV703857,C1129,2025-03-25,60.9,62.333333333333336,30,3.853793473699782,1.4333333333333371,64.0,92290.54,60,Metal & Engineering,62.0,prompt_payer
INV703858,C1129,2025-07-11,60.935483870967744,62.666666666666664,31,3.794166433451646,1.7311827956989205,62.0,130107.89,60,Metal & Engineering,63.0,prompt_payer
INV703859,C1129,2025-07-11,61.0,63.0,32,3.750268807569966,2.0,63.0,62655.4,60,Metal & Engineering,65.0,prompt_payer
INV703860,C1129,2025-07-18,61.121212121212125,63.333333333333336,33,3.7563078261570206,2.212121212121211,65.0,124584.15,60,Metal & Engineering,61.0,prompt_payer
INV703861,C1129,2025-08-20,61.11764705882353,63.0,34,3.6990146589889754,1.882352941176471,61.0,124474.61,60,Metal & Engineering,63.0,prompt_payer
INV703862,C1129,2025-08-30,61.17142857142857,63.0,35,3.658074986251924,1.8285714285714292,63.0,17300.08,60,Metal & Engineering,55.0,prompt_payer
INV703863,C1129,2025-09-13,61.0,59.666666666666664,36,3.749285646245543,-1.3333333333333357,55.0,145986.03,60,Metal & Engineering,64.0,prompt_payer
INV703864,C1129,2025-10-11,61.08108108108108,60.666666666666664,37,3.729599162096365,-0.4144144144144164,64.0,107312.73,60,Metal & Engineering,54.0,prompt_payer
INV703865,C1129,2025-11-18,60.89473684210526,57.666666666666664,38,3.8540219335145696,-3.228070175438596,54.0,165283.68,60,Metal & Engineering,59.0,prompt_payer
INV703866,C1129,2025-11-28,60.84615384615385,59.0,39,3.8150564701515686,-1.8461538461538467,59.0,143073.95,60,Metal & Engineering,63.0,prompt_payer
INV703867,C1129,2026-01-04,60.9,58.666666666666664,40,3.7811950356250996,-2.2333333333333343,63.0,77523.58,60,Metal & Engineering,59.0,prompt_payer
INV703868,C1129,2026-01-17,60.853658536585364,60.333333333333336,41,3.745403687252925,-0.5203252032520282,59.0,85503.12,60,Metal & Engineering,63.0,prompt_payer
INV703869,C1129,2026-01-24,60.904761904761905,61.666666666666664,42,3.714241043240711,0.7619047619047592,63.0,78581.38,60,Metal & Engineering,68.0,prompt_payer
INV703870,C1129,2026-02-03,61.06976744186046,63.333333333333336,43,3.8259474322254903,2.2635658914728722,68.0,197762.32,60,Metal & Engineering,66.0,prompt_payer
INV703871,C1129,2026-02-21,61.18181818181818,65.66666666666667,44,3.8535560579489117,4.4848484848484915,66.0,114512.9,60,Metal & Engineering,60.0,prompt_payer
INV703872,C1129,2026-03-09,61.15555555555556,64.66666666666667,45,3.81358549706629,3.511111111111113,60.0,223566.07,60,Metal & Engineering,63.0,prompt_payer
INV703873,C1129,2026-03-23,61.19565217391305,63.0,46,3.7807675012556277,1.8043478260869534,63.0,116385.94,60,Metal & Engineering,65.0,prompt_payer
INV703874,C1129,2026-04-07,61.276595744680854,62.666666666666664,47,3.7803963885767464,1.39007092198581,65.0,112846.53,60,Metal & Engineering,58.0,prompt_payer
INV703875,C1129,2026-04-28,61.208333333333336,62.0,48,3.7697470615150586,0.7916666666666643,58.0,110565.81,60,Metal & Engineering,62.0,prompt_payer
INV703876,C1129,2026-04-30,61.224489795918366,61.666666666666664,49,3.73198621225151,0.44217687074829826,62.0,106920.22,60,Metal & Engineering,64.0,prompt_payer
INV703878,C1129,2026-06-05,61.28,61.333333333333336,50,3.714505488003506,0.053333333333334565,64.0,131223.24,60,Metal & Engineering,59.0,prompt_payer
INV703879,C1130,2024-02-16,,,0,,,,47344.23,45,Metal & Engineering,47.0,prompt_payer
INV703880,C1130,2024-05-04,47.0,47.0,1,,0.0,47.0,106894.12,45,Metal & Engineering,46.0,prompt_payer
INV703881,C1130,2024-08-01,46.5,46.5,2,0.7071067811865476,0.0,46.0,75059.82,45,Metal & Engineering,50.0,prompt_payer
INV703882,C1130,2024-08-18,47.666666666666664,47.666666666666664,3,2.0816659994661335,0.0,50.0,641561.78,45,Metal & Engineering,45.0,prompt_payer
INV703883,C1130,2024-08-19,47.0,47.0,4,2.160246899469287,0.0,45.0,106948.24,45,Metal & Engineering,47.0,prompt_payer
INV703884,C1130,2024-10-15,47.0,47.333333333333336,5,1.8708286933869709,0.3333333333333357,47.0,105297.86,45,Metal & Engineering,51.0,prompt_payer
INV703885,C1130,2024-10-29,47.666666666666664,47.666666666666664,6,2.338090388900025,0.0,51.0,178078.1,45,Metal & Engineering,46.0,prompt_payer
INV703886,C1130,2024-11-16,47.42857142857143,48.0,7,2.2253945610567474,0.5714285714285694,46.0,534059.12,45,Metal & Engineering,46.0,prompt_payer
INV703887,C1130,2024-11-25,47.25,47.666666666666664,8,2.121320343559642,0.4166666666666643,46.0,70306.49,45,Metal & Engineering,43.0,prompt_payer
INV703888,C1130,2024-12-17,46.77777777777778,45.0,9,2.4381231397212972,-1.7777777777777786,43.0,67583.62,45,Metal & Engineering,48.0,prompt_payer
INV703889,C1130,2025-01-29,46.9,45.666666666666664,10,2.3309511649396106,-1.2333333333333343,48.0,73907.5,45,Metal & Engineering,46.0,prompt_payer
INV703890,C1130,2025-02-17,46.81818181818182,45.666666666666664,11,2.227921983292134,-1.1515151515151558,46.0,129039.25,45,Metal & Engineering,47.0,prompt_payer
INV703891,C1130,2025-03-11,46.833333333333336,47.0,12,2.1248885888797817,0.1666666666666643,47.0,76916.27,45,Metal & Engineering,42.0,prompt_payer
INV703892,C1130,2025-05-04,46.46153846153846,45.0,13,2.4363697247949516,-1.46153846153846,42.0,126762.46,45,Metal & Engineering,43.0,prompt_payer
INV703893,C1130,2025-05-05,46.214285714285715,44.0,14,2.516975334635766,-2.2142857142857153,43.0,72367.75,45,Metal & Engineering,45.0,prompt_payer
INV703894,C1130,2025-06-14,46.13333333333333,43.333333333333336,15,2.4455985731416297,-2.799999999999997,45.0,867759.38,45,Metal & Engineering,44.0,prompt_payer
INV703895,C1130,2025-07-17,46.0,44.0,16,2.422120283277992,-2.0,44.0,118508.58,45,Metal & Engineering,46.0,prompt_payer
INV703896,C1130,2025-08-28,46.0,45.0,17,2.3452078799117135,-1.0,46.0,166496.14,45,Metal & Engineering,47.0,prompt_payer
INV703897,C1130,2025-10-21,46.05555555555556,45.666666666666664,18,2.2873622677203636,-0.38888888888889284,47.0,73817.26,45,Metal & Engineering,55.0,prompt_payer
INV703898,C1130,2025-10-22,46.526315789473685,49.333333333333336,19,3.0252349964301493,2.8070175438596507,55.0,155922.75,45,Metal & Engineering,45.0,prompt_payer
INV703899,C1130,2025-10-31,46.45,49.0,20,2.964260802504252,2.549999999999997,45.0,121736.07,45,Metal & Engineering,46.0,prompt_payer
INV703900,C1130,2025-11-25,46.42857142857143,48.666666666666664,21,2.8908723349782934,2.2380952380952337,46.0,136024.41,45,Metal & Engineering,42.0,prompt_payer
INV703901,C1130,2025-12-07,46.22727272727273,44.333333333333336,22,2.9750040925432932,-1.893939393939391,42.0,173325.85,45,Metal & Engineering,48.0,prompt_payer
INV703902,C1130,2025-12-13,46.30434782608695,45.333333333333336,23,2.9300136923151308,-0.9710144927536177,48.0,193037.03,45,Metal & Engineering,47.0,prompt_payer
INV703903,C1130,2025-12-19,46.333333333333336,45.666666666666664,24,2.8691260094270885,-0.6666666666666714,47.0,111392.53,45,Metal & Engineering,42.0,prompt_payer
INV703904,C1130,2026-01-03,46.16,45.666666666666664,25,2.939387691339813,-0.4933333333333323,42.0,125269.9,45,Metal & Engineering,37.0,prompt_payer
INV703905,C1130,2026-01-10,45.80769230769231,42.0,26,3.394339178918108,-3.8076923076923066,37.0,75331.07,45,Metal & Engineering,48.0,prompt_payer
INV703906,C1130,2026-02-06,45.888888888888886,42.333333333333336,27,3.3550574147710575,-3.55555555555555,48.0,154649.63,45,Metal & Engineering,45.0,prompt_payer
INV703907,C1130,2026-02-12,45.857142857142854,43.333333333333336,28,3.296623252318175,-2.5238095238095184,45.0,139284.65,45,Metal & Engineering,46.0,prompt_payer
INV703908,C1130,2026-02-21,45.86206896551724,46.333333333333336,29,3.237328461324624,0.47126436781609726,46.0,97558.43,45,Metal & Engineering,47.0,prompt_payer
INV703909,C1130,2026-02-24,45.9,46.0,30,3.1878000196871255,0.10000000000000142,47.0,146395.53,45,Metal & Engineering,48.0,prompt_payer
INV703910,C1130,2026-02-26,45.96774193548387,47.0,31,3.1568324944237154,1.0322580645161281,48.0,165047.59,45,Metal & Engineering,50.0,prompt_payer
INV703911,C1130,2026-02-28,46.09375,48.333333333333336,32,3.1862545004967004,2.2395833333333357,50.0,112416.43,45,Metal & Engineering,47.0,prompt_payer
INV703912,C1130,2026-03-17,46.121212121212125,48.333333333333336,33,3.1400395674017356,2.212121212121211,47.0,72549.81,45,Metal & Engineering,44.0,prompt_payer
INV703913,C1130,2026-04-20,46.05882352941177,47.0,34,3.113423298329525,0.941176470588232,44.0,145339.5,45,Metal & Engineering,45.0,prompt_payer
INV703914,C1130,2026-05-19,46.02857142857143,45.333333333333336,35,3.0725129998836094,-0.6952380952380963,45.0,107906.78,45,Metal & Engineering,49.0,prompt_payer
INV703915,C1130,2026-06-04,46.111111111111114,46.0,36,3.0685294549462956,-0.11111111111111427,49.0,107494.63,45,Metal & Engineering,46.0,prompt_payer
INV703917,C1131,2024-04-26,,,0,,,,11342.3,30,Textiles & Apparel,31.0,prompt_payer
INV703918,C1131,2024-05-03,31.0,31.0,1,,0.0,31.0,78640.8,30,Textiles & Apparel,29.0,prompt_payer
INV703919,C1131,2024-05-07,30.0,30.0,2,1.4142135623730951,0.0,29.0,20226.48,30,Textiles & Apparel,32.0,prompt_payer
INV703920,C1131,2024-06-11,30.666666666666668,30.666666666666668,3,1.5275252316519463,0.0,32.0,14488.81,30,Textiles & Apparel,34.0,prompt_payer
INV703921,C1131,2024-06-20,31.5,31.666666666666668,4,2.081665999466132,0.16666666666666785,34.0,19644.13,30,Textiles & Apparel,26.0,prompt_payer
INV703922,C1131,2024-07-19,30.4,30.666666666666668,5,3.0495901363953806,0.26666666666666927,26.0,24965.6,30,Textiles & Apparel,29.0,prompt_payer
INV703923,C1131,2024-07-29,30.166666666666668,29.666666666666668,6,2.78687399547713,-0.5,29.0,32899.9,30,Textiles & Apparel,24.0,prompt_payer
INV703924,C1131,2024-09-13,29.285714285714285,26.333333333333332,7,3.45032779671177,-2.9523809523809526,24.0,20106.66,30,Textiles & Apparel,28.0,prompt_payer
INV703925,C1131,2024-09-15,29.125,27.0,8,3.2265638511757797,-2.125,28.0,114662.44,30,Textiles & Apparel,35.0,prompt_payer
INV703927,C1131,2024-09-23,29.77777777777778,29.0,9,3.5978388574871496,-0.7777777777777786,35.0,28733.93,30,Textiles & Apparel,31.0,prompt_payer
INV703928,C1131,2024-10-04,29.9,31.333333333333332,10,3.4140233677518306,1.4333333333333336,31.0,8176.73,30,Textiles & Apparel,31.0,prompt_payer
INV703929,C1131,2024-10-14,30.0,32.333333333333336,11,3.2557641192199402,2.3333333333333357,31.0,33400.68,30,Textiles & Apparel,30.0,prompt_payer
INV703930,C1131,2024-12-03,30.0,30.666666666666668,12,3.1042492870843397,0.6666666666666679,30.0,33472.58,30,Textiles & Apparel,26.0,prompt_payer
INV703931,C1131,2025-01-26,29.692307692307693,29.0,13,3.172396974545046,-0.6923076923076934,26.0,21442.23,30,Textiles & Apparel,26.0,prompt_payer
INV703932,C1131,2025-02-02,29.428571428571427,27.333333333333332,14,3.20370664445674,-2.095238095238095,26.0,21755.82,30,Textiles & Apparel,31.0,prompt_payer
INV703933,C1131,2025-02-27,29.533333333333335,27.666666666666668,15,3.113717728895491,-1.8666666666666671,31.0,27436.22,30,Textiles & Apparel,30.0,prompt_payer
INV703934,C1131,2025-03-27,29.5625,29.0,16,3.0103986446980735,-0.5625,30.0,31682.39,30,Textiles & Apparel,34.0,prompt_payer
INV703935,C1131,2025-04-11,29.823529411764707,31.666666666666668,17,3.1071549309144335,1.8431372549019613,34.0,22489.46,30,Textiles & Apparel,24.0,prompt_payer
INV703936,C1131,2025-04-29,29.5,29.333333333333332,18,3.312187832127598,-0.16666666666666785,24.0,80757.46,30,Textiles & Apparel,26.0,prompt_payer
INV703937,C1131,2025-05-11,29.31578947368421,28.0,19,3.317506285331857,-1.3157894736842088,26.0,19597.35,30,Textiles & Apparel,33.0,prompt_payer
INV703938,C1131,2025-05-18,29.5,27.666666666666668,20,3.3324560249003645,-1.8333333333333321,33.0,27527.62,30,Textiles & Apparel,31.0,prompt_payer
INV703939,C1131,2025-06-12,29.571428571428573,30.0,21,3.2645279685036943,0.42857142857142705,31.0,30978.33,30,Textiles & Apparel,36.0,prompt_payer
INV703940,C1131,2025-07-08,29.863636363636363,33.333333333333336,22,3.468160683725385,3.4696969696969724,36.0,21905.98,30,Textiles & Apparel,26.0,prompt_payer
INV703941,C1131,2025-07-22,29.695652173913043,31.0,23,3.4828773711700927,1.304347826086957,26.0,15594.52,30,Textiles & Apparel,29.0,prompt_payer
INV703942,C1131,2025-08-07,29.666666666666668,30.333333333333332,24,3.409279748832164,0.6666666666666643,29.0,18013.4,30,Textiles & Apparel,33.0,prompt_payer
INV703943,C1131,2025-08-28,29.8,29.333333333333332,25,3.4034296427770228,-0.46666666666666856,33.0,18743.08,30,Textiles & Apparel,36.0,prompt_payer
INV703944,C1131,2025-08-30,30.03846153846154,32.666666666666664,26,3.54943115702524,2.628205128205124,36.0,25743.32,30,Textiles & Apparel,28.0,prompt_payer
INV703945,C1131,2025-08-31,29.962962962962962,32.333333333333336,27,3.502542828832542,2.370370370370374,28.0,11731.59,30,Textiles & Apparel,26.0,prompt_payer
INV703946,C1131,2025-09-30,29.821428571428573,30.0,28,3.517717814768351,0.17857142857142705,26.0,15757.8,30,Textiles & Apparel,34.0,prompt_payer
INV703947,C1131,2025-10-05,29.96551724137931,29.333333333333332,29,3.5404071458831807,-0.6321839080459775,34.0,15803.26,30,Textiles & Apparel,33.0,prompt_payer
INV703948,C1131,2025-10-14,30.066666666666666,31.0,30,3.5226687897528555,0.9333333333333336,33.0,15100.71,30,Textiles & Apparel,29.0,prompt_payer
INV703949,C1131,2025-11-02,30.032258064516128,32.0,31,3.4687545408281815,1.9677419354838719,29.0,34674.18,30,Textiles & Apparel,34.0,prompt_payer
INV703950,C1131,2025-11-21,30.15625,32.0,32,3.4836889513384253,1.84375,34.0,9991.13,30,Textiles & Apparel,35.0,prompt_payer
INV703951,C1131,2026-01-22,30.303030303030305,32.666666666666664,33,3.530977630954779,2.3636363636363598,35.0,15826.37,30,Textiles & Apparel,35.0,prompt_payer
INV703952,C1131,2026-04-11,30.441176470588236,34.666666666666664,34,3.5691538465069903,4.225490196078429,35.0,25645.7,30,Textiles & Apparel,33.0,prompt_payer
INV703953,C1131,2026-06-08,30.514285714285716,34.333333333333336,35,3.5427758190720553,3.8190476190476197,33.0,12627.44,30,Textiles & Apparel,32.0,prompt_payer
INV703954,C1131,2026-06-16,30.555555555555557,33.333333333333336,36,3.500566847521733,2.7777777777777786,32.0,27133.36,30,Textiles & Apparel,33.0,prompt_payer
INV703955,C1131,2026-07-07,30.62162162162162,32.666666666666664,37,3.47492087321065,2.0450450450450433,33.0,23349.88,30,Textiles & Apparel,28.0,prompt_payer
INV703957,C1132,2024-02-15,,,0,,,,340202.71,30,Chemicals & Plastics,38.0,average_payer
INV703958,C1132,2024-03-13,38.0,38.0,1,,0.0,38.0,353481.33,30,Chemicals & Plastics,42.0,average_payer
INV703959,C1132,2024-03-14,40.0,40.0,2,2.8284271247461903,0.0,42.0,1011388.37,30,Chemicals & Plastics,33.0,average_payer
INV703960,C1132,2024-03-26,37.666666666666664,37.666666666666664,3,4.509249752822893,0.0,33.0,300310.27,30,Chemicals & Plastics,35.0,average_payer
INV703961,C1132,2024-03-30,37.0,36.666666666666664,4,3.9157800414902426,-0.3333333333333357,35.0,1170758.16,30,Chemicals & Plastics,37.0,average_payer
INV703962,C1132,2024-04-16,37.0,35.0,5,3.391164991562633,-2.0,37.0,340066.29,30,Chemicals & Plastics,31.0,average_payer
INV703963,C1132,2024-06-04,36.0,34.333333333333336,6,3.898717737923585,-1.6666666666666643,31.0,139824.58,30,Chemicals & Plastics,37.0,average_payer
INV703964,C1132,2024-08-17,36.142857142857146,35.0,7,3.5790395093549616,-1.142857142857146,37.0,1620767.32,30,Chemicals & Plastics,28.0,average_payer
INV703965,C1132,2024-09-28,35.125,32.0,8,4.38951673226759,-3.125,28.0,360922.18,30,Chemicals & Plastics,25.0,average_payer
INV703966,C1132,2024-12-02,34.0,30.0,9,5.315072906367325,-4.0,25.0,404340.58,30,Chemicals & Plastics,30.0,average_payer
INV703967,C1132,2024-12-03,33.6,27.666666666666668,10,5.168279318217149,-5.933333333333334,30.0,346485.69,30,Chemicals & Plastics,26.0,average_payer
INV703968,C1132,2024-12-17,32.90909090909091,27.0,11,5.412107638518389,-5.9090909090909065,26.0,263743.33,30,Chemicals & Plastics,33.0,average_payer
INV703969,C1132,2024-12-22,32.916666666666664,29.666666666666668,12,5.160308893737649,-3.2499999999999964,33.0,447755.33,30,Chemicals & Plastics,37.0,average_payer
INV703970,C1132,2025-01-16,33.23076923076923,32.0,13,5.068758002934022,-1.2307692307692335,37.0,242457.66,30,Chemicals & Plastics,37.0,average_payer
INV703971,C1132,2025-02-20,33.5,35.666666666666664,14,4.973004044917843,2.1666666666666643,37.0,384482.8,30,Chemicals & Plastics,38.0,average_payer
INV703972,C1132,2025-03-03,33.8,37.333333333333336,15,4.930951806120773,3.5333333333333385,38.0,432185.1,30,Chemicals & Plastics,44.0,average_payer
INV703973,C1132,2025-03-09,34.4375,39.666666666666664,16,5.403316882557726,5.229166666666664,44.0,205081.68,30,Chemicals & Plastics,30.0,average_payer
INV703974,C1132,2025-04-15,34.1764705882353,37.333333333333336,17,5.341293079836182,3.1568627450980387,30.0,375077.35,30,Chemicals & Plastics,29.0,average_payer
INV703975,C1132,2025-04-22,33.888888888888886,34.333333333333336,18,5.323520384204963,0.44444444444444997,29.0,563296.25,30,Chemicals & Plastics,18.0,average_payer
INV703976,C1132,2025-04-28,33.05263157894737,25.666666666666668,19,6.3287148441802445,-7.385964912280702,18.0,224916.52,30,Chemicals & Plastics,35.0,average_payer
INV703977,C1132,2025-05-11,33.15,27.333333333333332,20,6.175290319192758,-5.816666666666666,35.0,453638.66,30,Chemicals & Plastics,34.0,average_payer
INV703978,C1132,2025-05-22,33.19047619047619,29.0,21,6.021785844905544,-4.19047619047619,34.0,158587.13,30,Chemicals & Plastics,39.0,average_payer
INV703979,C1132,2025-06-10,33.45454545454545,36.0,22,6.005769232102086,2.5454545454545467,39.0,390659.1,30,Chemicals & Plastics,34.0,average_payer
INV703980,C1132,2025-06-18,33.47826086956522,35.666666666666664,23,5.868789291415698,2.1884057971014457,34.0,143562.65,30,Chemicals & Plastics,46.0,average_payer
INV703981,C1132,2025-07-04,34.0,39.666666666666664,24,6.28317283460874,5.666666666666664,46.0,419145.31,30,Chemicals & Plastics,40.0,average_payer
INV703982,C1132,2025-07-18,34.24,40.0,25,6.266843969123001,5.759999999999998,40.0,265879.75,30,Chemicals & Plastics,35.0,average_payer
INV703983,C1132,2025-07-24,34.26923076923077,40.333333333333336,26,6.142036745625622,6.064102564102569,35.0,264196.05,30,Chemicals & Plastics,33.0,average_payer
INV703984,C1132,2025-08-09,34.22222222222222,36.0,27,6.027713773341708,1.7777777777777786,33.0,426424.1,30,Chemicals & Plastics,33.0,average_payer
INV703985,C1132,2025-08-11,34.17857142857143,33.666666666666664,28,5.919544348259019,-0.5119047619047663,33.0,287676.07,30,Chemicals & Plastics,37.0,average_payer
INV703986,C1132,2025-09-05,34.275862068965516,34.333333333333336,29,5.836440645536198,0.057471264367819686,37.0,282095.6,30,Chemicals & Plastics,32.0,average_payer
INV703987,C1132,2025-10-27,34.2,34.0,30,5.749962518618468,-0.20000000000000284,32.0,158665.51,30,Chemicals & Plastics,30.0,average_payer
INV703988,C1132,2025-11-01,34.064516129032256,33.0,31,5.703422854572903,-1.0645161290322562,30.0,300337.93,30,Chemicals & Plastics,42.0,average_payer
INV703989,C1132,2025-11-07,34.3125,34.666666666666664,32,5.7833883360156,0.3541666666666643,42.0,382585.88,30,Chemicals & Plastics,48.0,average_payer
INV703990,C1132,2025-12-09,34.72727272727273,40.0,33,6.170862618349678,5.272727272727273,48.0,382097.15,30,Chemicals & Plastics,36.0,average_payer
INV703991,C1132,2025-12-10,34.76470588235294,42.0,34,6.080564285663424,7.235294117647058,36.0,295870.79,30,Chemicals & Plastics,43.0,average_payer
INV703992,C1132,2025-12-30,35.0,42.333333333333336,35,6.150083691443938,7.333333333333336,43.0,360117.61,30,Chemicals & Plastics,34.0,average_payer
INV703993,C1132,2026-01-11,34.97222222222222,37.666666666666664,36,6.063879527219757,2.694444444444443,34.0,478726.14,30,Chemicals & Plastics,34.0,average_payer
INV703994,C1132,2026-01-15,34.945945945945944,37.0,37,5.981201783485887,2.054054054054056,34.0,292357.76,30,Chemicals & Plastics,35.0,average_payer
INV703995,C1132,2026-01-26,34.94736842105263,34.333333333333336,38,5.8998276127864475,-0.6140350877192944,35.0,247033.29,30,Chemicals & Plastics,35.0,average_payer
INV703996,C1132,2026-01-30,34.94871794871795,34.666666666666664,39,5.82168685062797,-0.2820512820512846,35.0,320485.9,30,Chemicals & Plastics,36.0,average_payer
INV703997,C1132,2026-03-02,34.975,35.333333333333336,40,5.748968692351787,0.3583333333333343,36.0,270228.05,30,Chemicals & Plastics,36.0,average_payer
INV703998,C1132,2026-03-06,35.0,35.666666666666664,41,5.678908345800273,0.6666666666666643,36.0,139778.75,30,Chemicals & Plastics,35.0,average_payer
INV703999,C1132,2026-03-24,35.0,35.666666666666664,42,5.6092258498072916,0.6666666666666643,35.0,191422.17,30,Chemicals & Plastics,37.0,average_payer
INV704000,C1132,2026-03-25,35.04651162790697,36.0,43,5.550433223641165,0.9534883720930267,37.0,262835.28,30,Chemicals & Plastics,33.0,average_payer
INV704001,C1132,2026-04-01,35.0,35.0,44,5.494182970344899,0.0,33.0,386474.68,30,Chemicals & Plastics,29.0,average_payer
INV704002,C1132,2026-04-26,34.86666666666667,33.0,45,5.5045435778091525,-1.8666666666666671,29.0,302043.37,30,Chemicals & Plastics,34.0,average_payer
INV704003,C1132,2026-05-15,34.84782608695652,32.0,46,5.444538104291503,-2.8478260869565233,34.0,582615.34,30,Chemicals & Plastics,40.0,average_payer
INV704004,C1133,2024-03-06,,,0,,,,75558.83,60,Pharma & Healthcare,65.0,average_payer
INV704005,C1133,2024-04-07,65.0,65.0,1,,0.0,65.0,57270.78,60,Pharma & Healthcare,67.0,average_payer
INV704006,C1133,2024-04-13,66.0,66.0,2,1.4142135623730951,0.0,67.0,67054.39,60,Pharma & Healthcare,63.0,average_payer
INV704007,C1133,2024-04-18,65.0,65.0,3,2.0,0.0,63.0,47422.44,60,Pharma & Healthcare,59.0,average_payer
INV704008,C1133,2024-05-31,63.5,63.0,4,3.415650255319866,-0.5,59.0,362285.52,60,Pharma & Healthcare,64.0,average_payer
INV704009,C1133,2024-06-29,63.6,62.0,5,2.9664793948382653,-1.6000000000000014,64.0,75391.02,60,Pharma & Healthcare,55.0,average_payer
INV704010,C1133,2024-07-13,62.166666666666664,59.333333333333336,6,4.400757510550505,-2.8333333333333286,55.0,74381.91,60,Pharma & Healthcare,55.0,average_payer
INV704011,C1133,2024-09-15,61.142857142857146,58.0,7,4.845223470201399,-3.142857142857146,55.0,70863.18,60,Pharma & Healthcare,64.0,average_payer
INV704012,C1133,2025-02-18,61.5,58.0,8,4.598136268408882,-3.5,64.0,88576.45,60,Pharma & Healthcare,72.0,average_payer
INV704013,C1133,2025-02-20,62.666666666666664,63.666666666666664,9,5.54526825320471,1.0,72.0,67994.73,60,Pharma & Healthcare,64.0,average_payer
INV704014,C1133,2025-04-07,62.8,66.66666666666667,10,5.245103536738919,3.8666666666666742,64.0,36874.73,60,Pharma & Healthcare,60.0,average_payer
INV704015,C1133,2025-04-28,62.54545454545455,65.33333333333333,11,5.047051344372007,2.787878787878782,60.0,62008.47,60,Pharma & Healthcare,68.0,average_payer
INV704016,C1133,2025-06-12,63.0,64.0,12,5.063236478416118,1.0,68.0,38643.2,60,Pharma & Healthcare,68.0,average_payer
INV704017,C1133,2025-07-30,63.38461538461539,65.33333333333333,13,5.042130196958121,1.9487179487179418,68.0,45286.15,60,Pharma & Healthcare,63.0,average_payer
INV704018,C1133,2025-08-05,63.357142857142854,66.33333333333333,14,4.845412467274793,2.9761904761904745,63.0,39156.17,60,Pharma & Healthcare,62.0,average_payer
INV704019,C1133,2025-08-05,63.266666666666666,64.33333333333333,15,4.682286783592986,1.0666666666666629,62.0,32858.63,60,Pharma & Healthcare,65.0,average_payer
INV704020,C1133,2025-08-24,63.375,63.333333333333336,16,4.544227107000707,-0.0416666666666643,65.0,57496.5,60,Pharma & Healthcare,63.0,average_payer
INV704021,C1133,2025-10-12,63.35294117647059,63.333333333333336,17,4.400868898163583,-0.01960784313725128,63.0,94783.71,60,Pharma & Healthcare,63.0,average_payer
INV704022,C1133,2025-10-19,63.333333333333336,63.666666666666664,18,4.270280332442716,0.3333333333333286,63.0,65999.25,60,Pharma & Healthcare,67.0,average_payer
INV704023,C1133,2025-11-27,63.526315789473685,64.33333333333333,19,4.23436235594021,0.8070175438596436,67.0,74261.92,60,Pharma & Healthcare,60.0,average_payer
INV704024,C1133,2026-02-26,63.35,63.333333333333336,20,4.196176204217611,-0.01666666666666572,60.0,14843.05,60,Pharma & Healthcare,67.0,average_payer
INV704025,C1133,2026-03-03,63.523809523809526,64.66666666666667,21,4.166761903673496,1.142857142857146,67.0,61165.04,60,Pharma & Healthcare,66.0,average_payer
INV704026,C1133,2026-03-20,63.63636363636363,64.33333333333333,22,4.100469828428546,0.6969696969696955,66.0,62609.82,60,Pharma & Healthcare,57.0,average_payer
INV704027,C1133,2026-03-27,63.34782608695652,63.333333333333336,23,4.238446281064603,-0.014492753623187582,57.0,60252.97,60,Pharma & Healthcare,60.0,average_payer
INV704028,C1133,2026-04-12,63.208333333333336,61.0,24,4.201233428273248,-2.2083333333333357,60.0,86137.04,60,Pharma & Healthcare,66.0,average_payer
INV704029,C1133,2026-05-01,63.32,61.0,25,4.150501977672903,-2.3200000000000003,66.0,84896.41,60,Pharma & Healthcare,67.0,average_payer
INV704030,C1133,2026-06-12,63.46153846153846,64.33333333333333,26,4.130189043913311,0.8717948717948687,67.0,54907.15,60,Pharma & Healthcare,59.0,average_payer
INV704033,C1134,2024-02-19,,,0,,,,1393891.25,90,Chemicals & Plastics,91.0,prompt_payer
INV704034,C1134,2024-03-13,91.0,91.0,1,,0.0,91.0,221051.94,90,Chemicals & Plastics,91.0,prompt_payer
INV704035,C1134,2024-03-24,91.0,91.0,2,0.0,0.0,91.0,286530.44,90,Chemicals & Plastics,91.0,prompt_payer
INV704036,C1134,2024-04-05,91.0,91.0,3,0.0,0.0,91.0,293805.5,90,Chemicals & Plastics,96.0,prompt_payer
INV704037,C1134,2024-04-08,92.25,92.66666666666667,4,2.5,0.4166666666666714,96.0,348922.28,90,Chemicals & Plastics,87.0,prompt_payer
INV704038,C1134,2024-04-09,91.2,91.33333333333333,5,3.1937438845342627,0.13333333333332575,87.0,562641.25,90,Chemicals & Plastics,86.0,prompt_payer
INV704039,C1134,2024-05-22,90.33333333333333,89.66666666666667,6,3.5590260840104393,-0.6666666666666572,86.0,308561.82,90,Chemicals & Plastics,92.0,prompt_payer
INV704041,C1134,2024-09-04,90.57142857142857,88.33333333333333,7,3.3094381626464875,-2.238095238095241,92.0,350387.88,90,Chemicals & Plastics,86.0,prompt_payer
INV704042,C1134,2024-09-26,90.0,88.0,8,3.4641016151377575,-2.0,86.0,327972.53,90,Chemicals & Plastics,83.0,prompt_payer
INV704043,C1134,2024-10-23,89.22222222222223,87.0,9,3.9930495169036506,-2.2222222222222285,83.0,366278.02,90,Chemicals & Plastics,89.0,prompt_payer
INV704044,C1134,2024-11-13,89.2,86.0,10,3.7653389990514543,-3.200000000000003,89.0,213327.43,90,Chemicals & Plastics,86.0,prompt_payer
INV704045,C1134,2024-11-13,88.9090909090909,86.0,11,3.7001228480834416,-2.9090909090909065,86.0,147809.16,90,Chemicals & Plastics,90.0,prompt_payer
INV704046,C1134,2024-11-28,89.0,88.33333333333333,12,3.5419563161414866,-0.6666666666666714,90.0,360273.82,90,Chemicals & Plastics,93.0,prompt_payer
INV704047,C1134,2024-12-25,89.3076923076923,89.66666666666667,13,3.5680203517874243,0.3589743589743648,93.0,272002.66,90,Chemicals & Plastics,87.0,prompt_payer
INV704048,C1134,2025-01-06,89.14285714285714,90.0,14,3.483083135939789,0.8571428571428612,87.0,236762.1,90,Chemicals & Plastics,89.0,prompt_payer
INV704049,C1134,2025-01-21,89.13333333333334,89.66666666666667,15,3.3565855667130973,0.5333333333333314,89.0,349582.46,90,Chemicals & Plastics,90.0,prompt_payer
INV704050,C1134,2025-03-19,89.1875,88.66666666666667,16,3.250000000000003,-0.5208333333333286,90.0,469481.38,90,Chemicals & Plastics,87.0,prompt_payer
INV704051,C1134,2025-03-22,89.05882352941177,88.66666666666667,17,3.1912103549298942,-0.39215686274509665,87.0,230251.72,90,Chemicals & Plastics,89.0,prompt_payer
INV704052,C1134,2025-03-28,89.05555555555556,88.66666666666667,18,3.095959838283025,-0.38888888888888573,89.0,401955.47,90,Chemicals & Plastics,86.0,prompt_payer
INV704053,C1134,2025-04-02,88.89473684210526,87.33333333333333,19,3.0893137828849344,-1.5614035087719316,86.0,173884.49,90,Chemicals & Plastics,92.0,prompt_payer
INV704054,C1134,2025-04-03,89.05,89.0,20,3.0860466961026907,-0.04999999999999716,92.0,104040.32,90,Chemicals & Plastics,85.0,prompt_payer
INV704055,C1134,2025-04-08,88.85714285714286,87.66666666666667,21,3.135055251278906,-1.1904761904761898,85.0,337652.74,90,Chemicals & Plastics,86.0,prompt_payer
INV704056,C1134,2025-04-25,88.72727272727273,87.66666666666667,22,3.1195515273195515,-1.0606060606060623,86.0,183743.6,90,Chemicals & Plastics,85.0,prompt_payer
INV704057,C1134,2025-05-06,88.56521739130434,85.33333333333333,23,3.1453585856641344,-3.2318840579710155,85.0,308453.91,90,Chemicals & Plastics,93.0,prompt_payer
INV704058,C1134,2025-06-08,88.75,88.0,24,3.2066506974805016,-0.75,93.0,337757.23,90,Chemicals & Plastics,92.0,prompt_payer
INV704060,C1134,2025-06-17,88.88,90.0,25,3.2057240471797748,1.1200000000000045,92.0,1941369.17,90,Chemicals & Plastics,96.0,prompt_payer
INV704061,C1134,2025-06-18,89.15384615384616,93.66666666666667,26,3.4373513953892783,4.512820512820511,96.0,433954.32,90,Chemicals & Plastics,92.0,prompt_payer
INV704062,C1134,2025-08-09,89.25925925925925,93.33333333333333,27,3.4148160508245042,4.074074074074076,92.0,291811.83,90,Chemicals & Plastics,85.0,prompt_payer
INV704063,C1134,2025-09-27,89.10714285714286,91.0,28,3.446300063399026,1.8928571428571388,85.0,354180.59,90,Chemicals & Plastics,89.0,prompt_payer
INV704064,C1134,2025-10-10,89.10344827586206,88.66666666666667,29,3.3842579645238855,-0.43678160919539266,89.0,299809.28,90,Chemicals & Plastics,86.0,prompt_payer
INV704065,C1134,2025-11-15,89.0,86.66666666666667,30,3.373323338316028,-2.3333333333333286,86.0,321935.21,90,Chemicals & Plastics,87.0,prompt_payer
INV704066,C1134,2025-11-16,88.93548387096774,87.33333333333333,31,3.3360204223092706,-1.6021505376344152,87.0,365211.78,90,Chemicals & Plastics,94.0,prompt_payer
INV704067,C1134,2025-12-03,89.09375,89.0,32,3.4017014243823875,-0.09375,94.0,349100.67,90,Chemicals & Plastics,86.0,prompt_payer
INV704068,C1134,2025-12-14,89.0,89.0,33,3.391164991562635,0.0,86.0,226069.26,90,Chemicals & Plastics,93.0,prompt_payer
INV704069,C1134,2026-01-30,89.11764705882354,91.0,34,3.4091206178146987,1.882352941176464,93.0,302799.78,90,Chemicals & Plastics,91.0,prompt_payer
INV704070,C1134,2026-03-11,89.17142857142858,90.0,35,3.373649745459955,0.8285714285714221,91.0,549585.28,90,Chemicals & Plastics,92.0,prompt_payer
INV704071,C1134,2026-03-18,89.25,92.0,36,3.3583584425387696,2.75,92.0,312569.29,90,Chemicals & Plastics,88.0,prompt_payer
INV704078,C1135,2024-03-20,,,0,,,,33376.13,60,Textiles & Apparel,69.0,average_payer
INV704079,C1135,2024-04-25,69.0,69.0,1,,0.0,69.0,38875.74,60,Textiles & Apparel,68.0,average_payer
INV704080,C1135,2024-06-12,68.5,68.5,2,0.7071067811865476,0.0,68.0,31753.17,60,Textiles & Apparel,77.0,average_payer
INV704081,C1135,2024-07-06,71.33333333333333,71.33333333333333,3,4.93288286231625,0.0,77.0,154097.44,60,Textiles & Apparel,69.0,average_payer
INV704082,C1135,2024-07-19,70.75,71.33333333333333,4,4.193248541803043,0.5833333333333286,69.0,18216.45,60,Textiles & Apparel,68.0,average_payer
INV704083,C1135,2024-07-25,70.2,71.33333333333333,5,3.834057902536164,1.1333333333333258,68.0,17392.89,60,Textiles & Apparel,63.0,average_payer
INV704084,C1135,2024-08-19,69.0,66.66666666666667,6,4.516635916254487,-2.3333333333333286,63.0,33111.52,60,Textiles & Apparel,72.0,average_payer
INV704085,C1135,2024-08-27,69.42857142857143,67.66666666666667,7,4.276179870598791,-1.7619047619047592,72.0,23372.25,60,Textiles & Apparel,64.0,average_payer
INV704086,C1135,2024-08-30,68.75,66.33333333333333,8,4.39967531269557,-2.4166666666666714,64.0,36300.56,60,Textiles & Apparel,60.0,average_payer
INV704087,C1135,2024-09-03,67.77777777777777,65.33333333333333,9,5.044248650140519,-2.444444444444443,60.0,29248.08,60,Textiles & Apparel,70.0,average_payer
INV704088,C1135,2024-10-02,68.0,64.66666666666667,10,4.8074017006186525,-3.3333333333333286,70.0,145610.74,60,Textiles & Apparel,67.0,average_payer
INV704089,C1135,2024-10-15,67.9090909090909,65.66666666666667,11,4.570657402486987,-2.242424242424235,67.0,10726.96,60,Textiles & Apparel,71.0,average_payer
INV704090,C1135,2024-10-23,68.16666666666667,69.33333333333333,12,4.448356863818233,1.1666666666666572,71.0,40369.23,60,Textiles & Apparel,67.0,average_payer
INV704091,C1135,2024-10-30,68.07692307692308,68.33333333333333,13,4.271251543001155,0.2564102564102484,67.0,34808.29,60,Textiles & Apparel,69.0,average_payer
INV704092,C1135,2024-11-06,68.14285714285714,69.0,14,4.1110946110615,0.8571428571428612,69.0,24902.4,60,Textiles & Apparel,64.0,average_payer
INV704093,C1135,2024-11-16,67.86666666666666,66.66666666666667,15,4.1034248181360935,-1.1999999999999886,64.0,12845.94,60,Textiles & Apparel,71.0,average_payer
INV704094,C1135,2024-12-31,68.0625,68.0,16,4.040936360135689,-0.0625,71.0,29922.32,60,Textiles & Apparel,64.0,average_payer
INV704095,C1135,2025-01-27,67.82352941176471,66.33333333333333,17,4.0347753053554145,-1.4901960784313815,64.0,20285.64,60,Textiles & Apparel,65.0,average_payer
INV704096,C1135,2025-02-27,67.66666666666667,66.66666666666667,18,3.9704793013379307,-1.0,65.0,21732.02,60,Textiles & Apparel,65.0,average_payer
INV704097,C1135,2025-02-27,67.52631578947368,64.66666666666667,19,3.9068091705043444,-2.8596491228070136,65.0,45746.66,60,Textiles & Apparel,66.0,average_payer
INV704098,C1135,2025-03-07,67.45,65.33333333333333,20,3.817894156400055,-2.1166666666666742,66.0,21005.97,60,Textiles & Apparel,72.0,average_payer
INV704099,C1135,2025-03-14,67.66666666666667,67.66666666666667,21,3.851406669430448,0.0,72.0,20682.97,60,Textiles & Apparel,64.0,average_payer
INV704100,C1135,2025-04-02,67.5,67.33333333333333,22,3.83902269309459,-0.1666666666666714,64.0,41075.08,60,Textiles & Apparel,69.0,average_payer
INV704101,C1135,2025-04-08,67.56521739130434,68.33333333333333,23,3.7637757511757184,0.7681159420289845,69.0,19813.49,60,Textiles & Apparel,70.0,average_payer
INV704102,C1135,2025-05-05,67.66666666666667,67.66666666666667,24,3.714444971900293,0.0,70.0,12897.15,60,Textiles & Apparel,61.0,average_payer
INV704103,C1135,2025-05-25,67.4,66.66666666666667,25,3.872983346207417,-0.7333333333333343,61.0,20900.28,60,Textiles & Apparel,65.0,average_payer
INV704104,C1135,2025-06-08,67.3076923076923,65.33333333333333,26,3.823812032715319,-1.974358974358978,65.0,30597.7,60,Textiles & Apparel,66.0,average_payer
INV704105,C1135,2025-07-09,67.25925925925925,64.0,27,3.7579924324707092,-3.2592592592592524,66.0,22270.1,60,Textiles & Apparel,65.0,average_payer
INV704106,C1135,2025-07-09,67.17857142857143,65.33333333333333,28,3.7123774096589406,-1.845238095238102,65.0,18091.55,60,Textiles & Apparel,65.0,average_payer
INV704107,C1135,2025-08-11,67.10344827586206,65.33333333333333,29,3.6678606803480607,-1.7701149425287355,65.0,24158.58,60,Textiles & Apparel,61.0,average_payer
INV704108,C1135,2025-08-13,66.9,63.666666666666664,30,3.7724043371248794,-3.2333333333333414,61.0,27682.43,60,Textiles & Apparel,75.0,average_payer
INV704109,C1135,2025-08-16,67.16129032258064,67.0,31,3.9841082163477797,-0.16129032258064058,75.0,21988.82,60,Textiles & Apparel,69.0,average_payer
INV704110,C1135,2025-10-01,67.21875,68.33333333333333,32,3.9327768651383894,1.1145833333333286,69.0,24199.71,60,Textiles & Apparel,67.0,average_payer
INV704111,C1135,2025-10-17,67.21212121212122,70.33333333333333,33,3.871026799810159,3.1212121212121104,67.0,35428.47,60,Textiles & Apparel,70.0,average_payer
INV704112,C1135,2025-10-31,67.29411764705883,68.66666666666667,34,3.841791026171264,1.3725490196078454,70.0,27383.05,60,Textiles & Apparel,66.0,average_payer
INV704113,C1135,2025-12-20,67.25714285714285,67.66666666666667,35,3.7911883682689096,0.4095238095238187,66.0,32242.14,60,Textiles & Apparel,73.0,average_payer
INV704114,C1135,2025-12-20,67.41666666666667,69.66666666666667,36,3.857275130007118,2.25,73.0,127866.84,60,Textiles & Apparel,66.0,average_payer
INV704115,C1135,2025-12-26,67.37837837837837,68.33333333333333,37,3.8104487294175104,0.9549549549549567,66.0,22611.54,60,Textiles & Apparel,72.0,average_payer
INV704116,C1135,2026-01-10,67.5,70.33333333333333,38,3.8326478039586664,2.8333333333333286,72.0,16473.82,60,Textiles & Apparel,64.0,average_payer
INV704117,C1135,2026-01-15,67.41025641025641,67.33333333333333,39,3.823183770504621,-0.0769230769230802,64.0,30932.22,60,Textiles & Apparel,70.0,average_payer
INV704118,C1135,2026-03-26,67.475,68.66666666666667,40,3.795999918943016,1.191666666666677,70.0,42019.97,60,Textiles & Apparel,73.0,average_payer
INV704119,C1135,2026-04-10,67.60975609756098,69.0,41,3.8462842379398317,1.3902439024390247,73.0,22654.84,60,Textiles & Apparel,67.0,average_payer
INV704120,C1135,2026-04-24,67.5952380952381,70.0,42,3.8002536745207522,2.404761904761898,67.0,26649.06,60,Textiles & Apparel,71.0,average_payer
INV704123,C1135,2026-05-05,67.67441860465117,70.33333333333333,43,3.7904700690557536,2.658914728682163,71.0,28246.66,60,Textiles & Apparel,78.0,average_payer
INV704124,C1135,2026-06-02,67.9090909090909,72.0,44,4.056680862410835,4.0909090909090935,78.0,27850.03,60,Textiles & Apparel,60.0,average_payer
INV704125,C1135,2026-06-09,67.73333333333333,69.66666666666667,45,4.180039147272101,1.9333333333333371,60.0,14236.17,60,Textiles & Apparel,63.0,average_payer
INV704127,C1136,2025-08-19,,,0,,,,1009361.34,45,Textiles & Apparel,66.0,cold_start
INV704128,C1136,2026-05-03,66.0,66.0,1,,0.0,66.0,231272.78,45,Textiles & Apparel,49.0,cold_start
INV704129,C1137,2024-02-17,,,0,,,,61506.7,60,Auto Components,59.0,prompt_payer
INV704130,C1137,2024-04-01,59.0,59.0,1,,0.0,59.0,81738.28,60,Auto Components,63.0,prompt_payer
INV704131,C1137,2024-04-13,61.0,61.0,2,2.8284271247461903,0.0,63.0,65387.0,60,Auto Components,60.0,prompt_payer
INV704132,C1137,2024-05-05,60.666666666666664,60.666666666666664,3,2.0816659994661326,0.0,60.0,38717.55,60,Auto Components,61.0,prompt_payer
INV704133,C1137,2024-05-17,60.75,61.333333333333336,4,1.707825127659933,0.5833333333333357,61.0,63247.18,60,Auto Components,55.0,prompt_payer
INV704134,C1137,2024-06-03,59.6,58.666666666666664,5,2.9664793948382657,-0.9333333333333371,55.0,55415.66,60,Auto Components,61.0,prompt_payer
INV704135,C1137,2024-06-10,59.833333333333336,59.0,6,2.714160398109638,-0.8333333333333357,61.0,40992.45,60,Auto Components,57.0,prompt_payer
INV704136,C1137,2024-06-21,59.42857142857143,57.666666666666664,7,2.6992062325273127,-1.7619047619047663,57.0,136545.69,60,Auto Components,58.0,prompt_payer
INV704137,C1137,2024-06-28,59.25,58.666666666666664,8,2.5495097567963927,-0.5833333333333357,58.0,413162.61,60,Auto Components,58.0,prompt_payer
INV704138,C1137,2024-07-02,59.111111111111114,57.666666666666664,9,2.420973174388992,-1.44444444444445,58.0,84082.68,60,Auto Components,61.0,prompt_payer
INV704139,C1137,2024-07-31,59.3,59.0,10,2.359378449224852,-0.29999999999999716,61.0,39872.69,60,Auto Components,62.0,prompt_payer
INV704140,C1137,2024-08-12,59.54545454545455,60.333333333333336,11,2.381748784554591,0.787878787878789,62.0,87507.33,60,Auto Components,62.0,prompt_payer
INV704141,C1137,2024-09-03,59.75,61.666666666666664,12,2.3788843832962767,1.9166666666666643,62.0,56908.34,60,Auto Components,58.0,prompt_payer
INV704142,C1137,2024-11-08,59.61538461538461,60.666666666666664,13,2.328750077418554,1.051282051282051,58.0,79570.91,60,Auto Components,62.0,prompt_payer
INV704143,C1137,2024-11-15,59.785714285714285,60.666666666666664,14,2.3263894583856572,0.8809523809523796,62.0,66243.39,60,Auto Components,60.0,prompt_payer
INV704144,C1137,2024-11-21,59.8,60.0,15,2.242447642325552,0.20000000000000284,60.0,38426.8,60,Auto Components,57.0,prompt_payer
INV704145,C1137,2025-01-05,59.625,59.666666666666664,16,2.276693508870558,0.0416666666666643,57.0,122608.31,60,Auto Components,57.0,prompt_payer
INV704146,C1137,2025-02-06,59.470588235294116,58.0,17,2.2944946899814216,-1.470588235294116,57.0,56581.5,60,Auto Components,60.0,prompt_payer
INV704147,C1137,2025-03-10,59.5,58.0,18,2.2294816068526147,-1.5,60.0,55729.81,60,Auto Components,58.0,prompt_payer
INV704148,C1137,2025-03-12,59.421052631578945,58.333333333333336,19,2.193824399781355,-1.0877192982456094,58.0,71399.81,60,Auto Components,62.0,prompt_payer
INV704149,C1137,2025-04-16,59.55,60.0,20,2.211810403980842,0.45000000000000284,62.0,90272.32,60,Auto Components,55.0,prompt_payer
INV704150,C1137,2025-05-02,59.333333333333336,58.333333333333336,21,2.3734644158557194,-1.0,55.0,86955.41,60,Auto Components,64.0,prompt_payer
INV704151,C1137,2025-05-23,59.54545454545455,60.333333333333336,22,2.5209082400948977,0.787878787878789,64.0,42151.3,60,Auto Components,59.0,prompt_payer
INV704152,C1137,2025-06-02,59.52173913043478,59.333333333333336,23,2.465573236267625,-0.18840579710144567,59.0,68267.07,60,Auto Components,63.0,prompt_payer
INV704153,C1137,2025-08-18,59.666666666666664,62.0,24,2.5137304111042114,2.3333333333333357,63.0,61140.83,60,Auto Components,59.0,prompt_payer
INV704154,C1137,2025-08-24,59.64,60.333333333333336,25,2.4644133852366035,0.6933333333333351,59.0,280438.81,60,Auto Components,61.0,prompt_payer
INV704155,C1137,2025-08-28,59.69230769230769,61.0,26,2.429308226952369,1.3076923076923066,61.0,82105.22,60,Auto Components,60.0,prompt_payer
INV704156,C1137,2025-09-02,59.7037037037037,60.0,27,2.3828685817859703,0.2962962962962976,60.0,102299.08,60,Auto Components,62.0,prompt_payer
INV704157,C1137,2025-09-18,59.785714285714285,61.0,28,2.3782524374180003,1.2142857142857153,62.0,32638.83,60,Auto Components,56.0,prompt_payer
INV704158,C1137,2025-09-24,59.6551724137931,59.333333333333336,29,2.4389087441044137,-0.3218390804597675,56.0,428353.71,60,Auto Components,61.0,prompt_payer
INV704159,C1137,2025-11-26,59.7,59.666666666666664,30,2.4090347186917156,-0.033333333333338544,61.0,56563.93,60,Auto Components,56.0,prompt_payer
INV704160,C1137,2026-03-01,59.58064516129032,57.666666666666664,31,2.4600026226054736,-1.913978494623656,56.0,373038.59,60,Auto Components,64.0,prompt_payer
INV704161,C1137,2026-03-17,59.71875,60.333333333333336,32,2.5429773634399,0.6145833333333357,64.0,57656.42,60,Auto Components,60.0,prompt_payer
INV704162,C1137,2026-05-04,59.72727272727273,60.0,33,2.503406769693143,0.2727272727272734,60.0,12485.12,60,Auto Components,54.0,prompt_payer
INV704163,C1137,2026-05-15,59.55882352941177,59.333333333333336,34,2.653655871258735,-0.22549019607843235,54.0,44835.99,60,Auto Components,59.0,prompt_payer
INV704164,C1137,2026-06-06,59.542857142857144,57.666666666666664,35,2.6160461538343696,-1.8761904761904802,59.0,38310.57,60,Auto Components,59.0,prompt_payer
INV704165,C1137,2026-06-16,59.52777777777778,57.333333333333336,36,2.5799901562504473,-2.194444444444443,59.0,64196.03,60,Auto Components,58.0,prompt_payer
INV704168,C1138,2024-02-23,,,0,,,,482508.2,30,Metal & Engineering,41.0,average_payer
INV704169,C1138,2024-04-02,41.0,41.0,1,,0.0,41.0,294966.82,30,Metal & Engineering,35.0,average_payer
INV704170,C1138,2024-08-25,38.0,38.0,2,4.242640687119285,0.0,35.0,280400.0,30,Metal & Engineering,37.0,average_payer
INV704171,C1138,2024-09-30,37.666666666666664,37.666666666666664,3,3.055050463303893,0.0,37.0,502960.07,30,Metal & Engineering,39.0,average_payer
INV704172,C1138,2024-10-02,38.0,37.0,4,2.581988897471611,-1.0,39.0,223833.29,30,Metal & Engineering,41.0,average_payer
INV704173,C1138,2024-12-22,38.6,39.0,5,2.6076809620810595,0.3999999999999986,41.0,290671.78,30,Metal & Engineering,38.0,average_payer
INV704174,C1138,2025-01-04,38.5,39.333333333333336,6,2.3452078799117144,0.8333333333333357,38.0,521320.64,30,Metal & Engineering,44.0,average_payer
INV704175,C1138,2025-10-18,39.285714285714285,41.0,7,2.984084768360628,1.7142857142857153,44.0,525281.98,30,Metal & Engineering,22.0,average_payer
INV704176,C1138,2025-11-09,37.125,34.666666666666664,8,6.706872807586473,-2.4583333333333357,22.0,200110.93,30,Metal & Engineering,39.0,average_payer
INV704177,C1138,2026-05-03,37.333333333333336,35.0,9,6.304760106459246,-2.3333333333333357,39.0,103044.23,30,Metal & Engineering,36.0,average_payer
INV704178,C1138,2026-07-04,37.2,32.333333333333336,10,5.959119994689746,-4.866666666666667,36.0,424621.66,30,Metal & Engineering,35.0,average_payer
INV704179,C1139,2024-02-28,,,0,,,,422437.51,60,Metal & Engineering,67.0,average_payer
INV704180,C1139,2024-02-29,67.0,67.0,1,,0.0,67.0,315414.55,60,Metal & Engineering,69.0,average_payer
INV704181,C1139,2024-04-15,68.0,68.0,2,1.4142135623730951,0.0,69.0,375911.88,60,Metal & Engineering,59.0,average_payer
INV704182,C1139,2024-05-17,65.0,65.0,3,5.291502622129181,0.0,59.0,420781.09,60,Metal & Engineering,84.0,average_payer
INV704183,C1139,2024-05-22,69.75,70.66666666666667,4,10.436314802968846,0.9166666666666714,84.0,298862.01,60,Metal & Engineering,51.0,average_payer
INV704184,C1139,2024-06-06,66.0,64.66666666666667,5,12.328828005937952,-1.3333333333333286,51.0,293907.09,60,Metal & Engineering,69.0,average_payer
INV704185,C1139,2024-06-29,66.5,68.0,6,11.095043938624128,1.5,69.0,232642.43,60,Metal & Engineering,61.0,average_payer
INV704186,C1139,2024-07-21,65.71428571428571,60.333333333333336,7,10.339475900874373,-5.3809523809523725,61.0,192492.83,60,Metal & Engineering,59.0,average_payer
INV704187,C1139,2024-08-17,64.875,63.0,8,9.862446813182677,-1.875,59.0,374186.94,60,Metal & Engineering,66.0,average_payer
INV704188,C1139,2024-08-28,65.0,62.0,9,9.233092656309694,-3.0,66.0,137666.24,60,Metal & Engineering,74.0,average_payer
INV704189,C1139,2024-08-31,65.9,66.33333333333333,10,9.158481193832184,0.4333333333333229,74.0,392004.42,60,Metal & Engineering,78.0,average_payer
INV704190,C1139,2024-10-29,67.0,72.66666666666667,11,9.423375191511797,5.666666666666671,78.0,250887.07,60,Metal & Engineering,58.0,average_payer
INV704191,C1139,2024-12-23,66.25,70.0,12,9.352928564213068,3.75,58.0,483780.92,60,Metal & Engineering,64.0,average_payer
INV704192,C1139,2025-01-27,66.07692307692308,66.66666666666667,13,8.976464954363887,0.5897435897435912,64.0,224985.81,60,Metal & Engineering,55.0,average_payer
INV704193,C1139,2025-01-29,65.28571428571429,59.0,14,9.118270512704541,-6.285714285714292,55.0,163411.94,60,Metal & Engineering,66.0,average_payer
INV704194,C1139,2025-02-04,65.33333333333333,61.666666666666664,15,8.788520651286838,-3.6666666666666643,66.0,344567.53,60,Metal & Engineering,75.0,average_payer
INV704195,C1139,2025-02-08,65.9375,65.33333333333333,16,8.827749807661442,-0.6041666666666714,75.0,192941.32,60,Metal & Engineering,77.0,average_payer
INV704196,C1139,2025-02-10,66.58823529411765,72.66666666666667,17,8.95864682534011,6.078431372549019,77.0,436422.66,60,Metal & Engineering,53.0,average_payer
INV704197,C1139,2025-02-16,65.83333333333333,68.33333333333333,18,9.26251141144014,2.5,53.0,326942.43,60,Metal & Engineering,75.0,average_payer
INV704198,C1139,2025-02-26,66.3157894736842,68.33333333333333,19,9.243932734375603,2.0175438596491233,75.0,400364.27,60,Metal & Engineering,70.0,average_payer
INV704199,C1139,2025-03-28,66.5,66.0,20,9.035019587547577,-0.5,70.0,221986.33,60,Metal & Engineering,62.0,average_payer
INV704200,C1139,2025-04-01,66.28571428571429,69.0,21,8.860828726156809,2.714285714285708,62.0,294307.29,60,Metal & Engineering,71.0,average_payer
INV704201,C1139,2025-06-11,66.5,67.66666666666667,22,8.705499083091919,1.1666666666666714,71.0,242805.83,60,Metal & Engineering,71.0,average_payer
INV704202,C1139,2025-07-08,66.69565217391305,68.0,23,8.556947111763503,1.3043478260869534,71.0,202890.28,60,Metal & Engineering,67.0,average_payer
INV704203,C1139,2025-07-15,66.70833333333333,69.66666666666667,24,8.369089954509189,2.958333333333343,67.0,555668.1,60,Metal & Engineering,65.0,average_payer
INV704204,C1139,2025-07-24,66.64,67.66666666666667,25,8.199999999999998,1.0266666666666708,65.0,232957.92,60,Metal & Engineering,68.0,average_payer
INV704205,C1139,2025-09-28,66.6923076923077,66.66666666666667,26,8.038752295072815,-0.025641025641021997,68.0,206414.31,60,Metal & Engineering,65.0,average_payer
INV704206,C1139,2025-09-29,66.62962962962963,66.0,27,7.88937039580252,-0.6296296296296333,65.0,533753.94,60,Metal & Engineering,82.0,average_payer
INV704207,C1139,2025-10-03,67.17857142857143,71.66666666666667,28,8.268877712503588,4.488095238095241,82.0,323863.96,60,Metal & Engineering,72.0,average_payer
INV704208,C1139,2025-10-30,67.34482758620689,73.0,29,8.16908747338301,5.65517241379311,72.0,350917.71,60,Metal & Engineering,68.0,average_payer
INV704209,C1139,2026-02-10,67.36666666666666,74.0,30,8.027896762962362,6.63333333333334,68.0,349294.45,60,Metal & Engineering,70.0,average_payer
INV704210,C1139,2026-02-21,67.45161290322581,70.0,31,7.907122146847185,2.548387096774192,70.0,278637.41,60,Metal & Engineering,75.0,average_payer
INV704211,C1139,2026-02-25,67.6875,71.0,32,7.89216638969178,3.3125,75.0,515332.39,60,Metal & Engineering,77.0,average_payer
INV704212,C1139,2026-03-15,67.96969696969697,74.0,33,7.935225455543337,6.030303030303031,77.0,188790.58,60,Metal & Engineering,49.0,average_payer
INV704213,C1139,2026-04-17,67.41176470588235,67.0,34,8.46424797375058,-0.4117647058823479,49.0,1207459.78,60,Metal & Engineering,78.0,average_payer
INV704214,C1139,2026-04-19,67.71428571428571,68.0,35,8.528745265179356,0.2857142857142918,78.0,357189.41,60,Metal & Engineering,66.0,average_payer
INV704215,C1139,2026-04-27,67.66666666666667,64.33333333333333,36,8.410877311128553,-3.333333333333343,66.0,299407.94,60,Metal & Engineering,72.0,average_payer
INV704216,C1139,2026-05-26,67.78378378378379,72.0,37,8.323778305870793,4.2162162162162105,72.0,302890.85,60,Metal & Engineering,69.0,average_payer
INV704223,C1140,2024-04-21,,,0,,,,897674.74,15,Electronics & Electricals,16.0,prompt_payer
INV704224,C1140,2024-04-23,16.0,16.0,1,,0.0,16.0,1046992.74,15,Electronics & Electricals,12.0,prompt_payer
INV704225,C1140,2024-05-02,14.0,14.0,2,2.8284271247461903,0.0,12.0,561325.08,15,Electronics & Electricals,19.0,prompt_payer
INV704226,C1140,2024-05-22,15.666666666666666,15.666666666666666,3,3.5118845842842465,0.0,19.0,483380.3,15,Electronics & Electricals,12.0,prompt_payer
INV704227,C1140,2024-06-14,14.75,14.333333333333334,4,3.4034296427770228,-0.4166666666666661,12.0,692544.41,15,Electronics & Electricals,10.0,prompt_payer
INV704228,C1140,2024-06-15,13.8,13.666666666666666,5,3.6331804249169903,-0.13333333333333464,10.0,928781.68,15,Electronics & Electricals,12.0,prompt_payer
INV704229,C1140,2024-07-31,13.5,11.333333333333334,6,3.3316662497915366,-2.166666666666666,12.0,1087121.03,15,Electronics & Electricals,13.0,prompt_payer
INV704230,C1140,2024-09-20,13.428571428571429,11.666666666666666,7,3.0472470011002204,-1.7619047619047628,13.0,339993.09,15,Electronics & Electricals,12.0,prompt_payer
INV704231,C1140,2024-11-04,13.25,12.333333333333334,8,2.8660575211055543,-0.9166666666666661,12.0,1003574.27,15,Electronics & Electricals,19.0,prompt_payer
INV704232,C1140,2024-11-04,13.88888888888889,14.666666666666666,9,3.2956199888808646,0.7777777777777768,19.0,833613.23,15,Electronics & Electricals,12.0,prompt_payer
INV704233,C1140,2024-11-12,13.7,14.333333333333334,10,3.1640339933558095,0.6333333333333346,12.0,930292.63,15,Electronics & Electricals,20.0,prompt_payer
INV704234,C1140,2025-01-30,14.272727272727273,17.0,11,3.552208020116758,2.7272727272727266,20.0,599410.54,15,Electronics & Electricals,11.0,prompt_payer
INV704235,C1140,2025-02-08,14.0,14.333333333333334,12,3.51619629196613,0.3333333333333339,11.0,997022.41,15,Electronics & Electricals,11.0,prompt_payer
INV704236,C1140,2025-03-04,13.76923076923077,14.0,13,3.4678006035008737,0.23076923076922995,11.0,941105.34,15,Electronics & Electricals,9.0,prompt_payer
INV704237,C1140,2025-04-30,13.428571428571429,10.333333333333334,14,3.567250303143126,-3.095238095238095,9.0,1481763.39,15,Electronics & Electricals,16.0,prompt_payer
INV704238,C1140,2025-05-15,13.6,12.0,15,3.5010202594590702,-1.5999999999999996,16.0,760198.04,15,Electronics & Electricals,14.0,prompt_payer
INV704239,C1140,2025-05-24,13.625,13.0,16,3.383784863137726,-0.625,14.0,493368.94,15,Electronics & Electricals,12.0,prompt_payer
INV704240,C1140,2025-05-27,13.529411764705882,14.0,17,3.2999554364192467,0.47058823529411775,12.0,935398.59,15,Electronics & Electricals,18.0,prompt_payer
INV704241,C1140,2025-07-14,13.777777777777779,14.666666666666666,18,3.3703823409493183,0.8888888888888875,18.0,1181313.38,15,Electronics & Electricals,17.0,prompt_payer
INV704242,C1140,2025-08-07,13.947368421052632,15.666666666666666,19,3.3578049081460333,1.7192982456140342,17.0,719148.16,15,Electronics & Electricals,15.0,prompt_payer
INV704243,C1140,2025-08-18,14.0,16.666666666666668,20,3.276712087636501,2.666666666666668,15.0,789658.99,15,Electronics & Electricals,14.0,prompt_payer
INV704244,C1140,2025-09-04,14.0,15.333333333333334,21,3.1937438845342623,1.333333333333334,14.0,466937.21,15,Electronics & Electricals,15.0,prompt_payer
INV704245,C1140,2025-09-12,14.045454545454545,14.666666666666666,22,3.12405829967052,0.6212121212121211,15.0,609504.43,15,Electronics & Electricals,10.0,prompt_payer
INV704246,C1140,2025-09-15,13.869565217391305,13.0,23,3.1666493307895216,-0.8695652173913047,10.0,1038044.82,15,Electronics & Electricals,14.0,prompt_payer
INV704247,C1140,2025-09-16,13.875,13.0,24,3.0971585855987143,-0.875,14.0,644887.67,15,Electronics & Electricals,17.0,prompt_payer
INV704248,C1140,2025-09-28,14.0,13.666666666666666,25,3.095695936834452,-0.3333333333333339,17.0,60589.66,15,Electronics & Electricals,17.0,prompt_payer
INV704249,C1140,2025-10-08,14.115384615384615,16.0,26,3.089685072325956,1.884615384615385,17.0,736080.81,15,Electronics & Electricals,12.0,prompt_payer
INV704250,C1140,2025-11-12,14.037037037037036,15.333333333333334,27,3.05691500449871,1.2962962962962976,12.0,943933.0,15,Electronics & Electricals,18.0,prompt_payer
INV704251,C1140,2026-01-15,14.178571428571429,15.666666666666666,28,3.091847960285856,1.4880952380952372,18.0,717081.33,15,Electronics & Electricals,15.0,prompt_payer
INV704252,C1140,2026-01-27,14.206896551724139,15.0,29,3.0399637021426473,0.7931034482758612,15.0,951109.58,15,Electronics & Electricals,20.0,prompt_payer
INV704253,C1140,2026-02-05,14.4,17.666666666666668,30,3.1688135493185507,3.2666666666666675,20.0,604500.86,15,Electronics & Electricals,15.0,prompt_payer
INV704254,C1140,2026-02-19,14.419354838709678,16.666666666666668,31,3.11741552730663,2.24731182795699,15.0,763109.86,15,Electronics & Electricals,14.0,prompt_payer
INV704255,C1140,2026-04-23,14.40625,16.333333333333332,32,3.0676183364402614,1.9270833333333321,14.0,502003.75,15,Electronics & Electricals,18.0,prompt_payer
INV704256,C1140,2026-05-01,14.515151515151516,15.666666666666666,33,3.0834357067361986,1.1515151515151505,18.0,452024.7,15,Electronics & Electricals,16.0,prompt_payer
INV704257,C1140,2026-05-09,14.558823529411764,16.0,34,3.047017184967981,1.4411764705882355,16.0,663209.62,15,Electronics & Electricals,9.0,prompt_payer
INV704258,C1140,2026-05-17,14.4,14.333333333333334,35,3.1454916383705145,-0.06666666666666643,9.0,1018062.24,15,Electronics & Electricals,17.0,prompt_payer
INV704259,C1140,2026-06-26,14.472222222222221,14.0,36,3.130368404709955,-0.47222222222222143,17.0,661421.51,15,Electronics & Electricals,15.0,prompt_payer
INV704260,C1140,2026-07-02,14.486486486486486,13.666666666666666,37,3.0878041606511473,-0.8198198198198199,15.0,1488002.18,15,Electronics & Electricals,9.0,prompt_payer
INV704261,C1140,2026-07-07,14.342105263157896,13.666666666666666,38,3.1731671942515502,-0.6754385964912295,9.0,1086034.25,15,Electronics & Electricals,17.0,prompt_payer
INV704262,C1141,2024-03-09,,,0,,,,217184.27,60,Auto Components,66.0,deteriorating_payer
INV704263,C1141,2024-03-31,66.0,66.0,1,,0.0,66.0,297293.66,60,Auto Components,63.0,deteriorating_payer
INV704264,C1141,2024-05-22,64.5,64.5,2,2.1213203435596424,0.0,63.0,270689.52,60,Auto Components,69.0,deteriorating_payer
INV704265,C1141,2024-06-10,66.0,66.0,3,3.0,0.0,69.0,234252.6,60,Auto Components,70.0,deteriorating_payer
INV704266,C1141,2024-06-22,67.0,67.33333333333333,4,3.1622776601683795,0.3333333333333286,70.0,396652.24,60,Auto Components,72.0,deteriorating_payer
INV704267,C1141,2024-07-08,68.0,70.33333333333333,5,3.5355339059327378,2.3333333333333286,72.0,295283.78,60,Auto Components,82.0,deteriorating_payer
INV704268,C1141,2025-03-29,70.33333333333333,74.66666666666667,6,6.531972647421809,4.333333333333343,82.0,234235.77,60,Auto Components,80.0,deteriorating_payer
INV704269,C1141,2025-07-11,71.71428571428571,78.0,7,6.993193970194301,6.285714285714292,80.0,239387.18,60,Auto Components,86.0,deteriorating_payer
INV704270,C1141,2025-07-17,73.5,82.66666666666667,8,8.21149020754281,9.166666666666671,86.0,163221.16,60,Auto Components,86.0,deteriorating_payer
INV704271,C1141,2025-07-20,74.88888888888889,84.0,9,8.738484485945554,9.111111111111114,86.0,255152.42,60,Auto Components,91.0,deteriorating_payer
INV704272,C1141,2025-08-25,76.5,87.66666666666667,10,9.686760724480262,11.166666666666671,91.0,249481.25,60,Auto Components,105.0,deteriorating_payer
INV704273,C1141,2026-02-20,79.0909090909091,94.0,11,12.58137151072605,14.909090909090907,105.0,320347.09,60,Auto Components,101.0,deteriorating_payer
INV704274,C1142,2024-03-11,,,0,,,,28527.6,15,Retail & Distribution,24.0,erratic_payer
INV704275,C1142,2024-04-11,24.0,24.0,1,,0.0,24.0,65357.19,15,Retail & Distribution,31.0,erratic_payer
INV704276,C1142,2024-04-14,27.5,27.5,2,4.949747468305833,0.0,31.0,70807.48,15,Retail & Distribution,10.0,erratic_payer
INV704277,C1142,2024-04-20,21.666666666666668,21.666666666666668,3,10.692676621563628,0.0,10.0,91897.17,15,Retail & Distribution,57.0,erratic_payer
INV704278,C1142,2024-05-06,30.5,32.666666666666664,4,19.70617500514327,2.1666666666666643,57.0,45311.43,15,Retail & Distribution,20.0,erratic_payer
INV704279,C1142,2024-06-29,28.4,29.0,5,17.700282483621553,0.6000000000000014,20.0,33276.42,15,Retail & Distribution,16.0,erratic_payer
INV704280,C1142,2024-09-18,26.333333333333332,31.0,6,16.621271511730583,4.666666666666668,16.0,57501.6,15,Retail & Distribution,26.0,erratic_payer
INV704281,C1142,2024-10-08,26.285714285714285,20.666666666666668,7,15.173598625181016,-5.619047619047617,26.0,79483.56,15,Retail & Distribution,100.0,erratic_payer
INV704282,C1142,2025-03-02,35.5,47.333333333333336,8,29.60694899126603,11.833333333333336,100.0,82538.73,15,Retail & Distribution,31.0,erratic_payer
INV704283,C1142,2025-03-26,35.0,52.333333333333336,9,27.73535649671733,17.333333333333336,31.0,75075.11,15,Retail & Distribution,25.0,erratic_payer
INV704284,C1142,2025-03-28,34.0,52.0,10,26.339661686851215,18.0,25.0,12982.32,15,Retail & Distribution,20.0,erratic_payer
INV704285,C1142,2025-09-26,32.72727272727273,25.333333333333332,11,25.342024027653785,-7.3939393939393945,20.0,41614.98,15,Retail & Distribution,14.0,erratic_payer
INV704286,C1142,2025-12-06,31.166666666666668,19.666666666666668,12,24.760060703895824,-11.5,14.0,65367.01,15,Retail & Distribution,15.0,erratic_payer
INV704287,C1142,2026-04-17,29.923076923076923,16.333333333333332,13,24.126270393016057,-13.589743589743591,15.0,38106.24,15,Retail & Distribution,1.0,erratic_payer
INV704288,C1142,2026-05-03,27.857142857142858,10.0,14,24.43470779557114,-17.857142857142858,1.0,68162.82,15,Retail & Distribution,23.0,erratic_payer
INV704289,C1142,2026-05-18,27.533333333333335,13.0,15,23.579248342153583,-14.533333333333335,23.0,47294.61,15,Retail & Distribution,40.0,erratic_payer
INV704290,C1142,2026-05-20,28.3125,21.333333333333332,16,22.991936992490796,-6.979166666666668,40.0,34857.1,15,Retail & Distribution,36.0,erratic_payer
INV704291,C1142,2026-06-22,28.764705882352942,33.0,17,22.339789087423995,4.235294117647058,36.0,70249.19,15,Retail & Distribution,20.0,erratic_payer
INV704294,C1143,2024-08-01,,,0,,,,19356.26,45,IT & Business Services,53.0,cold_start
INV704295,C1143,2024-10-04,53.0,53.0,1,,0.0,53.0,16897.53,45,IT & Business Services,46.0,cold_start
INV704296,C1143,2025-07-21,49.5,49.5,2,4.949747468305833,0.0,46.0,32889.9,45,IT & Business Services,48.0,cold_start
INV704297,C1143,2025-08-07,49.0,49.0,3,3.605551275463989,0.0,48.0,12710.47,45,IT & Business Services,46.0,cold_start
INV704298,C1144,2024-03-11,,,0,,,,49839.28,15,Metal & Engineering,46.0,erratic_payer
INV704299,C1144,2024-04-17,46.0,46.0,1,,0.0,46.0,42170.04,15,Metal & Engineering,7.0,erratic_payer
INV704300,C1144,2024-05-01,26.5,26.5,2,27.577164466275352,0.0,7.0,22518.53,15,Metal & Engineering,26.0,erratic_payer
INV704301,C1144,2024-05-19,26.333333333333332,26.333333333333332,3,19.5021366350801,0.0,26.0,42391.08,15,Metal & Engineering,18.0,erratic_payer
INV704302,C1144,2024-06-16,24.25,17.0,4,16.45954636879968,-7.25,18.0,66884.24,15,Metal & Engineering,16.0,erratic_payer
INV704303,C1144,2024-06-28,22.6,20.0,5,14.724129855444769,-2.6000000000000014,16.0,167624.12,15,Metal & Engineering,1.0,erratic_payer
INV704304,C1144,2024-07-31,19.0,11.666666666666666,6,15.84929020492716,-7.333333333333334,1.0,74151.16,15,Metal & Engineering,45.0,erratic_payer
INV704305,C1144,2024-08-01,22.714285714285715,20.666666666666668,7,17.490133272927395,-2.0476190476190474,45.0,55829.06,15,Metal & Engineering,40.0,erratic_payer
INV704306,C1144,2024-08-08,24.875,28.666666666666668,8,17.307615994947756,3.791666666666668,40.0,40756.62,15,Metal & Engineering,44.0,erratic_payer
INV704307,C1144,2024-09-12,27.0,43.0,9,17.399712641305314,16.0,44.0,58850.31,15,Metal & Engineering,13.0,erratic_payer
INV704308,C1144,2024-09-13,25.6,32.333333333333336,10,16.99150114354559,6.733333333333334,13.0,63146.68,15,Metal & Engineering,33.0,erratic_payer
INV704309,C1144,2024-10-08,26.272727272727273,30.0,11,16.27323513681843,3.7272727272727266,33.0,82709.81,15,Metal & Engineering,44.0,erratic_payer
INV704311,C1144,2025-01-05,27.75,30.0,12,16.338048175403888,2.25,44.0,36773.15,15,Metal & Engineering,80.0,erratic_payer
INV704312,C1144,2025-01-07,31.76923076923077,52.333333333333336,13,21.3235153690077,20.564102564102566,80.0,68778.98,15,Metal & Engineering,28.0,erratic_payer
INV704313,C1144,2025-01-22,31.5,50.666666666666664,14,20.511722727035124,19.166666666666664,28.0,62959.8,15,Metal & Engineering,30.0,erratic_payer
INV704314,C1144,2025-01-25,31.4,46.0,15,19.76938470030293,14.600000000000001,30.0,75184.66,15,Metal & Engineering,39.0,erratic_payer
INV704315,C1144,2025-04-14,31.875,32.333333333333336,16,19.1933148083736,0.4583333333333357,39.0,83116.1,15,Metal & Engineering,13.0,erratic_payer
INV704316,C1144,2025-05-10,30.764705882352942,27.333333333333332,17,19.139388090286175,-3.43137254901961,13.0,67512.51,15,Metal & Engineering,24.0,erratic_payer
INV704317,C1144,2025-06-02,30.38888888888889,25.333333333333332,18,18.63626726349297,-5.055555555555557,24.0,38929.09,15,Metal & Engineering,25.0,erratic_payer
INV704318,C1144,2025-06-18,30.105263157894736,20.666666666666668,19,18.15334293316586,-9.438596491228068,25.0,58195.49,15,Metal & Engineering,35.0,erratic_payer
INV704319,C1144,2025-08-03,30.35,28.0,20,17.7030327464266,-2.3500000000000014,35.0,218921.2,15,Metal & Engineering,94.0,erratic_payer
INV704320,C1144,2025-08-11,33.38095238095238,51.333333333333336,21,22.1505670141335,17.952380952380956,94.0,38557.35,15,Metal & Engineering,16.0,erratic_payer
INV704321,C1144,2025-08-29,32.59090909090909,48.333333333333336,22,21.932057621553696,15.742424242424242,16.0,49978.74,15,Metal & Engineering,24.0,erratic_payer
INV704322,C1144,2025-09-11,32.21739130434783,44.666666666666664,23,21.502550634621613,12.449275362318836,24.0,32009.85,15,Metal & Engineering,86.0,erratic_payer
INV704323,C1144,2025-09-26,34.458333333333336,42.0,24,23.72300143534644,7.541666666666664,86.0,36183.73,15,Metal & Engineering,39.0,erratic_payer
INV704324,C1144,2025-10-08,34.64,49.666666666666664,25,23.241270762732977,15.026666666666664,39.0,75080.47,15,Metal & Engineering,36.0,erratic_payer
INV704325,C1144,2025-11-17,34.69230769230769,53.666666666666664,26,22.773263676107963,18.97435897435897,36.0,368956.22,15,Metal & Engineering,41.0,erratic_payer
INV704326,C1144,2025-12-03,34.925925925925924,38.666666666666664,27,22.363992222949552,3.7407407407407405,41.0,101346.64,15,Metal & Engineering,61.0,erratic_payer
INV704327,C1144,2025-12-31,35.857142857142854,46.0,28,22.49232673390554,10.142857142857146,61.0,92135.53,15,Metal & Engineering,41.0,erratic_payer
INV704329,C1144,2026-01-31,36.03448275862069,47.666666666666664,29,22.107663116505698,11.632183908045974,41.0,31282.72,15,Metal & Engineering,33.0,erratic_payer
INV704330,C1144,2026-02-19,35.93333333333333,45.0,30,21.730216263318106,9.06666666666667,33.0,40583.93,15,Metal & Engineering,60.0,erratic_payer
INV704331,C1144,2026-03-11,36.70967741935484,44.666666666666664,31,21.797849356281453,7.956989247311824,60.0,70620.06,15,Metal & Engineering,22.0,erratic_payer
INV704332,C1144,2026-03-16,36.25,38.333333333333336,32,21.6004778919655,2.0833333333333357,22.0,55658.57,15,Metal & Engineering,4.0,erratic_payer
INV704333,C1144,2026-03-17,35.27272727272727,28.666666666666668,33,21.98902102083095,-6.6060606060606055,4.0,57968.75,15,Metal & Engineering,83.0,erratic_payer
INV704334,C1144,2026-04-05,36.6764705882353,36.333333333333336,34,23.1486901105104,-0.34313725490196134,83.0,65533.78,15,Metal & Engineering,1.0,erratic_payer
INV704335,C1144,2026-05-31,35.65714285714286,29.333333333333332,35,23.589557581496866,-6.323809523809526,1.0,61014.03,15,Metal & Engineering,52.0,erratic_payer
INV704336,C1144,2026-06-03,36.111111111111114,45.333333333333336,36,23.409128595214764,9.222222222222221,52.0,71093.77,15,Metal & Engineering,28.0,erratic_payer
INV704337,C1144,2026-06-08,35.891891891891895,27.0,37,23.120197740147972,-8.891891891891895,28.0,22175.09,15,Metal & Engineering,31.0,erratic_payer
INV704338,C1144,2026-07-05,35.76315789473684,37.0,38,22.819425355209166,1.2368421052631575,31.0,28911.6,15,Metal & Engineering,29.0,erratic_payer
INV704339,C1145,2024-05-14,,,0,,,,13299.85,45,FMCG & Food Processing,45.0,prompt_payer
INV704340,C1145,2024-06-29,45.0,45.0,1,,0.0,45.0,29932.87,45,FMCG & Food Processing,46.0,prompt_payer
INV704341,C1145,2024-08-21,45.5,45.5,2,0.7071067811865476,0.0,46.0,25826.81,45,FMCG & Food Processing,42.0,prompt_payer
INV704342,C1145,2024-09-08,44.333333333333336,44.333333333333336,3,2.0816659994661335,0.0,42.0,22018.18,45,FMCG & Food Processing,42.0,prompt_payer
INV704343,C1145,2024-10-17,43.75,43.333333333333336,4,2.061552812808831,-0.4166666666666643,42.0,26641.25,45,FMCG & Food Processing,44.0,prompt_payer
INV704344,C1145,2024-10-25,43.8,42.666666666666664,5,1.7888543819998326,-1.1333333333333329,44.0,10542.67,45,FMCG & Food Processing,43.0,prompt_payer
INV704345,C1145,2025-01-03,43.666666666666664,43.0,6,1.6329931618554527,-0.6666666666666643,43.0,14126.08,45,FMCG & Food Processing,47.0,prompt_payer
INV704346,C1145,2025-07-15,44.142857142857146,44.666666666666664,7,1.9518001458970675,0.5238095238095184,47.0,16912.3,45,FMCG & Food Processing,44.0,prompt_payer
INV704347,C1145,2025-07-24,44.125,44.666666666666664,8,1.8077215335491101,0.5416666666666643,44.0,39958.63,45,FMCG & Food Processing,44.0,prompt_payer
INV704348,C1145,2025-08-22,44.111111111111114,45.0,9,1.691481927515371,0.8888888888888857,44.0,37857.02,45,FMCG & Food Processing,46.0,prompt_payer
INV704349,C1145,2026-02-21,44.3,44.666666666666664,10,1.7029386365926407,0.36666666666666714,46.0,29085.72,45,FMCG & Food Processing,44.0,prompt_payer
INV704350,C1145,2026-03-27,44.27272727272727,44.666666666666664,11,1.6180796699117816,0.3939393939393909,44.0,30224.94,45,FMCG & Food Processing,41.0,prompt_payer
INV704351,C1145,2026-04-16,44.0,43.666666666666664,12,1.809068067466582,-0.3333333333333357,41.0,22351.27,45,FMCG & Food Processing,45.0,prompt_payer
INV704352,C1145,2026-04-30,44.07692307692308,43.333333333333336,13,1.7541160386140586,-0.7435897435897445,45.0,27560.97,45,FMCG & Food Processing,45.0,prompt_payer
INV704353,C1145,2026-05-02,44.142857142857146,43.666666666666664,14,1.7032612545052805,-0.4761904761904816,45.0,30754.82,45,FMCG & Food Processing,44.0,prompt_payer
INV704354,C1145,2026-05-15,44.13333333333333,44.666666666666664,15,1.6417180315870614,0.5333333333333314,44.0,27111.46,45,FMCG & Food Processing,48.0,prompt_payer
INV704355,C1145,2026-05-19,44.375,45.666666666666664,16,1.8574175621006712,1.2916666666666643,48.0,19786.01,45,FMCG & Food Processing,43.0,prompt_payer
INV704357,C1145,2026-07-01,44.294117647058826,45.0,17,1.8290949224395432,0.705882352941174,43.0,20204.32,45,FMCG & Food Processing,42.0,prompt_payer
INV704358,C1146,2024-02-14,,,0,,,,29090.89,60,Construction & Infra,74.0,deteriorating_payer
INV704359,C1146,2024-03-09,74.0,74.0,1,,0.0,74.0,10265.79,60,Construction & Infra,61.0,deteriorating_payer
INV704360,C1146,2024-05-07,67.5,67.5,2,9.192388155425117,0.0,61.0,13096.77,60,Construction & Infra,72.0,deteriorating_payer
INV704361,C1146,2024-05-11,69.0,69.0,3,7.0,0.0,72.0,19291.6,60,Construction & Infra,67.0,deteriorating_payer
INV704362,C1146,2024-07-29,68.5,66.66666666666667,4,5.802298395176403,-1.8333333333333286,67.0,33193.77,60,Construction & Infra,72.0,deteriorating_payer
INV704363,C1146,2024-08-20,69.2,70.33333333333333,5,5.263078946776306,1.1333333333333258,72.0,7892.9,60,Construction & Infra,91.0,deteriorating_payer
INV704364,C1146,2024-08-31,72.83333333333333,76.66666666666667,6,10.068101443006352,3.833333333333343,91.0,28319.06,60,Construction & Infra,95.0,deteriorating_payer
INV704365,C1146,2024-09-20,76.0,86.0,7,12.436505404118416,10.0,95.0,22134.37,60,Construction & Infra,74.0,deteriorating_payer
INV704366,C1146,2024-09-22,75.75,86.66666666666667,8,11.5356590003098,10.916666666666671,74.0,31816.11,60,Construction & Infra,92.0,deteriorating_payer
INV704367,C1146,2024-09-27,77.55555555555556,87.0,9,12.073846850849883,9.444444444444443,92.0,26288.17,60,Construction & Infra,103.0,deteriorating_payer
INV704368,C1146,2024-11-16,80.1,89.66666666666667,10,13.939950581771157,9.566666666666677,103.0,11867.43,60,Construction & Infra,80.0,deteriorating_payer
INV704369,C1146,2025-01-03,80.0909090909091,91.66666666666667,11,13.22463266374189,11.575757575757578,80.0,37398.74,60,Construction & Infra,84.0,deteriorating_payer
INV704370,C1146,2025-01-13,80.41666666666667,89.0,12,12.659587335894933,8.583333333333329,84.0,27648.96,60,Construction & Infra,88.0,deteriorating_payer
INV704371,C1146,2025-01-23,81.0,84.0,13,12.301761391497283,3.0,88.0,12114.02,60,Construction & Infra,78.0,deteriorating_payer
INV704372,C1146,2025-03-17,80.78571428571429,83.33333333333333,14,11.846314398797826,2.547619047619037,78.0,22482.15,60,Construction & Infra,96.0,deteriorating_payer
INV704373,C1146,2025-04-26,81.8,87.33333333333333,15,12.07240063710847,5.533333333333331,96.0,27194.11,60,Construction & Infra,86.0,deteriorating_payer
INV704374,C1146,2025-05-14,82.0625,86.66666666666667,16,11.710216337312753,4.604166666666671,86.0,36211.03,60,Construction & Infra,97.0,deteriorating_payer
INV704375,C1146,2025-05-15,82.94117647058823,93.0,17,11.903101424814105,10.058823529411768,97.0,24004.56,60,Construction & Infra,98.0,deteriorating_payer
INV704376,C1146,2025-06-20,83.77777777777777,93.66666666666667,18,12.080882104312602,9.8888888888889,98.0,34521.49,60,Construction & Infra,93.0,deteriorating_payer
INV704377,C1146,2025-07-05,84.26315789473684,96.0,19,11.929618161269206,11.736842105263165,93.0,21876.48,60,Construction & Infra,92.0,deteriorating_payer
INV704378,C1146,2025-07-11,84.65,94.33333333333333,20,11.739609067282922,9.683333333333323,92.0,9438.01,60,Construction & Infra,105.0,deteriorating_payer
INV704379,C1146,2025-09-03,85.61904761904762,96.66666666666667,21,12.273859174995405,11.047619047619051,105.0,14866.63,60,Construction & Infra,81.0,deteriorating_payer
INV704380,C1146,2025-09-06,85.4090909090909,92.66666666666667,22,12.018474235264756,7.257575757575765,81.0,38397.64,60,Construction & Infra,124.0,deteriorating_payer
INV704381,C1146,2025-09-11,87.08695652173913,103.33333333333333,23,14.234762326713557,16.246376811594203,124.0,25377.15,60,Construction & Infra,112.0,deteriorating_payer
INV704382,C1146,2025-09-13,88.125,105.66666666666667,24,14.821583850118273,17.54166666666667,112.0,17822.66,60,Construction & Infra,106.0,deteriorating_payer
INV704383,C1146,2025-09-18,88.84,114.0,25,14.943448954865357,25.159999999999997,106.0,24507.15,60,Construction & Infra,100.0,deteriorating_payer
INV704384,C1146,2025-09-25,89.26923076923077,106.0,26,14.804209380598992,16.730769230769226,100.0,41597.42,60,Construction & Infra,124.0,deteriorating_payer
INV704385,C1146,2025-10-09,90.55555555555556,110.0,27,15.98155988663986,19.444444444444443,124.0,27296.96,60,Construction & Infra,123.0,deteriorating_payer
INV704386,C1146,2025-10-31,91.71428571428571,115.66666666666667,28,16.838793708130442,23.952380952380963,123.0,39218.41,60,Construction & Infra,82.0,deteriorating_payer
INV704387,C1146,2025-11-11,91.37931034482759,109.66666666666667,29,16.63347269192766,18.287356321839084,82.0,30212.34,60,Construction & Infra,86.0,deteriorating_payer
INV704388,C1146,2025-12-12,91.2,97.0,30,16.37365419581523,5.799999999999997,86.0,38523.19,60,Construction & Infra,122.0,deteriorating_payer
INV704389,C1146,2025-12-18,92.19354838709677,96.66666666666667,31,17.022376165582184,4.473118279569903,122.0,26264.73,60,Construction & Infra,117.0,deteriorating_payer
INV704390,C1146,2026-01-27,92.96875,108.33333333333333,32,17.31023261616684,15.364583333333329,117.0,14858.51,60,Construction & Infra,115.0,deteriorating_payer
INV704391,C1146,2026-03-04,93.63636363636364,118.0,33,17.463923853579875,24.36363636363636,115.0,26631.79,60,Construction & Infra,133.0,deteriorating_payer
INV704392,C1146,2026-04-07,94.79411764705883,121.66666666666667,34,18.474846801783656,26.872549019607845,133.0,26476.39,60,Construction & Infra,101.0,deteriorating_payer
INV704394,C1146,2026-04-16,94.97142857142858,116.33333333333333,35,18.2313332646036,21.361904761904754,101.0,24224.16,60,Construction & Infra,120.0,deteriorating_payer
INV704395,C1146,2026-04-18,95.66666666666667,118.0,36,18.446834803990466,22.33333333333333,120.0,159183.85,60,Construction & Infra,118.0,deteriorating_payer
INV704401,C1147,2024-02-20,,,0,,,,347218.23,30,FMCG & Food Processing,42.0,seasonal_payer
INV704402,C1147,2024-06-05,42.0,42.0,1,,0.0,42.0,381921.19,30,FMCG & Food Processing,32.0,seasonal_payer
INV704403,C1147,2024-06-27,37.0,37.0,2,7.0710678118654755,0.0,32.0,318905.03,30,FMCG & Food Processing,38.0,seasonal_payer
INV704404,C1147,2024-08-30,37.333333333333336,37.333333333333336,3,5.033222956847166,0.0,38.0,258926.89,30,FMCG & Food Processing,32.0,seasonal_payer
INV704405,C1147,2024-10-16,36.0,34.0,4,4.898979485566356,-2.0,32.0,975690.79,30,FMCG & Food Processing,36.0,seasonal_payer
INV704406,C1147,2024-12-24,36.0,35.333333333333336,5,4.242640687119285,-0.6666666666666643,36.0,221753.68,30,FMCG & Food Processing,24.0,seasonal_payer
INV704407,C1147,2025-06-11,34.0,30.666666666666668,6,6.196773353931867,-3.333333333333332,24.0,874599.42,30,FMCG & Food Processing,35.0,seasonal_payer
INV704408,C1147,2025-07-12,34.142857142857146,31.666666666666668,7,5.669467095138408,-2.476190476190478,35.0,368535.68,30,FMCG & Food Processing,36.0,seasonal_payer
INV704409,C1147,2025-10-25,34.375,31.666666666666668,8,5.2898150116183515,-2.708333333333332,36.0,244811.17,30,FMCG & Food Processing,41.0,seasonal_payer
INV704410,C1147,2025-12-22,35.111111111111114,37.333333333333336,9,5.418589402336286,2.2222222222222214,41.0,284443.5,30,FMCG & Food Processing,28.0,seasonal_payer
INV704411,C1147,2026-01-17,34.4,35.0,10,5.581716183715861,0.6000000000000014,28.0,461680.23,30,FMCG & Food Processing,42.0,seasonal_payer
INV704412,C1147,2026-02-23,35.09090909090909,37.0,11,5.769827474969168,1.9090909090909065,42.0,379270.38,30,FMCG & Food Processing,42.0,seasonal_payer
INV704413,C1147,2026-02-27,35.666666666666664,37.333333333333336,12,5.851702678915277,1.6666666666666714,42.0,347306.74,30,FMCG & Food Processing,41.0,seasonal_payer
INV704414,C1147,2026-03-16,36.07692307692308,41.666666666666664,13,5.794559782841408,5.589743589743584,41.0,221023.64,30,FMCG & Food Processing,38.0,seasonal_payer
INV704415,C1147,2026-05-03,36.214285714285715,40.333333333333336,14,5.5909070604188855,4.11904761904762,38.0,326402.53,30,FMCG & Food Processing,34.0,seasonal_payer
INV704417,C1148,2024-02-25,,,0,,,,76757.88,90,Textiles & Apparel,126.0,improving_payer
INV704418,C1148,2024-03-04,126.0,126.0,1,,0.0,126.0,59598.02,90,Textiles & Apparel,131.0,improving_payer
INV704419,C1148,2024-04-05,128.5,128.5,2,3.5355339059327378,0.0,131.0,259742.37,90,Textiles & Apparel,124.0,improving_payer
INV704420,C1148,2024-04-20,127.0,127.0,3,3.605551275463989,0.0,124.0,60450.03,90,Textiles & Apparel,132.0,improving_payer
INV704421,C1148,2024-06-13,128.25,129.0,4,3.8622100754188224,0.75,132.0,60149.63,90,Textiles & Apparel,132.0,improving_payer
INV704422,C1148,2024-08-02,129.0,129.33333333333334,5,3.7416573867739413,0.3333333333333428,132.0,70471.3,90,Textiles & Apparel,129.0,improving_payer
INV704423,C1148,2024-09-14,129.0,131.0,6,3.3466401061363023,2.0,129.0,59355.65,90,Textiles & Apparel,121.0,improving_payer
INV704424,C1148,2024-09-21,127.85714285714286,127.33333333333333,7,4.29839394148448,-0.5238095238095326,121.0,79987.81,90,Textiles & Apparel,112.0,improving_payer
INV704425,C1148,2024-10-03,125.875,120.66666666666667,8,6.875162335745765,-5.208333333333329,112.0,62235.9,90,Textiles & Apparel,110.0,improving_payer
INV704426,C1148,2024-10-22,124.11111111111111,114.33333333333333,9,8.328331832432658,-9.777777777777786,110.0,56167.56,90,Textiles & Apparel,103.0,improving_payer
INV704427,C1148,2025-01-12,122.0,108.33333333333333,10,10.306416555826871,-13.666666666666671,103.0,46404.27,90,Textiles & Apparel,98.0,improving_payer
INV704428,C1148,2025-02-23,119.81818181818181,103.66666666666667,11,12.164030432534949,-16.15151515151514,98.0,42805.52,90,Textiles & Apparel,117.0,improving_payer
INV704430,C1148,2025-03-27,119.58333333333333,106.0,12,11.626445820810522,-13.583333333333329,117.0,76902.03,90,Textiles & Apparel,101.0,improving_payer
INV704431,C1148,2025-08-17,118.15384615384616,105.33333333333333,13,12.266799051682511,-12.820512820512832,101.0,64780.01,90,Textiles & Apparel,106.0,improving_payer
INV704432,C1148,2025-08-17,117.28571428571429,108.0,14,12.224996910042531,-9.285714285714292,106.0,33439.43,90,Textiles & Apparel,99.0,improving_payer
INV704433,C1148,2025-08-22,116.06666666666666,102.0,15,12.691204303243511,-14.066666666666663,99.0,55238.4,90,Textiles & Apparel,103.0,improving_payer
INV704434,C1148,2025-10-29,115.25,102.66666666666667,16,12.688577540449518,-12.583333333333329,103.0,35195.38,90,Textiles & Apparel,101.0,improving_payer
INV704435,C1148,2025-12-08,114.41176470588235,101.0,17,12.762537088728731,-13.411764705882348,101.0,49161.84,90,Textiles & Apparel,98.0,improving_payer
INV704436,C1148,2026-01-16,113.5,100.66666666666667,18,12.971688628792819,-12.833333333333329,98.0,71553.66,90,Textiles & Apparel,96.0,improving_payer
INV704439,C1149,2024-03-06,,,0,,,,92164.26,45,Chemicals & Plastics,47.0,prompt_payer
INV704440,C1149,2024-03-14,47.0,47.0,1,,0.0,47.0,33048.13,45,Chemicals & Plastics,49.0,prompt_payer
INV704441,C1149,2024-04-04,48.0,48.0,2,1.4142135623730951,0.0,49.0,64338.72,45,Chemicals & Plastics,39.0,prompt_payer
INV704442,C1149,2024-04-05,45.0,45.0,3,5.291502622129181,0.0,39.0,112928.8,45,Chemicals & Plastics,43.0,prompt_payer
INV704443,C1149,2024-04-29,44.5,43.666666666666664,4,4.43471156521669,-0.8333333333333357,43.0,57233.85,45,Chemicals & Plastics,44.0,prompt_payer
INV704444,C1149,2024-05-22,44.4,42.0,5,3.847076812334269,-2.3999999999999986,44.0,73968.33,45,Chemicals & Plastics,39.0,prompt_payer
INV704445,C1149,2024-06-07,43.5,42.0,6,4.08656334834051,-1.5,39.0,63169.05,45,Chemicals & Plastics,41.0,prompt_payer
INV704446,C1149,2024-06-17,43.142857142857146,41.333333333333336,7,3.8483144114694956,-1.8095238095238102,41.0,58741.97,45,Chemicals & Plastics,48.0,prompt_payer
INV704447,C1149,2024-06-25,43.75,42.666666666666664,8,3.955105199973465,-1.0833333333333357,48.0,51766.6,45,Chemicals & Plastics,44.0,prompt_payer
INV704448,C1149,2024-08-09,43.77777777777778,44.333333333333336,9,3.7006005518624194,0.5555555555555571,44.0,98456.34,45,Chemicals & Plastics,44.0,prompt_payer
INV704449,C1149,2024-09-08,43.8,45.333333333333336,10,3.489667287547307,1.5333333333333385,44.0,84881.33,45,Chemicals & Plastics,43.0,prompt_payer
INV704450,C1149,2024-10-03,43.72727272727273,43.666666666666664,11,3.3193646708642635,-0.06060606060606233,43.0,61616.94,45,Chemicals & Plastics,48.0,prompt_payer
INV704451,C1149,2024-11-05,44.083333333333336,45.0,12,3.3967453227875044,0.9166666666666643,48.0,52915.63,45,Chemicals & Plastics,40.0,prompt_payer
INV704452,C1149,2024-11-06,43.76923076923077,43.666666666666664,13,3.4436861586059724,-0.1025641025641022,40.0,58992.26,45,Chemicals & Plastics,53.0,prompt_payer
INV704453,C1149,2024-11-29,44.42857142857143,47.0,14,4.127101529277785,2.5714285714285694,53.0,74873.39,45,Chemicals & Plastics,41.0,prompt_payer
INV704454,C1149,2024-12-07,44.2,44.666666666666664,15,4.0743097574926725,0.46666666666666146,41.0,70166.9,45,Chemicals & Plastics,43.0,prompt_payer
INV704455,C1149,2024-12-07,44.125,45.666666666666664,16,3.9475730941090035,1.5416666666666643,43.0,77770.54,45,Chemicals & Plastics,42.0,prompt_payer
INV704456,C1149,2024-12-26,44.0,42.0,17,3.856812155135378,-2.0,42.0,53271.14,45,Chemicals & Plastics,42.0,prompt_payer
INV704457,C1149,2025-01-04,43.888888888888886,42.333333333333336,18,3.771236166328253,-1.55555555555555,42.0,42796.92,45,Chemicals & Plastics,43.0,prompt_payer
INV704458,C1149,2025-01-05,43.8421052631579,42.333333333333336,19,3.670651741928988,-1.5087719298245617,43.0,73747.19,45,Chemicals & Plastics,44.0,prompt_payer
INV704459,C1149,2025-04-06,43.85,43.0,20,3.5729244987382827,-0.8500000000000014,44.0,92793.09,45,Chemicals & Plastics,46.0,prompt_payer
INV704460,C1149,2025-04-23,43.95238095238095,44.333333333333336,21,3.5139179056459255,0.3809523809523867,46.0,47290.01,45,Chemicals & Plastics,46.0,prompt_payer
INV704461,C1149,2025-05-08,44.04545454545455,45.333333333333336,22,3.4569085105360324,1.287878787878789,46.0,49905.9,45,Chemicals & Plastics,48.0,prompt_payer
INV704462,C1149,2025-05-27,44.21739130434783,46.666666666666664,23,3.476630052470227,2.4492753623188364,48.0,127248.84,45,Chemicals & Plastics,46.0,prompt_payer
INV704463,C1149,2025-05-31,44.291666666666664,46.666666666666664,24,3.419625795274996,2.375,46.0,71401.73,45,Chemicals & Plastics,44.0,prompt_payer
INV704464,C1149,2025-07-04,44.28,46.0,25,3.348133808556642,1.7199999999999989,44.0,218662.67,45,Chemicals & Plastics,53.0,prompt_payer
INV704465,C1149,2025-08-01,44.61538461538461,47.666666666666664,26,3.6994802129696343,3.051282051282051,53.0,49336.15,45,Chemicals & Plastics,45.0,prompt_payer
INV704466,C1149,2025-10-23,44.629629629629626,47.333333333333336,27,3.6283938823179285,2.7037037037037095,45.0,44561.99,45,Chemicals & Plastics,41.0,prompt_payer
INV704467,C1149,2025-11-12,44.5,46.333333333333336,28,3.6260375271290495,1.8333333333333357,41.0,62740.26,45,Chemicals & Plastics,42.0,prompt_payer
INV704468,C1149,2025-11-22,44.41379310344828,42.666666666666664,29,3.5908339797254265,-1.7471264367816133,42.0,66393.6,45,Chemicals & Plastics,43.0,prompt_payer
INV704469,C1149,2026-02-25,44.36666666666667,42.0,30,3.537808919942256,-2.366666666666667,43.0,46777.82,45,Chemicals & Plastics,43.0,prompt_payer
INV704470,C1149,2026-03-25,44.32258064516129,42.666666666666664,31,3.486995810858717,-1.655913978494624,43.0,61356.35,45,Chemicals & Plastics,47.0,prompt_payer
INV704471,C1149,2026-05-18,44.40625,44.333333333333336,32,3.462791853310684,-0.0729166666666643,47.0,77867.0,45,Chemicals & Plastics,47.0,prompt_payer
INV704472,C1149,2026-06-30,44.484848484848484,45.666666666666664,33,3.438033705125033,1.1818181818181799,47.0,94898.04,45,Chemicals & Plastics,44.0,prompt_payer
INV704476,C1150,2024-06-06,,,0,,,,46191.95,45,Textiles & Apparel,43.0,erratic_payer
INV704477,C1150,2024-10-03,43.0,43.0,1,,0.0,43.0,54857.65,45,Textiles & Apparel,49.0,erratic_payer
INV704478,C1150,2025-02-24,46.0,46.0,2,4.242640687119285,0.0,49.0,10286.85,45,Textiles & Apparel,39.0,erratic_payer
INV704479,C1150,2025-07-15,43.666666666666664,43.666666666666664,3,5.033222956847165,0.0,39.0,34883.45,45,Textiles & Apparel,26.0,erratic_payer
INV704480,C1150,2025-08-01,39.25,38.0,4,9.742518497116988,-1.25,26.0,53040.46,45,Textiles & Apparel,48.0,erratic_payer
INV704481,C1150,2025-08-09,41.0,37.666666666666664,5,9.300537618869136,-3.3333333333333357,48.0,41427.32,45,Textiles & Apparel,54.0,erratic_payer
INV704482,C1150,2026-03-18,43.166666666666664,42.666666666666664,6,9.867454923467685,-0.5,54.0,52230.92,45,Textiles & Apparel,58.0,erratic_payer
INV704483,C1150,2026-05-04,45.285714285714285,53.333333333333336,7,10.60996835864408,8.047619047619051,58.0,51253.86,45,Textiles & Apparel,66.0,erratic_payer
INV704484,C1150,2026-05-12,47.875,59.333333333333336,8,12.252550754842845,11.458333333333336,66.0,110494.15,45,Textiles & Apparel,62.0,erratic_payer
INV704485,C1150,2026-06-20,49.44444444444444,62.0,9,12.390632662530908,12.555555555555557,62.0,77183.27,45,Textiles & Apparel,54.0,erratic_payer
INV704487,C1151,2024-06-01,,,0,,,,36643.77,30,FMCG & Food Processing,29.0,prompt_payer
INV704488,C1151,2024-09-03,29.0,29.0,1,,0.0,29.0,31338.91,30,FMCG & Food Processing,30.0,prompt_payer
INV704489,C1151,2024-10-12,29.5,29.5,2,0.7071067811865476,0.0,30.0,29035.21,30,FMCG & Food Processing,30.0,prompt_payer
INV704490,C1151,2024-10-15,29.666666666666668,29.666666666666668,3,0.5773502691896255,0.0,30.0,14725.06,30,FMCG & Food Processing,29.0,prompt_payer
INV704491,C1151,2024-11-16,29.5,29.666666666666668,4,0.5773502691896257,0.16666666666666785,29.0,41696.19,30,FMCG & Food Processing,29.0,prompt_payer
INV704492,C1151,2024-11-24,29.4,29.333333333333332,5,0.547722557505166,-0.06666666666666643,29.0,14588.04,30,FMCG & Food Processing,26.0,prompt_payer
INV704493,C1151,2024-11-30,28.833333333333332,28.0,6,1.471960144387974,-0.8333333333333321,26.0,20626.11,30,FMCG & Food Processing,25.0,prompt_payer
INV704494,C1151,2024-12-21,28.285714285714285,26.666666666666668,7,1.9760470401187067,-1.6190476190476168,25.0,33177.4,30,FMCG & Food Processing,29.0,prompt_payer
INV704495,C1151,2024-12-28,28.375,26.666666666666668,8,1.8468119248354131,-1.7083333333333321,29.0,39467.8,30,FMCG & Food Processing,29.0,prompt_payer
INV704496,C1151,2025-05-09,28.444444444444443,27.666666666666668,9,1.7400510848184245,-0.777777777777775,29.0,137026.02,30,FMCG & Food Processing,31.0,prompt_payer
INV704497,C1151,2025-09-05,28.7,29.666666666666668,10,1.8287822299126935,0.9666666666666686,31.0,20828.41,30,FMCG & Food Processing,26.0,prompt_payer
INV704498,C1151,2025-09-11,28.454545454545453,28.666666666666668,11,1.9164360862620153,0.2121212121212146,26.0,31475.04,30,FMCG & Food Processing,25.0,prompt_payer
INV704499,C1151,2025-10-28,28.166666666666668,27.333333333333332,12,2.081665999466132,-0.8333333333333357,25.0,26915.57,30,FMCG & Food Processing,24.0,prompt_payer
INV704500,C1151,2025-11-02,27.846153846153847,25.0,13,2.303842943364913,-2.8461538461538467,24.0,22552.55,30,FMCG & Food Processing,26.0,prompt_payer
INV704501,C1151,2025-11-06,27.714285714285715,25.0,14,2.2677868380553625,-2.7142857142857153,26.0,32546.31,30,FMCG & Food Processing,29.0,prompt_payer
INV704502,C1151,2025-11-09,27.8,26.333333333333332,15,2.2103651928390207,-1.4666666666666686,29.0,32009.68,30,FMCG & Food Processing,29.0,prompt_payer
INV704503,C1151,2026-05-02,27.875,28.0,16,2.156385865284782,0.125,29.0,36055.99,30,FMCG & Food Processing,31.0,prompt_payer
INV704504,C1152,2024-03-04,,,0,,,,105261.63,45,Pharma & Healthcare,71.0,chronic_late_payer
INV704505,C1152,2024-04-02,71.0,71.0,1,,0.0,71.0,65755.49,45,Pharma & Healthcare,70.0,chronic_late_payer
INV704506,C1152,2024-04-27,70.5,70.5,2,0.7071067811865476,0.0,70.0,51334.43,45,Pharma & Healthcare,67.0,chronic_late_payer
INV704507,C1152,2024-07-13,69.33333333333333,69.33333333333333,3,2.081665999466131,0.0,67.0,191479.61,45,Pharma & Healthcare,70.0,chronic_late_payer
INV704508,C1152,2024-07-23,69.5,69.0,4,1.7320508075688759,-0.5,70.0,86395.59,45,Pharma & Healthcare,74.0,chronic_late_payer
INV704509,C1152,2024-09-01,70.4,70.33333333333333,5,2.5099800796022245,-0.06666666666667709,74.0,57692.86,45,Pharma & Healthcare,73.0,chronic_late_payer
INV704510,C1152,2024-10-17,70.83333333333333,72.33333333333333,6,2.483277404291887,1.5,73.0,137447.08,45,Pharma & Healthcare,73.0,chronic_late_payer
INV704511,C1152,2024-10-27,71.14285714285714,73.33333333333333,7,2.4102953780654746,2.19047619047619,73.0,191855.62,45,Pharma & Healthcare,69.0,chronic_late_payer
INV704512,C1152,2024-11-15,70.875,71.66666666666667,8,2.356601669474801,0.7916666666666714,69.0,168275.54,45,Pharma & Healthcare,71.0,chronic_late_payer
INV704513,C1152,2024-12-01,70.88888888888889,71.0,9,2.20479275922049,0.11111111111111427,71.0,113383.35,45,Pharma & Healthcare,71.0,chronic_late_payer
INV704514,C1152,2024-12-06,70.9,70.33333333333333,10,2.0789954839350213,-0.5666666666666771,71.0,119463.98,45,Pharma & Healthcare,70.0,chronic_late_payer
INV704515,C1152,2024-12-13,70.81818181818181,70.66666666666667,11,1.9908883353006912,-0.1515151515151416,70.0,121571.48,45,Pharma & Healthcare,71.0,chronic_late_payer
INV704516,C1152,2024-12-17,70.83333333333333,70.66666666666667,12,1.8989630344113073,-0.1666666666666572,71.0,162775.89,45,Pharma & Healthcare,70.0,chronic_late_payer
INV704517,C1152,2025-03-24,70.76923076923077,70.33333333333333,13,1.8327504901034277,-0.435897435897445,70.0,126403.82,45,Pharma & Healthcare,64.0,chronic_late_payer
INV704519,C1152,2025-04-16,70.28571428571429,68.33333333333333,14,2.5246042013801637,-1.9523809523809632,64.0,90543.67,45,Pharma & Healthcare,72.0,chronic_late_payer
INV704520,C1152,2025-04-25,70.4,68.66666666666667,15,2.472708174105006,-1.7333333333333343,72.0,64096.64,45,Pharma & Healthcare,72.0,chronic_late_payer
INV704521,C1152,2025-06-05,70.5,69.33333333333333,16,2.4221202832779927,-1.1666666666666714,72.0,101080.92,45,Pharma & Healthcare,69.0,chronic_late_payer
INV704522,C1152,2025-06-07,70.41176470588235,71.0,17,2.3732578749846103,0.5882352941176521,69.0,99852.0,45,Pharma & Healthcare,76.0,chronic_late_payer
INV704523,C1152,2025-06-20,70.72222222222223,72.33333333333333,18,2.652536090691002,1.6111111111111,76.0,181687.58,45,Pharma & Healthcare,67.0,chronic_late_payer
INV704524,C1152,2025-07-19,70.52631578947368,70.66666666666667,19,2.715560532532455,0.14035087719298645,67.0,146029.77,45,Pharma & Healthcare,71.0,chronic_late_payer
INV704525,C1152,2025-08-09,70.55,71.33333333333333,20,2.6452539426400317,0.7833333333333314,71.0,123316.61,45,Pharma & Healthcare,71.0,chronic_late_payer
INV704526,C1152,2025-08-20,70.57142857142857,69.66666666666667,21,2.5801439605461662,-0.904761904761898,71.0,102156.63,45,Pharma & Healthcare,68.0,chronic_late_payer
INV704527,C1152,2025-09-01,70.45454545454545,70.0,22,2.5769541401997507,-0.45454545454545325,68.0,5506.38,45,Pharma & Healthcare,72.0,chronic_late_payer
INV704528,C1152,2025-11-24,70.52173913043478,70.33333333333333,23,2.538245013200178,-0.18840579710145278,72.0,189475.04,45,Pharma & Healthcare,69.0,chronic_late_payer
INV704529,C1152,2025-12-15,70.45833333333333,69.66666666666667,24,2.50181093830339,-0.7916666666666572,69.0,115160.24,45,Pharma & Healthcare,73.0,chronic_late_payer
INV704530,C1152,2025-12-16,70.56,71.33333333333333,25,2.501332977967281,0.7733333333333263,73.0,121352.79,45,Pharma & Healthcare,74.0,chronic_late_payer
INV704531,C1152,2026-01-01,70.6923076923077,72.0,26,2.541955637208971,1.3076923076923066,74.0,160807.19,45,Pharma & Healthcare,73.0,chronic_late_payer
INV704532,C1152,2026-01-22,70.77777777777777,73.33333333333333,27,2.5318484177091674,2.555555555555557,73.0,133038.59,45,Pharma & Healthcare,68.0,chronic_late_payer
INV704533,C1152,2026-02-18,70.67857142857143,71.66666666666667,28,2.539372500916851,0.9880952380952408,68.0,89958.4,45,Pharma & Healthcare,70.0,chronic_late_payer
INV704534,C1152,2026-02-19,70.65517241379311,70.33333333333333,29,2.496795976403209,-0.3218390804597817,70.0,28567.57,45,Pharma & Healthcare,67.0,chronic_late_payer
INV704535,C1152,2026-03-09,70.53333333333333,68.33333333333333,30,2.5425121073638874,-2.200000000000003,67.0,83860.82,45,Pharma & Healthcare,67.0,chronic_late_payer
INV704536,C1152,2026-03-14,70.41935483870968,68.0,31,2.579072101207294,-2.4193548387096797,67.0,72759.67,45,Pharma & Healthcare,73.0,chronic_late_payer
INV704537,C1152,2026-03-20,70.5,69.0,32,2.5778210353557482,-1.5,73.0,88917.06,45,Pharma & Healthcare,72.0,chronic_late_payer
INV704543,C1153,2024-02-28,,,0,,,,91217.2,30,Electronics & Electricals,33.0,deteriorating_payer
INV704544,C1153,2024-06-11,33.0,33.0,1,,0.0,33.0,54997.38,30,Electronics & Electricals,38.0,deteriorating_payer
INV704545,C1153,2024-06-13,35.5,35.5,2,3.5355339059327378,0.0,38.0,49326.07,30,Electronics & Electricals,35.0,deteriorating_payer
INV704546,C1153,2024-07-12,35.333333333333336,35.333333333333336,3,2.5166114784235836,0.0,35.0,179679.29,30,Electronics & Electricals,43.0,deteriorating_payer
INV704547,C1153,2024-08-07,37.25,38.666666666666664,4,4.349329450233295,1.4166666666666643,43.0,82043.6,30,Electronics & Electricals,45.0,deteriorating_payer
INV704548,C1153,2024-09-05,38.8,41.0,5,5.118593556827891,2.200000000000003,45.0,65672.46,30,Electronics & Electricals,39.0,deteriorating_payer
INV704549,C1153,2024-09-11,38.833333333333336,42.333333333333336,6,4.5789372857319925,3.5,39.0,78835.18,30,Electronics & Electricals,52.0,deteriorating_payer
INV704550,C1153,2024-10-03,40.714285714285715,45.333333333333336,7,6.499084184567489,4.61904761904762,52.0,262032.19,30,Electronics & Electricals,38.0,deteriorating_payer
INV704551,C1153,2024-10-15,40.375,43.0,8,6.0930288034769715,2.625,38.0,82709.78,30,Electronics & Electricals,40.0,deteriorating_payer
INV704552,C1153,2024-10-31,40.333333333333336,43.333333333333336,9,5.700877125495691,3.0,40.0,167437.14,30,Electronics & Electricals,55.0,deteriorating_payer
INV704553,C1153,2024-11-16,41.8,44.333333333333336,10,7.099295739719541,2.5333333333333385,55.0,87975.16,30,Electronics & Electricals,52.0,deteriorating_payer
INV704554,C1153,2024-11-26,42.72727272727273,49.0,11,7.403930160271763,6.272727272727273,52.0,46554.06,30,Electronics & Electricals,49.0,deteriorating_payer
INV704555,C1153,2024-12-02,43.25,52.0,12,7.287910287842215,8.75,49.0,38428.35,30,Electronics & Electricals,50.0,deteriorating_payer
INV704556,C1153,2025-01-18,43.76923076923077,50.333333333333336,13,7.224424384842555,6.564102564102569,50.0,37499.15,30,Electronics & Electricals,40.0,deteriorating_payer
INV704557,C1153,2025-01-22,43.5,46.333333333333336,14,7.0137228126229605,2.8333333333333357,40.0,68942.48,30,Electronics & Electricals,54.0,deteriorating_payer
INV704558,C1153,2025-02-20,44.2,48.0,15,7.282071918662398,3.799999999999997,54.0,63282.18,30,Electronics & Electricals,51.0,deteriorating_payer
INV704559,C1153,2025-04-21,44.625,48.333333333333336,16,7.237633130612062,3.7083333333333357,51.0,35254.16,30,Electronics & Electricals,59.0,deteriorating_payer
INV704560,C1153,2025-04-22,45.470588235294116,54.666666666666664,17,7.827177389222309,9.196078431372548,59.0,30408.91,30,Electronics & Electricals,41.0,deteriorating_payer
INV704561,C1153,2025-04-23,45.22222222222222,50.333333333333336,18,7.666240397356803,5.111111111111114,41.0,87144.48,30,Electronics & Electricals,60.0,deteriorating_payer
INV704562,C1153,2025-05-04,46.0,53.333333333333336,19,8.185352771872452,7.333333333333336,60.0,76543.64,30,Electronics & Electricals,46.0,deteriorating_payer
INV704564,C1153,2025-05-18,46.0,49.0,20,7.967037354658652,3.0,46.0,42071.67,30,Electronics & Electricals,57.0,deteriorating_payer
INV704565,C1153,2025-05-30,46.523809523809526,54.333333333333336,21,8.127847486383143,7.80952380952381,57.0,62665.26,30,Electronics & Electricals,48.0,deteriorating_payer
INV704566,C1153,2025-06-15,46.59090909090909,50.333333333333336,22,7.938208331553886,3.742424242424242,48.0,76981.79,30,Electronics & Electricals,59.0,deteriorating_payer
INV704567,C1153,2025-06-29,47.130434782608695,54.666666666666664,23,8.175931127545752,7.536231884057969,59.0,47022.9,30,Electronics & Electricals,50.0,deteriorating_payer
INV704568,C1153,2025-09-28,47.25,52.333333333333336,24,8.017643587467091,5.083333333333336,50.0,82649.5,30,Electronics & Electricals,37.0,deteriorating_payer
INV704569,C1153,2025-09-29,46.84,48.666666666666664,25,8.112130833921917,1.8266666666666609,37.0,55465.82,30,Electronics & Electricals,64.0,deteriorating_payer
INV704570,C1153,2025-09-30,47.5,50.333333333333336,26,8.631338250816036,2.8333333333333357,64.0,56861.69,30,Electronics & Electricals,80.0,deteriorating_payer
INV704571,C1153,2025-12-10,48.7037037037037,60.333333333333336,27,10.5240194676267,11.629629629629633,80.0,97448.58,30,Electronics & Electricals,72.0,deteriorating_payer
INV704572,C1153,2025-12-31,49.535714285714285,72.0,28,11.226562888333824,22.464285714285715,72.0,58988.91,30,Electronics & Electricals,63.0,deteriorating_payer
INV704573,C1153,2026-02-03,50.0,71.66666666666667,29,11.304234352034387,21.66666666666667,63.0,51967.67,30,Electronics & Electricals,60.0,deteriorating_payer
INV704574,C1153,2026-02-04,50.333333333333336,65.0,30,11.256671074441188,14.666666666666664,60.0,65062.05,30,Electronics & Electricals,86.0,deteriorating_payer
INV704575,C1153,2026-03-20,51.483870967741936,69.66666666666667,31,12.787678881751594,18.182795698924735,86.0,74410.15,30,Electronics & Electricals,61.0,deteriorating_payer
INV704576,C1153,2026-05-13,51.78125,69.0,32,12.691715293717166,17.21875,61.0,53441.65,30,Electronics & Electricals,78.0,deteriorating_payer
INV704581,C1154,2024-02-22,,,0,,,,480065.59,45,Electronics & Electricals,59.0,average_payer
INV704582,C1154,2024-03-05,59.0,59.0,1,,0.0,59.0,710459.52,45,Electronics & Electricals,57.0,average_payer
INV704583,C1154,2024-03-09,58.0,58.0,2,1.4142135623730951,0.0,57.0,928463.08,45,Electronics & Electricals,45.0,average_payer
INV704584,C1154,2024-03-13,53.666666666666664,53.666666666666664,3,7.571877794400364,0.0,45.0,634677.66,45,Electronics & Electricals,46.0,average_payer
INV704585,C1154,2024-05-15,51.75,49.333333333333336,4,7.274384280931731,-2.4166666666666643,46.0,891854.72,45,Electronics & Electricals,56.0,average_payer
INV704586,C1154,2024-07-09,52.6,49.0,5,6.580273550544839,-3.6000000000000014,56.0,692069.3,45,Electronics & Electricals,48.0,average_payer
INV704587,C1154,2024-07-27,51.833333333333336,50.0,6,6.177917664283545,-1.8333333333333357,48.0,707101.91,45,Electronics & Electricals,38.0,average_payer
INV704588,C1154,2024-07-28,49.857142857142854,47.333333333333336,7,7.690439333539869,-2.5238095238095184,38.0,667744.22,45,Electronics & Electricals,61.0,average_payer
INV704589,C1154,2024-08-02,51.25,49.0,8,8.137216091163225,-2.25,61.0,418785.9,45,Electronics & Electricals,54.0,average_payer
INV704590,C1154,2024-08-18,51.55555555555556,51.0,9,7.666666666666667,-0.5555555555555571,54.0,797143.22,45,Electronics & Electricals,54.0,average_payer
INV704591,C1154,2024-08-18,51.8,56.333333333333336,10,7.269418439218122,4.5333333333333385,54.0,877502.16,45,Electronics & Electricals,37.0,average_payer
INV704592,C1154,2024-09-28,50.45454545454545,48.333333333333336,11,8.214178429564779,-2.1212121212121176,37.0,770641.61,45,Electronics & Electricals,47.0,average_payer
INV704593,C1154,2024-10-20,50.166666666666664,46.0,12,7.895146188218009,-4.166666666666664,47.0,630908.4,45,Electronics & Electricals,51.0,average_payer
INV704594,C1154,2024-11-03,50.23076923076923,45.0,13,7.562559599256571,-5.2307692307692335,51.0,839662.58,45,Electronics & Electricals,58.0,average_payer
INV704595,C1154,2025-01-14,50.785714285714285,52.0,14,7.556745040319649,1.2142857142857153,58.0,880499.1,45,Electronics & Electricals,62.0,average_payer
INV704596,C1154,2025-01-16,51.53333333333333,57.0,15,7.836422896291637,5.466666666666669,62.0,607322.33,45,Electronics & Electricals,56.0,average_payer
INV704597,C1154,2025-02-14,51.8125,58.666666666666664,16,7.652613932506983,6.854166666666664,56.0,1035152.37,45,Electronics & Electricals,39.0,average_payer
INV704598,C1154,2025-02-21,51.05882352941177,52.333333333333336,17,8.03485056049033,1.2745098039215677,39.0,657770.98,45,Electronics & Electricals,62.0,average_payer
INV704599,C1154,2025-02-28,51.666666666666664,52.333333333333336,18,8.210466777588369,0.6666666666666714,62.0,352824.29,45,Electronics & Electricals,54.0,average_payer
INV704600,C1154,2025-03-11,51.78947368421053,51.666666666666664,19,7.997075488843969,-0.12280701754386314,54.0,536422.2,45,Electronics & Electricals,42.0,average_payer
INV704601,C1154,2025-04-06,51.3,52.666666666666664,20,8.085724912982203,1.3666666666666671,42.0,857448.41,45,Electronics & Electricals,63.0,average_payer
INV704602,C1154,2025-04-11,51.857142857142854,53.0,21,8.284236321386022,1.142857142857146,63.0,997538.93,45,Electronics & Electricals,50.0,average_payer
INV704603,C1154,2025-05-17,51.77272727272727,51.666666666666664,22,8.0942767445471,-0.10606060606060908,50.0,695301.84,45,Electronics & Electricals,50.0,average_payer
INV704604,C1154,2025-05-17,51.69565217391305,54.333333333333336,23,7.916810552745546,2.637681159420289,50.0,976427.32,45,Electronics & Electricals,63.0,average_payer
INV704606,C1154,2025-06-08,52.166666666666664,54.333333333333336,24,8.079316946304345,2.1666666666666714,63.0,895129.73,45,Electronics & Electricals,41.0,average_payer
INV704607,C1154,2025-06-13,51.72,51.333333333333336,25,8.218475122146039,-0.38666666666666316,41.0,944324.46,45,Electronics & Electricals,53.0,average_payer
INV704608,C1154,2025-06-14,51.76923076923077,52.333333333333336,26,8.056340073793768,0.5641025641025692,53.0,595932.92,45,Electronics & Electricals,52.0,average_payer
INV704609,C1154,2025-07-01,51.77777777777778,48.666666666666664,27,7.900016228480572,-3.1111111111111143,52.0,454955.16,45,Electronics & Electricals,37.0,average_payer
INV704610,C1154,2025-08-14,51.25,47.333333333333336,28,8.240033261349625,-3.9166666666666643,37.0,1162377.31,45,Electronics & Electricals,44.0,average_payer
INV704611,C1154,2025-10-03,51.0,44.333333333333336,29,8.202786982831766,-6.666666666666664,44.0,795205.69,45,Electronics & Electricals,43.0,average_payer
INV704612,C1154,2025-10-07,50.733333333333334,41.333333333333336,30,8.191388806222827,-9.399999999999999,43.0,1111049.29,45,Electronics & Electricals,47.0,average_payer
INV704613,C1154,2025-10-10,50.61290322580645,44.666666666666664,31,8.081573359005612,-5.946236559139784,47.0,1106458.07,45,Electronics & Electricals,48.0,average_payer
INV704614,C1154,2025-10-14,50.53125,46.0,32,7.96356369813123,-4.53125,48.0,248981.88,45,Electronics & Electricals,49.0,average_payer
INV704615,C1154,2025-11-08,50.484848484848484,48.0,33,7.842676568466645,-2.4848484848484844,49.0,812895.23,45,Electronics & Electricals,58.0,average_payer
INV704616,C1154,2026-01-04,50.705882352941174,51.666666666666664,34,7.829739001666952,0.9607843137254903,58.0,925210.08,45,Electronics & Electricals,51.0,average_payer
INV704617,C1154,2026-01-06,50.714285714285715,52.666666666666664,35,7.71389665996844,1.952380952380949,51.0,993219.23,45,Electronics & Electricals,50.0,average_payer
INV704618,C1154,2026-01-19,50.69444444444444,53.0,36,7.603831532079992,2.305555555555557,50.0,445932.26,45,Electronics & Electricals,44.0,average_payer
INV704619,C1154,2026-01-24,50.513513513513516,48.333333333333336,37,7.5778244518742595,-2.18018018018018,44.0,902519.8,45,Electronics & Electricals,49.0,average_payer
INV704620,C1154,2026-01-27,50.473684210526315,47.666666666666664,38,7.4787513125440315,-2.8070175438596507,49.0,579173.65,45,Electronics & Electricals,51.0,average_payer
INV704621,C1154,2026-01-28,50.48717948717949,48.0,39,7.380171852484176,-2.487179487179489,51.0,517772.16,45,Electronics & Electricals,50.0,average_payer
INV704622,C1154,2026-02-25,50.475,50.0,40,7.285347078299155,-0.4750000000000014,50.0,1040458.35,45,Electronics & Electricals,53.0,average_payer
INV704623,C1154,2026-03-02,50.53658536585366,51.333333333333336,41,7.204504011296022,0.7967479674796749,53.0,948687.03,45,Electronics & Electricals,51.0,average_payer
INV704624,C1154,2026-03-17,50.54761904761905,51.333333333333336,42,7.1164610996648445,0.7857142857142847,51.0,1348236.96,45,Electronics & Electricals,43.0,average_payer
INV704625,C1154,2026-03-27,50.372093023255815,49.0,43,7.124816641964677,-1.3720930232558146,43.0,1080709.79,45,Electronics & Electricals,47.0,average_payer
INV704626,C1154,2026-04-03,50.29545454545455,47.0,44,7.059809423129571,-3.2954545454545467,47.0,937197.23,45,Electronics & Electricals,53.0,average_payer
INV704627,C1154,2026-04-15,50.355555555555554,47.666666666666664,45,6.990758690636308,-2.68888888888889,53.0,391120.26,45,Electronics & Electricals,57.0,average_payer
INV704633,C1155,2024-02-14,,,0,,,,426191.33,60,Construction & Infra,117.0,improving_payer
INV704634,C1155,2024-04-04,117.0,117.0,1,,0.0,117.0,335889.44,60,Construction & Infra,81.0,improving_payer
INV704635,C1155,2024-04-14,99.0,99.0,2,25.45584412271571,0.0,81.0,372000.9,60,Construction & Infra,114.0,improving_payer
INV704636,C1155,2024-04-15,104.0,104.0,3,19.974984355438178,0.0,114.0,355186.28,60,Construction & Infra,110.0,improving_payer
INV704637,C1155,2024-05-23,105.5,101.66666666666667,4,16.583123951777,-3.8333333333333286,110.0,346048.06,60,Construction & Infra,119.0,improving_payer
INV704638,C1155,2024-06-09,108.2,114.33333333333333,5,15.578831791889916,6.133333333333326,119.0,308734.05,60,Construction & Infra,129.0,improving_payer
INV704639,C1155,2024-06-15,111.66666666666667,119.33333333333333,6,16.317679573599506,7.666666666666657,129.0,230584.42,60,Construction & Infra,101.0,improving_payer
INV704640,C1155,2024-07-20,110.14285714285714,116.33333333333333,7,15.43187795256485,6.19047619047619,101.0,229056.22,60,Construction & Infra,111.0,improving_payer
INV704641,C1155,2024-07-27,110.25,113.66666666666667,8,14.290356388637958,3.4166666666666714,111.0,410293.05,60,Construction & Infra,109.0,improving_payer
INV704642,C1155,2024-08-06,110.11111111111111,107.0,9,13.37389663153978,-3.1111111111111143,109.0,1831923.39,60,Construction & Infra,115.0,improving_payer
INV704643,C1155,2024-09-12,110.6,111.66666666666667,10,12.703455347966463,1.066666666666677,115.0,211427.35,60,Construction & Infra,112.0,improving_payer
INV704644,C1155,2024-11-22,110.72727272727273,112.0,11,12.05894613215358,1.2727272727272663,112.0,1771567.01,60,Construction & Infra,109.0,improving_payer
INV704645,C1155,2024-11-28,110.58333333333333,112.0,12,11.508560713528414,1.4166666666666714,109.0,203315.6,60,Construction & Infra,90.0,improving_payer
INV704646,C1155,2025-02-13,109.0,103.66666666666667,13,12.409673645990859,-5.333333333333329,90.0,332155.6,60,Construction & Infra,102.0,improving_payer
INV704647,C1155,2025-02-27,108.5,100.33333333333333,14,12.06871352522075,-8.166666666666671,102.0,84764.27,60,Construction & Infra,101.0,improving_payer
INV704648,C1155,2025-03-17,108.0,97.66666666666667,15,11.7898261225516,-10.333333333333329,101.0,342691.08,60,Construction & Infra,103.0,improving_payer
INV704649,C1155,2025-04-04,107.6875,102.0,16,11.458439393448545,-5.6875,103.0,447475.29,60,Construction & Infra,101.0,improving_payer
INV704650,C1155,2025-05-12,107.29411764705883,101.66666666666667,17,11.212519263541724,-5.627450980392155,101.0,391563.34,60,Construction & Infra,100.0,improving_payer
INV704651,C1155,2025-06-25,106.88888888888889,101.33333333333333,18,11.012767397508863,-5.555555555555557,100.0,266142.05,60,Construction & Infra,88.0,improving_payer
INV704652,C1155,2025-07-12,105.89473684210526,96.33333333333333,19,11.546498925081178,-9.561403508771932,88.0,234269.21,60,Construction & Infra,84.0,improving_payer
INV704653,C1155,2025-07-16,104.8,90.66666666666667,20,12.258616733160661,-14.133333333333326,84.0,219937.39,60,Construction & Infra,99.0,improving_payer
INV704654,C1155,2025-08-05,104.52380952380952,90.33333333333333,21,12.015069902497656,-14.19047619047619,99.0,385903.6,60,Construction & Infra,96.0,improving_payer
INV704655,C1155,2025-09-23,104.13636363636364,93.0,22,11.865498021155434,-11.13636363636364,96.0,178649.82,60,Construction & Infra,85.0,improving_payer
INV704656,C1155,2025-10-07,103.30434782608695,93.33333333333333,23,12.260189760539072,-9.971014492753625,85.0,332785.81,60,Construction & Infra,88.0,improving_payer
INV704657,C1155,2025-10-19,102.66666666666667,89.66666666666667,24,12.390973806931328,-13.0,88.0,661593.49,60,Construction & Infra,89.0,improving_payer
INV704658,C1155,2025-10-21,102.12,87.33333333333333,25,12.434226956268743,-14.786666666666676,89.0,299493.56,60,Construction & Infra,83.0,improving_payer
INV704659,C1155,2025-10-31,101.38461538461539,86.66666666666667,26,12.747005681576914,-14.717948717948715,83.0,234110.81,60,Construction & Infra,79.0,improving_payer
INV704660,C1155,2025-11-21,100.55555555555556,83.66666666666667,27,13.22100116461957,-16.888888888888886,79.0,1725979.85,60,Construction & Infra,72.0,improving_payer
INV704661,C1155,2025-11-24,99.53571428571429,78.0,28,14.051445537492645,-21.535714285714292,72.0,229444.1,60,Construction & Infra,91.0,improving_payer
INV704662,C1155,2025-12-25,99.24137931034483,80.66666666666667,29,13.888986316023923,-18.574712643678154,91.0,209161.91,60,Construction & Infra,95.0,improving_payer
INV704663,C1155,2025-12-30,99.1,86.0,30,13.669371753593188,-13.099999999999994,95.0,285246.54,60,Construction & Infra,86.0,improving_payer
INV704664,C1155,2026-02-02,98.6774193548387,90.66666666666667,31,13.644014797153604,-8.010752688172033,86.0,361211.35,60,Construction & Infra,70.0,improving_payer
INV704665,C1155,2026-02-20,97.78125,83.66666666666667,32,14.347607140048181,-14.114583333333329,70.0,222094.04,60,Construction & Infra,82.0,improving_payer
INV704666,C1155,2026-02-24,97.3030303030303,79.33333333333333,33,14.386375604380113,-17.96969696969697,82.0,298901.51,60,Construction & Infra,55.0,improving_payer
INV704667,C1155,2026-02-28,96.05882352941177,69.0,34,15.91633652166682,-27.058823529411768,55.0,442383.6,60,Construction & Infra,80.0,improving_payer
INV704668,C1155,2026-03-01,95.6,72.33333333333333,35,15.913738053126602,-23.266666666666666,80.0,410876.26,60,Construction & Infra,60.0,improving_payer
INV704669,C1155,2026-04-19,94.61111111111111,65.0,36,16.769492330296504,-29.611111111111114,60.0,124027.15,60,Construction & Infra,70.0,improving_payer
INV704674,C1156,2024-02-14,,,0,,,,1252440.09,30,Auto Components,63.0,chronic_late_payer
INV704675,C1156,2024-03-31,63.0,63.0,1,,0.0,63.0,2461515.99,30,Auto Components,61.0,chronic_late_payer
INV704676,C1156,2024-05-20,62.0,62.0,2,1.4142135623730951,0.0,61.0,1795307.81,30,Auto Components,62.0,chronic_late_payer
INV704677,C1156,2024-07-24,62.0,62.0,3,1.0,0.0,62.0,2075287.55,30,Auto Components,59.0,chronic_late_payer
INV704678,C1156,2024-11-27,61.25,60.666666666666664,4,1.707825127659933,-0.5833333333333357,59.0,2633054.19,30,Auto Components,61.0,chronic_late_payer
INV704679,C1156,2025-01-27,61.2,60.666666666666664,5,1.4832396974191326,-0.5333333333333385,61.0,1793459.47,30,Auto Components,61.0,chronic_late_payer
INV704680,C1156,2025-02-07,61.166666666666664,60.333333333333336,6,1.329160135825126,-0.8333333333333286,61.0,1672356.89,30,Auto Components,62.0,chronic_late_payer
INV704681,C1156,2025-02-10,61.285714285714285,61.333333333333336,7,1.253566341056017,0.047619047619051,62.0,1934303.33,30,Auto Components,65.0,chronic_late_payer
INV704682,C1156,2025-04-09,61.75,62.666666666666664,8,1.752549163769326,0.9166666666666643,65.0,1769835.36,30,Auto Components,56.0,chronic_late_payer
INV704683,C1156,2025-08-10,61.111111111111114,61.0,9,2.5221243250702594,-0.11111111111111427,56.0,2170553.19,30,Auto Components,61.0,chronic_late_payer
INV704684,C1156,2025-08-20,61.1,60.666666666666664,10,2.378141197564929,-0.4333333333333371,61.0,829243.01,30,Auto Components,58.0,chronic_late_payer
INV704685,C1156,2025-08-27,60.81818181818182,58.333333333333336,11,2.4420557658735733,-2.4848484848484844,58.0,1297196.14,30,Auto Components,61.0,chronic_late_payer
INV704686,C1156,2025-09-04,60.833333333333336,60.0,12,2.3290003057626305,-0.8333333333333357,61.0,2358520.91,30,Auto Components,59.0,chronic_late_payer
INV704687,C1156,2025-09-27,60.69230769230769,59.333333333333336,13,2.2870874995874626,-1.3589743589743577,59.0,1062024.13,30,Auto Components,57.0,chronic_late_payer
INV704688,C1156,2025-10-04,60.42857142857143,59.0,14,2.40877516638598,-1.4285714285714306,57.0,1852159.23,30,Auto Components,64.0,chronic_late_payer
INV704689,C1156,2025-11-16,60.666666666666664,60.0,15,2.4976179127511156,-0.6666666666666643,64.0,1902054.83,30,Auto Components,62.0,chronic_late_payer
INV704690,C1156,2026-03-12,60.75,61.0,16,2.4358434541926814,0.25,62.0,7078807.75,30,Auto Components,57.0,chronic_late_payer
INV704692,C1157,2024-02-14,,,0,,,,31950.78,30,Retail & Distribution,26.0,prompt_payer
INV704693,C1157,2024-02-19,26.0,26.0,1,,0.0,26.0,296201.32,30,Retail & Distribution,31.0,prompt_payer
INV704694,C1157,2024-06-02,28.5,28.5,2,3.5355339059327378,0.0,31.0,32375.08,30,Retail & Distribution,30.0,prompt_payer
INV704695,C1157,2024-06-06,29.0,29.0,3,2.6457513110645907,0.0,30.0,48298.63,30,Retail & Distribution,27.0,prompt_payer
INV704696,C1157,2024-08-16,28.5,29.333333333333332,4,2.3804761428476167,0.8333333333333321,27.0,15510.2,30,Retail & Distribution,26.0,prompt_payer
INV704697,C1157,2024-09-02,28.0,27.666666666666668,5,2.345207879911715,-0.33333333333333215,26.0,73170.07,30,Retail & Distribution,26.0,prompt_payer
INV704698,C1157,2024-10-28,27.666666666666668,26.333333333333332,6,2.250925735484551,-1.3333333333333357,26.0,72684.68,30,Retail & Distribution,32.0,prompt_payer
INV704699,C1157,2024-11-05,28.285714285714285,28.0,7,2.6276913640612176,-0.2857142857142847,32.0,38559.41,30,Retail & Distribution,26.0,prompt_payer
INV704700,C1157,2024-11-30,28.0,28.0,8,2.5634797778466227,0.0,26.0,45087.18,30,Retail & Distribution,26.0,prompt_payer
INV704701,C1157,2024-12-10,27.77777777777778,28.0,9,2.4888640871780137,0.22222222222222143,26.0,92477.63,30,Retail & Distribution,32.0,prompt_payer
INV704702,C1157,2024-12-14,28.2,28.0,10,2.6997942308422114,-0.1999999999999993,32.0,83566.23,30,Retail & Distribution,33.0,prompt_payer
INV704703,C1157,2025-01-28,28.636363636363637,30.333333333333332,11,2.9418608829354,1.6969696969696955,33.0,50202.89,30,Retail & Distribution,28.0,prompt_payer
INV704704,C1157,2025-05-04,28.583333333333332,31.0,12,2.8109633849474362,2.416666666666668,28.0,76606.56,30,Retail & Distribution,29.0,prompt_payer
INV704705,C1157,2025-05-08,28.615384615384617,30.0,13,2.693772495295446,1.3846153846153832,29.0,104902.97,30,Retail & Distribution,25.0,prompt_payer
INV704706,C1157,2025-05-24,28.357142857142858,27.333333333333332,14,2.762583597263281,-1.0238095238095255,25.0,39986.47,30,Retail & Distribution,32.0,prompt_payer
INV704707,C1157,2025-05-31,28.6,28.666666666666668,15,2.8233718443429603,0.06666666666666643,32.0,105896.55,30,Retail & Distribution,30.0,prompt_payer
INV704708,C1157,2025-06-07,28.6875,29.0,16,2.7499999999999996,0.3125,30.0,34917.37,30,Retail & Distribution,32.0,prompt_payer
INV704709,C1157,2025-11-27,28.88235294117647,31.333333333333332,17,2.7812396728162527,2.450980392156861,32.0,58973.72,30,Retail & Distribution,32.0,prompt_payer
INV704710,C1157,2025-12-24,29.055555555555557,31.333333333333332,18,2.796473035433829,2.277777777777775,32.0,295232.48,30,Retail & Distribution,31.0,prompt_payer
INV704711,C1157,2026-01-13,29.157894736842106,31.666666666666668,19,2.75405071152247,2.5087719298245617,31.0,317617.48,30,Retail & Distribution,28.0,prompt_payer
INV704712,C1157,2026-01-18,29.1,30.333333333333332,20,2.6930710311737722,1.2333333333333307,28.0,20179.88,30,Retail & Distribution,28.0,prompt_payer
INV704713,C1157,2026-01-20,29.047619047619047,29.0,21,2.6358336532526185,-0.04761904761904745,28.0,44665.04,30,Retail & Distribution,32.0,prompt_payer
INV704714,C1157,2026-03-02,29.181818181818183,29.333333333333332,22,2.648204488514248,0.15151515151514872,32.0,48730.19,30,Retail & Distribution,31.0,prompt_payer
INV704715,C1157,2026-03-24,29.26086956521739,30.333333333333332,23,2.614946397927043,1.0724637681159415,31.0,60614.53,30,Retail & Distribution,25.0,prompt_payer
INV704716,C1157,2026-04-20,29.083333333333332,29.333333333333332,24,2.7013147630876633,0.25,25.0,46230.48,30,Retail & Distribution,29.0,prompt_payer
INV704717,C1157,2026-05-25,29.08,28.333333333333332,25,2.6444911293731597,-0.7466666666666661,29.0,64887.07,30,Retail & Distribution,27.0,prompt_payer
INV704718,C1157,2026-06-01,29.0,27.0,26,2.6229754097207993,-2.0,27.0,42508.24,30,Retail & Distribution,27.0,prompt_payer
INV704719,C1157,2026-07-06,28.925925925925927,27.666666666666668,27,2.600679288865269,-1.2592592592592595,27.0,56738.9,30,Retail & Distribution,25.0,prompt_payer
INV704720,C1157,2026-07-11,28.785714285714285,26.333333333333332,28,2.6577230975953947,-2.4523809523809526,25.0,78510.55,30,Retail & Distribution,32.0,prompt_payer
INV704723,C1158,2024-03-28,,,0,,,,341871.66,30,Retail & Distribution,36.0,average_payer
INV704724,C1158,2024-04-20,36.0,36.0,1,,0.0,36.0,156254.88,30,Retail & Distribution,34.0,average_payer
INV704725,C1158,2024-06-02,35.0,35.0,2,1.4142135623730951,0.0,34.0,305375.01,30,Retail & Distribution,35.0,average_payer
INV704726,C1158,2024-07-01,35.0,35.0,3,1.0,0.0,35.0,322294.07,30,Retail & Distribution,36.0,average_payer
INV704727,C1158,2024-07-20,35.25,35.0,4,0.9574271077563381,-0.25,36.0,397350.21,30,Retail & Distribution,25.0,average_payer
INV704728,C1158,2024-07-24,33.2,32.0,5,4.658325879540847,-1.2000000000000028,25.0,427600.68,30,Retail & Distribution,38.0,average_payer
INV704729,C1158,2024-08-08,34.0,33.0,6,4.604345773288536,-1.0,38.0,215898.17,30,Retail & Distribution,31.0,average_payer
INV704730,C1158,2024-09-08,33.57142857142857,31.333333333333332,7,4.353433237386437,-2.2380952380952372,31.0,275701.08,30,Retail & Distribution,35.0,average_payer
INV704731,C1158,2024-11-11,33.75,34.666666666666664,8,4.06201920231798,0.9166666666666643,35.0,271509.38,30,Retail & Distribution,34.0,average_payer
INV704732,C1158,2024-11-12,33.77777777777778,33.333333333333336,9,3.80058475033046,-0.44444444444444287,34.0,217092.2,30,Retail & Distribution,32.0,average_payer
INV704733,C1158,2024-11-17,33.6,33.666666666666664,10,3.627058802329452,0.06666666666666288,32.0,155768.72,30,Retail & Distribution,29.0,average_payer
INV704734,C1158,2025-02-28,33.18181818181818,31.666666666666668,11,3.7099375147886744,-1.515151515151512,29.0,293590.45,30,Retail & Distribution,34.0,average_payer
INV704735,C1158,2025-04-08,33.25,31.666666666666668,12,3.5451631581891716,-1.5833333333333321,34.0,2064418.58,30,Retail & Distribution,38.0,average_payer
INV704736,C1158,2025-04-29,33.61538461538461,33.666666666666664,13,3.640935354604674,0.0512820512820511,38.0,466074.16,30,Retail & Distribution,29.0,average_payer
INV704737,C1158,2025-05-29,33.285714285714285,33.666666666666664,14,3.7092103955210955,0.3809523809523796,29.0,104495.93,30,Retail & Distribution,30.0,average_payer
INV704738,C1158,2025-06-27,33.06666666666667,32.333333333333336,15,3.6735865438612025,-0.7333333333333343,30.0,375869.94,30,Retail & Distribution,32.0,average_payer
INV704739,C1158,2025-07-06,33.0,30.333333333333332,16,3.559026084010437,-2.666666666666668,32.0,194812.76,30,Retail & Distribution,31.0,average_payer
INV704740,C1158,2025-07-08,32.88235294117647,31.0,17,3.4799847869850034,-1.882352941176471,31.0,347227.59,30,Retail & Distribution,33.0,average_payer
INV704741,C1158,2025-07-18,32.888888888888886,32.0,18,3.3761950196126875,-0.8888888888888857,33.0,502825.06,30,Retail & Distribution,35.0,average_payer
INV704742,C1158,2025-09-01,33.0,33.0,19,3.3166247903554,0.0,35.0,349331.17,30,Retail & Distribution,30.0,average_payer
INV704743,C1158,2025-09-16,32.85,32.666666666666664,20,3.2971279367927093,-0.18333333333333712,30.0,259769.72,30,Retail & Distribution,29.0,average_payer
INV704744,C1158,2025-11-01,32.666666666666664,31.333333333333332,21,3.3216461782274966,-1.3333333333333321,29.0,265901.84,30,Retail & Distribution,26.0,average_payer
INV704745,C1159,2024-03-01,,,0,,,,68520.39,30,Chemicals & Plastics,32.0,deteriorating_payer
INV704746,C1159,2024-03-22,32.0,32.0,1,,0.0,32.0,76681.57,30,Chemicals & Plastics,28.0,deteriorating_payer
INV704747,C1159,2024-03-28,30.0,30.0,2,2.8284271247461903,0.0,28.0,67012.93,30,Chemicals & Plastics,46.0,deteriorating_payer
INV704748,C1159,2024-05-20,35.333333333333336,35.333333333333336,3,9.451631252505216,0.0,46.0,45076.24,30,Chemicals & Plastics,41.0,deteriorating_payer
INV704749,C1159,2024-05-20,36.75,38.333333333333336,4,8.22090830342568,1.5833333333333357,41.0,45113.12,30,Chemicals & Plastics,44.0,deteriorating_payer
INV704750,C1159,2024-05-25,38.2,43.666666666666664,5,7.823042886243178,5.4666666666666615,44.0,3000.0,30,Chemicals & Plastics,33.0,deteriorating_payer
INV704751,C1159,2024-07-27,37.333333333333336,39.333333333333336,6,7.312090444371339,2.0,33.0,83522.91,30,Chemicals & Plastics,40.0,deteriorating_payer
INV704752,C1159,2024-08-21,37.714285714285715,39.0,7,6.750661343263233,1.2857142857142847,40.0,36563.97,30,Chemicals & Plastics,39.0,deteriorating_payer
INV704753,C1159,2024-12-02,37.875,37.333333333333336,8,6.266407036161721,-0.5416666666666643,39.0,33184.34,30,Chemicals & Plastics,46.0,deteriorating_payer
INV704754,C1159,2024-12-05,38.77777777777778,41.666666666666664,9,6.4571235426035045,2.8888888888888857,46.0,3666.11,30,Chemicals & Plastics,42.0,deteriorating_payer
INV704755,C1159,2025-01-18,39.1,42.333333333333336,10,6.172519744804385,3.2333333333333343,42.0,82066.89,30,Chemicals & Plastics,44.0,deteriorating_payer
INV704756,C1159,2025-01-20,39.54545454545455,44.0,11,6.039265458044318,4.454545454545453,44.0,81173.69,30,Chemicals & Plastics,43.0,deteriorating_payer
INV704757,C1159,2025-02-25,39.833333333333336,43.0,12,5.843929769557052,3.1666666666666643,43.0,24590.62,30,Chemicals & Plastics,61.0,deteriorating_payer
INV704758,C1159,2025-03-15,41.46153846153846,49.333333333333336,13,8.109823103448727,7.871794871794876,61.0,85850.86,30,Chemicals & Plastics,52.0,deteriorating_payer
INV704759,C1159,2025-03-18,42.214285714285715,52.0,14,8.285098499285153,9.785714285714285,52.0,43361.4,30,Chemicals & Plastics,45.0,deteriorating_payer
INV704760,C1159,2025-03-21,42.4,52.666666666666664,15,8.016055317744684,10.266666666666666,45.0,51999.08,30,Chemicals & Plastics,51.0,deteriorating_payer
INV704761,C1159,2025-03-31,42.9375,49.333333333333336,16,8.03715331030417,6.395833333333336,51.0,104516.97,30,Chemicals & Plastics,35.0,deteriorating_payer
INV704762,C1159,2025-04-23,42.470588235294116,43.666666666666664,17,8.016527046193564,1.1960784313725483,35.0,40442.17,30,Chemicals & Plastics,34.0,deteriorating_payer
INV704763,C1159,2025-05-01,42.0,40.0,18,8.029357896824258,-2.0,34.0,77895.95,30,Chemicals & Plastics,51.0,deteriorating_payer
INV704764,C1159,2025-06-03,42.473684210526315,40.0,19,8.071681781613155,-2.473684210526315,51.0,60099.47,30,Chemicals & Plastics,45.0,deteriorating_payer
INV704765,C1159,2025-07-05,42.6,43.333333333333336,20,7.876681107113444,0.7333333333333343,45.0,223401.16,30,Chemicals & Plastics,51.0,deteriorating_payer
INV704766,C1159,2025-07-11,43.0,49.0,21,7.893034904268444,6.0,51.0,107899.61,30,Chemicals & Plastics,52.0,deteriorating_payer
INV704767,C1159,2025-07-27,43.40909090909091,49.333333333333336,22,7.9382083315538825,5.924242424242429,52.0,62705.53,30,Chemicals & Plastics,62.0,deteriorating_payer
INV704768,C1159,2025-08-02,44.21739130434783,55.0,23,8.670517032602392,10.782608695652172,62.0,54798.29,30,Chemicals & Plastics,72.0,deteriorating_payer
INV704769,C1159,2025-12-18,45.375,62.0,24,10.201502446890506,16.625,72.0,92239.05,30,Chemicals & Plastics,72.0,deteriorating_payer
INV704770,C1159,2026-01-22,46.44,68.66666666666667,25,11.317685275708984,22.226666666666674,72.0,71054.22,30,Chemicals & Plastics,58.0,deteriorating_payer
INV704771,C1159,2026-03-01,46.88461538461539,67.33333333333333,26,11.318398908244655,20.448717948717942,58.0,50428.15,30,Chemicals & Plastics,65.0,deteriorating_payer
INV704772,C1159,2026-03-27,47.55555555555556,65.0,27,11.63328557774343,17.444444444444443,65.0,48110.67,30,Chemicals & Plastics,48.0,deteriorating_payer
INV704773,C1159,2026-04-16,47.57142857142857,57.0,28,11.416130794977882,9.42857142857143,48.0,62096.9,30,Chemicals & Plastics,46.0,deteriorating_payer
INV704775,C1159,2026-04-20,47.51724137931034,53.0,29,11.21421511696896,5.482758620689658,46.0,37061.92,30,Chemicals & Plastics,63.0,deteriorating_payer
INV704776,C1159,2026-04-27,48.03333333333333,52.333333333333336,30,11.375967812813155,4.300000000000004,63.0,59464.17,30,Chemicals & Plastics,79.0,deteriorating_payer
INV704777,C1159,2026-05-27,49.03225806451613,62.666666666666664,31,12.491287286125322,13.634408602150536,79.0,70905.78,30,Chemicals & Plastics,64.0,deteriorating_payer
INV704782,C1160,2024-02-25,,,0,,,,15579.34,45,Auto Components,56.0,average_payer
INV704783,C1160,2024-03-26,56.0,56.0,1,,0.0,56.0,58778.79,45,Auto Components,49.0,average_payer
INV704784,C1160,2024-04-13,52.5,52.5,2,4.949747468305833,0.0,49.0,74465.03,45,Auto Components,59.0,average_payer
INV704785,C1160,2024-07-01,54.666666666666664,54.666666666666664,3,5.131601439446885,0.0,59.0,17581.31,45,Auto Components,51.0,average_payer
INV704786,C1160,2024-09-23,53.75,53.0,4,4.573474244670749,-0.75,51.0,49588.92,45,Auto Components,47.0,average_payer
INV704787,C1160,2024-10-22,52.4,52.333333333333336,5,4.979959839195493,-0.06666666666666288,47.0,77832.21,45,Auto Components,51.0,average_payer
INV704788,C1160,2024-11-29,52.166666666666664,49.666666666666664,6,4.490731195102493,-2.5,51.0,114510.34,45,Auto Components,55.0,average_payer
INV704789,C1160,2024-12-19,52.57142857142857,51.0,7,4.2370250120079485,-1.5714285714285694,55.0,41019.24,45,Auto Components,53.0,average_payer
INV704790,C1160,2025-02-19,52.625,53.0,8,3.925648263117098,0.375,53.0,82884.15,45,Auto Components,46.0,average_payer
INV704791,C1160,2025-03-02,51.888888888888886,51.333333333333336,9,4.28498671072748,-0.55555555555555,46.0,42569.59,45,Auto Components,52.0,average_payer
INV704792,C1160,2025-03-18,51.9,50.333333333333336,10,4.04007700696685,-1.5666666666666629,52.0,73980.26,45,Auto Components,60.0,average_payer
INV704793,C1160,2025-04-18,52.63636363636363,52.666666666666664,11,4.544727214536144,0.030303030303031164,60.0,38363.91,45,Auto Components,54.0,average_payer
INV704794,C1160,2025-06-18,52.75,55.333333333333336,12,4.351070923556428,2.5833333333333357,54.0,76402.03,45,Auto Components,53.0,average_payer
INV704795,C1160,2025-06-27,52.76923076923077,55.666666666666664,13,4.166410248520225,2.897435897435898,53.0,35780.97,45,Auto Components,37.0,average_payer
INV704796,C1160,2025-07-09,51.642857142857146,48.0,14,5.812548002873979,-3.642857142857146,37.0,34393.93,45,Auto Components,50.0,average_payer
INV704797,C1160,2025-09-12,51.53333333333333,46.666666666666664,15,5.617150607948923,-4.866666666666667,50.0,75603.92,45,Auto Components,48.0,average_payer
INV704798,C1160,2025-09-22,51.3125,45.0,16,5.498105734402228,-6.3125,48.0,68775.28,45,Auto Components,46.0,average_payer
INV704799,C1160,2025-11-13,51.0,48.0,17,5.477225575051661,-3.0,46.0,43683.85,45,Auto Components,48.0,average_payer
INV704800,C1160,2025-11-27,50.833333333333336,47.333333333333336,18,5.360531141374617,-3.5,48.0,97999.62,45,Auto Components,43.0,average_payer
INV704801,C1160,2026-02-05,50.421052631578945,45.666666666666664,19,5.510755034714533,-4.754385964912281,43.0,68835.17,45,Auto Components,46.0,average_payer
INV704802,C1160,2026-02-16,50.2,45.666666666666664,20,5.454114815536306,-4.5333333333333385,46.0,171141.13,45,Auto Components,45.0,average_payer
INV704803,C1160,2026-02-22,49.95238095238095,44.666666666666664,21,5.435772166640086,-5.285714285714285,45.0,66943.6,45,Auto Components,41.0,average_payer
INV704804,C1160,2026-03-07,49.54545454545455,44.0,22,5.637690110634833,-5.545454545454547,41.0,62618.41,45,Auto Components,50.0,average_payer
INV704805,C1160,2026-03-11,49.56521739130435,45.333333333333336,23,5.508886102194937,-4.2318840579710155,50.0,43215.73,45,Auto Components,51.0,average_payer
INV704806,C1160,2026-06-06,49.625,47.333333333333336,24,5.395751146483927,-2.2916666666666643,51.0,92407.66,45,Auto Components,43.0,average_payer
INV704810,C1161,2024-03-11,,,0,,,,15690.15,30,IT & Business Services,25.0,prompt_payer
INV704811,C1161,2024-03-12,25.0,25.0,1,,0.0,25.0,28474.58,30,IT & Business Services,29.0,prompt_payer
INV704812,C1161,2024-05-20,27.0,27.0,2,2.8284271247461903,0.0,29.0,27529.64,30,IT & Business Services,29.0,prompt_payer
INV704813,C1161,2024-06-02,27.666666666666668,27.666666666666668,3,2.309401076758503,0.0,29.0,9950.64,30,IT & Business Services,28.0,prompt_payer
INV704814,C1161,2024-06-14,27.75,28.666666666666668,4,1.892969448600091,0.9166666666666679,28.0,25473.66,30,IT & Business Services,27.0,prompt_payer
INV704815,C1161,2024-08-01,27.6,28.0,5,1.673320053068151,0.3999999999999986,27.0,28454.7,30,IT & Business Services,26.0,prompt_payer
INV704816,C1161,2024-11-19,27.333333333333332,27.0,6,1.632993161855452,-0.33333333333333215,26.0,13488.17,30,IT & Business Services,28.0,prompt_payer
INV704817,C1161,2024-12-09,27.428571428571427,27.0,7,1.5118578920369088,-0.42857142857142705,28.0,33121.29,30,IT & Business Services,24.0,prompt_payer
INV704818,C1161,2025-01-20,27.0,26.0,8,1.8516401995451033,-1.0,24.0,85256.2,30,IT & Business Services,27.0,prompt_payer
INV704819,C1161,2025-02-01,27.0,26.333333333333332,9,1.7320508075688776,-0.6666666666666679,27.0,31350.16,30,IT & Business Services,31.0,prompt_payer
INV704820,C1161,2025-02-26,27.4,27.333333333333332,10,2.0655911179772892,-0.06666666666666643,31.0,12828.84,30,IT & Business Services,27.0,prompt_payer
INV704821,C1161,2025-05-04,27.363636363636363,28.333333333333332,11,1.963299634428086,0.9696969696969688,27.0,27018.07,30,IT & Business Services,29.0,prompt_payer
INV704822,C1161,2025-07-17,27.5,29.0,12,1.930614598326846,1.5,29.0,35580.06,30,IT & Business Services,30.0,prompt_payer
INV704823,C1161,2025-08-18,27.692307692307693,28.666666666666668,13,1.9741924671712985,0.9743589743589745,30.0,18727.14,30,IT & Business Services,30.0,prompt_payer
INV704824,C1161,2025-08-30,27.857142857142858,29.666666666666668,14,1.9944979263017495,1.8095238095238102,30.0,25111.83,30,IT & Business Services,26.0,prompt_payer
INV704825,C1161,2025-12-19,27.733333333333334,28.666666666666668,15,1.9808608037440503,0.9333333333333336,26.0,34978.67,30,IT & Business Services,29.0,prompt_payer
INV704826,C1161,2026-01-18,27.8125,28.333333333333332,16,1.9397164741270825,0.5208333333333321,29.0,23677.42,30,IT & Business Services,24.0,prompt_payer
INV704827,C1161,2026-01-23,27.58823529411765,26.333333333333332,17,2.093407017561676,-1.2549019607843164,24.0,101089.36,30,IT & Business Services,26.0,prompt_payer
INV704828,C1161,2026-01-27,27.5,26.333333333333332,18,2.0651164331225838,-1.1666666666666679,26.0,7111.05,30,IT & Business Services,30.0,prompt_payer
INV704829,C1161,2026-02-14,27.63157894736842,26.666666666666668,19,2.0872769692110413,-0.9649122807017534,30.0,19031.2,30,IT & Business Services,26.0,prompt_payer
INV704830,C1161,2026-03-05,27.55,27.333333333333332,20,2.0641042405337657,-0.21666666666666856,26.0,23582.48,30,IT & Business Services,29.0,prompt_payer
INV704831,C1161,2026-06-26,27.61904761904762,28.333333333333332,21,2.0365704131257156,0.7142857142857117,29.0,34540.12,30,IT & Business Services,28.0,prompt_payer
INV704832,C1161,2026-07-06,27.636363636363637,27.666666666666668,22,1.9891480479617292,0.030303030303031164,28.0,30630.12,30,IT & Business Services,28.0,prompt_payer
INV704834,C1162,2024-03-25,,,0,,,,61702.35,45,FMCG & Food Processing,48.0,average_payer
INV704835,C1162,2024-04-12,48.0,48.0,1,,0.0,48.0,49691.48,45,FMCG & Food Processing,55.0,average_payer
INV704836,C1162,2024-07-25,51.5,51.5,2,4.949747468305833,0.0,55.0,64958.34,45,FMCG & Food Processing,45.0,average_payer
INV704837,C1162,2024-07-27,49.333333333333336,49.333333333333336,3,5.131601439446885,0.0,45.0,52890.35,45,FMCG & Food Processing,42.0,average_payer
INV704838,C1162,2024-09-02,47.5,47.333333333333336,4,5.567764362830023,-0.1666666666666643,42.0,87275.71,45,FMCG & Food Processing,47.0,average_payer
INV704839,C1162,2024-09-05,47.4,44.666666666666664,5,4.8270073544588685,-2.7333333333333343,47.0,60938.24,45,FMCG & Food Processing,49.0,average_payer
INV704840,C1162,2024-09-14,47.666666666666664,46.0,6,4.366539438350085,-1.6666666666666643,49.0,39276.42,45,FMCG & Food Processing,51.0,average_payer
INV704841,C1162,2024-09-22,48.142857142857146,49.0,7,4.180453381654972,0.8571428571428541,51.0,78808.42,45,FMCG & Food Processing,44.0,average_payer
INV704842,C1162,2024-10-26,47.625,48.0,8,4.138236339311713,0.375,44.0,47234.71,45,FMCG & Food Processing,51.0,average_payer
INV704843,C1162,2025-02-23,48.0,48.666666666666664,9,4.0311288741492755,0.6666666666666643,51.0,90357.64,45,FMCG & Food Processing,49.0,average_payer
INV704844,C1162,2025-02-28,48.1,48.0,10,3.8137179293236216,-0.10000000000000142,49.0,49292.18,45,FMCG & Food Processing,50.0,average_payer
INV704845,C1162,2025-03-24,48.27272727272727,50.0,11,3.6630836488103604,1.7272727272727266,50.0,41576.19,45,FMCG & Food Processing,55.0,average_payer
INV704846,C1162,2025-05-11,48.833333333333336,51.333333333333336,12,3.9962103260085016,2.5,55.0,102996.04,45,FMCG & Food Processing,46.0,average_payer
INV704847,C1162,2025-05-14,48.61538461538461,50.333333333333336,13,3.905945500952396,1.7179487179487225,46.0,40827.5,45,FMCG & Food Processing,49.0,average_payer
INV704848,C1162,2025-05-16,48.642857142857146,50.0,14,3.754118617386323,1.357142857142854,49.0,43458.23,45,FMCG & Food Processing,56.0,average_payer
INV704849,C1162,2025-05-23,49.13333333333333,50.333333333333336,15,4.085980677296223,1.2000000000000028,56.0,67314.85,45,FMCG & Food Processing,45.0,average_payer
INV704850,C1162,2025-06-17,48.875,50.0,16,4.080441152620633,1.125,45.0,24436.04,45,FMCG & Food Processing,49.0,average_payer
INV704851,C1162,2025-06-20,48.88235294117647,50.0,17,3.9509864739893836,1.117647058823529,49.0,79057.98,45,FMCG & Food Processing,52.0,average_payer
INV704852,C1162,2025-06-20,49.05555555555556,48.666666666666664,18,3.90282284299337,-0.38888888888889284,52.0,26779.34,45,FMCG & Food Processing,44.0,average_payer
INV704853,C1162,2025-06-22,48.78947368421053,48.333333333333336,19,3.966231732015514,-0.45614035087719174,44.0,36305.2,45,FMCG & Food Processing,43.0,average_payer
INV704854,C1162,2025-07-09,48.5,46.333333333333336,20,4.071725355229777,-2.1666666666666643,43.0,56987.87,45,FMCG & Food Processing,44.0,average_payer
INV704855,C1162,2025-09-08,48.285714285714285,43.666666666666664,21,4.088310863215481,-4.61904761904762,44.0,401521.91,45,FMCG & Food Processing,51.0,average_payer
INV704856,C1162,2025-09-15,48.40909090909091,46.0,22,4.031531564213129,-2.4090909090909065,51.0,57834.92,45,FMCG & Food Processing,52.0,average_payer
INV704857,C1162,2025-10-20,48.56521739130435,49.0,23,4.009376362257509,0.4347826086956488,52.0,52638.14,45,FMCG & Food Processing,40.0,average_payer
INV704858,C1162,2025-11-17,48.208333333333336,47.666666666666664,24,4.293363601477606,-0.5416666666666714,40.0,47961.42,45,FMCG & Food Processing,48.0,average_payer
INV704859,C1162,2026-01-03,48.2,46.666666666666664,25,4.203173404306164,-1.5333333333333385,48.0,80613.44,45,FMCG & Food Processing,48.0,average_payer
INV704860,C1162,2026-02-19,48.19230769230769,45.333333333333336,26,4.118438837901865,-2.8589743589743577,48.0,60738.24,45,FMCG & Food Processing,54.0,average_payer
INV704861,C1162,2026-03-04,48.407407407407405,50.0,27,4.19027499794519,1.5925925925925952,54.0,63627.86,45,FMCG & Food Processing,47.0,average_payer
INV704862,C1162,2026-04-14,48.357142857142854,49.666666666666664,28,4.120538311778691,1.3095238095238102,47.0,53363.94,45,FMCG & Food Processing,60.0,average_payer
INV704863,C1162,2026-04-18,48.758620689655174,53.666666666666664,29,4.587678937061383,4.90804597701149,60.0,49663.66,45,FMCG & Food Processing,52.0,average_payer
INV704864,C1162,2026-06-10,48.86666666666667,53.0,30,4.546566217247484,4.133333333333333,52.0,54739.43,45,FMCG & Food Processing,49.0,average_payer
INV704865,C1163,2024-03-26,,,0,,,,143303.49,45,Pharma & Healthcare,75.0,improving_payer
INV704866,C1163,2024-05-17,75.0,75.0,1,,0.0,75.0,119873.41,45,Pharma & Healthcare,73.0,improving_payer
INV704867,C1163,2024-05-29,74.0,74.0,2,1.4142135623730951,0.0,73.0,156672.59,45,Pharma & Healthcare,63.0,improving_payer
INV704868,C1163,2024-06-27,70.33333333333333,70.33333333333333,3,6.429100507328634,0.0,63.0,86554.81,45,Pharma & Healthcare,76.0,improving_payer
INV704869,C1163,2024-06-29,71.75,70.66666666666667,4,5.965176722724426,-1.0833333333333286,76.0,144855.33,45,Pharma & Healthcare,70.0,improving_payer
INV704870,C1163,2024-07-05,71.4,69.66666666666667,5,5.224940191045253,-1.7333333333333343,70.0,122215.9,45,Pharma & Healthcare,64.0,improving_payer
INV704871,C1163,2024-08-02,70.16666666666667,70.0,6,5.564770136013408,-0.1666666666666714,64.0,123490.22,45,Pharma & Healthcare,67.0,improving_payer
INV704872,C1163,2024-08-09,69.71428571428571,67.0,7,5.219012860502957,-2.714285714285708,67.0,72238.43,45,Pharma & Healthcare,63.0,improving_payer
INV704873,C1163,2024-08-24,68.875,64.66666666666667,8,5.383506557731947,-4.208333333333329,63.0,145980.68,45,Pharma & Healthcare,66.0,improving_payer
INV704874,C1163,2024-11-26,68.55555555555556,65.33333333333333,9,5.126185499743235,-3.2222222222222285,66.0,3063.25,45,Pharma & Healthcare,68.0,improving_payer
INV704875,C1163,2024-12-20,68.5,65.66666666666667,10,4.836206042848971,-2.8333333333333286,68.0,102354.22,45,Pharma & Healthcare,56.0,improving_payer
INV704876,C1163,2024-12-23,67.36363636363636,63.333333333333336,11,5.937553827507205,-4.030303030303024,56.0,170650.72,45,Pharma & Healthcare,67.0,improving_payer
INV704877,C1163,2025-02-12,67.33333333333333,63.666666666666664,12,5.6622085850493065,-3.6666666666666643,67.0,168487.96,45,Pharma & Healthcare,68.0,improving_payer
INV704878,C1163,2025-03-10,67.38461538461539,63.666666666666664,13,5.424304280096843,-3.7179487179487225,68.0,163414.28,45,Pharma & Healthcare,57.0,improving_payer
INV704879,C1163,2025-03-20,66.64285714285714,64.0,14,5.904459108388961,-2.642857142857139,57.0,138608.2,45,Pharma & Healthcare,68.0,improving_payer
INV704880,C1163,2025-05-02,66.73333333333333,64.33333333333333,15,5.700459463520296,-2.4000000000000057,68.0,49113.57,45,Pharma & Healthcare,64.0,improving_payer
INV704881,C1163,2025-05-16,66.5625,63.0,16,5.549399366898488,-3.5625,64.0,260641.34,45,Pharma & Healthcare,62.0,improving_payer
INV704882,C1163,2025-06-03,66.29411764705883,64.66666666666667,17,5.485944607384778,-1.6274509803921546,62.0,125480.48,45,Pharma & Healthcare,51.0,improving_payer
INV704883,C1163,2025-07-14,65.44444444444444,59.0,18,6.428083807629495,-6.444444444444443,51.0,193668.56,45,Pharma & Healthcare,56.0,improving_payer
INV704884,C1163,2025-07-25,64.94736842105263,56.333333333333336,19,6.612057035871215,-8.614035087719294,56.0,114514.77,45,Pharma & Healthcare,57.0,improving_payer
INV704885,C1163,2025-09-08,64.55,54.666666666666664,20,6.67654969197966,-9.883333333333333,57.0,150750.44,45,Pharma & Healthcare,56.0,improving_payer
INV704886,C1163,2025-09-20,64.14285714285714,56.333333333333336,21,6.769680304753795,-7.809523809523803,56.0,229585.81,45,Pharma & Healthcare,52.0,improving_payer
INV704887,C1163,2025-11-13,63.59090909090909,55.0,22,7.09566662467205,-8.590909090909093,52.0,85348.9,45,Pharma & Healthcare,51.0,improving_payer
INV704888,C1163,2025-11-25,63.04347826086956,53.0,23,7.4130000114636765,-10.043478260869563,51.0,98169.57,45,Pharma & Healthcare,48.0,improving_payer
INV704889,C1163,2025-12-08,62.416666666666664,50.333333333333336,24,7.873547715178234,-12.083333333333329,48.0,132590.38,45,Pharma & Healthcare,61.0,improving_payer
INV704890,C1163,2026-01-04,62.36,53.333333333333336,25,7.712976079309464,-9.026666666666664,61.0,156887.64,45,Pharma & Healthcare,53.0,improving_payer
INV704891,C1163,2026-01-31,62.0,54.0,26,7.776888838089431,-8.0,53.0,340568.32,45,Pharma & Healthcare,48.0,improving_payer
INV704892,C1163,2026-02-06,61.48148148148148,54.0,27,8.087836880965478,-7.481481481481481,48.0,52370.71,45,Pharma & Healthcare,53.0,improving_payer
INV704893,C1163,2026-04-16,61.17857142857143,51.333333333333336,28,8.096883586264767,-9.845238095238095,53.0,137798.75,45,Pharma & Healthcare,52.0,improving_payer
INV704894,C1163,2026-05-10,60.86206896551724,51.0,29,8.131614397483418,-9.862068965517238,52.0,102600.56,45,Pharma & Healthcare,46.0,improving_payer
INV704895,C1163,2026-05-29,60.36666666666667,50.333333333333336,30,8.43834978692142,-10.033333333333331,46.0,118381.57,45,Pharma & Healthcare,49.0,improving_payer
INV704896,C1163,2026-06-07,60.0,49.0,31,8.54400374531753,-11.0,49.0,116206.84,45,Pharma & Healthcare,52.0,improving_payer
INV704897,C1163,2026-06-10,59.75,49.0,32,8.523213084883105,-10.75,52.0,101532.08,45,Pharma & Healthcare,48.0,improving_payer
INV704900,C1164,2024-04-15,,,0,,,,115986.06,45,Construction & Infra,67.0,average_payer
INV704901,C1164,2024-05-16,67.0,67.0,1,,0.0,67.0,281054.65,45,Construction & Infra,59.0,average_payer
INV704902,C1164,2024-05-18,63.0,63.0,2,5.656854249492381,0.0,59.0,256811.2,45,Construction & Infra,58.0,average_payer
INV704903,C1164,2024-05-27,61.333333333333336,61.333333333333336,3,4.932882862316248,0.0,58.0,245923.51,45,Construction & Infra,43.0,average_payer
INV704904,C1164,2024-07-03,56.75,53.333333333333336,4,10.012492197250394,-3.4166666666666643,43.0,400810.11,45,Construction & Infra,69.0,average_payer
INV704905,C1164,2024-07-29,59.2,56.666666666666664,5,10.256705123966467,-2.5333333333333385,69.0,263527.23,45,Construction & Infra,62.0,average_payer
INV704906,C1164,2024-08-12,59.666666666666664,58.0,6,9.244818368506039,-1.6666666666666643,62.0,394134.04,45,Construction & Infra,73.0,average_payer
INV704907,C1164,2024-08-25,61.57142857142857,68.0,7,9.829498848824775,6.428571428571431,73.0,281440.36,45,Construction & Infra,53.0,average_payer
INV704908,C1164,2024-09-18,60.5,62.666666666666664,8,9.591663046625438,2.1666666666666643,53.0,192885.45,45,Construction & Infra,72.0,average_payer
INV704909,C1164,2024-10-03,61.77777777777778,66.0,9,9.756764035500932,4.222222222222221,72.0,3000.0,45,Construction & Infra,66.0,average_payer
INV704910,C1164,2024-10-07,62.2,63.666666666666664,10,9.295160030897799,1.4666666666666615,66.0,280954.14,45,Construction & Infra,49.0,average_payer
INV704911,C1164,2024-10-22,61.0,62.333333333333336,11,9.674709297958259,1.3333333333333357,49.0,335482.33,45,Construction & Infra,46.0,average_payer
INV704912,C1164,2024-10-30,59.75,53.666666666666664,12,10.190235968362515,-6.083333333333336,46.0,192905.5,45,Construction & Infra,47.0,average_payer
INV704913,C1164,2024-11-22,58.76923076923077,47.333333333333336,13,10.377490433255417,-11.43589743589743,47.0,467230.8,45,Construction & Infra,50.0,average_payer
INV704914,C1164,2024-12-29,58.142857142857146,47.666666666666664,14,10.242123749550135,-10.476190476190482,50.0,1745839.74,45,Construction & Infra,65.0,average_payer
INV704915,C1164,2025-01-20,58.6,54.0,15,10.027106120055635,-4.600000000000001,65.0,312148.6,45,Construction & Infra,66.0,average_payer
INV704916,C1164,2025-01-23,59.0625,60.333333333333336,16,9.862175216451998,1.2708333333333357,66.0,236832.85,45,Construction & Infra,66.0,average_payer
INV704917,C1164,2025-02-26,59.470588235294116,65.66666666666667,17,9.696118083148171,6.196078431372555,66.0,324963.11,45,Construction & Infra,60.0,average_payer
INV704918,C1164,2025-04-15,59.5,64.0,18,9.407443861113391,4.5,60.0,267152.99,45,Construction & Infra,71.0,average_payer
INV704919,C1164,2025-06-17,60.10526315789474,65.66666666666667,19,9.515453727969193,5.561403508771932,71.0,284364.04,45,Construction & Infra,57.0,average_payer
INV704920,C1164,2025-07-04,59.95,62.666666666666664,20,9.28765451100489,2.7166666666666615,57.0,322595.11,45,Construction & Infra,53.0,average_payer
INV704921,C1164,2025-07-10,59.61904761904762,60.333333333333336,21,9.178650175685913,0.7142857142857153,53.0,438694.52,45,Construction & Infra,77.0,average_payer
INV704922,C1164,2025-07-11,60.40909090909091,62.333333333333336,22,9.693685185084798,1.9242424242424292,77.0,222558.8,45,Construction & Infra,47.0,average_payer
INV704924,C1164,2025-08-05,59.82608695652174,59.0,23,9.874909315639048,-0.8260869565217419,47.0,329377.39,45,Construction & Infra,60.0,average_payer
INV704925,C1164,2025-08-31,59.833333333333336,61.333333333333336,24,9.65791707972483,1.5,60.0,377079.34,45,Construction & Infra,62.0,average_payer
INV704926,C1164,2025-10-23,59.92,56.333333333333336,25,9.46449505608549,-3.586666666666666,62.0,287704.38,45,Construction & Infra,64.0,average_payer
INV704927,C1164,2026-01-06,60.07692307692308,62.0,26,9.307730451288657,1.9230769230769198,64.0,344525.91,45,Construction & Infra,74.0,average_payer
INV704928,C1164,2026-01-18,60.592592592592595,66.66666666666667,27,9.512175433699774,6.074074074074076,74.0,99035.21,45,Construction & Infra,61.0,average_payer
INV704929,C1164,2026-02-04,60.607142857142854,66.33333333333333,28,9.334679608119572,5.7261904761904745,61.0,421581.12,45,Construction & Infra,57.0,average_payer
INV704930,C1164,2026-03-14,60.48275862068966,64.0,29,9.190914339930544,3.5172413793103416,57.0,202077.22,45,Construction & Infra,57.0,average_payer
INV704931,C1164,2026-03-19,60.36666666666667,58.333333333333336,30,9.053417466133546,-2.0333333333333314,57.0,347482.49,45,Construction & Infra,47.0,average_payer
INV704932,C1164,2026-03-30,59.935483870967744,53.666666666666664,31,9.219311195785247,-6.2688172043010795,47.0,212158.59,45,Construction & Infra,53.0,average_payer
INV704933,C1164,2026-03-31,59.71875,52.333333333333336,32,9.151888135877366,-7.385416666666664,53.0,331397.0,45,Construction & Infra,58.0,average_payer
INV704934,C1164,2026-04-15,59.666666666666664,52.666666666666664,33,9.01272248916312,-7.0,58.0,343995.98,45,Construction & Infra,63.0,average_payer
INV704935,C1164,2026-04-18,59.76470588235294,58.0,34,8.893507415710502,-1.764705882352942,63.0,136039.05,45,Construction & Infra,63.0,average_payer
INV704936,C1164,2026-04-26,59.857142857142854,61.333333333333336,35,8.77879415926563,1.4761904761904816,63.0,342928.05,45,Construction & Infra,55.0,average_payer
INV704937,C1164,2026-05-31,59.72222222222222,60.333333333333336,36,8.690260923622198,0.6111111111111143,55.0,205811.42,45,Construction & Infra,69.0,average_payer
INV704939,C1165,2024-03-03,,,0,,,,66523.78,45,Pharma & Healthcare,47.0,average_payer
INV704940,C1165,2024-03-07,47.0,47.0,1,,0.0,47.0,117171.11,45,Pharma & Healthcare,41.0,average_payer
INV704941,C1165,2024-05-18,44.0,44.0,2,4.242640687119285,0.0,41.0,57702.67,45,Pharma & Healthcare,50.0,average_payer
INV704942,C1165,2024-05-19,46.0,46.0,3,4.58257569495584,0.0,50.0,74122.48,45,Pharma & Healthcare,50.0,average_payer
INV704943,C1165,2024-05-25,47.0,47.0,4,4.242640687119285,0.0,50.0,82246.98,45,Pharma & Healthcare,50.0,average_payer
INV704944,C1165,2024-06-01,47.6,50.0,5,3.9115214431215892,2.3999999999999986,50.0,56089.95,45,Pharma & Healthcare,46.0,average_payer
INV704945,C1165,2024-06-16,47.333333333333336,48.666666666666664,6,3.559026084010437,1.3333333333333286,46.0,178468.37,45,Pharma & Healthcare,49.0,average_payer
INV704946,C1165,2024-06-23,47.57142857142857,48.333333333333336,7,3.309438162646486,0.7619047619047663,49.0,139761.61,45,Pharma & Healthcare,51.0,average_payer
INV704947,C1165,2024-07-14,48.0,48.666666666666664,8,3.295017884191655,0.6666666666666643,51.0,191067.39,45,Pharma & Healthcare,57.0,average_payer
INV704948,C1165,2024-09-17,49.0,52.333333333333336,9,4.301162633521311,3.3333333333333357,57.0,70476.53,45,Pharma & Healthcare,44.0,average_payer
INV704949,C1165,2024-10-23,48.5,50.666666666666664,10,4.352521619066864,2.1666666666666643,44.0,174295.85,45,Pharma & Healthcare,48.0,average_payer
INV704950,C1165,2024-12-01,48.45454545454545,49.666666666666664,11,4.131915690418581,1.212121212121211,48.0,71053.75,45,Pharma & Healthcare,39.0,average_payer
INV704951,C1165,2025-01-08,47.666666666666664,43.666666666666664,12,4.792671172707029,-4.0,39.0,63640.04,45,Pharma & Healthcare,50.0,average_payer
INV704952,C1165,2025-03-07,47.84615384615385,45.666666666666664,13,4.634043479981491,-2.1794871794871824,50.0,160063.82,45,Pharma & Healthcare,42.0,average_payer
INV704953,C1165,2025-04-10,47.42857142857143,43.666666666666664,14,4.718446382416173,-3.7619047619047663,42.0,169205.24,45,Pharma & Healthcare,45.0,average_payer
INV704954,C1165,2025-06-26,47.266666666666666,45.666666666666664,15,4.589843860815602,-1.6000000000000014,45.0,21180.61,45,Pharma & Healthcare,52.0,average_payer
INV704955,C1165,2025-06-27,47.5625,46.333333333333336,16,4.589389937671455,-1.2291666666666643,52.0,136941.44,45,Pharma & Healthcare,49.0,average_payer
INV704956,C1165,2025-07-06,47.64705882352941,48.666666666666664,17,4.457313883812035,1.0196078431372513,49.0,152467.88,45,Pharma & Healthcare,45.0,average_payer
INV704957,C1165,2025-09-29,47.5,48.666666666666664,18,4.369008502408487,1.1666666666666643,45.0,109853.17,45,Pharma & Healthcare,52.0,average_payer
INV704958,C1165,2025-10-09,47.73684210526316,48.666666666666664,19,4.369618662018688,0.9298245614035068,52.0,112855.12,45,Pharma & Healthcare,44.0,average_payer
INV704959,C1165,2025-10-23,47.55,47.0,20,4.334379091088268,-0.5499999999999972,44.0,49392.25,45,Pharma & Healthcare,48.0,average_payer
INV704960,C1165,2025-10-29,47.57142857142857,48.0,21,4.225771273642583,0.4285714285714306,48.0,134857.1,45,Pharma & Healthcare,45.0,average_payer
INV704961,C1165,2025-11-29,47.45454545454545,45.666666666666664,22,4.160211449837533,-1.787878787878789,45.0,77795.92,45,Pharma & Healthcare,46.0,average_payer
INV704962,C1165,2025-12-26,47.391304347826086,46.333333333333336,23,4.075861653852334,-1.0579710144927503,46.0,146214.43,45,Pharma & Healthcare,46.0,average_payer
INV704963,C1165,2026-01-11,47.333333333333336,45.666666666666664,24,3.9963751691693843,-1.6666666666666714,46.0,165016.21,45,Pharma & Healthcare,48.0,average_payer
INV704964,C1165,2026-02-01,47.36,46.666666666666664,25,3.9145029484384524,-0.6933333333333351,48.0,160668.54,45,Pharma & Healthcare,50.0,average_payer
INV704965,C1165,2026-03-22,47.46153846153846,48.0,26,3.870201743896762,0.5384615384615401,50.0,63397.01,45,Pharma & Healthcare,46.0,average_payer
INV704966,C1165,2026-04-27,47.407407407407405,48.0,27,3.805454175454158,0.5925925925925952,46.0,138471.01,45,Pharma & Healthcare,51.0,average_payer
INV704967,C1165,2026-05-22,47.535714285714285,49.0,28,3.7955348313623283,1.4642857142857153,51.0,64895.47,45,Pharma & Healthcare,48.0,average_payer
INV704968,C1165,2026-06-11,47.55172413793103,48.333333333333336,29,3.728138245602639,0.7816091954023037,48.0,99744.39,45,Pharma & Healthcare,45.0,average_payer
INV704973,C1166,2024-03-11,,,0,,,,62189.42,45,Construction & Infra,114.0,chronic_late_payer
INV704974,C1166,2024-03-26,114.0,114.0,1,,0.0,114.0,65062.73,45,Construction & Infra,101.0,chronic_late_payer
INV704975,C1166,2024-03-26,107.5,107.5,2,9.192388155425117,0.0,101.0,78027.78,45,Construction & Infra,99.0,chronic_late_payer
INV704976,C1166,2024-04-06,104.66666666666667,104.66666666666667,3,8.144527815247079,0.0,99.0,69620.35,45,Construction & Infra,102.0,chronic_late_payer
INV704977,C1166,2024-07-16,104.0,100.66666666666667,4,6.78232998312527,-3.3333333333333286,102.0,42357.39,45,Construction & Infra,99.0,chronic_late_payer
INV704978,C1166,2024-07-17,103.0,100.0,5,6.2849025449882685,-3.0,99.0,358510.31,45,Construction & Infra,103.0,chronic_late_payer
INV704979,C1166,2024-07-30,103.0,101.33333333333333,6,5.6213877290220795,-1.6666666666666714,103.0,67886.01,45,Construction & Infra,111.0,chronic_late_payer
INV704980,C1166,2024-07-30,104.14285714285714,104.33333333333333,7,5.956189257922425,0.1904761904761898,111.0,36085.21,45,Construction & Infra,101.0,chronic_late_payer
INV704981,C1166,2024-08-04,103.75,105.0,8,5.625198409199196,1.25,101.0,13607.41,45,Construction & Infra,96.0,chronic_late_payer
INV704982,C1166,2024-10-23,102.88888888888889,102.66666666666667,9,5.861835131689659,-0.22222222222221433,96.0,54245.83,45,Construction & Infra,110.0,chronic_late_payer
INV704983,C1166,2024-12-01,103.6,102.33333333333333,10,5.966573556070521,-1.2666666666666657,110.0,22545.87,45,Construction & Infra,98.0,chronic_late_payer
INV704984,C1166,2025-02-06,103.0909090909091,101.33333333333333,11,5.906852722974317,-1.757575757575765,98.0,37323.03,45,Construction & Infra,102.0,chronic_late_payer
INV704985,C1166,2025-02-23,103.0,103.33333333333333,12,5.640760748177662,0.3333333333333286,102.0,47607.04,45,Construction & Infra,95.0,chronic_late_payer
INV704986,C1166,2025-03-13,102.38461538461539,98.33333333333333,13,5.8386422728014065,-4.051282051282058,95.0,59752.19,45,Construction & Infra,95.0,chronic_late_payer
INV704987,C1166,2025-04-16,101.85714285714286,97.33333333333333,14,5.946649255054256,-4.523809523809533,95.0,55528.49,45,Construction & Infra,107.0,chronic_late_payer
INV704988,C1166,2025-06-18,102.2,99.0,15,5.882176467941095,-3.200000000000003,107.0,48129.14,45,Construction & Infra,90.0,chronic_late_payer
INV704989,C1166,2025-07-31,101.4375,97.33333333333333,16,6.4494831834289865,-4.104166666666671,90.0,56268.31,45,Construction & Infra,106.0,chronic_late_payer
INV704990,C1166,2026-02-03,101.70588235294117,101.0,17,6.341970374835733,-0.705882352941174,106.0,104370.13,45,Construction & Infra,87.0,chronic_late_payer
INV704991,C1166,2026-02-10,100.88888888888889,94.33333333333333,18,7.0618185367334085,-6.555555555555557,87.0,19628.02,45,Construction & Infra,117.0,chronic_late_payer
INV704992,C1166,2026-04-14,101.73684210526316,103.33333333333333,19,7.79488511256764,1.596491228070164,117.0,63363.51,45,Construction & Infra,104.0,chronic_late_payer
INV704997,C1167,2024-09-30,,,0,,,,33114.49,45,Construction & Infra,62.0,cold_start
INV704998,C1167,2025-03-10,62.0,62.0,1,,0.0,62.0,63989.37,45,Construction & Infra,54.0,cold_start
INV704999,C1167,2026-01-30,58.0,58.0,2,5.656854249492381,0.0,54.0,25310.13,45,Construction & Infra,40.0,cold_start
INV705000,C1167,2026-03-19,52.0,52.0,3,11.135528725660043,0.0,40.0,80533.39,45,Construction & Infra,58.0,cold_start
INV705001,C1168,2024-02-20,,,0,,,,120171.27,30,Chemicals & Plastics,46.0,seasonal_payer
INV705002,C1168,2024-04-15,46.0,46.0,1,,0.0,46.0,155549.69,30,Chemicals & Plastics,34.0,seasonal_payer
INV705003,C1168,2024-06-04,40.0,40.0,2,8.48528137423857,0.0,34.0,50321.34,30,Chemicals & Plastics,42.0,seasonal_payer
INV705004,C1168,2024-06-15,40.666666666666664,40.666666666666664,3,6.110100926607787,0.0,42.0,649109.92,30,Chemicals & Plastics,38.0,seasonal_payer
INV705005,C1168,2024-09-04,40.0,38.0,4,5.163977794943222,-2.0,38.0,122156.44,30,Chemicals & Plastics,48.0,seasonal_payer
INV705006,C1168,2024-09-11,41.6,42.666666666666664,5,5.727128425310541,1.0666666666666629,48.0,141548.0,30,Chemicals & Plastics,44.0,seasonal_payer
INV705007,C1168,2024-10-04,42.0,43.333333333333336,6,5.215361924162119,1.3333333333333357,44.0,140932.17,30,Chemicals & Plastics,51.0,seasonal_payer
INV705008,C1168,2024-10-08,43.285714285714285,47.666666666666664,7,5.851332774513447,4.38095238095238,51.0,83546.7,30,Chemicals & Plastics,50.0,seasonal_payer
INV705009,C1168,2024-10-17,44.125,48.333333333333336,8,5.914570386523679,4.208333333333336,50.0,234416.69,30,Chemicals & Plastics,50.0,seasonal_payer
INV705010,C1168,2024-11-26,44.77777777777778,50.333333333333336,9,5.868938953886337,5.555555555555557,50.0,130319.38,30,Chemicals & Plastics,31.0,seasonal_payer
INV705011,C1168,2024-12-13,43.4,43.666666666666664,10,7.042726744663604,0.2666666666666657,31.0,40815.69,30,Chemicals & Plastics,37.0,seasonal_payer
INV705012,C1168,2024-12-23,42.81818181818182,39.333333333333336,11,6.954396908692829,-3.4848484848484844,37.0,185410.19,30,Chemicals & Plastics,36.0,seasonal_payer
INV705013,C1168,2024-12-28,42.25,34.666666666666664,12,6.916712303609938,-7.583333333333336,36.0,157738.4,30,Chemicals & Plastics,38.0,seasonal_payer
INV705014,C1168,2025-02-01,41.92307692307692,37.0,13,6.7263355360545125,-4.92307692307692,38.0,167650.24,30,Chemicals & Plastics,47.0,seasonal_payer
INV705015,C1168,2025-02-22,42.285714285714285,40.333333333333336,14,6.603362446844456,-1.952380952380949,47.0,99641.96,30,Chemicals & Plastics,56.0,seasonal_payer
INV705016,C1168,2025-03-19,43.2,47.0,15,7.282071918662396,3.799999999999997,56.0,73206.66,30,Chemicals & Plastics,44.0,seasonal_payer
INV705017,C1168,2025-03-28,43.25,49.0,16,7.037992137913578,5.75,44.0,799076.52,30,Chemicals & Plastics,52.0,seasonal_payer
INV705018,C1168,2025-04-07,43.76470588235294,50.666666666666664,17,7.137308769458433,6.901960784313722,52.0,127142.27,30,Chemicals & Plastics,26.0,seasonal_payer
INV705019,C1168,2025-04-08,42.77777777777778,40.666666666666664,18,8.09179363200808,-2.1111111111111143,26.0,105557.74,30,Chemicals & Plastics,38.0,seasonal_payer
INV705020,C1168,2025-06-16,42.526315789473685,38.666666666666664,19,7.939832219418407,-3.8596491228070207,38.0,126483.07,30,Chemicals & Plastics,36.0,seasonal_payer
INV705022,C1168,2025-08-17,42.2,33.333333333333336,20,7.8646444025745605,-8.866666666666667,36.0,94314.16,30,Chemicals & Plastics,34.0,seasonal_payer
INV705023,C1168,2025-09-16,41.80952380952381,36.0,21,7.87158845226964,-5.80952380952381,34.0,72126.82,30,Chemicals & Plastics,47.0,seasonal_payer
INV705024,C1168,2025-10-13,42.04545454545455,39.0,22,7.761181014248458,-3.0454545454545467,47.0,634032.97,30,Chemicals & Plastics,42.0,seasonal_payer
INV705025,C1168,2025-10-17,42.04347826086956,41.0,23,7.5827451305852955,-1.0434782608695627,42.0,86536.65,30,Chemicals & Plastics,43.0,seasonal_payer
INV705026,C1168,2026-01-01,42.083333333333336,44.0,24,7.418640838055039,1.9166666666666643,43.0,111622.31,30,Chemicals & Plastics,46.0,seasonal_payer
INV705027,C1168,2026-01-05,42.24,43.666666666666664,25,7.304564782837281,1.4266666666666623,46.0,207380.14,30,Chemicals & Plastics,54.0,seasonal_payer
INV705028,C1168,2026-01-21,42.69230769230769,47.666666666666664,26,7.519410778880116,4.974358974358971,54.0,123633.96,30,Chemicals & Plastics,51.0,seasonal_payer
INV705029,C1168,2026-03-21,43.0,50.333333333333336,27,7.544738360147218,7.333333333333336,51.0,142092.17,30,Chemicals & Plastics,45.0,seasonal_payer
INV705030,C1168,2026-05-14,43.07142857142857,50.0,28,7.4133441817894825,6.928571428571431,45.0,110258.34,30,Chemicals & Plastics,35.0,seasonal_payer
INV705031,C1168,2026-05-23,42.793103448275865,43.666666666666664,29,7.432454460697679,0.8735632183907995,35.0,66865.42,30,Chemicals & Plastics,40.0,seasonal_payer
INV705032,C1168,2026-05-30,42.7,40.0,30,7.3209665840063725,-2.700000000000003,40.0,90322.93,30,Chemicals & Plastics,44.0,seasonal_payer
INV705034,C1169,2024-02-29,,,0,,,,32807.9,30,Construction & Infra,82.0,chronic_late_payer
INV705035,C1169,2024-04-07,82.0,82.0,1,,0.0,82.0,20321.4,30,Construction & Infra,92.0,chronic_late_payer
INV705036,C1169,2024-04-24,87.0,87.0,2,7.0710678118654755,0.0,92.0,28548.79,30,Construction & Infra,107.0,chronic_late_payer
INV705037,C1169,2024-05-31,93.66666666666667,93.66666666666667,3,12.583057392117913,0.0,107.0,27176.01,30,Construction & Infra,93.0,chronic_late_payer
INV705038,C1169,2024-07-05,93.5,97.33333333333333,4,10.279429296739515,3.8333333333333286,93.0,14471.39,30,Construction & Infra,102.0,chronic_late_payer
INV705039,C1169,2024-07-12,95.2,100.66666666666667,5,9.679876032264048,5.466666666666669,102.0,26465.82,30,Construction & Infra,91.0,chronic_late_payer
INV705040,C1169,2024-08-30,94.5,95.33333333333333,6,8.82609766544649,0.8333333333333286,91.0,21718.66,30,Construction & Infra,86.0,chronic_late_payer
INV705041,C1169,2024-09-15,93.28571428571429,93.0,7,8.673989580239027,-0.2857142857142918,86.0,32575.42,30,Construction & Infra,89.0,chronic_late_payer
INV705042,C1169,2024-10-06,92.75,88.66666666666667,8,8.172252705693472,-4.083333333333329,89.0,29315.2,30,Construction & Infra,99.0,chronic_late_payer
INV705043,C1169,2024-10-08,93.44444444444444,91.33333333333333,9,7.9232428826698085,-2.1111111111111143,99.0,49868.41,30,Construction & Infra,85.0,chronic_late_payer
INV705044,C1169,2024-10-30,92.6,91.0,10,7.9330532163432075,-1.5999999999999943,85.0,25238.5,30,Construction & Infra,112.0,chronic_late_payer
INV705045,C1169,2024-11-21,94.36363636363636,98.66666666666667,11,9.531765075501255,4.303030303030312,112.0,30296.48,30,Construction & Infra,82.0,chronic_late_payer
INV705046,C1169,2024-12-22,93.33333333333333,93.0,12,9.763879010584539,-0.3333333333333286,82.0,14761.15,30,Construction & Infra,84.0,chronic_late_payer
INV705047,C1169,2025-02-08,92.61538461538461,92.66666666666667,13,9.699986782967468,0.051282051282058205,84.0,26239.35,30,Construction & Infra,102.0,chronic_late_payer
INV705048,C1169,2025-02-11,93.28571428571429,89.33333333333333,14,9.65105471660259,-3.952380952380963,102.0,19700.41,30,Construction & Infra,72.0,chronic_late_payer
INV705049,C1169,2025-02-12,91.86666666666666,86.0,15,10.802557016523359,-5.86666666666666,72.0,29175.78,30,Construction & Infra,87.0,chronic_late_payer
INV705050,C1169,2025-02-13,91.5625,87.0,16,10.506942149518732,-4.5625,87.0,31343.8,30,Construction & Infra,91.0,chronic_late_payer
INV705051,C1169,2025-03-08,91.52941176470588,83.33333333333333,17,10.17421770370346,-8.196078431372555,91.0,34968.3,30,Construction & Infra,113.0,chronic_late_payer
INV705052,C1169,2025-03-09,92.72222222222223,97.0,18,11.092157036051116,4.2777777777777715,113.0,16678.74,30,Construction & Infra,96.0,chronic_late_payer
INV705053,C1169,2025-03-12,92.89473684210526,100.0,19,10.805835547117354,7.10526315789474,96.0,41342.72,30,Construction & Infra,93.0,chronic_late_payer
INV705054,C1169,2025-07-11,92.9,100.66666666666667,20,10.517654331246055,7.766666666666666,93.0,9852.61,30,Construction & Infra,90.0,chronic_late_payer
INV705055,C1169,2025-08-07,92.76190476190476,93.0,21,10.270855669829858,0.2380952380952408,90.0,25564.11,30,Construction & Infra,82.0,chronic_late_payer
INV705056,C1169,2025-09-23,92.27272727272727,88.33333333333333,22,10.282587307268619,-3.9393939393939377,82.0,21827.59,30,Construction & Infra,92.0,chronic_late_payer
INV705057,C1169,2025-10-09,92.26086956521739,88.0,23,10.046335339562416,-4.260869565217391,92.0,30477.36,30,Construction & Infra,97.0,chronic_late_payer
INV705058,C1169,2025-10-19,92.45833333333333,90.33333333333333,24,9.87301621974573,-2.125,97.0,32002.36,30,Construction & Infra,72.0,chronic_late_payer
INV705059,C1169,2025-10-26,91.64,87.0,25,10.495554614534035,-4.640000000000001,72.0,36250.5,30,Construction & Infra,99.0,chronic_late_payer
INV705060,C1169,2025-11-12,91.92307692307692,89.33333333333333,26,10.384307687749152,-2.589743589743591,99.0,25069.48,30,Construction & Infra,99.0,chronic_late_payer
INV705061,C1169,2025-11-13,92.18518518518519,90.0,27,10.273330060954457,-2.1851851851851904,99.0,27482.97,30,Construction & Infra,88.0,chronic_late_payer
INV705062,C1169,2026-02-12,92.03571428571429,95.33333333333333,28,10.112266635524229,3.297619047619037,88.0,25020.35,30,Construction & Infra,89.0,chronic_late_payer
INV705063,C1169,2026-02-21,91.93103448275862,92.0,29,9.946036663927849,0.06896551724138078,89.0,11580.13,30,Construction & Infra,88.0,chronic_late_payer
INV705064,C1169,2026-04-13,91.8,88.33333333333333,30,9.799366622741315,-3.4666666666666686,88.0,32834.74,30,Construction & Infra,83.0,chronic_late_payer
INV705065,C1169,2026-05-05,91.51612903225806,86.66666666666667,31,9.763438491781248,-4.849462365591393,83.0,21152.95,30,Construction & Infra,89.0,chronic_late_payer
INV705066,C1169,2026-05-11,91.4375,86.66666666666667,32,9.614966492149689,-4.770833333333329,89.0,34372.18,30,Construction & Infra,84.0,chronic_late_payer
INV705069,C1170,2024-02-18,,,0,,,,41030.97,15,Textiles & Apparel,42.0,erratic_payer
INV705070,C1170,2024-06-16,42.0,42.0,1,,0.0,42.0,65981.39,15,Textiles & Apparel,15.0,erratic_payer
INV705071,C1170,2024-11-14,28.5,28.5,2,19.091883092036785,0.0,15.0,33311.21,15,Textiles & Apparel,8.0,erratic_payer
INV705072,C1170,2025-02-14,21.666666666666668,21.666666666666668,3,17.95364401266031,0.0,8.0,304760.03,15,Textiles & Apparel,112.0,erratic_payer
INV705073,C1170,2025-03-31,44.25,45.0,4,47.4859628381553,0.75,112.0,183862.68,15,Textiles & Apparel,31.0,erratic_payer
INV705074,C1170,2025-05-06,41.6,50.333333333333336,5,41.54876652802102,8.733333333333334,31.0,10100.87,15,Textiles & Apparel,40.0,erratic_payer
INV705075,C1170,2025-06-03,41.333333333333336,61.0,6,37.16808666943547,19.666666666666664,40.0,48152.96,15,Textiles & Apparel,26.0,erratic_payer
INV705076,C1170,2025-06-24,39.142857142857146,32.333333333333336,7,34.42106221210385,-6.80952380952381,26.0,66470.74,15,Textiles & Apparel,38.0,erratic_payer
INV705077,C1170,2025-12-11,39.0,34.666666666666664,8,31.870272758705497,-4.333333333333336,38.0,80333.32,15,Textiles & Apparel,35.0,erratic_payer
INV705078,C1170,2026-05-09,38.55555555555556,33.0,9,29.841712045018088,-5.555555555555557,35.0,64254.54,15,Textiles & Apparel,46.0,erratic_payer
INV705079,C1170,2026-05-11,39.3,39.666666666666664,10,28.23335301061888,0.36666666666666714,46.0,51474.88,15,Textiles & Apparel,9.0,erratic_payer
INV705080,C1170,2026-05-18,36.54545454545455,30.0,11,28.299694826494633,-6.545454545454547,9.0,40023.37,15,Textiles & Apparel,39.0,erratic_payer
INV705081,C1170,2026-06-15,36.75,31.333333333333332,12,26.99200218246475,-5.416666666666668,39.0,42627.37,15,Textiles & Apparel,28.0,erratic_payer
INV705082,C1171,2024-02-23,,,0,,,,75127.73,30,Textiles & Apparel,40.0,average_payer
INV705083,C1171,2024-03-21,40.0,40.0,1,,0.0,40.0,43496.48,30,Textiles & Apparel,48.0,average_payer
INV705084,C1171,2024-03-30,44.0,44.0,2,5.656854249492381,0.0,48.0,100407.02,30,Textiles & Apparel,36.0,average_payer
INV705085,C1171,2024-04-29,41.333333333333336,41.333333333333336,3,6.110100926607787,0.0,36.0,62249.02,30,Textiles & Apparel,32.0,average_payer
INV705086,C1171,2024-05-21,39.0,38.666666666666664,4,6.831300510639733,-0.3333333333333357,32.0,97320.33,30,Textiles & Apparel,26.0,average_payer
INV705087,C1171,2024-06-12,36.4,31.333333333333332,5,8.29457654133109,-5.066666666666666,26.0,141380.49,30,Textiles & Apparel,39.0,average_payer
INV705088,C1171,2024-08-09,36.833333333333336,32.333333333333336,6,7.494442385305706,-4.5,39.0,150546.17,30,Textiles & Apparel,42.0,average_payer
INV705089,C1171,2024-10-24,37.57142857142857,35.666666666666664,7,7.114706432386907,-1.904761904761905,42.0,54963.62,30,Textiles & Apparel,37.0,average_payer
INV705090,C1171,2024-11-14,37.5,39.333333333333336,8,6.590035768383313,1.8333333333333357,37.0,142222.81,30,Textiles & Apparel,35.0,average_payer
INV705092,C1171,2024-12-29,37.22222222222222,38.0,9,6.220485868840508,0.7777777777777786,35.0,90278.07,30,Textiles & Apparel,38.0,average_payer
INV705093,C1171,2025-02-04,37.3,36.666666666666664,10,5.869885480616769,-0.6333333333333329,38.0,408253.72,30,Textiles & Apparel,44.0,average_payer
INV705094,C1171,2025-03-11,37.90909090909091,39.0,11,5.923758020961786,1.0909090909090935,44.0,142049.97,30,Textiles & Apparel,32.0,average_payer
INV705095,C1171,2025-04-27,37.416666666666664,38.0,12,5.900051360844757,0.5833333333333357,32.0,65098.5,30,Textiles & Apparel,31.0,average_payer
INV705096,C1171,2025-05-12,36.92307692307692,35.666666666666664,13,5.922577401513895,-1.2564102564102555,31.0,108046.66,30,Textiles & Apparel,44.0,average_payer
INV705097,C1171,2025-06-23,37.42857142857143,35.666666666666664,14,5.996335877520869,-1.7619047619047663,44.0,59234.72,30,Textiles & Apparel,42.0,average_payer
INV705098,C1171,2025-12-14,37.733333333333334,39.0,15,5.897537823613545,1.2666666666666657,42.0,110289.09,30,Textiles & Apparel,35.0,average_payer
INV705099,C1171,2026-01-21,37.5625,40.333333333333336,16,5.738394084294549,2.7708333333333357,35.0,142257.93,30,Textiles & Apparel,34.0,average_payer
INV705100,C1171,2026-02-06,37.35294117647059,37.0,17,5.622957145383871,-0.352941176470587,34.0,89336.36,30,Textiles & Apparel,48.0,average_payer
INV705101,C1171,2026-02-23,37.94444444444444,39.0,18,6.004627844883942,1.0555555555555571,48.0,106598.36,30,Textiles & Apparel,40.0,average_payer
INV705102,C1171,2026-04-17,38.05263157894737,40.666666666666664,19,5.8544729738183605,2.6140350877192944,40.0,145108.27,30,Textiles & Apparel,33.0,average_payer
INV705103,C1171,2026-05-07,37.8,40.333333333333336,20,5.8092485246417755,2.5333333333333385,33.0,67804.45,30,Textiles & Apparel,33.0,average_payer
INV705104,C1172,2024-02-23,,,0,,,,100208.38,15,Chemicals & Plastics,27.0,seasonal_payer
INV705105,C1172,2024-03-16,27.0,27.0,1,,0.0,27.0,68549.63,15,Chemicals & Plastics,32.0,seasonal_payer
INV705106,C1172,2024-05-04,29.5,29.5,2,3.5355339059327378,0.0,32.0,64369.92,15,Chemicals & Plastics,8.0,seasonal_payer
INV705107,C1172,2024-09-29,22.333333333333332,22.333333333333332,3,12.662279942148386,0.0,8.0,92512.9,15,Chemicals & Plastics,29.0,seasonal_payer
INV705108,C1172,2024-11-25,24.0,23.0,4,10.862780491200215,-1.0,29.0,105058.63,15,Chemicals & Plastics,15.0,seasonal_payer
INV705109,C1172,2024-12-01,22.2,17.333333333333332,5,10.232301793829187,-4.866666666666667,15.0,153534.19,15,Chemicals & Plastics,14.0,seasonal_payer
INV705110,C1172,2024-12-30,20.833333333333332,19.333333333333332,6,9.745084230865666,-1.5,14.0,144091.32,15,Chemicals & Plastics,19.0,seasonal_payer
INV705111,C1172,2025-03-23,20.571428571428573,16.0,7,8.922950611711778,-4.571428571428573,19.0,157221.36,15,Chemicals & Plastics,27.0,seasonal_payer
INV705112,C1172,2025-04-05,21.375,20.0,8,8.568005268772557,-1.375,27.0,96890.52,15,Chemicals & Plastics,18.0,seasonal_payer
INV705113,C1172,2025-04-28,21.0,21.333333333333332,9,8.093207028119323,0.33333333333333215,18.0,119034.17,15,Chemicals & Plastics,19.0,seasonal_payer
INV705114,C1172,2025-06-04,20.8,21.333333333333332,10,7.656515018088989,0.5333333333333314,19.0,105186.82,15,Chemicals & Plastics,19.0,seasonal_payer
INV705115,C1172,2025-07-02,20.636363636363637,18.666666666666668,11,7.2838551231161555,-1.9696969696969688,19.0,117903.46,15,Chemicals & Plastics,17.0,seasonal_payer
INV705116,C1172,2025-07-14,20.333333333333332,18.333333333333332,12,7.023769168568493,-2.0,17.0,101318.0,15,Chemicals & Plastics,20.0,seasonal_payer
INV705117,C1172,2025-07-27,20.307692307692307,18.666666666666668,13,6.72538245981366,-1.6410256410256387,20.0,132184.52,15,Chemicals & Plastics,23.0,seasonal_payer
INV705118,C1172,2025-08-20,20.5,20.0,14,6.501479121648456,-0.5,23.0,124152.84,15,Chemicals & Plastics,20.0,seasonal_payer
INV705119,C1172,2025-09-08,20.466666666666665,21.0,15,6.26631204670392,0.533333333333335,20.0,172629.66,15,Chemicals & Plastics,23.0,seasonal_payer
INV705120,C1172,2025-09-23,20.625,22.0,16,6.086871117413281,1.375,23.0,129374.69,15,Chemicals & Plastics,27.0,seasonal_payer
INV705121,C1172,2025-09-27,21.0,23.333333333333332,17,6.093028803476971,2.333333333333332,27.0,140152.85,15,Chemicals & Plastics,21.0,seasonal_payer
INV705122,C1172,2025-10-24,21.0,23.666666666666668,18,5.911106196862669,2.666666666666668,21.0,61077.11,15,Chemicals & Plastics,19.0,seasonal_payer
INV705123,C1172,2025-12-30,20.894736842105264,22.333333333333332,19,5.762857478351298,1.4385964912280684,19.0,161473.51,15,Chemicals & Plastics,26.0,seasonal_payer
INV705124,C1172,2025-12-30,21.15,22.0,20,5.724140937615374,0.8500000000000014,26.0,138793.81,15,Chemicals & Plastics,15.0,seasonal_payer
INV705125,C1172,2026-06-05,20.857142857142858,20.0,21,5.738342219541409,-0.8571428571428577,15.0,139361.08,15,Chemicals & Plastics,27.0,seasonal_payer
INV705126,C1172,2026-06-15,21.136363636363637,22.666666666666668,22,5.751152717130505,1.5303030303030312,27.0,20740.81,15,Chemicals & Plastics,27.0,seasonal_payer
INV705127,C1172,2026-07-01,21.391304347826086,23.0,23,5.750408131245063,1.608695652173914,27.0,129308.13,15,Chemicals & Plastics,22.0,seasonal_payer
INV705128,C1173,2024-02-28,,,0,,,,71617.6,30,FMCG & Food Processing,44.0,erratic_payer
INV705129,C1173,2024-03-27,44.0,44.0,1,,0.0,44.0,76045.96,30,FMCG & Food Processing,21.0,erratic_payer
INV705130,C1173,2024-04-28,32.5,32.5,2,16.263455967290593,0.0,21.0,46919.89,30,FMCG & Food Processing,39.0,erratic_payer
INV705131,C1173,2024-05-03,34.666666666666664,34.666666666666664,3,12.096831541082704,0.0,39.0,64175.14,30,FMCG & Food Processing,35.0,erratic_payer
INV705132,C1173,2024-06-04,34.75,31.666666666666668,4,9.878427675158296,-3.083333333333332,35.0,59749.47,30,FMCG & Food Processing,40.0,erratic_payer
INV705133,C1173,2024-06-14,35.8,38.0,5,8.87130204648675,2.200000000000003,40.0,51654.54,30,FMCG & Food Processing,48.0,erratic_payer
INV705134,C1173,2024-06-14,37.833333333333336,41.0,6,9.368386556214826,3.1666666666666643,48.0,34474.06,30,FMCG & Food Processing,28.0,erratic_payer
INV705135,C1173,2024-06-23,36.42857142857143,38.666666666666664,7,9.324826054805579,2.2380952380952337,28.0,80163.36,30,FMCG & Food Processing,18.0,erratic_payer
INV705136,C1173,2024-06-30,34.125,31.333333333333332,8,10.815828348173007,-2.791666666666668,18.0,36606.94,30,FMCG & Food Processing,116.0,erratic_payer
INV705137,C1173,2024-07-16,43.22222222222222,54.0,9,29.106604825098454,10.777777777777779,116.0,45920.77,30,FMCG & Food Processing,47.0,erratic_payer
INV705138,C1173,2024-07-20,43.6,60.333333333333336,10,27.467961134545263,16.733333333333334,47.0,34459.94,30,FMCG & Food Processing,12.0,erratic_payer
INV705139,C1173,2024-08-30,40.72727272727273,58.333333333333336,11,27.745597521375924,17.60606060606061,12.0,64428.9,30,FMCG & Food Processing,18.0,erratic_payer
INV705140,C1173,2024-10-09,38.833333333333336,25.666666666666668,12,27.25580282946712,-13.166666666666668,18.0,42847.72,30,FMCG & Food Processing,41.0,erratic_payer
INV705141,C1173,2024-10-25,39.0,23.666666666666668,13,26.102362600602525,-15.333333333333332,41.0,248761.44,30,FMCG & Food Processing,35.0,erratic_payer
INV705142,C1173,2024-11-03,38.714285714285715,31.333333333333332,14,25.1011141996911,-7.380952380952383,35.0,43298.22,30,FMCG & Food Processing,37.0,erratic_payer
INV705144,C1173,2024-11-18,38.6,37.666666666666664,15,24.19208843521251,-0.9333333333333371,37.0,64031.25,30,FMCG & Food Processing,17.0,erratic_payer
INV705145,C1173,2024-12-02,37.25,29.666666666666668,16,23.98749674309514,-7.583333333333332,17.0,77004.59,30,FMCG & Food Processing,31.0,erratic_payer
INV705146,C1173,2024-12-25,36.88235294117647,28.333333333333332,17,23.27520771373796,-8.549019607843139,31.0,39107.07,30,FMCG & Food Processing,22.0,erratic_payer
INV705147,C1173,2025-01-24,36.05555555555556,23.333333333333332,18,22.851109439464402,-12.722222222222225,22.0,58823.67,30,FMCG & Food Processing,26.0,erratic_payer
INV705148,C1173,2025-03-02,35.526315789473685,26.333333333333332,19,22.32678615737068,-9.192982456140353,26.0,62165.73,30,FMCG & Food Processing,23.0,erratic_payer
INV705149,C1173,2025-03-17,34.9,23.666666666666668,20,21.911064256263437,-11.23333333333333,23.0,115483.47,30,FMCG & Food Processing,24.0,erratic_payer
INV705150,C1173,2025-04-09,34.38095238095238,24.333333333333332,21,21.488313545916508,-10.047619047619047,24.0,45151.17,30,FMCG & Food Processing,35.0,erratic_payer
INV705151,C1173,2025-04-29,34.40909090909091,27.333333333333332,22,20.97086207758413,-7.075757575757574,35.0,45341.46,30,FMCG & Food Processing,29.0,erratic_payer
INV705152,C1173,2025-05-04,34.17391304347826,29.333333333333332,23,20.51972925107808,-4.840579710144926,29.0,64555.77,30,FMCG & Food Processing,38.0,erratic_payer
INV705153,C1173,2025-06-17,34.333333333333336,34.0,24,20.083882065989624,-0.3333333333333357,38.0,71728.75,30,FMCG & Food Processing,21.0,erratic_payer
INV705155,C1173,2025-07-18,33.8,29.333333333333332,25,19.841034919244173,-4.466666666666665,21.0,160591.08,30,FMCG & Food Processing,54.0,erratic_payer
INV705156,C1173,2025-08-07,34.57692307692308,37.666666666666664,26,19.839703781907787,3.089743589743584,54.0,11559.72,30,FMCG & Food Processing,24.0,erratic_payer
INV705157,C1173,2025-08-12,34.18518518518518,33.0,27,19.56062968358211,-1.1851851851851833,24.0,40437.97,30,FMCG & Food Processing,39.0,erratic_payer
INV705158,C1173,2025-09-17,34.357142857142854,39.0,28,19.216532784951927,4.642857142857146,39.0,72164.58,30,FMCG & Food Processing,34.0,erratic_payer
INV705159,C1173,2025-09-20,34.3448275862069,32.333333333333336,29,18.870377129377307,-2.011494252873561,34.0,67377.88,30,FMCG & Food Processing,30.0,erratic_payer
INV705160,C1173,2025-09-29,34.2,34.333333333333336,30,18.55913196543267,0.13333333333333286,30.0,53648.94,30,FMCG & Food Processing,47.0,erratic_payer
INV705161,C1173,2025-10-07,34.61290322580645,37.0,31,18.39144261036427,2.3870967741935516,47.0,33646.88,30,FMCG & Food Processing,18.0,erratic_payer
INV705162,C1173,2025-10-07,34.09375,31.666666666666668,32,18.329175359378244,-2.427083333333332,18.0,55144.36,30,FMCG & Food Processing,37.0,erratic_payer
INV705163,C1173,2025-11-07,34.18181818181818,34.0,33,18.047601200461767,-0.18181818181817988,37.0,81273.67,30,FMCG & Food Processing,32.0,erratic_payer
INV705164,C1173,2025-12-03,34.11764705882353,29.0,34,17.77598772924997,-5.117647058823529,32.0,59289.87,30,FMCG & Food Processing,25.0,erratic_payer
INV705165,C1173,2025-12-09,33.857142857142854,31.333333333333332,35,17.580307929349708,-2.523809523809522,25.0,84901.63,30,FMCG & Food Processing,34.0,erratic_payer
INV705166,C1173,2025-12-13,33.861111111111114,30.333333333333332,36,17.327357028332436,-3.527777777777782,34.0,95495.64,30,FMCG & Food Processing,44.0,erratic_payer
INV705167,C1173,2026-01-14,34.13513513513514,34.333333333333336,37,17.16611999479427,0.19819819819819884,44.0,91432.26,30,FMCG & Food Processing,52.0,erratic_payer
INV705168,C1173,2026-02-23,34.60526315789474,43.333333333333336,38,17.178773001025654,8.728070175438596,52.0,67865.16,30,FMCG & Food Processing,49.0,erratic_payer
INV705169,C1173,2026-03-29,34.97435897435897,48.333333333333336,39,17.107227126948697,13.358974358974365,49.0,67465.73,30,FMCG & Food Processing,80.0,erratic_payer
INV705170,C1173,2026-04-01,36.1,60.333333333333336,40,18.32582596872232,24.233333333333334,80.0,50378.24,30,FMCG & Food Processing,32.0,erratic_payer
INV705171,C1173,2026-04-29,36.0,53.666666666666664,41,18.106628620480397,17.666666666666664,32.0,52580.22,30,FMCG & Food Processing,48.0,erratic_payer
INV705172,C1173,2026-05-02,36.285714285714285,53.333333333333336,42,17.98005088883668,17.04761904761905,48.0,24680.25,30,FMCG & Food Processing,40.0,erratic_payer
INV705173,C1173,2026-05-23,36.372093023255815,40.0,43,17.773741005327885,3.6279069767441854,40.0,25577.26,30,FMCG & Food Processing,43.0,erratic_payer
INV705174,C1173,2026-06-25,36.52272727272727,43.666666666666664,44,17.594249372839336,7.143939393939391,43.0,85159.03,30,FMCG & Food Processing,37.0,erratic_payer
INV705176,C1174,2024-05-25,,,0,,,,85019.46,30,Chemicals & Plastics,42.0,deteriorating_payer
INV705177,C1174,2024-06-06,42.0,42.0,1,,0.0,42.0,53016.07,30,Chemicals & Plastics,32.0,deteriorating_payer
INV705178,C1174,2024-06-22,37.0,37.0,2,7.0710678118654755,0.0,32.0,65170.74,30,Chemicals & Plastics,33.0,deteriorating_payer
INV705179,C1174,2024-09-03,35.666666666666664,35.666666666666664,3,5.507570547286101,0.0,33.0,61018.63,30,Chemicals & Plastics,38.0,deteriorating_payer
INV705180,C1174,2024-09-13,36.25,34.333333333333336,4,4.645786621588784,-1.9166666666666643,38.0,65499.28,30,Chemicals & Plastics,45.0,deteriorating_payer
INV705181,C1174,2025-01-05,38.0,38.666666666666664,5,5.612486080160912,0.6666666666666643,45.0,56278.57,30,Chemicals & Plastics,39.0,deteriorating_payer
INV705182,C1174,2025-02-02,38.166666666666664,40.666666666666664,6,5.036533199202271,2.5,39.0,86474.16,30,Chemicals & Plastics,39.0,deteriorating_payer
INV705183,C1174,2025-05-15,38.285714285714285,41.0,7,4.6084807950229365,2.7142857142857153,39.0,31712.02,30,Chemicals & Plastics,47.0,deteriorating_payer
INV705184,C1174,2025-09-24,39.375,41.666666666666664,8,5.262739645035519,2.2916666666666643,47.0,74530.03,30,Chemicals & Plastics,56.0,deteriorating_payer
INV705185,C1174,2026-01-01,41.22222222222222,47.333333333333336,9,7.412451985979029,6.111111111111114,56.0,57574.11,30,Chemicals & Plastics,64.0,deteriorating_payer
INV705186,C1174,2026-01-14,43.5,55.666666666666664,10,10.036046144883064,12.166666666666664,64.0,51365.79,30,Chemicals & Plastics,59.0,deteriorating_payer
INV705187,C1174,2026-02-22,44.90909090909091,59.666666666666664,11,10.606173159575942,14.757575757575758,59.0,58324.99,30,Chemicals & Plastics,66.0,deteriorating_payer
INV705188,C1174,2026-03-11,46.666666666666664,63.0,12,11.803954139750518,16.333333333333336,66.0,25600.94,30,Chemicals & Plastics,65.0,deteriorating_payer
INV705191,C1175,2025-10-22,,,0,,,,337645.48,90,Construction & Infra,118.0,cold_start
INV705192,C1175,2025-11-16,118.0,118.0,1,,0.0,118.0,25224.81,90,Construction & Infra,102.0,cold_start
INV705193,C1175,2026-01-17,110.0,110.0,2,11.313708498984761,0.0,102.0,567540.39,90,Construction & Infra,96.0,cold_start
INV705194,C1176,2024-02-15,,,0,,,,56946.72,45,FMCG & Food Processing,47.0,average_payer
INV705196,C1176,2024-02-21,47.0,47.0,1,,0.0,47.0,19904.04,45,FMCG & Food Processing,53.0,average_payer
INV705197,C1176,2024-03-24,50.0,50.0,2,4.242640687119285,0.0,53.0,65627.79,45,FMCG & Food Processing,55.0,average_payer
INV705198,C1176,2024-03-25,51.666666666666664,51.666666666666664,3,4.163331998932266,0.0,55.0,55566.14,45,FMCG & Food Processing,52.0,average_payer
INV705199,C1176,2024-03-31,51.75,53.333333333333336,4,3.4034296427770236,1.5833333333333357,52.0,61430.06,45,FMCG & Food Processing,60.0,average_payer
INV705200,C1176,2024-04-11,53.4,55.666666666666664,5,4.722287581247039,2.2666666666666657,60.0,64069.78,45,FMCG & Food Processing,53.0,average_payer
INV705202,C1176,2024-05-14,53.333333333333336,55.0,6,4.226897995772629,1.6666666666666643,53.0,103367.82,45,FMCG & Food Processing,50.0,average_payer
INV705203,C1176,2024-06-11,52.857142857142854,54.333333333333336,7,4.059087394500207,1.4761904761904816,50.0,48382.05,45,FMCG & Food Processing,54.0,average_payer
INV705204,C1176,2024-08-27,53.0,52.333333333333336,8,3.779644730092272,-0.6666666666666643,54.0,75962.28,45,FMCG & Food Processing,48.0,average_payer
INV705205,C1176,2024-08-29,52.44444444444444,50.666666666666664,9,3.908679799852858,-1.7777777777777786,48.0,41737.16,45,FMCG & Food Processing,43.0,average_payer
INV705206,C1176,2024-10-05,51.5,48.333333333333336,10,4.743416490252569,-3.1666666666666643,43.0,42236.87,45,FMCG & Food Processing,45.0,average_payer
INV705207,C1176,2024-10-13,50.90909090909091,45.333333333333336,11,4.908249086070214,-5.575757575757571,45.0,71361.74,45,FMCG & Food Processing,45.0,average_payer
INV705208,C1176,2024-10-18,50.416666666666664,44.333333333333336,12,4.9810245994781095,-6.083333333333329,45.0,86374.25,45,FMCG & Food Processing,54.0,average_payer
INV705209,C1176,2024-11-01,50.69230769230769,48.0,13,4.871423737550371,-2.6923076923076934,54.0,82736.71,45,FMCG & Food Processing,47.0,average_payer
INV705210,C1176,2024-11-28,50.42857142857143,48.666666666666664,14,4.783212401631447,-1.7619047619047663,47.0,84309.29,45,FMCG & Food Processing,41.0,average_payer
INV705211,C1176,2024-12-14,49.8,47.333333333333336,15,5.212622043792219,-2.4666666666666615,41.0,88466.22,45,FMCG & Food Processing,56.0,average_payer
INV705212,C1176,2025-02-15,50.1875,48.0,16,5.269013190342191,-2.1875,56.0,27914.3,45,FMCG & Food Processing,53.0,average_payer
INV705213,C1176,2025-03-04,50.35294117647059,50.0,17,5.147100840164638,-0.352941176470587,53.0,56672.78,45,FMCG & Food Processing,40.0,average_payer
INV705214,C1176,2025-03-24,49.77777777777778,49.666666666666664,18,5.557777333511022,-0.11111111111111427,40.0,58962.12,45,FMCG & Food Processing,45.0,average_payer
INV705215,C1176,2025-06-07,49.526315789473685,46.0,19,5.511285603726952,-3.526315789473685,45.0,59316.81,45,FMCG & Food Processing,44.0,average_payer
INV705216,C1176,2025-06-28,49.25,43.0,20,5.504782609599345,-6.25,44.0,69960.31,45,FMCG & Food Processing,48.0,average_payer
INV705217,C1176,2025-07-01,49.19047619047619,45.666666666666664,21,5.3723276856409985,-3.5238095238095255,48.0,48352.45,45,FMCG & Food Processing,58.0,average_payer
INV705218,C1176,2025-07-01,49.59090909090909,50.0,22,5.569124842841244,0.4090909090909065,58.0,59066.08,45,FMCG & Food Processing,47.0,average_payer
INV705219,C1176,2025-07-01,49.47826086956522,51.0,23,5.467836244949279,1.5217391304347814,47.0,91900.89,45,FMCG & Food Processing,47.0,average_payer
INV705220,C1176,2025-07-18,49.375,50.666666666666664,24,5.371523142421078,1.2916666666666643,47.0,67236.36,45,FMCG & Food Processing,38.0,average_payer
INV705221,C1176,2025-07-24,48.92,44.0,25,5.729456053297439,-4.920000000000002,38.0,42089.91,45,FMCG & Food Processing,45.0,average_payer
INV705222,C1176,2025-08-05,48.76923076923077,43.333333333333336,26,5.666093485340264,-5.435897435897431,45.0,76206.99,45,FMCG & Food Processing,44.0,average_payer
INV705223,C1176,2025-09-08,48.592592592592595,42.333333333333336,27,5.631363130916946,-6.2592592592592595,44.0,57532.85,45,FMCG & Food Processing,52.0,average_payer
INV705224,C1176,2025-10-29,48.714285714285715,47.0,28,5.5634864026418684,-1.7142857142857153,52.0,71866.97,45,FMCG & Food Processing,56.0,average_payer
INV705225,C1176,2025-11-29,48.96551724137931,50.666666666666664,29,5.628262600614672,1.7011494252873547,56.0,45672.73,45,FMCG & Food Processing,54.0,average_payer
INV705226,C1176,2025-12-07,49.13333333333333,54.0,30,5.606236264863556,4.866666666666667,54.0,46082.12,45,FMCG & Food Processing,49.0,average_payer
INV705227,C1176,2025-12-13,49.12903225806452,53.0,31,5.512059116058602,3.8709677419354804,49.0,82418.48,45,FMCG & Food Processing,40.0,average_payer
INV705228,C1176,2025-12-30,48.84375,47.666666666666664,32,5.6574779232103865,-1.1770833333333357,40.0,86259.87,45,FMCG & Food Processing,53.0,average_payer
INV705229,C1176,2026-02-11,48.96969696969697,47.333333333333336,33,5.615185039720689,-1.6363636363636331,53.0,34637.22,45,FMCG & Food Processing,51.0,average_payer
INV705230,C1176,2026-02-19,49.029411764705884,48.0,34,5.540404175813579,-1.029411764705884,51.0,55982.09,45,FMCG & Food Processing,44.0,average_payer
INV705231,C1176,2026-02-26,48.885714285714286,49.333333333333336,35,5.524125848182192,0.4476190476190496,44.0,62191.03,45,FMCG & Food Processing,42.0,average_payer
INV705232,C1176,2026-03-16,48.69444444444444,45.666666666666664,36,5.564270941561986,-3.0277777777777786,42.0,91035.35,45,FMCG & Food Processing,53.0,average_payer
INV705233,C1176,2026-05-09,48.810810810810814,46.333333333333336,37,5.5319166752674525,-2.4774774774774784,53.0,101969.72,45,FMCG & Food Processing,54.0,average_payer
INV705234,C1176,2026-05-16,48.94736842105263,49.666666666666664,38,5.521199284238263,0.7192982456140342,54.0,76711.6,45,FMCG & Food Processing,55.0,average_payer
INV705235,C1176,2026-06-08,49.1025641025641,54.0,39,5.533604858141381,4.897435897435898,55.0,63765.21,45,FMCG & Food Processing,50.0,average_payer
INV705236,C1176,2026-06-15,49.125,53.0,40,5.464043304254573,3.875,50.0,419651.34,45,FMCG & Food Processing,48.0,average_payer
INV705238,C1177,2024-02-19,,,0,,,,347615.34,45,Auto Components,53.0,average_payer
INV705239,C1177,2024-03-06,53.0,53.0,1,,0.0,53.0,98903.31,45,Auto Components,43.0,average_payer
INV705240,C1177,2024-03-17,48.0,48.0,2,7.0710678118654755,0.0,43.0,80972.48,45,Auto Components,58.0,average_payer
INV705241,C1177,2024-04-23,51.333333333333336,51.333333333333336,3,7.6376261582597325,0.0,58.0,69119.95,45,Auto Components,49.0,average_payer
INV705242,C1177,2024-06-16,50.75,50.0,4,6.344288770224759,-0.75,49.0,73128.31,45,Auto Components,45.0,average_payer
INV705243,C1177,2024-06-26,49.6,50.666666666666664,5,6.06630035524124,1.0666666666666629,45.0,41700.86,45,Auto Components,47.0,average_payer
INV705244,C1177,2024-08-15,49.166666666666664,47.0,6,5.52871293039046,-2.1666666666666643,47.0,91180.97,45,Auto Components,55.0,average_payer
INV705245,C1177,2024-08-22,50.0,49.0,7,5.507570547286101,-1.0,55.0,73850.51,45,Auto Components,47.0,average_payer
INV705246,C1177,2024-11-04,49.625,49.666666666666664,8,5.208166663999914,0.0416666666666643,47.0,34060.72,45,Auto Components,45.0,average_payer
INV705247,C1177,2024-11-06,49.111111111111114,49.0,9,5.109903238918631,-0.11111111111111427,45.0,80431.0,45,Auto Components,55.0,average_payer
INV705249,C1177,2024-11-17,49.7,49.0,10,5.1650535116083525,-0.7000000000000028,55.0,65089.26,45,Auto Components,52.0,average_payer
INV705250,C1177,2024-11-27,49.90909090909091,50.666666666666664,11,4.948829062607547,0.7575757575757578,52.0,88315.79,45,Auto Components,50.0,average_payer
INV705251,C1177,2024-12-16,49.916666666666664,52.333333333333336,12,4.718596350097295,2.4166666666666714,50.0,41039.98,45,Auto Components,52.0,average_payer
INV705252,C1177,2024-12-23,50.07692307692308,51.333333333333336,13,4.5545131181707825,1.2564102564102555,52.0,30779.37,45,Auto Components,48.0,average_payer
INV705253,C1177,2025-01-07,49.92857142857143,50.0,14,4.41090058333261,0.0714285714285694,48.0,88935.32,45,Auto Components,54.0,average_payer
INV705254,C1177,2025-01-29,50.2,51.333333333333336,15,4.378518992927696,1.1333333333333329,54.0,71336.63,45,Auto Components,55.0,average_payer
INV705255,C1177,2025-02-15,50.5,52.333333333333336,16,4.396968652757638,1.8333333333333357,55.0,73421.71,45,Auto Components,49.0,average_payer
INV705256,C1177,2025-02-19,50.411764705882355,52.666666666666664,17,4.272862382662992,2.2549019607843093,49.0,47797.55,45,Auto Components,49.0,average_payer
INV705257,C1177,2025-05-09,50.333333333333336,51.0,18,4.1586196805020315,0.6666666666666643,49.0,66840.7,45,Auto Components,46.0,average_payer
INV705258,C1177,2025-05-10,50.10526315789474,48.0,19,4.161927128975299,-2.10526315789474,46.0,5562.54,45,Auto Components,53.0,average_payer
INV705259,C1177,2025-06-09,50.25,49.333333333333336,20,4.102310003939372,-0.9166666666666643,53.0,58486.74,45,Auto Components,47.0,average_payer
INV705260,C1177,2025-06-24,50.095238095238095,48.666666666666664,21,4.0608467331920055,-1.4285714285714306,47.0,63531.41,45,Auto Components,55.0,average_payer
INV705261,C1177,2025-07-28,50.31818181818182,51.666666666666664,22,4.098621877985488,1.3484848484848442,55.0,30715.62,45,Auto Components,51.0,average_payer
INV705262,C1177,2025-08-07,50.34782608695652,51.0,23,4.006911025762793,0.6521739130434767,51.0,72826.6,45,Auto Components,50.0,average_payer
INV705264,C1177,2025-10-02,50.333333333333336,52.0,24,3.9194794093833054,1.6666666666666643,50.0,53508.37,45,Auto Components,45.0,average_payer
INV705265,C1177,2025-10-07,50.12,48.666666666666664,25,3.982461550347975,-1.4533333333333331,45.0,63316.89,45,Auto Components,55.0,average_payer
INV705266,C1177,2025-10-23,50.30769230769231,50.0,26,4.01765335258512,-0.3076923076923066,55.0,57316.8,45,Auto Components,49.0,average_payer
INV705267,C1177,2025-10-25,50.25925925925926,49.666666666666664,27,3.9476633068241243,-0.5925925925925952,49.0,76563.17,45,Auto Components,49.0,average_payer
INV705268,C1177,2025-11-02,50.214285714285715,51.0,28,3.8811714808150466,0.7857142857142847,49.0,107380.15,45,Auto Components,53.0,average_payer
INV705269,C1177,2025-11-25,50.310344827586206,50.333333333333336,29,3.8461803712613194,0.022988505747129295,53.0,55022.96,45,Auto Components,38.0,average_payer
INV705270,C1177,2025-12-04,49.9,46.666666666666664,30,4.39709935737421,-3.2333333333333343,38.0,40767.05,45,Auto Components,54.0,average_payer
INV705271,C1177,2026-03-12,50.03225806451613,48.333333333333336,31,4.385459846414755,-1.6989247311827924,54.0,81142.87,45,Auto Components,52.0,average_payer
INV705272,C1177,2026-04-02,50.09375,48.0,32,4.328147745078235,-2.09375,52.0,71697.74,45,Auto Components,48.0,average_payer
INV705273,C1177,2026-04-24,50.03030303030303,51.333333333333336,33,4.275547103038748,1.3030303030303045,48.0,309110.13,45,Auto Components,55.0,average_payer
INV705274,C1177,2026-05-05,50.1764705882353,51.666666666666664,34,4.2956679251719585,1.4901960784313673,55.0,50957.23,45,Auto Components,50.0,average_payer
INV705275,C1177,2026-05-15,50.17142857142857,51.0,35,4.232130003880776,0.8285714285714292,50.0,21468.97,45,Auto Components,51.0,average_payer
INV705276,C1177,2026-06-02,50.19444444444444,52.0,36,4.17351817634163,1.8055555555555571,51.0,68332.23,45,Auto Components,54.0,average_payer
INV705279,C1178,2024-03-19,,,0,,,,68879.76,45,Pharma & Healthcare,44.0,average_payer
INV705280,C1178,2024-05-19,44.0,44.0,1,,0.0,44.0,49172.65,45,Pharma & Healthcare,49.0,average_payer
INV705281,C1178,2024-06-09,46.5,46.5,2,3.5355339059327378,0.0,49.0,57133.41,45,Pharma & Healthcare,53.0,average_payer
INV705282,C1178,2024-08-29,48.666666666666664,48.666666666666664,3,4.509249752822895,0.0,53.0,74816.78,45,Pharma & Healthcare,44.0,average_payer
INV705283,C1178,2025-09-30,47.5,48.666666666666664,4,4.358898943540674,1.1666666666666643,44.0,55780.78,45,Pharma & Healthcare,47.0,average_payer
INV705284,C1178,2025-10-04,47.4,48.0,5,3.781534080237808,0.6000000000000014,47.0,75486.04,45,Pharma & Healthcare,47.0,average_payer
INV705285,C1178,2025-10-24,47.333333333333336,46.0,6,3.386246693120079,-1.3333333333333357,47.0,40263.11,45,Pharma & Healthcare,47.0,average_payer
INV705286,C1178,2025-12-07,47.285714285714285,47.0,7,3.0937725468153885,-0.2857142857142847,47.0,66647.85,45,Pharma & Healthcare,48.0,average_payer
INV705287,C1178,2026-06-22,47.375,47.333333333333336,8,2.8753881725529067,-0.0416666666666643,48.0,80085.31,45,Pharma & Healthcare,49.0,average_payer
INV705288,C1178,2026-06-30,47.55555555555556,48.0,9,2.7436796055257218,0.44444444444444287,49.0,46910.14,45,Pharma & Healthcare,42.0,average_payer
INV705289,C1179,2024-02-28,,,0,,,,1423902.81,60,FMCG & Food Processing,59.0,average_payer
INV705290,C1179,2024-07-12,59.0,59.0,1,,0.0,59.0,1453642.55,60,FMCG & Food Processing,62.0,average_payer
INV705291,C1179,2024-07-13,60.5,60.5,2,2.1213203435596424,0.0,62.0,420030.48,60,FMCG & Food Processing,69.0,average_payer
INV705292,C1179,2024-08-15,63.333333333333336,63.333333333333336,3,5.131601439446883,0.0,69.0,742216.04,60,FMCG & Food Processing,64.0,average_payer
INV705293,C1179,2024-08-27,63.5,65.0,4,4.203173404306162,1.5,64.0,943885.88,60,FMCG & Food Processing,64.0,average_payer
INV705294,C1179,2024-09-04,63.6,65.66666666666667,5,3.646916505762093,2.06666666666667,64.0,1428417.38,60,FMCG & Food Processing,63.0,average_payer
INV705295,C1179,2024-09-27,63.5,63.666666666666664,6,3.271085446759224,0.1666666666666643,63.0,1224006.28,60,FMCG & Food Processing,55.0,average_payer
INV705296,C1179,2024-11-21,62.285714285714285,60.666666666666664,7,4.386125310350267,-1.6190476190476204,55.0,940827.98,60,FMCG & Food Processing,64.0,average_payer
INV705297,C1179,2024-11-30,62.5,60.666666666666664,8,4.105745103771403,-1.8333333333333357,64.0,2211305.79,60,FMCG & Food Processing,62.0,average_payer
INV705298,C1179,2025-01-16,62.44444444444444,60.333333333333336,9,3.844187531556931,-2.111111111111107,62.0,1670460.94,60,FMCG & Food Processing,67.0,average_payer
INV705299,C1179,2025-02-17,62.9,64.33333333333333,10,3.900142447541001,1.43333333333333,67.0,903943.43,60,FMCG & Food Processing,60.0,average_payer
INV705300,C1179,2025-08-31,62.63636363636363,63.0,11,3.801913393877542,0.36363636363636687,60.0,1159722.97,60,FMCG & Food Processing,62.0,average_payer
INV705301,C1179,2025-08-31,62.583333333333336,63.0,12,3.62963392427424,0.4166666666666643,62.0,1587467.29,60,FMCG & Food Processing,67.0,average_payer
INV705302,C1179,2025-12-30,62.92307692307692,63.0,13,3.684687649845381,0.0769230769230802,67.0,1305272.44,60,FMCG & Food Processing,65.0,average_payer
INV705303,C1179,2026-02-11,63.07142857142857,64.66666666666667,14,3.583386574270119,1.595238095238102,65.0,1420296.98,60,FMCG & Food Processing,58.0,average_payer
INV705304,C1179,2026-06-02,62.733333333333334,63.333333333333336,15,3.692979181920098,0.6000000000000014,58.0,599345.9,60,FMCG & Food Processing,57.0,average_payer
