invoice_id,cust_number,customer_name,sector,payment_term_days,invoice_amount,issue_date,due_date,status,actual_paid_date,days_to_payment,delay_vs_due_date,had_partial_payment_flag,is_big_ticket_spike,customer_archetype_TRUE_LABEL
INV700001,C1000,Textiles Client 001,Textiles & Apparel,60,326004.92,2024-02-26,2024-04-26,closed,2024-05-02,66.0,6.0,False,False,average_payer
INV700002,C1000,Textiles Client 001,Textiles & Apparel,60,194103.72,2024-03-22,2024-05-21,closed,2024-06-01,71.0,11.0,False,False,average_payer
INV700003,C1000,Textiles Client 001,Textiles & Apparel,60,331123.89,2024-03-25,2024-05-24,closed,2024-05-31,67.0,7.0,False,False,average_payer
INV700004,C1000,Textiles Client 001,Textiles & Apparel,60,191612.42,2024-04-27,2024-06-26,closed,2024-06-28,62.0,2.0,False,False,average_payer
INV700005,C1000,Textiles Client 001,Textiles & Apparel,60,305369.92,2024-04-30,2024-06-29,closed,2024-07-12,73.0,13.0,True,False,average_payer
INV700006,C1000,Textiles Client 001,Textiles & Apparel,60,231443.8,2024-06-22,2024-08-21,closed,2024-08-29,68.0,8.0,True,False,average_payer
INV700007,C1000,Textiles Client 001,Textiles & Apparel,60,327513.76,2024-06-30,2024-08-29,closed,2024-09-06,68.0,8.0,False,False,average_payer
INV700008,C1000,Textiles Client 001,Textiles & Apparel,60,431034.75,2024-07-28,2024-09-26,closed,2024-10-05,69.0,9.0,False,False,average_payer
INV700009,C1000,Textiles Client 001,Textiles & Apparel,60,269153.21,2024-08-07,2024-10-06,closed,2024-10-17,71.0,11.0,False,False,average_payer
INV700010,C1000,Textiles Client 001,Textiles & Apparel,60,212066.34,2024-08-09,2024-10-08,closed,2024-10-25,77.0,17.0,False,False,average_payer
INV700011,C1000,Textiles Client 001,Textiles & Apparel,60,491236.38,2024-08-14,2024-10-13,closed,2024-10-18,65.0,5.0,False,False,average_payer
INV700012,C1000,Textiles Client 001,Textiles & Apparel,60,255521.31,2024-09-13,2024-11-12,closed,2024-11-24,72.0,12.0,False,False,average_payer
INV700013,C1000,Textiles Client 001,Textiles & Apparel,60,354118.09,2024-09-23,2024-11-22,closed,2024-12-07,75.0,15.0,False,False,average_payer
INV700014,C1000,Textiles Client 001,Textiles & Apparel,60,356818.82,2024-09-23,2024-11-22,closed,2024-12-02,70.0,10.0,False,False,average_payer
INV700015,C1000,Textiles Client 001,Textiles & Apparel,60,191397.65,2024-10-16,2024-12-15,closed,2024-12-14,59.0,-1.0,False,False,average_payer
INV700016,C1000,Textiles Client 001,Textiles & Apparel,60,165323.36,2024-11-06,2025-01-05,closed,2025-01-14,69.0,9.0,False,False,average_payer
INV700017,C1000,Textiles Client 001,Textiles & Apparel,60,1152927.51,2024-11-19,2025-01-18,closed,2025-01-21,63.0,3.0,False,True,average_payer
INV700018,C1000,Textiles Client 001,Textiles & Apparel,60,256777.98,2024-12-09,2025-02-07,closed,2025-02-08,61.0,1.0,False,False,average_payer
INV700019,C1000,Textiles Client 001,Textiles & Apparel,60,567679.44,2025-02-06,2025-04-07,closed,2025-04-03,56.0,-4.0,False,False,average_payer
INV700020,C1000,Textiles Client 001,Textiles & Apparel,60,280058.0,2025-03-15,2025-05-14,closed,2025-05-25,71.0,11.0,False,False,average_payer
INV700021,C1000,Textiles Client 001,Textiles & Apparel,60,373415.66,2025-03-28,2025-05-27,closed,2025-06-04,68.0,8.0,False,False,average_payer
INV700022,C1000,Textiles Client 001,Textiles & Apparel,60,364601.96,2025-04-17,2025-06-16,closed,2025-06-16,60.0,0.0,False,False,average_payer
INV700023,C1000,Textiles Client 001,Textiles & Apparel,60,259001.29,2025-04-26,2025-06-25,closed,2025-07-01,66.0,6.0,False,False,average_payer
INV700024,C1000,Textiles Client 001,Textiles & Apparel,60,1576789.29,2025-05-06,2025-07-05,closed,2025-07-13,68.0,8.0,False,True,average_payer
INV700025,C1000,Textiles Client 001,Textiles & Apparel,60,122343.92,2025-05-08,2025-07-07,closed,2025-07-09,62.0,2.0,False,False,average_payer
INV700026,C1000,Textiles Client 001,Textiles & Apparel,60,120906.52,2025-05-17,2025-07-16,closed,2025-07-26,70.0,10.0,False,False,average_payer
INV700027,C1000,Textiles Client 001,Textiles & Apparel,60,382408.62,2025-07-05,2025-09-03,closed,2025-09-06,63.0,3.0,False,False,average_payer
INV700028,C1000,Textiles Client 001,Textiles & Apparel,60,336681.82,2025-08-01,2025-09-30,closed,2025-10-10,70.0,10.0,False,False,average_payer
INV700029,C1000,Textiles Client 001,Textiles & Apparel,60,282472.57,2025-09-12,2025-11-11,closed,2025-11-22,71.0,11.0,False,False,average_payer
INV700030,C1000,Textiles Client 001,Textiles & Apparel,60,254282.22,2025-09-29,2025-11-28,closed,2025-12-10,72.0,12.0,False,False,average_payer
INV700031,C1000,Textiles Client 001,Textiles & Apparel,60,255398.76,2025-12-04,2026-02-02,closed,2026-02-08,66.0,6.0,False,False,average_payer
INV700032,C1000,Textiles Client 001,Textiles & Apparel,60,213195.97,2026-01-02,2026-03-03,closed,2026-02-24,53.0,-7.0,False,False,average_payer
INV700033,C1000,Textiles Client 001,Textiles & Apparel,60,278884.01,2026-02-14,2026-04-15,closed,2026-04-21,66.0,6.0,False,False,average_payer
INV700034,C1000,Textiles Client 001,Textiles & Apparel,60,410163.23,2026-03-16,2026-05-15,closed,2026-05-17,62.0,2.0,False,False,average_payer
INV700035,C1000,Textiles Client 001,Textiles & Apparel,60,1227678.62,2026-03-20,2026-05-19,disputed_open,,,,False,True,average_payer
INV700036,C1000,Textiles Client 001,Textiles & Apparel,60,277877.55,2026-03-23,2026-05-22,closed,2026-05-20,58.0,-2.0,False,False,average_payer
INV700037,C1000,Textiles Client 001,Textiles & Apparel,60,192660.57,2026-05-21,2026-07-20,closed,2026-08-03,74.0,14.0,False,False,average_payer
INV700038,C1000,Textiles Client 001,Textiles & Apparel,60,203096.92,2026-06-01,2026-07-31,closed,2026-08-09,69.0,9.0,False,False,average_payer
INV700039,C1000,Textiles Client 001,Textiles & Apparel,60,182448.73,2026-06-02,2026-08-01,closed,2026-08-09,68.0,8.0,False,False,average_payer
INV700040,C1000,Textiles Client 001,Textiles & Apparel,60,1173604.93,2026-06-20,2026-08-19,open,,,,False,True,average_payer
INV700041,C1000,Textiles Client 001,Textiles & Apparel,60,64036.8,2026-07-06,2026-09-04,open,,,,False,False,average_payer
INV700042,C1000,Textiles Client 001,Textiles & Apparel,60,582239.44,2026-08-04,2026-10-03,open,,,,False,True,average_payer
INV700043,C1000,Textiles Client 001,Textiles & Apparel,60,260969.75,2026-08-05,2026-10-04,open,,,,False,False,average_payer
INV700044,C1000,Textiles Client 001,Textiles & Apparel,60,193417.87,2026-08-09,2026-10-08,open,,,,False,False,average_payer
INV700045,C1001,Textiles Client 002,Textiles & Apparel,90,25528.38,2024-03-02,2024-05-31,closed,2024-05-31,90.0,0.0,False,False,prompt_payer
INV700046,C1001,Textiles Client 002,Textiles & Apparel,90,32824.37,2024-03-12,2024-06-10,closed,2024-06-11,91.0,1.0,False,False,prompt_payer
INV700047,C1001,Textiles Client 002,Textiles & Apparel,90,15528.76,2024-04-25,2024-07-24,closed,2024-07-22,88.0,-2.0,False,False,prompt_payer
INV700048,C1001,Textiles Client 002,Textiles & Apparel,90,28423.57,2024-05-27,2024-08-25,closed,2024-08-25,90.0,0.0,False,False,prompt_payer
INV700049,C1001,Textiles Client 002,Textiles & Apparel,90,33976.07,2024-06-06,2024-09-04,closed,2024-09-02,88.0,-2.0,False,False,prompt_payer
INV700050,C1001,Textiles Client 002,Textiles & Apparel,90,28318.7,2024-06-07,2024-09-05,closed,2024-09-09,94.0,4.0,False,False,prompt_payer
INV700051,C1001,Textiles Client 002,Textiles & Apparel,90,22207.82,2024-06-24,2024-09-22,closed,2024-09-22,90.0,0.0,False,False,prompt_payer
INV700052,C1001,Textiles Client 002,Textiles & Apparel,90,20590.37,2024-06-27,2024-09-25,closed,2024-09-27,92.0,2.0,False,False,prompt_payer
INV700053,C1001,Textiles Client 002,Textiles & Apparel,90,27390.54,2024-06-28,2024-09-26,closed,2024-09-25,89.0,-1.0,False,False,prompt_payer
INV700054,C1001,Textiles Client 002,Textiles & Apparel,90,27784.16,2024-07-13,2024-10-11,closed,2024-10-05,84.0,-6.0,False,False,prompt_payer
INV700055,C1001,Textiles Client 002,Textiles & Apparel,90,25270.53,2024-08-29,2024-11-27,closed,2024-12-01,94.0,4.0,False,False,prompt_payer
INV700056,C1001,Textiles Client 002,Textiles & Apparel,90,38662.58,2024-09-16,2024-12-15,closed,2024-12-14,89.0,-1.0,False,False,prompt_payer
INV700057,C1001,Textiles Client 002,Textiles & Apparel,90,22145.21,2024-11-10,2025-02-08,closed,2025-02-14,96.0,6.0,False,False,prompt_payer
INV700058,C1001,Textiles Client 002,Textiles & Apparel,90,25311.29,2024-11-14,2025-02-12,closed,2025-02-12,90.0,0.0,False,False,prompt_payer
INV700059,C1001,Textiles Client 002,Textiles & Apparel,90,52814.97,2024-11-29,2025-02-27,closed,2025-02-25,88.0,-2.0,False,False,prompt_payer
INV700060,C1001,Textiles Client 002,Textiles & Apparel,90,20714.69,2024-11-29,2025-02-27,closed,2025-02-28,91.0,1.0,False,False,prompt_payer
INV700061,C1001,Textiles Client 002,Textiles & Apparel,90,27945.1,2024-11-30,2025-02-28,closed,2025-02-23,85.0,-5.0,False,False,prompt_payer
INV700062,C1001,Textiles Client 002,Textiles & Apparel,90,12379.88,2024-12-25,2025-03-25,closed,2025-03-26,91.0,1.0,False,False,prompt_payer
INV700063,C1001,Textiles Client 002,Textiles & Apparel,90,13255.97,2025-01-28,2025-04-28,closed,2025-04-27,89.0,-1.0,False,False,prompt_payer
INV700064,C1001,Textiles Client 002,Textiles & Apparel,90,16180.94,2025-02-25,2025-05-26,closed,2025-05-27,91.0,1.0,False,False,prompt_payer
INV700065,C1001,Textiles Client 002,Textiles & Apparel,90,24892.21,2025-05-29,2025-08-27,closed,2025-08-27,90.0,0.0,False,False,prompt_payer
INV700066,C1001,Textiles Client 002,Textiles & Apparel,90,33291.93,2025-06-27,2025-09-25,closed,2025-09-22,87.0,-3.0,False,False,prompt_payer
INV700067,C1001,Textiles Client 002,Textiles & Apparel,90,35893.29,2025-08-08,2025-11-06,closed,2025-10-30,83.0,-7.0,False,False,prompt_payer
INV700068,C1001,Textiles Client 002,Textiles & Apparel,90,20119.87,2025-08-14,2025-11-12,closed,2025-11-13,91.0,1.0,False,False,prompt_payer
INV700069,C1001,Textiles Client 002,Textiles & Apparel,90,19084.85,2025-09-15,2025-12-14,closed,2025-12-16,92.0,2.0,False,False,prompt_payer
INV700070,C1001,Textiles Client 002,Textiles & Apparel,90,25897.34,2025-10-07,2026-01-05,closed,2026-01-10,95.0,5.0,False,False,prompt_payer
INV700071,C1001,Textiles Client 002,Textiles & Apparel,90,23027.47,2025-10-17,2026-01-15,closed,2026-01-16,91.0,1.0,False,False,prompt_payer
INV700072,C1001,Textiles Client 002,Textiles & Apparel,90,28474.04,2025-11-15,2026-02-13,closed,2026-02-12,89.0,-1.0,False,False,prompt_payer
INV700073,C1001,Textiles Client 002,Textiles & Apparel,90,37567.64,2025-11-20,2026-02-18,closed,2026-02-23,95.0,5.0,False,False,prompt_payer
INV700074,C1001,Textiles Client 002,Textiles & Apparel,90,17413.7,2025-12-06,2026-03-06,closed,2026-03-05,89.0,-1.0,False,False,prompt_payer
INV700075,C1001,Textiles Client 002,Textiles & Apparel,90,23514.95,2025-12-14,2026-03-14,closed,2026-03-14,90.0,0.0,False,False,prompt_payer
INV700076,C1001,Textiles Client 002,Textiles & Apparel,90,28922.84,2025-12-16,2026-03-16,closed,2026-03-22,96.0,6.0,False,False,prompt_payer
INV700077,C1001,Textiles Client 002,Textiles & Apparel,90,14929.94,2025-12-18,2026-03-18,closed,2026-03-21,93.0,3.0,False,False,prompt_payer
INV700078,C1001,Textiles Client 002,Textiles & Apparel,90,32755.95,2026-01-22,2026-04-22,closed,2026-04-26,94.0,4.0,False,False,prompt_payer
INV700079,C1001,Textiles Client 002,Textiles & Apparel,90,27938.61,2026-02-11,2026-05-12,closed,2026-05-14,92.0,2.0,False,False,prompt_payer
INV700080,C1001,Textiles Client 002,Textiles & Apparel,90,28952.98,2026-02-24,2026-05-25,closed,2026-05-22,87.0,-3.0,False,False,prompt_payer
INV700081,C1001,Textiles Client 002,Textiles & Apparel,90,20764.74,2026-03-05,2026-06-03,closed,2026-06-04,91.0,1.0,False,False,prompt_payer
INV700082,C1001,Textiles Client 002,Textiles & Apparel,90,26146.49,2026-03-08,2026-06-06,disputed_open,,,,False,False,prompt_payer
INV700083,C1001,Textiles Client 002,Textiles & Apparel,90,13058.51,2026-03-25,2026-06-23,closed,2026-06-21,88.0,-2.0,False,False,prompt_payer
INV700084,C1001,Textiles Client 002,Textiles & Apparel,90,22525.54,2026-04-10,2026-07-09,closed,2026-07-10,91.0,1.0,False,False,prompt_payer
INV700085,C1001,Textiles Client 002,Textiles & Apparel,90,15886.11,2026-05-05,2026-08-03,closed,2026-08-02,89.0,-1.0,False,False,prompt_payer
INV700086,C1002,Chemicals Client 003,Chemicals & Plastics,30,89369.95,2024-03-21,2024-04-20,closed,2024-05-11,51.0,21.0,False,False,seasonal_payer
INV700087,C1002,Chemicals Client 003,Chemicals & Plastics,30,148143.33,2024-05-06,2024-06-05,closed,2024-06-13,38.0,8.0,False,False,seasonal_payer
INV700088,C1002,Chemicals Client 003,Chemicals & Plastics,30,180576.8,2024-06-29,2024-07-29,closed,2024-07-25,26.0,-4.0,False,False,seasonal_payer
INV700089,C1002,Chemicals Client 003,Chemicals & Plastics,30,122191.28,2024-07-20,2024-08-19,closed,2024-08-22,33.0,3.0,False,False,seasonal_payer
INV700090,C1002,Chemicals Client 003,Chemicals & Plastics,30,133274.01,2024-07-24,2024-08-23,closed,2024-08-31,38.0,8.0,False,False,seasonal_payer
INV700091,C1002,Chemicals Client 003,Chemicals & Plastics,30,28431.18,2024-10-24,2024-11-23,closed,2024-12-08,45.0,15.0,False,False,seasonal_payer
INV700092,C1002,Chemicals Client 003,Chemicals & Plastics,30,128516.55,2024-11-04,2024-12-04,closed,2024-12-11,37.0,7.0,False,False,seasonal_payer
INV700093,C1002,Chemicals Client 003,Chemicals & Plastics,30,161417.73,2024-11-15,2024-12-15,closed,2024-12-24,39.0,9.0,False,False,seasonal_payer
INV700094,C1002,Chemicals Client 003,Chemicals & Plastics,30,160903.55,2024-12-11,2025-01-10,closed,2025-01-15,35.0,5.0,False,False,seasonal_payer
INV700095,C1002,Chemicals Client 003,Chemicals & Plastics,30,97418.17,2024-12-22,2025-01-21,closed,2025-01-21,30.0,0.0,False,False,seasonal_payer
INV700096,C1002,Chemicals Client 003,Chemicals & Plastics,30,111429.12,2025-01-08,2025-02-07,closed,2025-03-09,60.0,30.0,False,False,seasonal_payer
INV700097,C1002,Chemicals Client 003,Chemicals & Plastics,30,126293.38,2025-01-13,2025-02-12,closed,2025-03-03,49.0,19.0,False,False,seasonal_payer
INV700098,C1002,Chemicals Client 003,Chemicals & Plastics,30,181070.11,2025-02-07,2025-03-09,closed,2025-04-02,54.0,24.0,True,False,seasonal_payer
INV700099,C1002,Chemicals Client 003,Chemicals & Plastics,30,74977.57,2025-02-15,2025-03-17,closed,2025-04-11,55.0,25.0,False,False,seasonal_payer
INV700100,C1002,Chemicals Client 003,Chemicals & Plastics,30,73186.09,2025-03-30,2025-04-29,closed,2025-05-09,40.0,10.0,False,False,seasonal_payer
INV700101,C1002,Chemicals Client 003,Chemicals & Plastics,30,175398.55,2025-04-02,2025-05-02,closed,2025-05-04,32.0,2.0,False,False,seasonal_payer
INV700102,C1002,Chemicals Client 003,Chemicals & Plastics,30,113647.6,2025-05-23,2025-06-22,closed,2025-06-27,35.0,5.0,False,False,seasonal_payer
INV700103,C1002,Chemicals Client 003,Chemicals & Plastics,30,61279.39,2025-06-07,2025-07-07,closed,2025-07-15,38.0,8.0,False,False,seasonal_payer
INV700104,C1002,Chemicals Client 003,Chemicals & Plastics,30,120357.24,2025-06-12,2025-07-12,closed,2025-07-17,35.0,5.0,False,False,seasonal_payer
INV700105,C1002,Chemicals Client 003,Chemicals & Plastics,30,117182.71,2025-07-04,2025-08-03,closed,2025-08-10,37.0,7.0,False,False,seasonal_payer
INV700106,C1002,Chemicals Client 003,Chemicals & Plastics,30,167464.17,2025-07-10,2025-08-09,closed,2025-08-16,37.0,7.0,False,False,seasonal_payer
INV700107,C1002,Chemicals Client 003,Chemicals & Plastics,30,149430.37,2025-07-30,2025-08-29,closed,2025-08-30,31.0,1.0,False,False,seasonal_payer
INV700108,C1002,Chemicals Client 003,Chemicals & Plastics,30,182470.73,2025-08-04,2025-09-03,closed,2025-09-02,29.0,-1.0,False,False,seasonal_payer
INV700109,C1002,Chemicals Client 003,Chemicals & Plastics,30,123317.53,2025-08-26,2025-09-25,closed,2025-09-28,33.0,3.0,False,False,seasonal_payer
INV700110,C1002,Chemicals Client 003,Chemicals & Plastics,30,598570.57,2025-10-07,2025-11-06,closed,2025-11-20,44.0,14.0,False,True,seasonal_payer
INV700111,C1002,Chemicals Client 003,Chemicals & Plastics,30,194396.33,2025-10-24,2025-11-23,closed,2025-12-07,44.0,14.0,False,False,seasonal_payer
INV700112,C1002,Chemicals Client 003,Chemicals & Plastics,30,108950.92,2025-11-07,2025-12-07,closed,2025-12-18,41.0,11.0,False,False,seasonal_payer
INV700113,C1002,Chemicals Client 003,Chemicals & Plastics,30,122591.59,2025-11-26,2025-12-26,closed,2025-12-30,34.0,4.0,False,False,seasonal_payer
INV700114,C1002,Chemicals Client 003,Chemicals & Plastics,30,22576.35,2025-12-01,2025-12-31,closed,2026-01-02,32.0,2.0,False,False,seasonal_payer
INV700115,C1002,Chemicals Client 003,Chemicals & Plastics,30,139869.66,2025-12-06,2026-01-05,closed,2026-01-15,40.0,10.0,False,False,seasonal_payer
INV700116,C1002,Chemicals Client 003,Chemicals & Plastics,30,160431.62,2025-12-15,2026-01-14,closed,2026-01-16,32.0,2.0,False,False,seasonal_payer
INV700117,C1002,Chemicals Client 003,Chemicals & Plastics,30,120056.27,2025-12-18,2026-01-17,closed,2026-01-09,22.0,-8.0,False,False,seasonal_payer
INV700118,C1002,Chemicals Client 003,Chemicals & Plastics,30,104743.05,2025-12-25,2026-01-24,closed,2026-01-21,27.0,-3.0,False,False,seasonal_payer
INV700119,C1002,Chemicals Client 003,Chemicals & Plastics,30,223211.81,2025-12-28,2026-01-27,closed,2026-01-29,32.0,2.0,False,False,seasonal_payer
INV700120,C1002,Chemicals Client 003,Chemicals & Plastics,30,39858.52,2025-12-29,2026-01-28,closed,2026-01-28,30.0,0.0,False,False,seasonal_payer
INV700121,C1002,Chemicals Client 003,Chemicals & Plastics,30,87997.07,2026-03-26,2026-04-25,closed,2026-05-15,50.0,20.0,False,False,seasonal_payer
INV700122,C1002,Chemicals Client 003,Chemicals & Plastics,30,155896.8,2026-05-07,2026-06-06,disputed_open,,,,False,False,seasonal_payer
INV700123,C1002,Chemicals Client 003,Chemicals & Plastics,30,62191.73,2026-05-09,2026-06-08,closed,2026-06-14,36.0,6.0,False,False,seasonal_payer
INV700124,C1002,Chemicals Client 003,Chemicals & Plastics,30,184334.71,2026-05-21,2026-06-20,closed,2026-06-23,33.0,3.0,False,False,seasonal_payer
INV700125,C1002,Chemicals Client 003,Chemicals & Plastics,30,202340.35,2026-06-27,2026-07-27,closed,2026-07-27,30.0,0.0,False,False,seasonal_payer
INV700126,C1002,Chemicals Client 003,Chemicals & Plastics,30,64453.27,2026-06-29,2026-07-29,closed,2026-08-05,37.0,7.0,False,False,seasonal_payer
INV700127,C1002,Chemicals Client 003,Chemicals & Plastics,30,91683.08,2026-08-01,2026-08-31,open,,,,False,False,seasonal_payer
INV700128,C1002,Chemicals Client 003,Chemicals & Plastics,30,132495.46,2026-08-03,2026-09-02,open,,,,False,False,seasonal_payer
INV700129,C1002,Chemicals Client 003,Chemicals & Plastics,30,90030.73,2026-08-06,2026-09-05,open,,,,False,False,seasonal_payer
INV700130,C1003,Metal Client 004,Metal & Engineering,60,123633.23,2024-03-25,2024-05-24,closed,2024-05-27,63.0,3.0,False,False,average_payer
INV700131,C1003,Metal Client 004,Metal & Engineering,60,145964.01,2024-04-10,2024-06-09,closed,2024-06-27,78.0,18.0,False,False,average_payer
INV700132,C1003,Metal Client 004,Metal & Engineering,60,97698.99,2024-05-02,2024-07-01,closed,2024-07-10,69.0,9.0,False,False,average_payer
INV700133,C1003,Metal Client 004,Metal & Engineering,60,112794.29,2024-05-18,2024-07-17,closed,2024-08-01,75.0,15.0,False,False,average_payer
INV700134,C1003,Metal Client 004,Metal & Engineering,60,132682.77,2024-06-04,2024-08-03,closed,2024-08-07,64.0,4.0,False,False,average_payer
INV700135,C1003,Metal Client 004,Metal & Engineering,60,193065.22,2024-06-23,2024-08-22,closed,2024-09-07,76.0,16.0,False,False,average_payer
INV700136,C1003,Metal Client 004,Metal & Engineering,60,101219.38,2024-07-18,2024-09-16,closed,2024-09-24,68.0,8.0,False,False,average_payer
INV700137,C1003,Metal Client 004,Metal & Engineering,60,147310.46,2024-08-13,2024-10-12,closed,2024-10-31,79.0,19.0,False,False,average_payer
INV700138,C1003,Metal Client 004,Metal & Engineering,60,135668.2,2024-08-23,2024-10-22,closed,2024-10-31,69.0,9.0,False,False,average_payer
INV700139,C1003,Metal Client 004,Metal & Engineering,60,707541.32,2024-12-05,2025-02-03,closed,2025-01-27,53.0,-7.0,False,True,average_payer
INV700140,C1003,Metal Client 004,Metal & Engineering,60,122539.67,2025-02-13,2025-04-14,closed,2025-04-13,59.0,-1.0,False,False,average_payer
INV700141,C1003,Metal Client 004,Metal & Engineering,60,154616.38,2025-02-19,2025-04-20,closed,2025-04-25,65.0,5.0,False,False,average_payer
INV700142,C1003,Metal Client 004,Metal & Engineering,60,130820.9,2025-03-02,2025-05-01,closed,2025-04-28,57.0,-3.0,False,False,average_payer
INV700143,C1003,Metal Client 004,Metal & Engineering,60,79455.25,2025-03-23,2025-05-22,closed,2025-05-15,53.0,-7.0,False,False,average_payer
INV700144,C1003,Metal Client 004,Metal & Engineering,60,109453.69,2025-04-08,2025-06-07,closed,2025-06-08,61.0,1.0,False,False,average_payer
INV700145,C1003,Metal Client 004,Metal & Engineering,60,105404.02,2025-04-16,2025-06-15,closed,2025-06-29,74.0,14.0,False,False,average_payer
INV700146,C1003,Metal Client 004,Metal & Engineering,60,143749.34,2025-06-07,2025-08-06,closed,2025-08-13,67.0,7.0,False,False,average_payer
INV700147,C1003,Metal Client 004,Metal & Engineering,60,169997.37,2025-07-24,2025-09-22,closed,2025-09-26,64.0,4.0,False,False,average_payer
INV700148,C1003,Metal Client 004,Metal & Engineering,60,129608.34,2025-09-01,2025-10-31,closed,2025-11-11,71.0,11.0,False,False,average_payer
INV700149,C1003,Metal Client 004,Metal & Engineering,60,151165.21,2025-11-06,2026-01-05,closed,2026-01-06,61.0,1.0,False,False,average_payer
INV700150,C1003,Metal Client 004,Metal & Engineering,60,137302.81,2026-01-01,2026-03-02,closed,2026-03-14,72.0,12.0,False,False,average_payer
INV700151,C1003,Metal Client 004,Metal & Engineering,60,111020.21,2026-02-13,2026-04-14,closed,2026-04-25,71.0,11.0,False,False,average_payer
INV700152,C1003,Metal Client 004,Metal & Engineering,60,76639.33,2026-02-18,2026-04-19,closed,2026-04-30,71.0,11.0,False,False,average_payer
INV700153,C1003,Metal Client 004,Metal & Engineering,60,115415.9,2026-03-02,2026-05-01,closed,2026-05-13,72.0,12.0,False,False,average_payer
INV700154,C1003,Metal Client 004,Metal & Engineering,60,150318.34,2026-04-01,2026-05-31,closed,2026-06-12,72.0,12.0,False,False,average_payer
INV700155,C1003,Metal Client 004,Metal & Engineering,60,102765.72,2026-05-29,2026-07-28,closed,2026-08-03,66.0,6.0,False,False,average_payer
INV700156,C1003,Metal Client 004,Metal & Engineering,60,156204.0,2026-06-06,2026-08-05,open,,,,False,False,average_payer
INV700157,C1003,Metal Client 004,Metal & Engineering,60,175802.5,2026-06-28,2026-08-27,open,,,,False,False,average_payer
INV700158,C1003,Metal Client 004,Metal & Engineering,60,154823.08,2026-07-10,2026-09-08,open,,,,False,False,average_payer
INV700159,C1003,Metal Client 004,Metal & Engineering,60,135310.45,2026-08-10,2026-10-09,open,,,,False,False,average_payer
INV700160,C1004,Chemicals Client 005,Chemicals & Plastics,30,379922.4,2024-03-17,2024-04-16,closed,2024-06-19,94.0,64.0,False,False,erratic_payer
INV700161,C1004,Chemicals Client 005,Chemicals & Plastics,30,932351.04,2024-04-24,2024-05-24,closed,2024-05-31,37.0,7.0,False,False,erratic_payer
INV700162,C1004,Chemicals Client 005,Chemicals & Plastics,30,1335304.61,2024-05-03,2024-06-02,closed,2024-06-28,56.0,26.0,False,False,erratic_payer
INV700163,C1004,Chemicals Client 005,Chemicals & Plastics,30,1011316.2,2024-05-05,2024-06-04,closed,2024-06-08,34.0,4.0,False,False,erratic_payer
INV700164,C1004,Chemicals Client 005,Chemicals & Plastics,30,1117811.4,2024-05-28,2024-06-27,closed,2024-07-16,49.0,19.0,False,False,erratic_payer
INV700165,C1004,Chemicals Client 005,Chemicals & Plastics,30,945693.46,2024-07-06,2024-08-05,closed,2024-07-31,25.0,-5.0,False,False,erratic_payer
INV700166,C1004,Chemicals Client 005,Chemicals & Plastics,30,728094.69,2024-08-08,2024-09-07,closed,2024-08-28,20.0,-10.0,False,False,erratic_payer
INV700167,C1004,Chemicals Client 005,Chemicals & Plastics,30,844655.32,2024-08-09,2024-09-08,closed,2024-09-13,35.0,5.0,False,False,erratic_payer
INV700168,C1004,Chemicals Client 005,Chemicals & Plastics,30,1148065.53,2024-08-19,2024-09-18,closed,2024-09-21,33.0,3.0,False,False,erratic_payer
INV700169,C1004,Chemicals Client 005,Chemicals & Plastics,30,646248.41,2024-08-28,2024-09-27,closed,2024-11-05,69.0,39.0,False,False,erratic_payer
INV700170,C1004,Chemicals Client 005,Chemicals & Plastics,30,843796.35,2024-08-31,2024-09-30,closed,2024-09-25,25.0,-5.0,False,False,erratic_payer
INV700171,C1004,Chemicals Client 005,Chemicals & Plastics,30,760567.33,2024-10-26,2024-11-25,closed,2024-11-12,17.0,-13.0,False,False,erratic_payer
INV700172,C1004,Chemicals Client 005,Chemicals & Plastics,30,1045324.03,2024-10-28,2024-11-27,closed,2024-12-02,35.0,5.0,False,False,erratic_payer
INV700173,C1004,Chemicals Client 005,Chemicals & Plastics,30,367501.3,2024-11-27,2024-12-27,closed,2025-01-09,43.0,13.0,False,False,erratic_payer
INV700174,C1004,Chemicals Client 005,Chemicals & Plastics,30,836610.18,2025-01-08,2025-02-07,closed,2025-02-26,49.0,19.0,False,False,erratic_payer
INV700175,C1004,Chemicals Client 005,Chemicals & Plastics,30,796919.5,2025-01-28,2025-02-27,closed,2025-02-25,28.0,-2.0,False,False,erratic_payer
INV700176,C1004,Chemicals Client 005,Chemicals & Plastics,30,460202.98,2025-01-31,2025-03-02,closed,2025-03-19,47.0,17.0,False,False,erratic_payer
INV700177,C1004,Chemicals Client 005,Chemicals & Plastics,30,586041.61,2025-02-05,2025-03-07,closed,2025-03-11,34.0,4.0,False,False,erratic_payer
INV700178,C1004,Chemicals Client 005,Chemicals & Plastics,30,738677.43,2025-03-19,2025-04-18,closed,2025-04-26,38.0,8.0,False,False,erratic_payer
INV700179,C1004,Chemicals Client 005,Chemicals & Plastics,30,225664.99,2025-03-26,2025-04-25,closed,2025-04-22,27.0,-3.0,False,False,erratic_payer
INV700180,C1004,Chemicals Client 005,Chemicals & Plastics,30,242185.68,2025-04-05,2025-05-05,closed,2025-05-09,34.0,4.0,False,False,erratic_payer
INV700181,C1004,Chemicals Client 005,Chemicals & Plastics,30,1033205.75,2025-04-05,2025-05-05,closed,2025-07-20,106.0,76.0,False,False,erratic_payer
INV700182,C1004,Chemicals Client 005,Chemicals & Plastics,30,1007638.43,2025-04-29,2025-05-29,closed,2025-05-23,24.0,-6.0,False,False,erratic_payer
INV700183,C1004,Chemicals Client 005,Chemicals & Plastics,30,505805.52,2025-07-16,2025-08-15,closed,2025-09-03,49.0,19.0,False,False,erratic_payer
INV700184,C1004,Chemicals Client 005,Chemicals & Plastics,30,1108010.71,2025-08-25,2025-09-24,closed,2025-09-20,26.0,-4.0,False,False,erratic_payer
INV700185,C1004,Chemicals Client 005,Chemicals & Plastics,30,338647.21,2025-11-17,2025-12-17,closed,2025-12-19,32.0,2.0,False,False,erratic_payer
INV700186,C1004,Chemicals Client 005,Chemicals & Plastics,30,558739.75,2025-12-05,2026-01-04,closed,2026-01-09,35.0,5.0,False,False,erratic_payer
INV700187,C1004,Chemicals Client 005,Chemicals & Plastics,30,535649.03,2025-12-05,2026-01-04,closed,2026-01-02,28.0,-2.0,False,False,erratic_payer
INV700188,C1004,Chemicals Client 005,Chemicals & Plastics,30,941550.36,2026-01-10,2026-02-09,closed,2026-02-13,34.0,4.0,False,False,erratic_payer
INV700189,C1004,Chemicals Client 005,Chemicals & Plastics,30,368430.19,2026-01-25,2026-02-24,closed,2026-05-17,112.0,82.0,False,False,erratic_payer
INV700190,C1004,Chemicals Client 005,Chemicals & Plastics,30,1062275.78,2026-03-01,2026-03-31,closed,2026-03-28,27.0,-3.0,False,False,erratic_payer
INV700191,C1004,Chemicals Client 005,Chemicals & Plastics,30,134609.88,2026-03-16,2026-04-15,closed,2026-04-16,31.0,1.0,False,False,erratic_payer
INV700192,C1004,Chemicals Client 005,Chemicals & Plastics,30,704367.6,2026-04-08,2026-05-08,closed,2026-05-22,44.0,14.0,False,False,erratic_payer
INV700193,C1004,Chemicals Client 005,Chemicals & Plastics,30,1164164.15,2026-04-10,2026-05-10,closed,2026-06-02,53.0,23.0,False,False,erratic_payer
INV700194,C1004,Chemicals Client 005,Chemicals & Plastics,30,668006.7,2026-06-11,2026-07-11,closed,2026-07-21,40.0,10.0,False,False,erratic_payer
INV700195,C1004,Chemicals Client 005,Chemicals & Plastics,30,825657.5,2026-07-19,2026-08-18,open,,,,False,False,erratic_payer
INV700196,C1004,Chemicals Client 005,Chemicals & Plastics,30,889683.96,2026-07-22,2026-08-21,open,,,,False,False,erratic_payer
INV700197,C1004,Chemicals Client 005,Chemicals & Plastics,30,901568.18,2026-07-25,2026-08-24,open,,,,False,False,erratic_payer
INV700198,C1005,FMCG Client 006,FMCG & Food Processing,15,286629.67,2024-03-31,2024-04-15,closed,2024-05-11,41.0,26.0,False,False,chronic_late_payer
INV700199,C1005,FMCG Client 006,FMCG & Food Processing,15,882050.28,2024-04-20,2024-05-05,closed,2024-05-29,39.0,24.0,False,False,chronic_late_payer
INV700200,C1005,FMCG Client 006,FMCG & Food Processing,15,764032.7,2024-05-14,2024-05-29,closed,2024-06-28,45.0,30.0,False,False,chronic_late_payer
INV700201,C1005,FMCG Client 006,FMCG & Food Processing,15,617016.79,2024-06-04,2024-06-19,closed,2024-07-17,43.0,28.0,False,False,chronic_late_payer
INV700202,C1005,FMCG Client 006,FMCG & Food Processing,15,338616.01,2024-06-10,2024-06-25,closed,2024-07-14,34.0,19.0,False,False,chronic_late_payer
INV700203,C1005,FMCG Client 006,FMCG & Food Processing,15,1376574.85,2024-09-08,2024-09-23,closed,2024-10-18,40.0,25.0,False,False,chronic_late_payer
INV700204,C1005,FMCG Client 006,FMCG & Food Processing,15,567244.34,2024-09-27,2024-10-12,closed,2024-11-07,41.0,26.0,False,False,chronic_late_payer
INV700205,C1005,FMCG Client 006,FMCG & Food Processing,15,726553.39,2024-11-18,2024-12-03,closed,2024-12-29,41.0,26.0,False,False,chronic_late_payer
INV700206,C1005,FMCG Client 006,FMCG & Food Processing,15,326049.14,2025-06-04,2025-06-19,closed,2025-07-16,42.0,27.0,True,False,chronic_late_payer
INV700207,C1005,FMCG Client 006,FMCG & Food Processing,15,356074.28,2025-06-18,2025-07-03,closed,2025-07-27,39.0,24.0,False,False,chronic_late_payer
INV700208,C1005,FMCG Client 006,FMCG & Food Processing,15,918056.09,2025-06-21,2025-07-06,closed,2025-08-02,42.0,27.0,False,False,chronic_late_payer
INV700209,C1005,FMCG Client 006,FMCG & Food Processing,15,609612.02,2025-08-16,2025-08-31,closed,2025-09-25,40.0,25.0,False,False,chronic_late_payer
INV700210,C1005,FMCG Client 006,FMCG & Food Processing,15,796836.61,2025-08-27,2025-09-11,closed,2025-10-08,42.0,27.0,False,False,chronic_late_payer
INV700211,C1005,FMCG Client 006,FMCG & Food Processing,15,1726528.68,2025-08-31,2025-09-15,closed,2025-10-09,39.0,24.0,False,True,chronic_late_payer
INV700212,C1005,FMCG Client 006,FMCG & Food Processing,15,812166.86,2026-01-07,2026-01-22,closed,2026-02-15,39.0,24.0,False,False,chronic_late_payer
INV700213,C1005,FMCG Client 006,FMCG & Food Processing,15,706962.21,2026-01-26,2026-02-10,closed,2026-02-27,32.0,17.0,False,False,chronic_late_payer
INV700214,C1005,FMCG Client 006,FMCG & Food Processing,15,484170.49,2026-03-28,2026-04-12,closed,2026-05-05,38.0,23.0,False,False,chronic_late_payer
INV700215,C1005,FMCG Client 006,FMCG & Food Processing,15,398674.62,2026-03-31,2026-04-15,closed,2026-05-05,35.0,20.0,False,False,chronic_late_payer
INV700216,C1005,FMCG Client 006,FMCG & Food Processing,15,1045930.62,2026-04-06,2026-04-21,closed,2026-05-13,37.0,22.0,False,False,chronic_late_payer
INV700217,C1005,FMCG Client 006,FMCG & Food Processing,15,759849.85,2026-04-15,2026-04-30,closed,2026-05-26,41.0,26.0,False,False,chronic_late_payer
INV700218,C1006,Metal Client 007,Metal & Engineering,45,122957.6,2024-04-16,2024-05-31,closed,2024-05-31,45.0,0.0,False,False,deteriorating_payer
INV700219,C1006,Metal Client 007,Metal & Engineering,45,75820.73,2024-04-24,2024-06-08,closed,2024-06-07,44.0,-1.0,False,False,deteriorating_payer
INV700220,C1006,Metal Client 007,Metal & Engineering,45,238001.9,2024-05-25,2024-07-09,closed,2024-07-14,50.0,5.0,False,False,deteriorating_payer
INV700221,C1006,Metal Client 007,Metal & Engineering,45,65595.67,2024-07-03,2024-08-17,closed,2024-08-30,58.0,13.0,False,False,deteriorating_payer
INV700222,C1006,Metal Client 007,Metal & Engineering,45,128848.01,2024-07-16,2024-08-30,closed,2024-09-15,61.0,16.0,False,False,deteriorating_payer
INV700223,C1006,Metal Client 007,Metal & Engineering,45,17672.22,2024-07-17,2024-08-31,closed,2024-09-13,58.0,13.0,False,False,deteriorating_payer
INV700224,C1006,Metal Client 007,Metal & Engineering,45,53135.45,2024-08-20,2024-10-04,closed,2024-10-20,61.0,16.0,True,False,deteriorating_payer
INV700225,C1006,Metal Client 007,Metal & Engineering,45,131501.38,2024-08-29,2024-10-13,closed,2024-10-13,45.0,0.0,False,False,deteriorating_payer
INV700226,C1006,Metal Client 007,Metal & Engineering,45,113780.96,2024-09-25,2024-11-09,closed,2024-11-19,55.0,10.0,False,False,deteriorating_payer
INV700227,C1006,Metal Client 007,Metal & Engineering,45,107214.08,2024-09-27,2024-11-11,closed,2024-11-25,59.0,14.0,False,False,deteriorating_payer
INV700228,C1006,Metal Client 007,Metal & Engineering,45,119976.35,2024-10-08,2024-11-22,closed,2024-12-13,66.0,21.0,False,False,deteriorating_payer
INV700229,C1006,Metal Client 007,Metal & Engineering,45,131499.76,2024-10-30,2024-12-14,closed,2024-12-31,62.0,17.0,False,False,deteriorating_payer
INV700230,C1006,Metal Client 007,Metal & Engineering,45,159170.83,2024-11-04,2024-12-19,closed,2025-01-03,60.0,15.0,False,False,deteriorating_payer
INV700231,C1006,Metal Client 007,Metal & Engineering,45,171312.6,2024-11-09,2024-12-24,closed,2025-01-05,57.0,12.0,False,False,deteriorating_payer
INV700232,C1006,Metal Client 007,Metal & Engineering,45,185470.28,2024-11-20,2025-01-04,closed,2025-01-21,62.0,17.0,False,False,deteriorating_payer
INV700233,C1006,Metal Client 007,Metal & Engineering,45,73072.24,2024-12-11,2025-01-25,closed,2025-02-18,69.0,24.0,False,False,deteriorating_payer
INV700234,C1006,Metal Client 007,Metal & Engineering,45,109134.35,2024-12-19,2025-02-02,closed,2025-02-16,59.0,14.0,False,False,deteriorating_payer
INV700235,C1006,Metal Client 007,Metal & Engineering,45,156916.07,2024-12-25,2025-02-08,closed,2025-02-20,57.0,12.0,False,False,deteriorating_payer
INV700236,C1006,Metal Client 007,Metal & Engineering,45,288406.2,2025-02-26,2025-04-12,closed,2025-04-30,63.0,18.0,False,True,deteriorating_payer
INV700237,C1006,Metal Client 007,Metal & Engineering,45,148228.8,2025-03-03,2025-04-17,closed,2025-05-05,63.0,18.0,False,False,deteriorating_payer
INV700238,C1006,Metal Client 007,Metal & Engineering,45,136521.83,2025-03-04,2025-04-18,closed,2025-05-18,75.0,30.0,False,False,deteriorating_payer
INV700239,C1006,Metal Client 007,Metal & Engineering,45,163012.15,2025-03-26,2025-05-10,closed,2025-06-06,72.0,27.0,False,False,deteriorating_payer
INV700240,C1006,Metal Client 007,Metal & Engineering,45,104427.32,2025-03-28,2025-05-12,closed,2025-06-15,79.0,34.0,False,False,deteriorating_payer
INV700241,C1006,Metal Client 007,Metal & Engineering,45,69836.65,2025-04-01,2025-05-16,closed,2025-05-29,58.0,13.0,False,False,deteriorating_payer
INV700242,C1006,Metal Client 007,Metal & Engineering,45,179863.82,2025-04-15,2025-05-30,closed,2025-07-04,80.0,35.0,False,False,deteriorating_payer
INV700243,C1006,Metal Client 007,Metal & Engineering,45,124260.79,2025-07-03,2025-08-17,closed,2025-09-18,77.0,32.0,False,False,deteriorating_payer
INV700244,C1006,Metal Client 007,Metal & Engineering,45,54429.48,2025-07-16,2025-08-30,closed,2025-10-09,85.0,40.0,False,False,deteriorating_payer
INV700245,C1006,Metal Client 007,Metal & Engineering,45,29447.03,2025-09-03,2025-10-18,closed,2025-11-14,72.0,27.0,False,False,deteriorating_payer
INV700246,C1006,Metal Client 007,Metal & Engineering,45,101101.24,2025-09-25,2025-11-09,closed,2025-12-07,73.0,28.0,False,False,deteriorating_payer
INV700247,C1006,Metal Client 007,Metal & Engineering,45,114538.91,2025-09-29,2025-11-13,disputed_open,,,,False,False,deteriorating_payer
INV700248,C1006,Metal Client 007,Metal & Engineering,45,126187.54,2025-10-31,2025-12-15,closed,2026-01-23,84.0,39.0,False,False,deteriorating_payer
INV700249,C1006,Metal Client 007,Metal & Engineering,45,143178.07,2025-11-03,2025-12-18,closed,2026-02-04,93.0,48.0,False,False,deteriorating_payer
INV700250,C1006,Metal Client 007,Metal & Engineering,45,163064.62,2025-11-03,2025-12-18,closed,2026-01-10,68.0,23.0,False,False,deteriorating_payer
INV700251,C1006,Metal Client 007,Metal & Engineering,45,39296.81,2025-11-17,2026-01-01,closed,2026-02-08,83.0,38.0,False,False,deteriorating_payer
INV700252,C1006,Metal Client 007,Metal & Engineering,45,77276.58,2025-12-31,2026-02-14,closed,2026-04-02,92.0,47.0,False,False,deteriorating_payer
INV700253,C1006,Metal Client 007,Metal & Engineering,45,83746.2,2026-01-02,2026-02-16,closed,2026-03-14,71.0,26.0,False,False,deteriorating_payer
INV700254,C1006,Metal Client 007,Metal & Engineering,45,71198.75,2026-01-11,2026-02-25,closed,2026-03-30,78.0,33.0,False,False,deteriorating_payer
INV700255,C1006,Metal Client 007,Metal & Engineering,45,68427.55,2026-01-26,2026-03-12,closed,2026-04-19,83.0,38.0,False,False,deteriorating_payer
INV700256,C1006,Metal Client 007,Metal & Engineering,45,81817.68,2026-02-09,2026-03-26,closed,2026-05-30,110.0,65.0,False,False,deteriorating_payer
INV700257,C1006,Metal Client 007,Metal & Engineering,45,45391.27,2026-02-12,2026-03-29,closed,2026-05-15,92.0,47.0,False,False,deteriorating_payer
INV700258,C1006,Metal Client 007,Metal & Engineering,45,69486.74,2026-03-22,2026-05-06,closed,2026-06-14,84.0,39.0,False,False,deteriorating_payer
INV700259,C1006,Metal Client 007,Metal & Engineering,45,108622.47,2026-04-05,2026-05-20,closed,2026-06-27,83.0,38.0,False,False,deteriorating_payer
INV700260,C1006,Metal Client 007,Metal & Engineering,45,116278.21,2026-04-27,2026-06-11,closed,2026-08-07,102.0,57.0,False,False,deteriorating_payer
INV700261,C1006,Metal Client 007,Metal & Engineering,45,124396.98,2026-04-27,2026-06-11,closed,2026-07-14,78.0,33.0,False,False,deteriorating_payer
INV700262,C1006,Metal Client 007,Metal & Engineering,45,129125.47,2026-05-23,2026-07-07,open,,,,False,False,deteriorating_payer
INV700263,C1006,Metal Client 007,Metal & Engineering,45,96461.12,2026-07-02,2026-08-16,open,,,,False,False,deteriorating_payer
INV700264,C1006,Metal Client 007,Metal & Engineering,45,107825.22,2026-07-31,2026-09-14,open,,,,False,False,deteriorating_payer
INV700265,C1007,Chemicals Client 008,Chemicals & Plastics,60,1716314.22,2024-05-15,2024-07-14,closed,2024-07-21,67.0,7.0,False,True,cold_start
INV700266,C1007,Chemicals Client 008,Chemicals & Plastics,60,290388.3,2025-08-23,2025-10-22,closed,2025-11-13,82.0,22.0,False,False,cold_start
INV700267,C1007,Chemicals Client 008,Chemicals & Plastics,60,345571.03,2025-12-18,2026-02-16,closed,2026-02-12,56.0,-4.0,True,False,cold_start
INV700268,C1008,IT Client 009,IT & Business Services,30,174946.36,2024-02-16,2024-03-17,closed,2024-03-21,34.0,4.0,False,False,average_payer
INV700269,C1008,IT Client 009,IT & Business Services,30,150947.13,2024-02-21,2024-03-22,closed,2024-03-27,35.0,5.0,False,False,average_payer
INV700270,C1008,IT Client 009,IT & Business Services,30,158750.87,2024-03-01,2024-03-31,closed,2024-04-09,39.0,9.0,False,False,average_payer
INV700271,C1008,IT Client 009,IT & Business Services,30,78237.93,2024-03-26,2024-04-25,closed,2024-04-29,34.0,4.0,False,False,average_payer
INV700272,C1008,IT Client 009,IT & Business Services,30,152208.43,2024-04-01,2024-05-01,closed,2024-05-07,36.0,6.0,False,False,average_payer
INV700273,C1008,IT Client 009,IT & Business Services,30,122258.99,2024-04-24,2024-05-24,closed,2024-05-24,30.0,0.0,False,False,average_payer
INV700274,C1008,IT Client 009,IT & Business Services,30,74098.4,2024-05-06,2024-06-05,closed,2024-06-13,38.0,8.0,False,False,average_payer
INV700275,C1008,IT Client 009,IT & Business Services,30,107021.06,2024-05-17,2024-06-16,disputed_open,,,,False,False,average_payer
INV700276,C1008,IT Client 009,IT & Business Services,30,142289.15,2024-06-10,2024-07-10,closed,2024-07-11,31.0,1.0,False,False,average_payer
INV700277,C1008,IT Client 009,IT & Business Services,30,418404.29,2024-06-12,2024-07-12,closed,2024-07-09,27.0,-3.0,False,True,average_payer
INV700278,C1008,IT Client 009,IT & Business Services,30,29447.66,2024-06-30,2024-07-30,closed,2024-08-02,33.0,3.0,False,False,average_payer
INV700279,C1008,IT Client 009,IT & Business Services,30,126654.82,2024-07-11,2024-08-10,closed,2024-08-15,35.0,5.0,False,False,average_payer
INV700280,C1008,IT Client 009,IT & Business Services,30,93567.53,2024-08-21,2024-09-20,closed,2024-09-23,33.0,3.0,False,False,average_payer
INV700281,C1008,IT Client 009,IT & Business Services,30,154388.09,2024-10-07,2024-11-06,closed,2024-11-11,35.0,5.0,False,False,average_payer
INV700282,C1008,IT Client 009,IT & Business Services,30,44057.95,2024-10-13,2024-11-12,closed,2024-11-15,33.0,3.0,False,False,average_payer
INV700283,C1008,IT Client 009,IT & Business Services,30,152418.72,2024-10-25,2024-11-24,closed,2024-11-24,30.0,0.0,False,False,average_payer
INV700284,C1008,IT Client 009,IT & Business Services,30,86477.56,2024-11-05,2024-12-05,closed,2024-12-08,33.0,3.0,False,False,average_payer
INV700285,C1008,IT Client 009,IT & Business Services,30,128340.3,2024-12-05,2025-01-04,closed,2025-01-05,31.0,1.0,False,False,average_payer
INV700286,C1008,IT Client 009,IT & Business Services,30,129034.12,2025-02-25,2025-03-27,closed,2025-03-31,34.0,4.0,False,False,average_payer
INV700287,C1008,IT Client 009,IT & Business Services,30,122842.19,2025-03-06,2025-04-05,closed,2025-04-07,32.0,2.0,False,False,average_payer
INV700288,C1008,IT Client 009,IT & Business Services,30,137736.14,2025-03-28,2025-04-27,closed,2025-04-29,32.0,2.0,False,False,average_payer
INV700289,C1008,IT Client 009,IT & Business Services,30,133611.75,2025-04-01,2025-05-01,closed,2025-05-02,31.0,1.0,False,False,average_payer
INV700290,C1008,IT Client 009,IT & Business Services,30,133401.98,2025-04-22,2025-05-22,closed,2025-05-23,31.0,1.0,False,False,average_payer
INV700291,C1008,IT Client 009,IT & Business Services,30,136557.98,2025-04-26,2025-05-26,closed,2025-05-25,29.0,-1.0,False,False,average_payer
INV700292,C1008,IT Client 009,IT & Business Services,30,104696.15,2025-05-17,2025-06-16,closed,2025-06-18,32.0,2.0,False,False,average_payer
INV700293,C1008,IT Client 009,IT & Business Services,30,74825.96,2025-05-18,2025-06-17,closed,2025-06-21,34.0,4.0,False,False,average_payer
INV700294,C1008,IT Client 009,IT & Business Services,30,148454.36,2025-05-19,2025-06-18,closed,2025-06-18,30.0,0.0,False,False,average_payer
INV700295,C1008,IT Client 009,IT & Business Services,30,144324.81,2025-05-26,2025-06-25,closed,2025-06-29,34.0,4.0,False,False,average_payer
INV700296,C1008,IT Client 009,IT & Business Services,30,238131.27,2025-06-27,2025-07-27,closed,2025-07-26,29.0,-1.0,False,False,average_payer
INV700297,C1008,IT Client 009,IT & Business Services,30,74741.5,2025-12-07,2026-01-06,closed,2026-01-03,27.0,-3.0,False,False,average_payer
INV700298,C1008,IT Client 009,IT & Business Services,30,140203.2,2025-12-07,2026-01-06,closed,2026-01-10,34.0,4.0,False,False,average_payer
INV700299,C1008,IT Client 009,IT & Business Services,30,129846.11,2025-12-11,2026-01-10,closed,2026-01-08,28.0,-2.0,False,False,average_payer
INV700300,C1008,IT Client 009,IT & Business Services,30,114884.18,2026-02-02,2026-03-04,closed,2026-03-13,39.0,9.0,False,False,average_payer
INV700301,C1008,IT Client 009,IT & Business Services,30,80894.91,2026-03-23,2026-04-22,closed,2026-04-24,32.0,2.0,False,False,average_payer
INV700302,C1008,IT Client 009,IT & Business Services,30,112427.11,2026-04-04,2026-05-04,closed,2026-05-05,31.0,1.0,False,False,average_payer
INV700303,C1008,IT Client 009,IT & Business Services,30,112571.91,2026-04-07,2026-05-07,closed,2026-05-11,34.0,4.0,False,False,average_payer
INV700304,C1008,IT Client 009,IT & Business Services,30,100841.44,2026-04-10,2026-05-10,closed,2026-05-14,34.0,4.0,False,False,average_payer
INV700305,C1008,IT Client 009,IT & Business Services,30,161142.58,2026-04-27,2026-05-27,closed,2026-06-04,38.0,8.0,False,False,average_payer
INV700306,C1008,IT Client 009,IT & Business Services,30,120473.66,2026-06-11,2026-07-11,closed,2026-07-10,29.0,-1.0,False,False,average_payer
INV700307,C1008,IT Client 009,IT & Business Services,30,87729.06,2026-06-25,2026-07-25,closed,2026-07-24,29.0,-1.0,False,False,average_payer
INV700308,C1008,IT Client 009,IT & Business Services,30,126338.7,2026-07-18,2026-08-17,open,,,,False,False,average_payer
INV700309,C1008,IT Client 009,IT & Business Services,30,140373.43,2026-07-21,2026-08-20,open,,,,False,False,average_payer
INV700310,C1008,IT Client 009,IT & Business Services,30,81213.85,2026-07-24,2026-08-23,open,,,,False,False,average_payer
INV700311,C1008,IT Client 009,IT & Business Services,30,82094.73,2026-07-31,2026-08-30,open,,,,False,False,average_payer
INV700312,C1008,IT Client 009,IT & Business Services,30,61465.76,2026-08-02,2026-09-01,open,,,,False,False,average_payer
INV700313,C1009,FMCG Client 010,FMCG & Food Processing,45,370890.19,2024-02-18,2024-04-03,closed,2024-04-12,54.0,9.0,False,False,average_payer
INV700314,C1009,FMCG Client 010,FMCG & Food Processing,45,325901.73,2024-03-24,2024-05-08,closed,2024-05-14,51.0,6.0,False,False,average_payer
INV700315,C1009,FMCG Client 010,FMCG & Food Processing,45,314511.54,2024-04-20,2024-06-04,closed,2024-06-10,51.0,6.0,False,False,average_payer
INV700316,C1009,FMCG Client 010,FMCG & Food Processing,45,277501.13,2025-02-03,2025-03-20,closed,2025-03-21,46.0,1.0,False,False,average_payer
INV700317,C1009,FMCG Client 010,FMCG & Food Processing,45,366283.85,2025-08-29,2025-10-13,closed,2025-10-17,49.0,4.0,False,False,average_payer
INV700318,C1009,FMCG Client 010,FMCG & Food Processing,45,498049.86,2025-12-09,2026-01-23,closed,2026-01-17,39.0,-6.0,False,False,average_payer
INV700319,C1009,FMCG Client 010,FMCG & Food Processing,45,416018.75,2025-12-10,2026-01-24,closed,2026-01-30,51.0,6.0,False,False,average_payer
INV700320,C1009,FMCG Client 010,FMCG & Food Processing,45,539130.2,2026-05-13,2026-06-27,closed,2026-06-23,41.0,-4.0,False,False,average_payer
INV700321,C1009,FMCG Client 010,FMCG & Food Processing,45,426283.58,2026-06-28,2026-08-12,open,,,,False,False,average_payer
INV700322,C1009,FMCG Client 010,FMCG & Food Processing,45,570114.33,2026-07-04,2026-08-18,open,,,,False,False,average_payer
INV700323,C1009,FMCG Client 010,FMCG & Food Processing,45,248526.67,2026-08-03,2026-09-17,open,,,,False,False,average_payer
INV700324,C1010,Retail Client 011,Retail & Distribution,30,120561.78,2024-10-30,2024-11-29,closed,2024-12-06,37.0,7.0,False,False,cold_start
INV700325,C1010,Retail Client 011,Retail & Distribution,30,177488.95,2025-03-08,2025-04-07,closed,2025-04-15,38.0,8.0,False,False,cold_start
INV700326,C1010,Retail Client 011,Retail & Distribution,30,137009.26,2026-01-14,2026-02-13,closed,2026-02-16,33.0,3.0,False,False,cold_start
INV700327,C1010,Retail Client 011,Retail & Distribution,30,167890.64,2026-02-08,2026-03-10,closed,2026-02-28,20.0,-10.0,False,False,cold_start
INV700328,C1011,Retail Client 012,Retail & Distribution,30,37945.29,2024-02-21,2024-03-22,disputed_open,,,,False,False,chronic_late_payer
INV700329,C1011,Retail Client 012,Retail & Distribution,30,32102.69,2024-03-25,2024-04-24,closed,2024-05-21,57.0,27.0,False,False,chronic_late_payer
INV700330,C1011,Retail Client 012,Retail & Distribution,30,31557.75,2024-03-28,2024-04-27,closed,2024-05-27,60.0,30.0,False,False,chronic_late_payer
INV700331,C1011,Retail Client 012,Retail & Distribution,30,14629.63,2024-05-13,2024-06-12,closed,2024-07-10,58.0,28.0,False,False,chronic_late_payer
INV700332,C1011,Retail Client 012,Retail & Distribution,30,38749.19,2024-05-27,2024-06-26,closed,2024-07-19,53.0,23.0,False,False,chronic_late_payer
INV700333,C1011,Retail Client 012,Retail & Distribution,30,47154.17,2024-06-15,2024-07-15,closed,2024-08-17,63.0,33.0,False,False,chronic_late_payer
INV700334,C1011,Retail Client 012,Retail & Distribution,30,31902.94,2024-06-30,2024-07-30,closed,2024-08-26,57.0,27.0,False,False,chronic_late_payer
INV700335,C1011,Retail Client 012,Retail & Distribution,30,21896.4,2024-07-24,2024-08-23,closed,2024-09-22,60.0,30.0,False,False,chronic_late_payer
INV700336,C1011,Retail Client 012,Retail & Distribution,30,24241.33,2024-08-25,2024-09-24,closed,2024-10-25,61.0,31.0,False,False,chronic_late_payer
INV700337,C1011,Retail Client 012,Retail & Distribution,30,30985.33,2024-09-17,2024-10-17,closed,2024-11-06,50.0,20.0,False,False,chronic_late_payer
INV700338,C1011,Retail Client 012,Retail & Distribution,30,24606.29,2024-10-16,2024-11-15,closed,2024-12-16,61.0,31.0,False,False,chronic_late_payer
INV700339,C1011,Retail Client 012,Retail & Distribution,30,17234.69,2024-11-09,2024-12-09,closed,2025-01-04,56.0,26.0,False,False,chronic_late_payer
INV700340,C1011,Retail Client 012,Retail & Distribution,30,30151.15,2024-12-15,2025-01-14,closed,2025-02-15,62.0,32.0,False,False,chronic_late_payer
INV700341,C1011,Retail Client 012,Retail & Distribution,30,17423.03,2025-03-18,2025-04-17,closed,2025-05-16,59.0,29.0,False,False,chronic_late_payer
INV700342,C1011,Retail Client 012,Retail & Distribution,30,20312.49,2025-04-01,2025-05-01,closed,2025-06-05,65.0,35.0,False,False,chronic_late_payer
INV700343,C1011,Retail Client 012,Retail & Distribution,30,34712.23,2025-07-18,2025-08-17,closed,2025-09-10,54.0,24.0,False,False,chronic_late_payer
INV700344,C1011,Retail Client 012,Retail & Distribution,30,4637.88,2025-07-21,2025-08-20,closed,2025-09-15,56.0,26.0,False,False,chronic_late_payer
INV700345,C1011,Retail Client 012,Retail & Distribution,30,25883.2,2025-08-16,2025-09-15,closed,2025-10-22,67.0,37.0,False,False,chronic_late_payer
INV700346,C1011,Retail Client 012,Retail & Distribution,30,40942.98,2025-11-07,2025-12-07,closed,2026-01-08,62.0,32.0,False,False,chronic_late_payer
INV700347,C1011,Retail Client 012,Retail & Distribution,30,22877.08,2025-12-27,2026-01-26,closed,2026-02-18,53.0,23.0,False,False,chronic_late_payer
INV700348,C1011,Retail Client 012,Retail & Distribution,30,23864.81,2026-01-09,2026-02-08,closed,2026-03-10,60.0,30.0,False,False,chronic_late_payer
INV700349,C1011,Retail Client 012,Retail & Distribution,30,32169.25,2026-03-28,2026-04-27,closed,2026-05-23,56.0,26.0,False,False,chronic_late_payer
INV700350,C1011,Retail Client 012,Retail & Distribution,30,32167.16,2026-07-15,2026-08-14,open,,,,False,False,chronic_late_payer
INV700351,C1011,Retail Client 012,Retail & Distribution,30,17758.64,2026-08-02,2026-09-01,open,,,,False,False,chronic_late_payer
INV700352,C1012,FMCG Client 013,FMCG & Food Processing,30,36571.91,2024-03-04,2024-04-03,closed,2024-04-29,56.0,26.0,False,False,chronic_late_payer
INV700353,C1012,FMCG Client 013,FMCG & Food Processing,30,27867.78,2024-05-12,2024-06-11,closed,2024-07-03,52.0,22.0,False,False,chronic_late_payer
INV700354,C1012,FMCG Client 013,FMCG & Food Processing,30,26852.5,2024-06-01,2024-07-01,closed,2024-07-26,55.0,25.0,False,False,chronic_late_payer
INV700355,C1012,FMCG Client 013,FMCG & Food Processing,30,26902.6,2024-06-25,2024-07-25,closed,2024-08-19,55.0,25.0,False,False,chronic_late_payer
INV700356,C1012,FMCG Client 013,FMCG & Food Processing,30,32419.64,2024-08-28,2024-09-27,closed,2024-10-23,56.0,26.0,False,False,chronic_late_payer
INV700357,C1012,FMCG Client 013,FMCG & Food Processing,30,31702.11,2024-09-07,2024-10-07,closed,2024-11-06,60.0,30.0,False,False,chronic_late_payer
INV700358,C1012,FMCG Client 013,FMCG & Food Processing,30,5815.24,2024-09-13,2024-10-13,closed,2024-11-13,61.0,31.0,False,False,chronic_late_payer
INV700359,C1012,FMCG Client 013,FMCG & Food Processing,30,164157.12,2024-10-02,2024-11-01,closed,2024-11-30,59.0,29.0,False,True,chronic_late_payer
INV700360,C1012,FMCG Client 013,FMCG & Food Processing,30,32921.02,2024-11-29,2024-12-29,closed,2025-01-21,53.0,23.0,False,False,chronic_late_payer
INV700361,C1012,FMCG Client 013,FMCG & Food Processing,30,149727.57,2025-01-07,2025-02-06,closed,2025-03-04,56.0,26.0,False,True,chronic_late_payer
INV700362,C1012,FMCG Client 013,FMCG & Food Processing,30,10024.61,2025-03-02,2025-04-01,closed,2025-05-04,63.0,33.0,False,False,chronic_late_payer
INV700363,C1012,FMCG Client 013,FMCG & Food Processing,30,23129.28,2025-06-28,2025-07-28,closed,2025-08-30,63.0,33.0,True,False,chronic_late_payer
INV700364,C1012,FMCG Client 013,FMCG & Food Processing,30,21750.09,2025-10-28,2025-11-27,closed,2025-12-21,54.0,24.0,False,False,chronic_late_payer
INV700365,C1012,FMCG Client 013,FMCG & Food Processing,30,27140.97,2025-11-15,2025-12-15,closed,2026-01-09,55.0,25.0,False,False,chronic_late_payer
INV700366,C1012,FMCG Client 013,FMCG & Food Processing,30,17428.25,2026-03-18,2026-04-17,closed,2026-05-15,58.0,28.0,False,False,chronic_late_payer
INV700367,C1012,FMCG Client 013,FMCG & Food Processing,30,28567.62,2026-04-19,2026-05-19,closed,2026-06-17,59.0,29.0,False,False,chronic_late_payer
INV700368,C1012,FMCG Client 013,FMCG & Food Processing,30,22270.95,2026-05-28,2026-06-27,closed,2026-07-16,49.0,19.0,False,False,chronic_late_payer
INV700369,C1012,FMCG Client 013,FMCG & Food Processing,30,24052.96,2026-08-09,2026-09-08,open,,,,False,False,chronic_late_payer
INV700370,C1013,Construction Client 014,Construction & Infra,60,85735.28,2024-04-08,2024-06-07,closed,2024-07-04,87.0,27.0,False,False,average_payer
INV700371,C1013,Construction Client 014,Construction & Infra,60,160655.95,2024-04-29,2024-06-28,closed,2024-07-16,78.0,18.0,False,False,average_payer
INV700372,C1013,Construction Client 014,Construction & Infra,60,123474.16,2024-05-02,2024-07-01,closed,2024-07-19,78.0,18.0,False,False,average_payer
INV700373,C1013,Construction Client 014,Construction & Infra,60,210663.68,2024-06-16,2024-08-15,closed,2024-09-06,82.0,22.0,False,False,average_payer
INV700374,C1013,Construction Client 014,Construction & Infra,60,171991.11,2024-06-29,2024-08-28,closed,2024-08-25,57.0,-3.0,False,False,average_payer
INV700375,C1013,Construction Client 014,Construction & Infra,60,179275.31,2024-08-12,2024-10-11,closed,2024-10-28,77.0,17.0,False,False,average_payer
INV700376,C1013,Construction Client 014,Construction & Infra,60,78300.43,2024-09-09,2024-11-08,closed,2024-12-01,83.0,23.0,False,False,average_payer
INV700377,C1013,Construction Client 014,Construction & Infra,60,154596.28,2024-09-21,2024-11-20,closed,2024-12-01,71.0,11.0,False,False,average_payer
INV700378,C1013,Construction Client 014,Construction & Infra,60,119682.17,2024-10-18,2024-12-17,closed,2024-12-25,68.0,8.0,False,False,average_payer
INV700379,C1013,Construction Client 014,Construction & Infra,60,91310.14,2024-11-03,2025-01-02,closed,2025-01-19,77.0,17.0,False,False,average_payer
INV700380,C1013,Construction Client 014,Construction & Infra,60,176829.09,2024-11-13,2025-01-12,closed,2025-01-19,67.0,7.0,False,False,average_payer
INV700381,C1013,Construction Client 014,Construction & Infra,60,78577.92,2024-12-22,2025-02-20,closed,2025-03-07,75.0,15.0,False,False,average_payer
INV700382,C1013,Construction Client 014,Construction & Infra,60,148882.77,2024-12-25,2025-02-23,closed,2025-03-07,72.0,12.0,False,False,average_payer
INV700383,C1013,Construction Client 014,Construction & Infra,60,95422.09,2024-12-30,2025-02-28,closed,2025-03-14,74.0,14.0,False,False,average_payer
INV700384,C1013,Construction Client 014,Construction & Infra,60,180776.47,2024-12-30,2025-02-28,closed,2025-03-31,91.0,31.0,False,False,average_payer
INV700385,C1013,Construction Client 014,Construction & Infra,60,220492.42,2025-01-22,2025-03-23,closed,2025-03-20,57.0,-3.0,False,False,average_payer
INV700386,C1013,Construction Client 014,Construction & Infra,60,119130.33,2025-03-05,2025-05-04,closed,2025-05-22,78.0,18.0,False,False,average_payer
INV700387,C1013,Construction Client 014,Construction & Infra,60,138892.24,2025-05-09,2025-07-08,closed,2025-07-16,68.0,8.0,False,False,average_payer
INV700388,C1013,Construction Client 014,Construction & Infra,60,102252.44,2025-05-11,2025-07-10,closed,2025-07-21,71.0,11.0,True,False,average_payer
INV700389,C1013,Construction Client 014,Construction & Infra,60,92458.77,2025-06-23,2025-08-22,closed,2025-09-20,89.0,29.0,False,False,average_payer
INV700390,C1013,Construction Client 014,Construction & Infra,60,109936.08,2025-07-06,2025-09-04,closed,2025-10-04,90.0,30.0,False,False,average_payer
INV700391,C1013,Construction Client 014,Construction & Infra,60,139067.82,2025-07-09,2025-09-07,closed,2025-09-20,73.0,13.0,False,False,average_payer
INV700392,C1013,Construction Client 014,Construction & Infra,60,57607.36,2025-07-18,2025-09-16,closed,2025-09-14,58.0,-2.0,False,False,average_payer
INV700393,C1013,Construction Client 014,Construction & Infra,60,39789.96,2025-07-30,2025-09-28,closed,2025-10-03,65.0,5.0,False,False,average_payer
INV700394,C1013,Construction Client 014,Construction & Infra,60,178763.73,2025-08-03,2025-10-02,closed,2025-10-22,80.0,20.0,False,False,average_payer
INV700395,C1013,Construction Client 014,Construction & Infra,60,83796.74,2025-09-10,2025-11-09,closed,2025-11-13,64.0,4.0,False,False,average_payer
INV700396,C1013,Construction Client 014,Construction & Infra,60,128856.31,2025-10-16,2025-12-15,closed,2026-01-03,79.0,19.0,False,False,average_payer
INV700397,C1013,Construction Client 014,Construction & Infra,60,115239.13,2025-11-26,2026-01-25,closed,2026-02-16,82.0,22.0,False,False,average_payer
INV700398,C1013,Construction Client 014,Construction & Infra,60,114061.09,2026-03-05,2026-05-04,closed,2026-05-20,76.0,16.0,False,False,average_payer
INV700399,C1013,Construction Client 014,Construction & Infra,60,74386.55,2026-03-14,2026-05-13,closed,2026-06-09,87.0,27.0,False,False,average_payer
INV700400,C1013,Construction Client 014,Construction & Infra,60,95414.1,2026-04-09,2026-06-08,closed,2026-06-14,66.0,6.0,False,False,average_payer
INV700401,C1013,Construction Client 014,Construction & Infra,60,66893.92,2026-04-24,2026-06-23,closed,2026-06-26,63.0,3.0,False,False,average_payer
INV700402,C1013,Construction Client 014,Construction & Infra,60,118923.16,2026-05-03,2026-07-02,closed,2026-07-08,66.0,6.0,False,False,average_payer
INV700403,C1013,Construction Client 014,Construction & Infra,60,178466.98,2026-05-15,2026-07-14,closed,2026-08-04,81.0,21.0,False,False,average_payer
INV700404,C1013,Construction Client 014,Construction & Infra,60,162819.46,2026-05-16,2026-07-15,closed,2026-08-09,85.0,25.0,False,False,average_payer
INV700405,C1013,Construction Client 014,Construction & Infra,60,467328.48,2026-05-23,2026-07-22,closed,2026-07-21,59.0,-1.0,False,True,average_payer
INV700406,C1013,Construction Client 014,Construction & Infra,60,69701.29,2026-05-27,2026-07-26,closed,2026-08-13,78.0,18.0,False,False,average_payer
INV700407,C1013,Construction Client 014,Construction & Infra,60,90832.46,2026-06-12,2026-08-11,open,,,,False,False,average_payer
INV700408,C1013,Construction Client 014,Construction & Infra,60,97235.84,2026-07-08,2026-09-06,open,,,,False,False,average_payer
INV700409,C1013,Construction Client 014,Construction & Infra,60,154679.97,2026-08-07,2026-10-06,open,,,,False,False,average_payer
INV700410,C1014,IT Client 015,IT & Business Services,60,166215.57,2024-03-26,2024-05-25,closed,2024-05-25,60.0,0.0,False,False,average_payer
INV700411,C1014,IT Client 015,IT & Business Services,60,144081.22,2024-04-12,2024-06-11,closed,2024-06-12,61.0,1.0,False,False,average_payer
INV700412,C1014,IT Client 015,IT & Business Services,60,78759.79,2024-04-22,2024-06-21,closed,2024-06-23,62.0,2.0,False,False,average_payer
INV700413,C1014,IT Client 015,IT & Business Services,60,131689.98,2024-08-05,2024-10-04,closed,2024-10-04,60.0,0.0,False,False,average_payer
INV700414,C1014,IT Client 015,IT & Business Services,60,102338.65,2024-08-22,2024-10-21,closed,2024-10-23,62.0,2.0,False,False,average_payer
INV700415,C1014,IT Client 015,IT & Business Services,60,152754.52,2024-09-13,2024-11-12,closed,2024-11-17,65.0,5.0,True,False,average_payer
INV700416,C1014,IT Client 015,IT & Business Services,60,148391.11,2024-09-24,2024-11-23,closed,2024-11-25,62.0,2.0,False,False,average_payer
INV700417,C1014,IT Client 015,IT & Business Services,60,200828.83,2024-10-17,2024-12-16,closed,2024-12-27,71.0,11.0,False,False,average_payer
INV700418,C1014,IT Client 015,IT & Business Services,60,160760.92,2024-10-20,2024-12-19,closed,2024-12-23,64.0,4.0,False,False,average_payer
INV700419,C1014,IT Client 015,IT & Business Services,60,129688.24,2024-10-23,2024-12-22,closed,2024-12-24,62.0,2.0,False,False,average_payer
INV700420,C1014,IT Client 015,IT & Business Services,60,144376.63,2024-11-24,2025-01-23,closed,2025-01-22,59.0,-1.0,False,False,average_payer
INV700421,C1014,IT Client 015,IT & Business Services,60,93925.5,2024-12-02,2025-01-31,closed,2025-02-05,65.0,5.0,False,False,average_payer
INV700422,C1014,IT Client 015,IT & Business Services,60,909844.56,2025-01-01,2025-03-02,disputed_open,,,,False,True,average_payer
INV700423,C1014,IT Client 015,IT & Business Services,60,125298.94,2025-01-16,2025-03-17,closed,2025-03-16,59.0,-1.0,False,False,average_payer
INV700424,C1014,IT Client 015,IT & Business Services,60,87097.16,2025-01-18,2025-03-19,closed,2025-03-17,58.0,-2.0,False,False,average_payer
INV700425,C1014,IT Client 015,IT & Business Services,60,184231.17,2025-01-22,2025-03-23,closed,2025-03-27,64.0,4.0,False,False,average_payer
INV700426,C1014,IT Client 015,IT & Business Services,60,74908.14,2025-01-25,2025-03-26,closed,2025-03-28,62.0,2.0,False,False,average_payer
INV700427,C1014,IT Client 015,IT & Business Services,60,97437.86,2025-01-26,2025-03-27,closed,2025-03-30,63.0,3.0,False,False,average_payer
INV700428,C1014,IT Client 015,IT & Business Services,60,151600.12,2025-02-23,2025-04-24,closed,2025-04-26,62.0,2.0,False,False,average_payer
INV700429,C1014,IT Client 015,IT & Business Services,60,125949.58,2025-03-13,2025-05-12,closed,2025-05-13,61.0,1.0,False,False,average_payer
INV700430,C1014,IT Client 015,IT & Business Services,60,116051.36,2025-03-14,2025-05-13,closed,2025-05-13,60.0,0.0,False,False,average_payer
INV700431,C1014,IT Client 015,IT & Business Services,60,69163.25,2025-03-19,2025-05-18,closed,2025-05-20,62.0,2.0,False,False,average_payer
INV700432,C1014,IT Client 015,IT & Business Services,60,96461.15,2025-05-09,2025-07-08,closed,2025-07-13,65.0,5.0,False,False,average_payer
INV700433,C1014,IT Client 015,IT & Business Services,60,121729.56,2025-06-04,2025-08-03,closed,2025-08-05,62.0,2.0,False,False,average_payer
INV700434,C1014,IT Client 015,IT & Business Services,60,99630.43,2025-06-16,2025-08-15,closed,2025-08-17,62.0,2.0,False,False,average_payer
INV700435,C1014,IT Client 015,IT & Business Services,60,201673.11,2025-06-24,2025-08-23,closed,2025-08-31,68.0,8.0,False,False,average_payer
INV700436,C1014,IT Client 015,IT & Business Services,60,89676.23,2025-08-02,2025-10-01,closed,2025-09-28,57.0,-3.0,False,False,average_payer
INV700437,C1014,IT Client 015,IT & Business Services,60,157739.32,2025-08-03,2025-10-02,closed,2025-10-05,63.0,3.0,False,False,average_payer
INV700438,C1014,IT Client 015,IT & Business Services,60,88663.11,2025-08-24,2025-10-23,closed,2025-10-29,66.0,6.0,False,False,average_payer
INV700439,C1014,IT Client 015,IT & Business Services,60,4939.61,2025-09-04,2025-11-03,closed,2025-11-10,67.0,7.0,False,False,average_payer
INV700440,C1014,IT Client 015,IT & Business Services,60,188991.73,2025-09-22,2025-11-21,closed,2025-11-23,62.0,2.0,False,False,average_payer
INV700441,C1014,IT Client 015,IT & Business Services,60,129540.84,2025-09-28,2025-11-27,closed,2025-11-30,63.0,3.0,False,False,average_payer
INV700442,C1014,IT Client 015,IT & Business Services,60,70873.61,2025-11-30,2026-01-29,closed,2026-01-30,61.0,1.0,False,False,average_payer
INV700443,C1014,IT Client 015,IT & Business Services,60,77239.06,2026-01-05,2026-03-06,closed,2026-03-08,62.0,2.0,False,False,average_payer
INV700444,C1014,IT Client 015,IT & Business Services,60,66698.24,2026-01-05,2026-03-06,closed,2026-03-09,63.0,3.0,False,False,average_payer
INV700445,C1014,IT Client 015,IT & Business Services,60,52802.13,2026-01-05,2026-03-06,closed,2026-03-05,59.0,-1.0,True,False,average_payer
INV700446,C1014,IT Client 015,IT & Business Services,60,163178.25,2026-01-13,2026-03-14,closed,2026-03-16,62.0,2.0,False,False,average_payer
INV700447,C1014,IT Client 015,IT & Business Services,60,133355.95,2026-01-31,2026-04-01,closed,2026-03-29,57.0,-3.0,False,False,average_payer
INV700448,C1014,IT Client 015,IT & Business Services,60,94375.85,2026-02-26,2026-04-27,closed,2026-04-28,61.0,1.0,False,False,average_payer
INV700449,C1014,IT Client 015,IT & Business Services,60,130890.08,2026-05-02,2026-07-01,closed,2026-07-01,60.0,0.0,False,False,average_payer
INV700450,C1014,IT Client 015,IT & Business Services,60,129323.28,2026-07-02,2026-08-31,open,,,,False,False,average_payer
INV700451,C1015,FMCG Client 016,FMCG & Food Processing,30,46749.81,2024-02-20,2024-03-21,closed,2024-03-26,35.0,5.0,False,False,average_payer
INV700452,C1015,FMCG Client 016,FMCG & Food Processing,30,17060.71,2024-02-24,2024-03-25,closed,2024-04-05,41.0,11.0,False,False,average_payer
INV700453,C1015,FMCG Client 016,FMCG & Food Processing,30,56421.4,2024-02-28,2024-03-29,closed,2024-03-30,31.0,1.0,False,False,average_payer
INV700454,C1015,FMCG Client 016,FMCG & Food Processing,30,42340.07,2024-04-13,2024-05-13,closed,2024-05-16,33.0,3.0,False,False,average_payer
INV700455,C1015,FMCG Client 016,FMCG & Food Processing,30,67499.7,2024-04-17,2024-05-17,closed,2024-05-23,36.0,6.0,False,False,average_payer
INV700456,C1015,FMCG Client 016,FMCG & Food Processing,30,42468.13,2024-04-18,2024-05-18,closed,2024-05-28,40.0,10.0,False,False,average_payer
INV700457,C1015,FMCG Client 016,FMCG & Food Processing,30,49662.81,2024-05-03,2024-06-02,closed,2024-06-04,32.0,2.0,False,False,average_payer
INV700458,C1015,FMCG Client 016,FMCG & Food Processing,30,78668.65,2024-05-12,2024-06-11,closed,2024-06-19,38.0,8.0,False,False,average_payer
INV700459,C1015,FMCG Client 016,FMCG & Food Processing,30,58408.8,2024-05-27,2024-06-26,closed,2024-06-24,28.0,-2.0,False,False,average_payer
INV700460,C1015,FMCG Client 016,FMCG & Food Processing,30,45891.2,2024-06-23,2024-07-23,closed,2024-08-01,39.0,9.0,False,False,average_payer
INV700461,C1015,FMCG Client 016,FMCG & Food Processing,30,63580.67,2024-07-13,2024-08-12,closed,2024-08-16,34.0,4.0,False,False,average_payer
INV700462,C1015,FMCG Client 016,FMCG & Food Processing,30,103610.94,2024-07-28,2024-08-27,closed,2024-09-04,38.0,8.0,False,False,average_payer
INV700463,C1015,FMCG Client 016,FMCG & Food Processing,30,76184.67,2024-09-03,2024-10-03,disputed_open,,,,False,False,average_payer
INV700464,C1015,FMCG Client 016,FMCG & Food Processing,30,23767.56,2024-09-06,2024-10-06,closed,2024-10-15,39.0,9.0,False,False,average_payer
INV700465,C1015,FMCG Client 016,FMCG & Food Processing,30,64818.67,2024-09-18,2024-10-18,closed,2024-10-19,31.0,1.0,False,False,average_payer
INV700466,C1015,FMCG Client 016,FMCG & Food Processing,30,40987.33,2024-09-28,2024-10-28,closed,2024-11-05,38.0,8.0,False,False,average_payer
INV700467,C1015,FMCG Client 016,FMCG & Food Processing,30,79684.92,2024-10-14,2024-11-13,closed,2024-11-25,42.0,12.0,False,False,average_payer
INV700468,C1015,FMCG Client 016,FMCG & Food Processing,30,46213.79,2024-11-15,2024-12-15,closed,2024-12-21,36.0,6.0,False,False,average_payer
INV700469,C1015,FMCG Client 016,FMCG & Food Processing,30,76404.81,2024-11-28,2024-12-28,closed,2024-12-31,33.0,3.0,False,False,average_payer
INV700470,C1015,FMCG Client 016,FMCG & Food Processing,30,62767.77,2024-12-01,2024-12-31,closed,2024-12-31,30.0,0.0,False,False,average_payer
INV700471,C1015,FMCG Client 016,FMCG & Food Processing,30,93935.63,2024-12-17,2025-01-16,closed,2025-01-21,35.0,5.0,False,False,average_payer
INV700472,C1015,FMCG Client 016,FMCG & Food Processing,30,56782.15,2025-01-20,2025-02-19,closed,2025-02-17,28.0,-2.0,False,False,average_payer
INV700473,C1015,FMCG Client 016,FMCG & Food Processing,30,74440.7,2025-02-21,2025-03-23,closed,2025-03-28,35.0,5.0,False,False,average_payer
INV700474,C1015,FMCG Client 016,FMCG & Food Processing,30,68670.72,2025-03-26,2025-04-25,closed,2025-04-30,35.0,5.0,False,False,average_payer
INV700475,C1015,FMCG Client 016,FMCG & Food Processing,30,61088.47,2025-03-28,2025-04-27,closed,2025-04-28,31.0,1.0,False,False,average_payer
INV700476,C1015,FMCG Client 016,FMCG & Food Processing,30,82379.39,2025-06-12,2025-07-12,closed,2025-07-25,43.0,13.0,False,False,average_payer
INV700477,C1015,FMCG Client 016,FMCG & Food Processing,30,166581.33,2025-06-19,2025-07-19,closed,2025-07-21,32.0,2.0,False,True,average_payer
INV700478,C1015,FMCG Client 016,FMCG & Food Processing,30,57607.76,2025-06-20,2025-07-20,closed,2025-07-25,35.0,5.0,False,False,average_payer
INV700479,C1015,FMCG Client 016,FMCG & Food Processing,30,68788.48,2025-08-22,2025-09-21,closed,2025-09-22,31.0,1.0,False,False,average_payer
INV700480,C1015,FMCG Client 016,FMCG & Food Processing,30,54466.98,2025-08-24,2025-09-23,closed,2025-09-23,30.0,0.0,False,False,average_payer
INV700481,C1015,FMCG Client 016,FMCG & Food Processing,30,71650.73,2025-09-29,2025-10-29,closed,2025-10-30,31.0,1.0,False,False,average_payer
INV700482,C1015,FMCG Client 016,FMCG & Food Processing,30,46987.5,2025-10-05,2025-11-04,closed,2025-11-02,28.0,-2.0,False,False,average_payer
INV700483,C1015,FMCG Client 016,FMCG & Food Processing,30,80509.97,2025-10-07,2025-11-06,closed,2025-11-13,37.0,7.0,False,False,average_payer
INV700484,C1015,FMCG Client 016,FMCG & Food Processing,30,63719.52,2025-12-04,2026-01-03,closed,2026-01-08,35.0,5.0,False,False,average_payer
INV700485,C1015,FMCG Client 016,FMCG & Food Processing,30,45046.86,2025-12-12,2026-01-11,closed,2026-01-18,37.0,7.0,False,False,average_payer
INV700486,C1015,FMCG Client 016,FMCG & Food Processing,30,44812.05,2026-01-07,2026-02-06,closed,2026-02-03,27.0,-3.0,False,False,average_payer
INV700487,C1015,FMCG Client 016,FMCG & Food Processing,30,61811.33,2026-01-19,2026-02-18,closed,2026-02-21,33.0,3.0,False,False,average_payer
INV700488,C1015,FMCG Client 016,FMCG & Food Processing,30,55664.64,2026-01-26,2026-02-25,closed,2026-02-27,32.0,2.0,False,False,average_payer
INV700489,C1015,FMCG Client 016,FMCG & Food Processing,30,53569.76,2026-02-26,2026-03-28,closed,2026-04-03,36.0,6.0,False,False,average_payer
INV700490,C1015,FMCG Client 016,FMCG & Food Processing,30,66729.44,2026-03-02,2026-04-01,closed,2026-04-02,31.0,1.0,False,False,average_payer
INV700491,C1015,FMCG Client 016,FMCG & Food Processing,30,74787.11,2026-04-16,2026-05-16,closed,2026-05-24,38.0,8.0,False,False,average_payer
INV700492,C1015,FMCG Client 016,FMCG & Food Processing,30,85373.52,2026-04-29,2026-05-29,closed,2026-06-06,38.0,8.0,False,False,average_payer
INV700493,C1015,FMCG Client 016,FMCG & Food Processing,30,25108.4,2026-05-21,2026-06-20,closed,2026-06-25,35.0,5.0,False,False,average_payer
INV700494,C1015,FMCG Client 016,FMCG & Food Processing,30,58682.32,2026-05-27,2026-06-26,closed,2026-06-23,27.0,-3.0,False,False,average_payer
INV700495,C1015,FMCG Client 016,FMCG & Food Processing,30,50573.57,2026-06-19,2026-07-19,closed,2026-07-17,28.0,-2.0,False,False,average_payer
INV700496,C1015,FMCG Client 016,FMCG & Food Processing,30,71461.67,2026-07-12,2026-08-11,open,,,,False,False,average_payer
INV700497,C1016,Electronics Client 017,Electronics & Electricals,30,124512.85,2024-02-25,2024-03-26,closed,2024-03-27,31.0,1.0,False,False,prompt_payer
INV700498,C1016,Electronics Client 017,Electronics & Electricals,30,136596.0,2024-03-08,2024-04-07,closed,2024-04-07,30.0,0.0,False,False,prompt_payer
INV700499,C1016,Electronics Client 017,Electronics & Electricals,30,165420.92,2024-04-15,2024-05-15,closed,2024-05-14,29.0,-1.0,False,False,prompt_payer
INV700500,C1016,Electronics Client 017,Electronics & Electricals,30,72456.57,2024-04-26,2024-05-26,closed,2024-05-19,23.0,-7.0,False,False,prompt_payer
INV700501,C1016,Electronics Client 017,Electronics & Electricals,30,193232.12,2024-05-02,2024-06-01,closed,2024-05-30,28.0,-2.0,False,False,prompt_payer
INV700502,C1016,Electronics Client 017,Electronics & Electricals,30,162382.19,2024-05-08,2024-06-07,closed,2024-06-11,34.0,4.0,False,False,prompt_payer
INV700503,C1016,Electronics Client 017,Electronics & Electricals,30,110879.97,2024-05-12,2024-06-11,closed,2024-06-09,28.0,-2.0,False,False,prompt_payer
INV700504,C1016,Electronics Client 017,Electronics & Electricals,30,146055.64,2024-05-16,2024-06-15,closed,2024-06-15,30.0,0.0,True,False,prompt_payer
INV700505,C1016,Electronics Client 017,Electronics & Electricals,30,143110.66,2024-06-22,2024-07-22,closed,2024-07-25,33.0,3.0,False,False,prompt_payer
INV700506,C1016,Electronics Client 017,Electronics & Electricals,30,141670.26,2024-08-02,2024-09-01,closed,2024-09-03,32.0,2.0,False,False,prompt_payer
INV700507,C1016,Electronics Client 017,Electronics & Electricals,30,98740.89,2024-08-07,2024-09-06,closed,2024-09-05,29.0,-1.0,False,False,prompt_payer
INV700508,C1016,Electronics Client 017,Electronics & Electricals,30,815845.93,2024-08-14,2024-09-13,closed,2024-09-17,34.0,4.0,False,True,prompt_payer
INV700509,C1016,Electronics Client 017,Electronics & Electricals,30,106847.53,2024-09-04,2024-10-04,closed,2024-10-07,33.0,3.0,False,False,prompt_payer
INV700510,C1016,Electronics Client 017,Electronics & Electricals,30,144580.4,2024-09-22,2024-10-22,closed,2024-10-20,28.0,-2.0,False,False,prompt_payer
INV700511,C1016,Electronics Client 017,Electronics & Electricals,30,118543.47,2024-10-21,2024-11-20,closed,2024-11-19,29.0,-1.0,False,False,prompt_payer
INV700512,C1016,Electronics Client 017,Electronics & Electricals,30,109633.4,2024-11-23,2024-12-23,closed,2024-12-19,26.0,-4.0,False,False,prompt_payer
INV700513,C1016,Electronics Client 017,Electronics & Electricals,30,152092.81,2024-11-28,2024-12-28,closed,2024-12-31,33.0,3.0,False,False,prompt_payer
INV700514,C1016,Electronics Client 017,Electronics & Electricals,30,130778.64,2024-12-08,2025-01-07,closed,2025-01-09,32.0,2.0,False,False,prompt_payer
INV700515,C1016,Electronics Client 017,Electronics & Electricals,30,137653.56,2025-01-13,2025-02-12,closed,2025-02-09,27.0,-3.0,False,False,prompt_payer
INV700516,C1016,Electronics Client 017,Electronics & Electricals,30,93898.6,2025-02-18,2025-03-20,closed,2025-03-17,27.0,-3.0,True,False,prompt_payer
INV700517,C1016,Electronics Client 017,Electronics & Electricals,30,25113.02,2025-03-15,2025-04-14,closed,2025-04-11,27.0,-3.0,False,False,prompt_payer
INV700518,C1016,Electronics Client 017,Electronics & Electricals,30,121260.27,2025-03-30,2025-04-29,closed,2025-04-30,31.0,1.0,False,False,prompt_payer
INV700519,C1016,Electronics Client 017,Electronics & Electricals,30,55476.56,2025-04-29,2025-05-29,disputed_open,,,,False,False,prompt_payer
INV700520,C1016,Electronics Client 017,Electronics & Electricals,30,94453.59,2025-05-20,2025-06-19,closed,2025-06-18,29.0,-1.0,False,False,prompt_payer
INV700521,C1016,Electronics Client 017,Electronics & Electricals,30,129486.11,2025-06-29,2025-07-29,closed,2025-08-04,36.0,6.0,True,False,prompt_payer
INV700522,C1016,Electronics Client 017,Electronics & Electricals,30,137897.21,2025-07-26,2025-08-25,closed,2025-08-23,28.0,-2.0,False,False,prompt_payer
INV700523,C1016,Electronics Client 017,Electronics & Electricals,30,74904.5,2025-08-18,2025-09-17,closed,2025-09-14,27.0,-3.0,False,False,prompt_payer
INV700524,C1016,Electronics Client 017,Electronics & Electricals,30,145245.86,2025-11-07,2025-12-07,closed,2025-12-06,29.0,-1.0,False,False,prompt_payer
INV700525,C1016,Electronics Client 017,Electronics & Electricals,30,136757.24,2025-11-20,2025-12-20,closed,2025-12-18,28.0,-2.0,False,False,prompt_payer
INV700526,C1016,Electronics Client 017,Electronics & Electricals,30,67599.63,2025-12-17,2026-01-16,closed,2026-01-22,36.0,6.0,False,False,prompt_payer
INV700527,C1016,Electronics Client 017,Electronics & Electricals,30,306684.86,2026-02-04,2026-03-06,closed,2026-02-27,23.0,-7.0,False,True,prompt_payer
INV700528,C1016,Electronics Client 017,Electronics & Electricals,30,73554.92,2026-02-10,2026-03-12,closed,2026-03-12,30.0,0.0,False,False,prompt_payer
INV700529,C1016,Electronics Client 017,Electronics & Electricals,30,846743.98,2026-02-13,2026-03-15,closed,2026-03-19,34.0,4.0,False,True,prompt_payer
INV700530,C1016,Electronics Client 017,Electronics & Electricals,30,135760.81,2026-03-27,2026-04-26,closed,2026-04-28,32.0,2.0,False,False,prompt_payer
INV700531,C1016,Electronics Client 017,Electronics & Electricals,30,52587.65,2026-03-29,2026-04-28,closed,2026-04-27,29.0,-1.0,False,False,prompt_payer
INV700532,C1016,Electronics Client 017,Electronics & Electricals,30,142100.48,2026-04-15,2026-05-15,closed,2026-05-15,30.0,0.0,False,False,prompt_payer
INV700533,C1016,Electronics Client 017,Electronics & Electricals,30,203254.93,2026-05-03,2026-06-02,closed,2026-06-02,30.0,0.0,False,False,prompt_payer
INV700534,C1016,Electronics Client 017,Electronics & Electricals,30,106185.37,2026-06-12,2026-07-12,closed,2026-07-15,33.0,3.0,True,False,prompt_payer
INV700535,C1016,Electronics Client 017,Electronics & Electricals,30,53584.95,2026-06-24,2026-07-24,closed,2026-07-30,36.0,6.0,False,False,prompt_payer
INV700536,C1016,Electronics Client 017,Electronics & Electricals,30,84463.71,2026-07-20,2026-08-19,open,,,,False,False,prompt_payer
INV700537,C1017,Metal Client 018,Metal & Engineering,45,206683.57,2024-06-17,2024-08-01,closed,2024-07-28,41.0,-4.0,False,False,seasonal_payer
INV700538,C1017,Metal Client 018,Metal & Engineering,45,55097.4,2024-09-06,2024-10-21,closed,2024-11-20,75.0,30.0,False,False,seasonal_payer
INV700539,C1017,Metal Client 018,Metal & Engineering,45,145651.17,2024-12-10,2025-01-24,closed,2025-01-30,51.0,6.0,False,False,seasonal_payer
INV700540,C1017,Metal Client 018,Metal & Engineering,45,99044.62,2024-12-30,2025-02-13,closed,2025-02-26,58.0,13.0,False,False,seasonal_payer
INV700541,C1017,Metal Client 018,Metal & Engineering,45,165417.74,2025-03-27,2025-05-11,closed,2025-06-10,75.0,30.0,False,False,seasonal_payer
INV700542,C1017,Metal Client 018,Metal & Engineering,45,69080.53,2025-06-20,2025-08-04,closed,2025-08-09,50.0,5.0,False,False,seasonal_payer
INV700543,C1017,Metal Client 018,Metal & Engineering,45,118244.52,2025-06-24,2025-08-08,closed,2025-08-21,58.0,13.0,False,False,seasonal_payer
INV700544,C1017,Metal Client 018,Metal & Engineering,45,109771.82,2025-10-01,2025-11-15,closed,2025-12-13,73.0,28.0,False,False,seasonal_payer
INV700545,C1017,Metal Client 018,Metal & Engineering,45,189220.71,2025-12-13,2026-01-27,closed,2026-02-06,55.0,10.0,False,False,seasonal_payer
INV700546,C1017,Metal Client 018,Metal & Engineering,45,141449.73,2026-05-01,2026-06-15,closed,2026-06-18,48.0,3.0,False,False,seasonal_payer
INV700547,C1018,FMCG Client 019,FMCG & Food Processing,30,29123.44,2024-02-17,2024-03-18,closed,2024-04-03,46.0,16.0,False,False,seasonal_payer
INV700548,C1018,FMCG Client 019,FMCG & Food Processing,30,17876.01,2024-02-17,2024-03-18,closed,2024-03-31,43.0,13.0,False,False,seasonal_payer
INV700549,C1018,FMCG Client 019,FMCG & Food Processing,30,22669.03,2024-02-28,2024-03-29,closed,2024-04-16,48.0,18.0,False,False,seasonal_payer
INV700550,C1018,FMCG Client 019,FMCG & Food Processing,30,29973.89,2024-06-11,2024-07-11,closed,2024-07-09,28.0,-2.0,False,False,seasonal_payer
INV700551,C1018,FMCG Client 019,FMCG & Food Processing,30,33109.99,2024-06-23,2024-07-23,closed,2024-07-25,32.0,2.0,False,False,seasonal_payer
INV700552,C1018,FMCG Client 019,FMCG & Food Processing,30,17769.5,2024-08-13,2024-09-12,closed,2024-09-15,33.0,3.0,False,False,seasonal_payer
INV700553,C1018,FMCG Client 019,FMCG & Food Processing,30,37086.19,2024-09-01,2024-10-01,closed,2024-10-14,43.0,13.0,False,False,seasonal_payer
INV700554,C1018,FMCG Client 019,FMCG & Food Processing,30,32445.03,2024-09-06,2024-10-06,closed,2024-10-19,43.0,13.0,False,False,seasonal_payer
INV700555,C1018,FMCG Client 019,FMCG & Food Processing,30,24606.17,2024-09-18,2024-10-18,closed,2024-10-21,33.0,3.0,False,False,seasonal_payer
INV700556,C1018,FMCG Client 019,FMCG & Food Processing,30,29878.79,2024-09-25,2024-10-25,closed,2024-11-07,43.0,13.0,False,False,seasonal_payer
INV700557,C1018,FMCG Client 019,FMCG & Food Processing,30,24460.43,2024-09-26,2024-10-26,closed,2024-11-13,48.0,18.0,False,False,seasonal_payer
INV700558,C1018,FMCG Client 019,FMCG & Food Processing,30,18003.0,2024-09-30,2024-10-30,closed,2024-11-09,40.0,10.0,False,False,seasonal_payer
INV700559,C1018,FMCG Client 019,FMCG & Food Processing,30,28921.24,2024-10-12,2024-11-11,closed,2024-12-01,50.0,20.0,False,False,seasonal_payer
INV700560,C1018,FMCG Client 019,FMCG & Food Processing,30,9469.25,2024-11-01,2024-12-01,closed,2024-12-08,37.0,7.0,False,False,seasonal_payer
INV700561,C1018,FMCG Client 019,FMCG & Food Processing,30,37758.99,2024-11-23,2024-12-23,closed,2024-12-29,36.0,6.0,False,False,seasonal_payer
INV700562,C1018,FMCG Client 019,FMCG & Food Processing,30,31882.02,2024-12-08,2025-01-07,closed,2025-01-13,36.0,6.0,False,False,seasonal_payer
INV700563,C1018,FMCG Client 019,FMCG & Food Processing,30,20944.86,2025-01-04,2025-02-03,closed,2025-02-16,43.0,13.0,False,False,seasonal_payer
INV700564,C1018,FMCG Client 019,FMCG & Food Processing,30,35426.44,2025-01-12,2025-02-11,closed,2025-02-24,43.0,13.0,False,False,seasonal_payer
INV700565,C1018,FMCG Client 019,FMCG & Food Processing,30,19508.7,2025-02-12,2025-03-14,closed,2025-03-30,46.0,16.0,False,False,seasonal_payer
INV700566,C1018,FMCG Client 019,FMCG & Food Processing,30,25405.21,2025-03-19,2025-04-18,closed,2025-05-05,47.0,17.0,False,False,seasonal_payer
INV700567,C1018,FMCG Client 019,FMCG & Food Processing,30,35417.76,2025-03-21,2025-04-20,closed,2025-05-01,41.0,11.0,False,False,seasonal_payer
INV700568,C1018,FMCG Client 019,FMCG & Food Processing,30,22693.59,2025-03-22,2025-04-21,closed,2025-05-04,43.0,13.0,False,False,seasonal_payer
INV700569,C1018,FMCG Client 019,FMCG & Food Processing,30,39566.79,2025-04-18,2025-05-18,closed,2025-05-18,30.0,0.0,False,False,seasonal_payer
INV700570,C1018,FMCG Client 019,FMCG & Food Processing,30,37452.08,2025-05-15,2025-06-14,closed,2025-06-22,38.0,8.0,False,False,seasonal_payer
INV700571,C1018,FMCG Client 019,FMCG & Food Processing,30,27246.08,2025-05-16,2025-06-15,closed,2025-06-21,36.0,6.0,False,False,seasonal_payer
INV700572,C1018,FMCG Client 019,FMCG & Food Processing,30,22962.56,2025-05-31,2025-06-30,closed,2025-06-29,29.0,-1.0,False,False,seasonal_payer
INV700573,C1018,FMCG Client 019,FMCG & Food Processing,30,28521.36,2025-07-22,2025-08-21,closed,2025-08-25,34.0,4.0,False,False,seasonal_payer
INV700574,C1018,FMCG Client 019,FMCG & Food Processing,30,25083.58,2025-08-16,2025-09-15,closed,2025-09-11,26.0,-4.0,False,False,seasonal_payer
INV700575,C1018,FMCG Client 019,FMCG & Food Processing,30,29608.61,2025-08-25,2025-09-24,closed,2025-09-19,25.0,-5.0,False,False,seasonal_payer
INV700576,C1018,FMCG Client 019,FMCG & Food Processing,30,15836.92,2025-08-27,2025-09-26,closed,2025-09-26,30.0,0.0,False,False,seasonal_payer
INV700577,C1018,FMCG Client 019,FMCG & Food Processing,30,29913.49,2025-10-04,2025-11-03,closed,2025-11-11,38.0,8.0,False,False,seasonal_payer
INV700578,C1018,FMCG Client 019,FMCG & Food Processing,30,14388.71,2025-10-27,2025-11-26,closed,2025-12-17,51.0,21.0,False,False,seasonal_payer
INV700579,C1018,FMCG Client 019,FMCG & Food Processing,30,24250.94,2025-11-08,2025-12-08,closed,2025-12-06,28.0,-2.0,False,False,seasonal_payer
INV700580,C1018,FMCG Client 019,FMCG & Food Processing,30,18881.54,2025-12-22,2026-01-21,closed,2026-01-20,29.0,-1.0,False,False,seasonal_payer
INV700581,C1018,FMCG Client 019,FMCG & Food Processing,30,17199.12,2026-01-18,2026-02-17,closed,2026-02-26,39.0,9.0,True,False,seasonal_payer
INV700582,C1018,FMCG Client 019,FMCG & Food Processing,30,23437.5,2026-04-29,2026-05-29,closed,2026-05-31,32.0,2.0,False,False,seasonal_payer
INV700583,C1018,FMCG Client 019,FMCG & Food Processing,30,30846.73,2026-05-05,2026-06-04,closed,2026-06-07,33.0,3.0,False,False,seasonal_payer
INV700584,C1018,FMCG Client 019,FMCG & Food Processing,30,110177.58,2026-05-29,2026-06-28,closed,2026-07-02,34.0,4.0,False,True,seasonal_payer
INV700585,C1018,FMCG Client 019,FMCG & Food Processing,30,33182.2,2026-06-16,2026-07-16,closed,2026-07-19,33.0,3.0,False,False,seasonal_payer
INV700586,C1018,FMCG Client 019,FMCG & Food Processing,30,30533.29,2026-06-30,2026-07-30,closed,2026-08-03,34.0,4.0,False,False,seasonal_payer
INV700587,C1018,FMCG Client 019,FMCG & Food Processing,30,49896.33,2026-08-01,2026-08-31,open,,,,False,False,seasonal_payer
INV700588,C1019,Construction Client 020,Construction & Infra,30,99137.56,2024-03-13,2024-04-12,closed,2024-04-16,34.0,4.0,False,False,prompt_payer
INV700589,C1019,Construction Client 020,Construction & Infra,30,44957.48,2024-03-21,2024-04-20,closed,2024-04-28,38.0,8.0,False,False,prompt_payer
INV700590,C1019,Construction Client 020,Construction & Infra,30,117268.08,2024-04-25,2024-05-25,closed,2024-06-03,39.0,9.0,False,False,prompt_payer
INV700591,C1019,Construction Client 020,Construction & Infra,30,151517.79,2024-06-11,2024-07-11,closed,2024-07-09,28.0,-2.0,False,False,prompt_payer
INV700592,C1019,Construction Client 020,Construction & Infra,30,165799.82,2024-10-17,2024-11-16,closed,2024-11-16,30.0,0.0,False,False,prompt_payer
INV700593,C1019,Construction Client 020,Construction & Infra,30,40798.01,2024-10-29,2024-11-28,closed,2024-11-24,26.0,-4.0,False,False,prompt_payer
INV700594,C1019,Construction Client 020,Construction & Infra,30,196644.92,2024-10-31,2024-11-30,disputed_open,,,,False,False,prompt_payer
INV700595,C1019,Construction Client 020,Construction & Infra,30,829070.8,2024-10-31,2024-11-30,closed,2024-12-12,42.0,12.0,False,True,prompt_payer
INV700596,C1019,Construction Client 020,Construction & Infra,30,57960.0,2024-11-04,2024-12-04,closed,2024-12-11,37.0,7.0,False,False,prompt_payer
INV700597,C1019,Construction Client 020,Construction & Infra,30,155246.46,2024-12-08,2025-01-07,closed,2025-01-10,33.0,3.0,False,False,prompt_payer
INV700598,C1019,Construction Client 020,Construction & Infra,30,132646.75,2025-01-04,2025-02-03,closed,2025-01-26,22.0,-8.0,False,False,prompt_payer
INV700599,C1019,Construction Client 020,Construction & Infra,30,115847.75,2025-01-14,2025-02-13,closed,2025-02-19,36.0,6.0,False,False,prompt_payer
INV700600,C1019,Construction Client 020,Construction & Infra,30,109688.94,2025-02-25,2025-03-27,closed,2025-03-29,32.0,2.0,False,False,prompt_payer
INV700601,C1019,Construction Client 020,Construction & Infra,30,127700.37,2025-03-05,2025-04-04,closed,2025-04-07,33.0,3.0,False,False,prompt_payer
INV700602,C1019,Construction Client 020,Construction & Infra,30,117322.32,2025-03-18,2025-04-17,closed,2025-04-20,33.0,3.0,False,False,prompt_payer
INV700603,C1019,Construction Client 020,Construction & Infra,30,129702.42,2025-03-21,2025-04-20,closed,2025-04-19,29.0,-1.0,False,False,prompt_payer
INV700604,C1019,Construction Client 020,Construction & Infra,30,112531.32,2025-04-17,2025-05-17,closed,2025-05-28,41.0,11.0,False,False,prompt_payer
INV700605,C1019,Construction Client 020,Construction & Infra,30,114202.02,2025-04-23,2025-05-23,closed,2025-05-27,34.0,4.0,False,False,prompt_payer
INV700606,C1019,Construction Client 020,Construction & Infra,30,132433.39,2025-06-25,2025-07-25,closed,2025-07-30,35.0,5.0,False,False,prompt_payer
INV700607,C1019,Construction Client 020,Construction & Infra,30,235059.17,2025-06-28,2025-07-28,closed,2025-07-29,31.0,1.0,False,False,prompt_payer
INV700608,C1019,Construction Client 020,Construction & Infra,30,63140.08,2025-07-06,2025-08-05,closed,2025-08-10,35.0,5.0,False,False,prompt_payer
INV700609,C1019,Construction Client 020,Construction & Infra,30,120434.09,2025-07-14,2025-08-13,closed,2025-08-19,36.0,6.0,False,False,prompt_payer
INV700610,C1019,Construction Client 020,Construction & Infra,30,70282.12,2025-08-26,2025-09-25,closed,2025-09-21,26.0,-4.0,False,False,prompt_payer
INV700611,C1019,Construction Client 020,Construction & Infra,30,189897.8,2025-09-02,2025-10-02,closed,2025-10-09,37.0,7.0,False,False,prompt_payer
INV700612,C1019,Construction Client 020,Construction & Infra,30,99414.19,2025-09-05,2025-10-05,closed,2025-10-03,28.0,-2.0,False,False,prompt_payer
INV700613,C1019,Construction Client 020,Construction & Infra,30,72826.52,2025-09-15,2025-10-15,closed,2025-10-13,28.0,-2.0,False,False,prompt_payer
INV700614,C1019,Construction Client 020,Construction & Infra,30,179077.85,2025-10-31,2025-11-30,closed,2025-12-10,40.0,10.0,False,False,prompt_payer
INV700615,C1019,Construction Client 020,Construction & Infra,30,78794.34,2025-11-24,2025-12-24,closed,2025-12-27,33.0,3.0,False,False,prompt_payer
INV700616,C1019,Construction Client 020,Construction & Infra,30,60632.27,2025-12-04,2026-01-03,closed,2026-01-02,29.0,-1.0,False,False,prompt_payer
INV700617,C1019,Construction Client 020,Construction & Infra,30,62538.84,2026-01-07,2026-02-06,closed,2026-02-07,31.0,1.0,False,False,prompt_payer
INV700618,C1019,Construction Client 020,Construction & Infra,30,147826.1,2026-01-29,2026-02-28,closed,2026-03-03,33.0,3.0,False,False,prompt_payer
INV700619,C1019,Construction Client 020,Construction & Infra,30,53015.24,2026-02-08,2026-03-10,closed,2026-03-10,30.0,0.0,False,False,prompt_payer
INV700620,C1019,Construction Client 020,Construction & Infra,30,221742.81,2026-02-15,2026-03-17,closed,2026-03-15,28.0,-2.0,False,False,prompt_payer
INV700621,C1019,Construction Client 020,Construction & Infra,30,106712.65,2026-06-16,2026-07-16,closed,2026-07-22,36.0,6.0,False,False,prompt_payer
INV700622,C1019,Construction Client 020,Construction & Infra,30,106722.76,2026-07-31,2026-08-30,open,,,,False,False,prompt_payer
INV700623,C1020,FMCG Client 021,FMCG & Food Processing,45,107217.69,2024-05-04,2024-06-18,closed,2024-07-15,72.0,27.0,False,False,chronic_late_payer
INV700624,C1020,FMCG Client 021,FMCG & Food Processing,45,117875.33,2024-07-27,2024-09-10,closed,2024-09-28,63.0,18.0,False,False,chronic_late_payer
INV700625,C1020,FMCG Client 021,FMCG & Food Processing,45,89466.24,2024-08-08,2024-09-22,closed,2024-10-18,71.0,26.0,False,False,chronic_late_payer
INV700626,C1020,FMCG Client 021,FMCG & Food Processing,45,161505.67,2024-09-03,2024-10-18,closed,2024-11-10,68.0,23.0,False,False,chronic_late_payer
INV700627,C1020,FMCG Client 021,FMCG & Food Processing,45,85187.24,2024-10-02,2024-11-16,closed,2024-12-17,76.0,31.0,False,False,chronic_late_payer
INV700628,C1020,FMCG Client 021,FMCG & Food Processing,45,109942.22,2024-11-27,2025-01-11,closed,2025-02-02,67.0,22.0,False,False,chronic_late_payer
INV700629,C1020,FMCG Client 021,FMCG & Food Processing,45,76541.72,2024-12-05,2025-01-19,closed,2025-02-15,72.0,27.0,False,False,chronic_late_payer
INV700630,C1020,FMCG Client 021,FMCG & Food Processing,45,91929.79,2025-01-02,2025-02-16,closed,2025-03-15,72.0,27.0,False,False,chronic_late_payer
INV700631,C1020,FMCG Client 021,FMCG & Food Processing,45,643770.26,2025-02-03,2025-03-20,closed,2025-04-13,69.0,24.0,False,True,chronic_late_payer
INV700632,C1020,FMCG Client 021,FMCG & Food Processing,45,93875.68,2025-02-27,2025-04-13,closed,2025-05-11,73.0,28.0,False,False,chronic_late_payer
INV700633,C1020,FMCG Client 021,FMCG & Food Processing,45,131904.54,2025-03-06,2025-04-20,closed,2025-05-15,70.0,25.0,False,False,chronic_late_payer
INV700634,C1020,FMCG Client 021,FMCG & Food Processing,45,91490.9,2025-03-17,2025-05-01,closed,2025-05-26,70.0,25.0,False,False,chronic_late_payer
INV700635,C1020,FMCG Client 021,FMCG & Food Processing,45,130634.59,2025-04-01,2025-05-16,closed,2025-06-12,72.0,27.0,False,False,chronic_late_payer
INV700636,C1020,FMCG Client 021,FMCG & Food Processing,45,107083.83,2025-04-26,2025-06-10,closed,2025-07-08,73.0,28.0,False,False,chronic_late_payer
INV700637,C1020,FMCG Client 021,FMCG & Food Processing,45,135187.22,2025-05-24,2025-07-08,closed,2025-08-06,74.0,29.0,False,False,chronic_late_payer
INV700638,C1020,FMCG Client 021,FMCG & Food Processing,45,115252.3,2025-08-15,2025-09-29,closed,2025-10-29,75.0,30.0,False,False,chronic_late_payer
INV700639,C1020,FMCG Client 021,FMCG & Food Processing,45,128206.0,2025-09-26,2025-11-10,closed,2025-11-30,65.0,20.0,False,False,chronic_late_payer
INV700640,C1020,FMCG Client 021,FMCG & Food Processing,45,79480.99,2025-09-30,2025-11-14,closed,2025-12-12,73.0,28.0,False,False,chronic_late_payer
INV700641,C1020,FMCG Client 021,FMCG & Food Processing,45,68579.26,2025-10-10,2025-11-24,closed,2025-12-22,73.0,28.0,False,False,chronic_late_payer
INV700642,C1020,FMCG Client 021,FMCG & Food Processing,45,126789.82,2025-10-28,2025-12-12,closed,2026-01-07,71.0,26.0,False,False,chronic_late_payer
INV700643,C1020,FMCG Client 021,FMCG & Food Processing,45,558553.34,2025-11-11,2025-12-26,closed,2026-01-15,65.0,20.0,False,True,chronic_late_payer
INV700644,C1020,FMCG Client 021,FMCG & Food Processing,45,113058.75,2025-12-02,2026-01-16,closed,2026-02-10,70.0,25.0,False,False,chronic_late_payer
INV700645,C1020,FMCG Client 021,FMCG & Food Processing,45,587415.67,2025-12-13,2026-01-27,closed,2026-02-24,73.0,28.0,False,True,chronic_late_payer
INV700646,C1020,FMCG Client 021,FMCG & Food Processing,45,103729.92,2026-02-09,2026-03-26,closed,2026-04-24,74.0,29.0,True,False,chronic_late_payer
INV700647,C1020,FMCG Client 021,FMCG & Food Processing,45,130287.45,2026-02-23,2026-04-09,closed,2026-05-02,68.0,23.0,False,False,chronic_late_payer
INV700648,C1020,FMCG Client 021,FMCG & Food Processing,45,137441.75,2026-05-10,2026-06-24,closed,2026-07-20,71.0,26.0,False,False,chronic_late_payer
INV700649,C1020,FMCG Client 021,FMCG & Food Processing,45,110777.05,2026-05-16,2026-06-30,closed,2026-07-25,70.0,25.0,False,False,chronic_late_payer
INV700650,C1020,FMCG Client 021,FMCG & Food Processing,45,85365.85,2026-05-19,2026-07-03,closed,2026-07-27,69.0,24.0,False,False,chronic_late_payer
INV700651,C1020,FMCG Client 021,FMCG & Food Processing,45,166522.45,2026-06-26,2026-08-10,open,,,,False,False,chronic_late_payer
INV700652,C1020,FMCG Client 021,FMCG & Food Processing,45,163099.97,2026-07-11,2026-08-25,open,,,,False,False,chronic_late_payer
INV700653,C1020,FMCG Client 021,FMCG & Food Processing,45,101464.79,2026-07-26,2026-09-09,open,,,,False,False,chronic_late_payer
INV700654,C1021,Textiles Client 022,Textiles & Apparel,45,236080.52,2024-03-11,2024-04-25,closed,2024-05-02,52.0,7.0,False,False,deteriorating_payer
INV700655,C1021,Textiles Client 022,Textiles & Apparel,45,232212.36,2024-04-10,2024-05-25,closed,2024-05-25,45.0,0.0,False,False,deteriorating_payer
INV700656,C1021,Textiles Client 022,Textiles & Apparel,45,290734.23,2024-04-17,2024-06-01,closed,2024-06-05,49.0,4.0,False,False,deteriorating_payer
INV700657,C1021,Textiles Client 022,Textiles & Apparel,45,406803.62,2024-04-18,2024-06-02,closed,2024-06-10,53.0,8.0,False,False,deteriorating_payer
INV700658,C1021,Textiles Client 022,Textiles & Apparel,45,236044.17,2024-04-27,2024-06-11,closed,2024-06-20,54.0,9.0,False,False,deteriorating_payer
INV700659,C1021,Textiles Client 022,Textiles & Apparel,45,284658.03,2024-05-08,2024-06-22,closed,2024-06-30,53.0,8.0,False,False,deteriorating_payer
INV700660,C1021,Textiles Client 022,Textiles & Apparel,45,449102.93,2024-05-12,2024-06-26,closed,2024-07-06,55.0,10.0,False,False,deteriorating_payer
INV700661,C1021,Textiles Client 022,Textiles & Apparel,45,423315.31,2024-05-17,2024-07-01,closed,2024-07-14,58.0,13.0,False,True,deteriorating_payer
INV700662,C1021,Textiles Client 022,Textiles & Apparel,45,241231.47,2024-05-20,2024-07-04,closed,2024-07-23,64.0,19.0,False,False,deteriorating_payer
INV700663,C1021,Textiles Client 022,Textiles & Apparel,45,160177.3,2024-05-31,2024-07-15,closed,2024-07-31,61.0,16.0,False,False,deteriorating_payer
INV700664,C1021,Textiles Client 022,Textiles & Apparel,45,331935.8,2024-07-15,2024-08-29,closed,2024-09-06,53.0,8.0,False,False,deteriorating_payer
INV700665,C1021,Textiles Client 022,Textiles & Apparel,45,411459.47,2024-07-22,2024-09-05,closed,2024-09-20,60.0,15.0,False,False,deteriorating_payer
INV700666,C1021,Textiles Client 022,Textiles & Apparel,45,221649.55,2024-08-05,2024-09-19,closed,2024-10-02,58.0,13.0,False,False,deteriorating_payer
INV700667,C1021,Textiles Client 022,Textiles & Apparel,45,79510.29,2024-08-16,2024-09-30,disputed_open,,,,False,False,deteriorating_payer
INV700668,C1021,Textiles Client 022,Textiles & Apparel,45,151214.06,2024-08-19,2024-10-03,closed,2024-10-21,63.0,18.0,False,False,deteriorating_payer
INV700669,C1021,Textiles Client 022,Textiles & Apparel,45,261402.48,2024-09-11,2024-10-26,closed,2024-11-27,77.0,32.0,False,False,deteriorating_payer
INV700670,C1021,Textiles Client 022,Textiles & Apparel,45,360510.37,2024-09-16,2024-10-31,closed,2024-11-28,73.0,28.0,False,False,deteriorating_payer
INV700671,C1021,Textiles Client 022,Textiles & Apparel,45,127864.06,2024-10-26,2024-12-10,closed,2025-01-02,68.0,23.0,False,False,deteriorating_payer
INV700672,C1021,Textiles Client 022,Textiles & Apparel,45,356764.0,2025-02-23,2025-04-09,disputed_open,,,,False,False,deteriorating_payer
INV700673,C1021,Textiles Client 022,Textiles & Apparel,45,300928.76,2025-03-29,2025-05-13,closed,2025-06-13,76.0,31.0,False,False,deteriorating_payer
INV700674,C1021,Textiles Client 022,Textiles & Apparel,45,331564.55,2025-05-08,2025-06-22,closed,2025-07-15,68.0,23.0,True,False,deteriorating_payer
INV700675,C1021,Textiles Client 022,Textiles & Apparel,45,444882.39,2025-06-01,2025-07-16,closed,2025-08-13,73.0,28.0,False,False,deteriorating_payer
INV700676,C1021,Textiles Client 022,Textiles & Apparel,45,470412.21,2025-06-18,2025-08-02,closed,2025-09-20,94.0,49.0,False,False,deteriorating_payer
INV700677,C1021,Textiles Client 022,Textiles & Apparel,45,343973.77,2025-07-01,2025-08-15,closed,2025-09-25,86.0,41.0,False,False,deteriorating_payer
INV700678,C1021,Textiles Client 022,Textiles & Apparel,45,422058.62,2025-08-20,2025-10-04,closed,2025-10-25,66.0,21.0,False,False,deteriorating_payer
INV700679,C1021,Textiles Client 022,Textiles & Apparel,45,1116033.92,2025-08-27,2025-10-11,closed,2025-11-09,74.0,29.0,False,True,deteriorating_payer
INV700680,C1021,Textiles Client 022,Textiles & Apparel,45,210904.88,2025-10-19,2025-12-03,closed,2025-12-28,70.0,25.0,False,False,deteriorating_payer
INV700681,C1021,Textiles Client 022,Textiles & Apparel,45,322611.1,2025-10-26,2025-12-10,closed,2026-01-05,71.0,26.0,False,False,deteriorating_payer
INV700682,C1021,Textiles Client 022,Textiles & Apparel,45,254490.17,2025-10-28,2025-12-12,closed,2025-12-30,63.0,18.0,False,False,deteriorating_payer
INV700683,C1021,Textiles Client 022,Textiles & Apparel,45,117570.7,2025-12-04,2026-01-18,closed,2026-03-05,91.0,46.0,False,False,deteriorating_payer
INV700684,C1021,Textiles Client 022,Textiles & Apparel,45,417504.14,2025-12-24,2026-02-07,closed,2026-03-06,72.0,27.0,False,False,deteriorating_payer
INV700685,C1021,Textiles Client 022,Textiles & Apparel,45,249851.76,2025-12-25,2026-02-08,closed,2026-03-18,83.0,38.0,False,False,deteriorating_payer
INV700686,C1021,Textiles Client 022,Textiles & Apparel,45,166518.84,2025-12-29,2026-02-12,closed,2026-03-24,85.0,40.0,False,False,deteriorating_payer
INV700687,C1021,Textiles Client 022,Textiles & Apparel,45,1184308.15,2026-02-18,2026-04-04,closed,2026-05-08,79.0,34.0,False,True,deteriorating_payer
INV700688,C1021,Textiles Client 022,Textiles & Apparel,45,33383.17,2026-03-17,2026-05-01,closed,2026-06-04,79.0,34.0,False,False,deteriorating_payer
INV700689,C1021,Textiles Client 022,Textiles & Apparel,45,225016.24,2026-03-27,2026-05-11,closed,2026-06-18,83.0,38.0,False,False,deteriorating_payer
INV700690,C1021,Textiles Client 022,Textiles & Apparel,45,134744.81,2026-04-30,2026-06-14,closed,2026-08-05,97.0,52.0,False,False,deteriorating_payer
INV700691,C1021,Textiles Client 022,Textiles & Apparel,45,272550.77,2026-05-10,2026-06-24,open,,,,False,False,deteriorating_payer
INV700692,C1021,Textiles Client 022,Textiles & Apparel,45,253446.16,2026-05-16,2026-06-30,closed,2026-08-05,81.0,36.0,False,False,deteriorating_payer
INV700693,C1021,Textiles Client 022,Textiles & Apparel,45,300028.36,2026-05-29,2026-07-13,open,,,,False,False,deteriorating_payer
INV700694,C1021,Textiles Client 022,Textiles & Apparel,45,50304.33,2026-06-11,2026-07-26,open,,,,False,False,deteriorating_payer
INV700695,C1021,Textiles Client 022,Textiles & Apparel,45,1018987.65,2026-06-27,2026-08-11,open,,,,False,True,deteriorating_payer
INV700696,C1021,Textiles Client 022,Textiles & Apparel,45,243081.52,2026-08-06,2026-09-20,open,,,,False,False,deteriorating_payer
INV700697,C1021,Textiles Client 022,Textiles & Apparel,45,310515.01,2026-08-09,2026-09-23,open,,,,False,False,deteriorating_payer
INV700698,C1022,Textiles Client 023,Textiles & Apparel,15,533142.64,2024-02-19,2024-03-05,closed,2024-02-28,9.0,-6.0,False,True,average_payer
INV700699,C1022,Textiles Client 023,Textiles & Apparel,15,111615.46,2024-03-12,2024-03-27,closed,2024-04-04,23.0,8.0,False,False,average_payer
INV700700,C1022,Textiles Client 023,Textiles & Apparel,15,88470.69,2024-03-22,2024-04-06,closed,2024-04-11,20.0,5.0,False,False,average_payer
INV700701,C1022,Textiles Client 023,Textiles & Apparel,15,134803.42,2024-05-15,2024-05-30,closed,2024-06-04,20.0,5.0,False,False,average_payer
INV700702,C1022,Textiles Client 023,Textiles & Apparel,15,160687.1,2024-05-23,2024-06-07,closed,2024-06-13,21.0,6.0,False,False,average_payer
INV700703,C1022,Textiles Client 023,Textiles & Apparel,15,54702.18,2024-07-02,2024-07-17,closed,2024-07-17,15.0,0.0,False,False,average_payer
INV700704,C1022,Textiles Client 023,Textiles & Apparel,15,27486.91,2024-09-16,2024-10-01,closed,2024-10-07,21.0,6.0,False,False,average_payer
INV700705,C1022,Textiles Client 023,Textiles & Apparel,15,201680.01,2024-10-21,2024-11-05,closed,2024-11-15,25.0,10.0,False,False,average_payer
INV700706,C1022,Textiles Client 023,Textiles & Apparel,15,104021.82,2024-11-01,2024-11-16,closed,2024-11-27,26.0,11.0,False,False,average_payer
INV700707,C1022,Textiles Client 023,Textiles & Apparel,15,127660.35,2024-11-10,2024-11-25,closed,2024-11-26,16.0,1.0,False,False,average_payer
INV700708,C1022,Textiles Client 023,Textiles & Apparel,15,569695.59,2024-11-15,2024-11-30,closed,2024-12-01,16.0,1.0,False,True,average_payer
INV700709,C1022,Textiles Client 023,Textiles & Apparel,15,100445.36,2024-11-21,2024-12-06,closed,2024-12-22,31.0,16.0,False,False,average_payer
INV700710,C1022,Textiles Client 023,Textiles & Apparel,15,97603.41,2024-11-22,2024-12-07,closed,2024-12-14,22.0,7.0,False,False,average_payer
INV700711,C1022,Textiles Client 023,Textiles & Apparel,15,114323.55,2024-11-26,2024-12-11,closed,2024-12-14,18.0,3.0,False,False,average_payer
INV700712,C1022,Textiles Client 023,Textiles & Apparel,15,171911.94,2024-12-26,2025-01-10,closed,2025-01-19,24.0,9.0,False,False,average_payer
INV700713,C1022,Textiles Client 023,Textiles & Apparel,15,152144.39,2025-01-18,2025-02-02,closed,2025-02-05,18.0,3.0,False,False,average_payer
INV700714,C1022,Textiles Client 023,Textiles & Apparel,15,127167.38,2025-01-29,2025-02-13,closed,2025-02-19,21.0,6.0,False,False,average_payer
INV700715,C1022,Textiles Client 023,Textiles & Apparel,15,50474.35,2025-04-05,2025-04-20,closed,2025-04-29,24.0,9.0,False,False,average_payer
INV700716,C1022,Textiles Client 023,Textiles & Apparel,15,102237.6,2025-04-06,2025-04-21,closed,2025-04-20,14.0,-1.0,False,False,average_payer
INV700717,C1022,Textiles Client 023,Textiles & Apparel,15,29353.51,2025-07-10,2025-07-25,closed,2025-07-26,16.0,1.0,False,False,average_payer
INV700718,C1022,Textiles Client 023,Textiles & Apparel,15,692847.05,2025-07-15,2025-07-30,closed,2025-08-06,22.0,7.0,False,True,average_payer
INV700719,C1022,Textiles Client 023,Textiles & Apparel,15,324776.86,2025-07-23,2025-08-07,closed,2025-08-29,37.0,22.0,False,True,average_payer
INV700720,C1022,Textiles Client 023,Textiles & Apparel,15,95818.14,2025-10-22,2025-11-06,closed,2025-11-15,24.0,9.0,False,False,average_payer
INV700721,C1022,Textiles Client 023,Textiles & Apparel,15,94086.86,2025-10-30,2025-11-14,closed,2025-11-24,25.0,10.0,False,False,average_payer
INV700722,C1022,Textiles Client 023,Textiles & Apparel,15,221920.05,2025-12-25,2026-01-09,closed,2026-01-18,24.0,9.0,False,False,average_payer
INV700723,C1022,Textiles Client 023,Textiles & Apparel,15,157246.71,2026-02-13,2026-02-28,closed,2026-03-10,25.0,10.0,False,False,average_payer
INV700724,C1022,Textiles Client 023,Textiles & Apparel,15,151842.9,2026-02-16,2026-03-03,closed,2026-03-11,23.0,8.0,False,False,average_payer
INV700725,C1022,Textiles Client 023,Textiles & Apparel,15,129634.28,2026-02-16,2026-03-03,closed,2026-03-06,18.0,3.0,False,False,average_payer
INV700726,C1022,Textiles Client 023,Textiles & Apparel,15,137960.72,2026-03-10,2026-03-25,closed,2026-04-12,33.0,18.0,False,False,average_payer
INV700727,C1022,Textiles Client 023,Textiles & Apparel,15,79267.64,2026-03-13,2026-03-28,closed,2026-03-27,14.0,-1.0,False,False,average_payer
INV700728,C1022,Textiles Client 023,Textiles & Apparel,15,130097.7,2026-04-24,2026-05-09,closed,2026-05-07,13.0,-2.0,False,False,average_payer
INV700729,C1022,Textiles Client 023,Textiles & Apparel,15,153471.63,2026-05-16,2026-05-31,closed,2026-06-17,32.0,17.0,False,False,average_payer
INV700730,C1022,Textiles Client 023,Textiles & Apparel,15,81482.53,2026-05-19,2026-06-03,closed,2026-06-09,21.0,6.0,False,False,average_payer
INV700731,C1022,Textiles Client 023,Textiles & Apparel,15,88555.07,2026-05-25,2026-06-09,closed,2026-06-22,28.0,13.0,False,False,average_payer
INV700732,C1022,Textiles Client 023,Textiles & Apparel,15,107865.95,2026-07-09,2026-07-24,closed,2026-07-25,16.0,1.0,False,False,average_payer
INV700733,C1023,Pharma Client 024,Pharma & Healthcare,30,36761.77,2024-02-14,2024-03-15,closed,2024-03-22,37.0,7.0,False,False,average_payer
INV700734,C1023,Pharma Client 024,Pharma & Healthcare,30,39697.34,2024-02-28,2024-03-29,closed,2024-04-01,33.0,3.0,False,False,average_payer
INV700735,C1023,Pharma Client 024,Pharma & Healthcare,30,86099.44,2024-03-20,2024-04-19,closed,2024-04-19,30.0,0.0,False,False,average_payer
INV700736,C1023,Pharma Client 024,Pharma & Healthcare,30,45542.51,2024-04-02,2024-05-02,closed,2024-05-12,40.0,10.0,False,False,average_payer
INV700737,C1023,Pharma Client 024,Pharma & Healthcare,30,69710.1,2024-04-14,2024-05-14,closed,2024-05-12,28.0,-2.0,False,False,average_payer
INV700738,C1023,Pharma Client 024,Pharma & Healthcare,30,73527.12,2024-06-06,2024-07-06,closed,2024-07-10,34.0,4.0,False,False,average_payer
INV700739,C1023,Pharma Client 024,Pharma & Healthcare,30,62480.17,2024-07-01,2024-07-31,closed,2024-08-04,34.0,4.0,False,False,average_payer
INV700740,C1023,Pharma Client 024,Pharma & Healthcare,30,41135.98,2024-07-19,2024-08-18,closed,2024-08-21,33.0,3.0,False,False,average_payer
INV700741,C1023,Pharma Client 024,Pharma & Healthcare,30,31765.97,2024-07-23,2024-08-22,closed,2024-08-27,35.0,5.0,False,False,average_payer
INV700742,C1023,Pharma Client 024,Pharma & Healthcare,30,41141.63,2024-08-15,2024-09-14,closed,2024-09-15,31.0,1.0,False,False,average_payer
INV700743,C1023,Pharma Client 024,Pharma & Healthcare,30,76824.75,2024-09-02,2024-10-02,closed,2024-10-10,38.0,8.0,False,False,average_payer
INV700744,C1023,Pharma Client 024,Pharma & Healthcare,30,70623.59,2024-10-18,2024-11-17,closed,2024-11-13,26.0,-4.0,False,False,average_payer
INV700745,C1023,Pharma Client 024,Pharma & Healthcare,30,77818.84,2024-10-19,2024-11-18,closed,2024-11-22,34.0,4.0,False,False,average_payer
INV700746,C1023,Pharma Client 024,Pharma & Healthcare,30,67634.73,2024-12-07,2025-01-06,closed,2025-01-13,37.0,7.0,False,False,average_payer
INV700747,C1023,Pharma Client 024,Pharma & Healthcare,30,84791.07,2024-12-20,2025-01-19,closed,2025-01-25,36.0,6.0,False,False,average_payer
INV700748,C1023,Pharma Client 024,Pharma & Healthcare,30,71705.33,2025-01-12,2025-02-11,closed,2025-02-15,34.0,4.0,False,False,average_payer
INV700749,C1023,Pharma Client 024,Pharma & Healthcare,30,36056.12,2025-01-26,2025-02-25,closed,2025-02-28,33.0,3.0,False,False,average_payer
INV700750,C1023,Pharma Client 024,Pharma & Healthcare,30,46013.67,2025-03-15,2025-04-14,closed,2025-04-24,40.0,10.0,False,False,average_payer
INV700751,C1023,Pharma Client 024,Pharma & Healthcare,30,117357.06,2025-03-27,2025-04-26,closed,2025-04-24,28.0,-2.0,False,False,average_payer
INV700752,C1023,Pharma Client 024,Pharma & Healthcare,30,77768.63,2025-04-21,2025-05-21,closed,2025-05-26,35.0,5.0,False,False,average_payer
INV700753,C1023,Pharma Client 024,Pharma & Healthcare,30,45336.69,2025-06-14,2025-07-14,closed,2025-07-10,26.0,-4.0,False,False,average_payer
INV700754,C1023,Pharma Client 024,Pharma & Healthcare,30,35266.41,2025-06-27,2025-07-27,closed,2025-07-25,28.0,-2.0,False,False,average_payer
INV700755,C1023,Pharma Client 024,Pharma & Healthcare,30,50090.95,2025-09-04,2025-10-04,closed,2025-10-13,39.0,9.0,False,False,average_payer
INV700756,C1023,Pharma Client 024,Pharma & Healthcare,30,59601.37,2025-09-27,2025-10-27,closed,2025-10-26,29.0,-1.0,False,False,average_payer
INV700757,C1023,Pharma Client 024,Pharma & Healthcare,30,63570.51,2025-11-04,2025-12-04,closed,2025-12-03,29.0,-1.0,False,False,average_payer
INV700758,C1023,Pharma Client 024,Pharma & Healthcare,30,50590.68,2025-11-16,2025-12-16,closed,2025-12-19,33.0,3.0,True,False,average_payer
INV700759,C1023,Pharma Client 024,Pharma & Healthcare,30,46958.75,2026-04-02,2026-05-02,closed,2026-04-28,26.0,-4.0,False,False,average_payer
INV700760,C1023,Pharma Client 024,Pharma & Healthcare,30,45412.15,2026-07-08,2026-08-07,closed,2026-08-14,37.0,7.0,False,False,average_payer
INV700761,C1023,Pharma Client 024,Pharma & Healthcare,30,98910.16,2026-07-26,2026-08-25,open,,,,False,False,average_payer
INV700762,C1024,Retail Client 025,Retail & Distribution,15,58028.27,2024-02-29,2024-03-15,closed,2024-03-19,19.0,4.0,False,False,average_payer
INV700763,C1024,Retail Client 025,Retail & Distribution,15,21935.64,2024-03-27,2024-04-11,closed,2024-04-19,23.0,8.0,False,False,average_payer
INV700764,C1024,Retail Client 025,Retail & Distribution,15,52679.67,2024-04-26,2024-05-11,closed,2024-05-18,22.0,7.0,False,False,average_payer
INV700765,C1024,Retail Client 025,Retail & Distribution,15,83297.91,2024-07-06,2024-07-21,closed,2024-07-22,16.0,1.0,False,False,average_payer
INV700766,C1024,Retail Client 025,Retail & Distribution,15,52481.8,2024-07-26,2024-08-10,closed,2024-08-15,20.0,5.0,False,False,average_payer
INV700767,C1024,Retail Client 025,Retail & Distribution,15,58932.22,2024-07-28,2024-08-12,closed,2024-08-18,21.0,6.0,False,False,average_payer
INV700768,C1024,Retail Client 025,Retail & Distribution,15,37789.25,2024-08-03,2024-08-18,closed,2024-08-20,17.0,2.0,False,False,average_payer
INV700769,C1024,Retail Client 025,Retail & Distribution,15,107078.59,2024-08-19,2024-09-03,closed,2024-09-05,17.0,2.0,False,False,average_payer
INV700770,C1024,Retail Client 025,Retail & Distribution,15,78896.34,2024-08-22,2024-09-06,closed,2024-09-10,19.0,4.0,False,False,average_payer
INV700771,C1024,Retail Client 025,Retail & Distribution,15,57799.48,2024-09-13,2024-09-28,closed,2024-10-01,18.0,3.0,False,False,average_payer
INV700772,C1024,Retail Client 025,Retail & Distribution,15,34164.54,2024-10-21,2024-11-05,closed,2024-10-31,10.0,-5.0,False,False,average_payer
INV700773,C1024,Retail Client 025,Retail & Distribution,15,70610.62,2024-11-28,2024-12-13,closed,2024-12-27,29.0,14.0,False,False,average_payer
INV700774,C1024,Retail Client 025,Retail & Distribution,15,77942.08,2024-11-28,2024-12-13,closed,2024-12-14,16.0,1.0,False,False,average_payer
INV700775,C1024,Retail Client 025,Retail & Distribution,15,66323.62,2025-02-01,2025-02-16,closed,2025-02-27,26.0,11.0,False,False,average_payer
INV700776,C1024,Retail Client 025,Retail & Distribution,15,82254.83,2025-02-18,2025-03-05,closed,2025-03-18,28.0,13.0,False,False,average_payer
INV700777,C1024,Retail Client 025,Retail & Distribution,15,98610.87,2025-02-20,2025-03-07,closed,2025-03-15,23.0,8.0,False,False,average_payer
INV700778,C1024,Retail Client 025,Retail & Distribution,15,42149.49,2025-03-14,2025-03-29,closed,2025-04-02,19.0,4.0,False,False,average_payer
INV700779,C1024,Retail Client 025,Retail & Distribution,15,85773.11,2025-03-17,2025-04-01,closed,2025-04-07,21.0,6.0,False,False,average_payer
INV700780,C1024,Retail Client 025,Retail & Distribution,15,32300.37,2025-03-18,2025-04-02,closed,2025-04-17,30.0,15.0,False,False,average_payer
INV700781,C1024,Retail Client 025,Retail & Distribution,15,3000.0,2025-03-27,2025-04-11,closed,2025-04-15,19.0,4.0,False,False,average_payer
INV700782,C1024,Retail Client 025,Retail & Distribution,15,67354.46,2025-04-03,2025-04-18,closed,2025-04-25,22.0,7.0,False,False,average_payer
INV700783,C1024,Retail Client 025,Retail & Distribution,15,60530.52,2025-04-06,2025-04-21,closed,2025-04-25,19.0,4.0,False,False,average_payer
INV700784,C1024,Retail Client 025,Retail & Distribution,15,32103.7,2025-04-10,2025-04-25,closed,2025-04-26,16.0,1.0,False,False,average_payer
INV700785,C1024,Retail Client 025,Retail & Distribution,15,61410.8,2025-04-20,2025-05-05,closed,2025-05-09,19.0,4.0,False,False,average_payer
INV700786,C1024,Retail Client 025,Retail & Distribution,15,10492.76,2025-04-26,2025-05-11,closed,2025-05-14,18.0,3.0,False,False,average_payer
INV700787,C1024,Retail Client 025,Retail & Distribution,15,50108.99,2025-05-06,2025-05-21,closed,2025-06-02,27.0,12.0,False,False,average_payer
INV700788,C1024,Retail Client 025,Retail & Distribution,15,46341.17,2025-05-16,2025-05-31,closed,2025-06-03,18.0,3.0,False,False,average_payer
INV700789,C1024,Retail Client 025,Retail & Distribution,15,32371.07,2025-05-22,2025-06-06,closed,2025-06-04,13.0,-2.0,False,False,average_payer
INV700790,C1024,Retail Client 025,Retail & Distribution,15,44582.9,2025-05-30,2025-06-14,closed,2025-06-13,14.0,-1.0,False,False,average_payer
INV700791,C1024,Retail Client 025,Retail & Distribution,15,63936.82,2025-07-06,2025-07-21,closed,2025-07-17,11.0,-4.0,True,False,average_payer
INV700792,C1024,Retail Client 025,Retail & Distribution,15,78231.71,2025-07-14,2025-07-29,closed,2025-08-06,23.0,8.0,False,False,average_payer
INV700793,C1024,Retail Client 025,Retail & Distribution,15,53251.81,2025-07-26,2025-08-10,closed,2025-08-25,30.0,15.0,False,False,average_payer
INV700794,C1024,Retail Client 025,Retail & Distribution,15,85446.73,2025-08-09,2025-08-24,closed,2025-08-25,16.0,1.0,False,False,average_payer
INV700795,C1024,Retail Client 025,Retail & Distribution,15,26484.9,2025-10-25,2025-11-09,closed,2025-11-17,23.0,8.0,False,False,average_payer
INV700796,C1024,Retail Client 025,Retail & Distribution,15,61816.73,2025-10-27,2025-11-11,closed,2025-11-13,17.0,2.0,True,False,average_payer
INV700797,C1024,Retail Client 025,Retail & Distribution,15,35061.94,2025-12-10,2025-12-25,closed,2025-12-22,12.0,-3.0,False,False,average_payer
INV700798,C1024,Retail Client 025,Retail & Distribution,15,50669.5,2025-12-10,2025-12-25,closed,2026-01-01,22.0,7.0,False,False,average_payer
INV700799,C1024,Retail Client 025,Retail & Distribution,15,48632.4,2026-01-02,2026-01-17,closed,2026-01-18,16.0,1.0,False,False,average_payer
INV700800,C1024,Retail Client 025,Retail & Distribution,15,52675.77,2026-01-05,2026-01-20,closed,2026-02-02,28.0,13.0,False,False,average_payer
INV700801,C1024,Retail Client 025,Retail & Distribution,15,71746.77,2026-02-26,2026-03-13,closed,2026-03-11,13.0,-2.0,False,False,average_payer
INV700802,C1024,Retail Client 025,Retail & Distribution,15,58103.92,2026-02-26,2026-03-13,closed,2026-03-24,26.0,11.0,False,False,average_payer
INV700803,C1024,Retail Client 025,Retail & Distribution,15,16272.93,2026-03-23,2026-04-07,closed,2026-04-11,19.0,4.0,False,False,average_payer
INV700804,C1024,Retail Client 025,Retail & Distribution,15,86052.53,2026-04-12,2026-04-27,closed,2026-04-26,14.0,-1.0,True,False,average_payer
INV700805,C1024,Retail Client 025,Retail & Distribution,15,43716.45,2026-06-12,2026-06-27,closed,2026-07-03,21.0,6.0,False,False,average_payer
INV700806,C1024,Retail Client 025,Retail & Distribution,15,62148.52,2026-06-20,2026-07-05,closed,2026-07-09,19.0,4.0,False,False,average_payer
INV700807,C1024,Retail Client 025,Retail & Distribution,15,52913.0,2026-07-04,2026-07-19,closed,2026-07-24,20.0,5.0,False,False,average_payer
INV700808,C1024,Retail Client 025,Retail & Distribution,15,83573.76,2026-07-15,2026-07-30,closed,2026-08-05,21.0,6.0,False,False,average_payer
INV700809,C1024,Retail Client 025,Retail & Distribution,15,74356.2,2026-08-13,2026-08-28,open,,,,False,False,average_payer
INV700810,C1025,Metal Client 026,Metal & Engineering,45,178172.5,2024-04-04,2024-05-19,closed,2024-05-27,53.0,8.0,False,False,average_payer
INV700811,C1025,Metal Client 026,Metal & Engineering,45,85147.63,2024-04-05,2024-05-20,closed,2024-05-15,40.0,-5.0,False,False,average_payer
INV700812,C1025,Metal Client 026,Metal & Engineering,45,123363.47,2024-06-25,2024-08-09,closed,2024-08-22,58.0,13.0,False,False,average_payer
INV700813,C1025,Metal Client 026,Metal & Engineering,45,146316.21,2024-07-10,2024-08-24,closed,2024-08-29,50.0,5.0,False,False,average_payer
INV700814,C1025,Metal Client 026,Metal & Engineering,45,102802.45,2024-07-16,2024-08-30,closed,2024-09-05,51.0,6.0,False,False,average_payer
INV700815,C1025,Metal Client 026,Metal & Engineering,45,60632.64,2024-08-24,2024-10-08,closed,2024-09-27,34.0,-11.0,False,False,average_payer
INV700816,C1025,Metal Client 026,Metal & Engineering,45,126223.51,2024-10-21,2024-12-05,closed,2024-12-22,62.0,17.0,False,False,average_payer
INV700817,C1025,Metal Client 026,Metal & Engineering,45,128224.37,2024-10-29,2024-12-13,closed,2025-01-04,67.0,22.0,False,False,average_payer
INV700818,C1025,Metal Client 026,Metal & Engineering,45,136378.32,2024-11-15,2024-12-30,closed,2025-01-04,50.0,5.0,False,False,average_payer
INV700819,C1025,Metal Client 026,Metal & Engineering,45,117235.19,2025-03-15,2025-04-29,closed,2025-05-03,49.0,4.0,False,False,average_payer
INV700820,C1025,Metal Client 026,Metal & Engineering,45,105583.26,2025-05-22,2025-07-06,closed,2025-07-15,54.0,9.0,False,False,average_payer
INV700821,C1025,Metal Client 026,Metal & Engineering,45,107421.59,2025-05-26,2025-07-10,closed,2025-07-21,56.0,11.0,False,False,average_payer
INV700822,C1025,Metal Client 026,Metal & Engineering,45,50635.91,2025-06-28,2025-08-12,closed,2025-08-15,48.0,3.0,False,False,average_payer
INV700823,C1025,Metal Client 026,Metal & Engineering,45,66619.98,2025-06-28,2025-08-12,closed,2025-09-01,65.0,20.0,False,False,average_payer
INV700824,C1025,Metal Client 026,Metal & Engineering,45,80774.5,2025-06-29,2025-08-13,closed,2025-08-13,45.0,0.0,False,False,average_payer
INV700825,C1025,Metal Client 026,Metal & Engineering,45,165928.45,2025-07-07,2025-08-21,closed,2025-08-22,46.0,1.0,False,False,average_payer
INV700826,C1025,Metal Client 026,Metal & Engineering,45,114927.72,2025-08-16,2025-09-30,closed,2025-10-14,59.0,14.0,False,False,average_payer
INV700827,C1025,Metal Client 026,Metal & Engineering,45,154465.17,2025-11-16,2025-12-31,closed,2026-01-08,53.0,8.0,False,False,average_payer
INV700828,C1025,Metal Client 026,Metal & Engineering,45,149948.0,2025-12-05,2026-01-19,closed,2026-01-16,42.0,-3.0,False,False,average_payer
INV700829,C1025,Metal Client 026,Metal & Engineering,45,85379.43,2026-05-20,2026-07-04,closed,2026-06-29,40.0,-5.0,False,False,average_payer
INV700830,C1025,Metal Client 026,Metal & Engineering,45,157959.61,2026-06-03,2026-07-18,closed,2026-07-26,53.0,8.0,False,False,average_payer
INV700831,C1025,Metal Client 026,Metal & Engineering,45,126225.37,2026-07-26,2026-09-09,disputed_open,,,,False,False,average_payer
INV700832,C1026,Auto Client 027,Auto Components,45,86015.85,2024-02-16,2024-04-01,closed,2024-04-19,63.0,18.0,False,False,seasonal_payer
INV700833,C1026,Auto Client 027,Auto Components,45,45603.84,2024-02-29,2024-04-14,closed,2024-04-27,58.0,13.0,False,False,seasonal_payer
INV700834,C1026,Auto Client 027,Auto Components,45,74915.77,2024-03-05,2024-04-19,closed,2024-05-01,57.0,12.0,False,False,seasonal_payer
INV700835,C1026,Auto Client 027,Auto Components,45,102637.83,2024-04-03,2024-05-18,closed,2024-05-24,51.0,6.0,False,False,seasonal_payer
INV700836,C1026,Auto Client 027,Auto Components,45,70694.21,2024-05-23,2024-07-07,closed,2024-07-15,53.0,8.0,False,False,seasonal_payer
INV700837,C1026,Auto Client 027,Auto Components,45,38536.17,2024-06-01,2024-07-16,closed,2024-07-26,55.0,10.0,False,False,seasonal_payer
INV700838,C1026,Auto Client 027,Auto Components,45,60767.75,2024-06-04,2024-07-19,closed,2024-07-27,53.0,8.0,False,False,seasonal_payer
INV700839,C1026,Auto Client 027,Auto Components,45,72784.59,2024-06-06,2024-07-21,closed,2024-07-24,48.0,3.0,False,False,seasonal_payer
INV700840,C1026,Auto Client 027,Auto Components,45,94576.35,2024-07-13,2024-08-27,closed,2024-09-03,52.0,7.0,False,False,seasonal_payer
INV700841,C1026,Auto Client 027,Auto Components,45,73733.71,2024-08-21,2024-10-05,closed,2024-10-03,43.0,-2.0,False,False,seasonal_payer
INV700842,C1026,Auto Client 027,Auto Components,45,49280.38,2024-09-23,2024-11-07,closed,2024-11-23,61.0,16.0,False,False,seasonal_payer
INV700843,C1026,Auto Client 027,Auto Components,45,61709.14,2024-11-26,2025-01-10,closed,2025-01-14,49.0,4.0,False,False,seasonal_payer
INV700844,C1026,Auto Client 027,Auto Components,45,48669.92,2024-12-10,2025-01-24,closed,2025-01-30,51.0,6.0,False,False,seasonal_payer
INV700845,C1026,Auto Client 027,Auto Components,45,69846.26,2024-12-21,2025-02-04,closed,2025-01-28,38.0,-7.0,False,False,seasonal_payer
INV700846,C1026,Auto Client 027,Auto Components,45,24682.08,2025-01-30,2025-03-16,closed,2025-04-07,67.0,22.0,False,False,seasonal_payer
INV700847,C1026,Auto Client 027,Auto Components,45,32615.66,2025-03-26,2025-05-10,closed,2025-05-26,61.0,16.0,False,False,seasonal_payer
INV700848,C1026,Auto Client 027,Auto Components,45,73891.05,2025-03-31,2025-05-15,closed,2025-05-28,58.0,13.0,False,False,seasonal_payer
INV700849,C1026,Auto Client 027,Auto Components,45,15537.89,2025-05-18,2025-07-02,closed,2025-06-30,43.0,-2.0,False,False,seasonal_payer
INV700850,C1026,Auto Client 027,Auto Components,45,40991.32,2025-06-09,2025-07-24,closed,2025-07-20,41.0,-4.0,False,False,seasonal_payer
INV700851,C1026,Auto Client 027,Auto Components,45,106867.51,2025-06-11,2025-07-26,closed,2025-07-30,49.0,4.0,False,False,seasonal_payer
INV700852,C1026,Auto Client 027,Auto Components,45,103255.08,2025-07-01,2025-08-15,closed,2025-08-27,57.0,12.0,False,False,seasonal_payer
INV700853,C1026,Auto Client 027,Auto Components,45,46015.0,2025-07-20,2025-09-03,closed,2025-09-07,49.0,4.0,False,False,seasonal_payer
INV700854,C1026,Auto Client 027,Auto Components,45,68091.38,2025-08-03,2025-09-17,closed,2025-09-22,50.0,5.0,False,False,seasonal_payer
INV700855,C1026,Auto Client 027,Auto Components,45,75807.89,2025-08-21,2025-10-05,closed,2025-10-05,45.0,0.0,False,False,seasonal_payer
INV700856,C1026,Auto Client 027,Auto Components,45,66879.61,2025-10-05,2025-11-19,closed,2025-12-08,64.0,19.0,False,False,seasonal_payer
INV700857,C1026,Auto Client 027,Auto Components,45,35393.07,2025-10-20,2025-12-04,closed,2025-12-17,58.0,13.0,False,False,seasonal_payer
INV700858,C1026,Auto Client 027,Auto Components,45,40349.6,2025-10-21,2025-12-05,closed,2025-12-12,52.0,7.0,False,False,seasonal_payer
INV700859,C1026,Auto Client 027,Auto Components,45,38988.96,2025-10-27,2025-12-11,closed,2025-12-19,53.0,8.0,False,False,seasonal_payer
INV700860,C1026,Auto Client 027,Auto Components,45,48462.03,2025-12-09,2026-01-23,closed,2026-01-29,51.0,6.0,False,False,seasonal_payer
INV700861,C1026,Auto Client 027,Auto Components,45,85126.47,2025-12-22,2026-02-05,closed,2026-02-11,51.0,6.0,False,False,seasonal_payer
INV700862,C1026,Auto Client 027,Auto Components,45,88430.55,2025-12-24,2026-02-07,closed,2026-02-15,53.0,8.0,False,False,seasonal_payer
INV700863,C1026,Auto Client 027,Auto Components,45,54218.51,2026-04-13,2026-05-28,closed,2026-05-31,48.0,3.0,False,False,seasonal_payer
INV700864,C1026,Auto Client 027,Auto Components,45,48626.91,2026-04-26,2026-06-10,closed,2026-06-11,46.0,1.0,False,False,seasonal_payer
INV700865,C1026,Auto Client 027,Auto Components,45,67052.76,2026-05-10,2026-06-24,closed,2026-06-27,48.0,3.0,False,False,seasonal_payer
INV700866,C1026,Auto Client 027,Auto Components,45,76560.83,2026-07-19,2026-09-02,open,,,,False,False,seasonal_payer
INV700867,C1027,FMCG Client 028,FMCG & Food Processing,30,354935.94,2024-03-12,2024-04-11,closed,2024-04-25,44.0,14.0,False,False,seasonal_payer
INV700868,C1027,FMCG Client 028,FMCG & Food Processing,30,288977.45,2024-04-16,2024-05-16,closed,2024-05-11,25.0,-5.0,False,False,seasonal_payer
INV700869,C1027,FMCG Client 028,FMCG & Food Processing,30,391612.34,2024-07-10,2024-08-09,closed,2024-08-10,31.0,1.0,False,False,seasonal_payer
INV700870,C1027,FMCG Client 028,FMCG & Food Processing,30,106182.72,2024-08-04,2024-09-03,closed,2024-09-04,31.0,1.0,False,False,seasonal_payer
INV700871,C1027,FMCG Client 028,FMCG & Food Processing,30,139785.02,2024-08-16,2024-09-15,closed,2024-09-14,29.0,-1.0,False,False,seasonal_payer
INV700872,C1027,FMCG Client 028,FMCG & Food Processing,30,339831.16,2024-08-29,2024-09-28,closed,2024-09-28,30.0,0.0,False,False,seasonal_payer
INV700873,C1027,FMCG Client 028,FMCG & Food Processing,30,350432.32,2024-08-31,2024-09-30,closed,2024-10-04,34.0,4.0,False,False,seasonal_payer
INV700874,C1027,FMCG Client 028,FMCG & Food Processing,30,453493.29,2024-10-04,2024-11-03,closed,2024-11-13,40.0,10.0,False,False,seasonal_payer
INV700875,C1027,FMCG Client 028,FMCG & Food Processing,30,219529.19,2024-10-19,2024-11-18,closed,2024-12-02,44.0,14.0,False,False,seasonal_payer
INV700876,C1027,FMCG Client 028,FMCG & Food Processing,30,489412.7,2024-11-11,2024-12-11,closed,2024-12-13,32.0,2.0,False,False,seasonal_payer
INV700877,C1027,FMCG Client 028,FMCG & Food Processing,30,196842.2,2025-05-05,2025-06-04,closed,2025-06-09,35.0,5.0,False,False,seasonal_payer
INV700878,C1027,FMCG Client 028,FMCG & Food Processing,30,412616.0,2025-06-03,2025-07-03,closed,2025-07-11,38.0,8.0,False,False,seasonal_payer
INV700879,C1027,FMCG Client 028,FMCG & Food Processing,30,372942.29,2025-08-01,2025-08-31,closed,2025-08-31,30.0,0.0,True,False,seasonal_payer
INV700880,C1027,FMCG Client 028,FMCG & Food Processing,30,470924.67,2025-08-06,2025-09-05,closed,2025-09-05,30.0,0.0,False,False,seasonal_payer
INV700881,C1027,FMCG Client 028,FMCG & Food Processing,30,340700.71,2025-08-11,2025-09-10,closed,2025-09-14,34.0,4.0,False,False,seasonal_payer
INV700882,C1027,FMCG Client 028,FMCG & Food Processing,30,188683.84,2025-09-28,2025-10-28,closed,2025-11-11,44.0,14.0,False,False,seasonal_payer
INV700883,C1027,FMCG Client 028,FMCG & Food Processing,30,319747.77,2025-10-27,2025-11-26,closed,2025-12-07,41.0,11.0,False,False,seasonal_payer
INV700884,C1027,FMCG Client 028,FMCG & Food Processing,30,229833.69,2025-11-10,2025-12-10,closed,2025-12-19,39.0,9.0,False,False,seasonal_payer
INV700885,C1027,FMCG Client 028,FMCG & Food Processing,30,240695.65,2025-12-03,2026-01-02,closed,2026-01-09,37.0,7.0,True,False,seasonal_payer
INV700886,C1027,FMCG Client 028,FMCG & Food Processing,30,299493.02,2025-12-16,2026-01-15,closed,2026-01-10,25.0,-5.0,False,False,seasonal_payer
INV700887,C1027,FMCG Client 028,FMCG & Food Processing,30,285947.86,2026-01-28,2026-02-27,closed,2026-03-12,43.0,13.0,False,False,seasonal_payer
INV700888,C1027,FMCG Client 028,FMCG & Food Processing,30,330629.66,2026-02-19,2026-03-21,closed,2026-03-31,40.0,10.0,False,False,seasonal_payer
INV700889,C1027,FMCG Client 028,FMCG & Food Processing,30,487099.1,2026-03-05,2026-04-04,closed,2026-04-17,43.0,13.0,False,False,seasonal_payer
INV700890,C1027,FMCG Client 028,FMCG & Food Processing,30,307958.11,2026-03-11,2026-04-10,closed,2026-04-22,42.0,12.0,False,False,seasonal_payer
INV700891,C1027,FMCG Client 028,FMCG & Food Processing,30,266754.61,2026-05-16,2026-06-15,closed,2026-06-22,37.0,7.0,False,False,seasonal_payer
INV700892,C1027,FMCG Client 028,FMCG & Food Processing,30,229798.27,2026-07-02,2026-08-01,closed,2026-08-10,39.0,9.0,False,False,seasonal_payer
INV700893,C1027,FMCG Client 028,FMCG & Food Processing,30,272272.02,2026-07-21,2026-08-20,open,,,,False,False,seasonal_payer
INV700894,C1027,FMCG Client 028,FMCG & Food Processing,30,150626.93,2026-08-11,2026-09-10,open,,,,False,False,seasonal_payer
INV700895,C1028,Pharma Client 029,Pharma & Healthcare,45,114876.01,2024-04-01,2024-05-16,closed,2024-05-14,43.0,-2.0,False,False,prompt_payer
INV700896,C1028,Pharma Client 029,Pharma & Healthcare,45,300520.45,2024-06-13,2024-07-28,closed,2024-07-29,46.0,1.0,True,False,prompt_payer
INV700897,C1028,Pharma Client 029,Pharma & Healthcare,45,186050.29,2024-06-18,2024-08-02,closed,2024-08-02,45.0,0.0,False,False,prompt_payer
INV700898,C1028,Pharma Client 029,Pharma & Healthcare,45,397358.78,2024-08-12,2024-09-26,closed,2024-09-21,40.0,-5.0,False,False,prompt_payer
INV700899,C1028,Pharma Client 029,Pharma & Healthcare,45,272833.73,2024-09-18,2024-11-02,closed,2024-11-02,45.0,0.0,False,False,prompt_payer
INV700900,C1028,Pharma Client 029,Pharma & Healthcare,45,295786.97,2024-10-27,2024-12-11,closed,2024-12-08,42.0,-3.0,False,False,prompt_payer
INV700901,C1028,Pharma Client 029,Pharma & Healthcare,45,405671.0,2024-11-19,2025-01-03,closed,2024-12-29,40.0,-5.0,False,False,prompt_payer
INV700902,C1028,Pharma Client 029,Pharma & Healthcare,45,406975.18,2026-04-01,2026-05-16,closed,2026-05-13,42.0,-3.0,False,False,prompt_payer
INV700903,C1028,Pharma Client 029,Pharma & Healthcare,45,1503946.28,2026-05-28,2026-07-12,closed,2026-07-08,41.0,-4.0,False,True,prompt_payer
INV700904,C1028,Pharma Client 029,Pharma & Healthcare,45,421982.15,2026-06-11,2026-07-26,closed,2026-07-21,40.0,-5.0,False,False,prompt_payer
INV700905,C1028,Pharma Client 029,Pharma & Healthcare,45,316898.92,2026-07-03,2026-08-17,closed,2026-08-14,42.0,-3.0,False,False,prompt_payer
INV700906,C1029,IT Client 030,IT & Business Services,45,22399.98,2024-02-22,2024-04-07,closed,2024-04-11,49.0,4.0,False,False,average_payer
INV700907,C1029,IT Client 030,IT & Business Services,45,15714.57,2024-03-16,2024-04-30,closed,2024-05-04,49.0,4.0,False,False,average_payer
INV700908,C1029,IT Client 030,IT & Business Services,45,30867.88,2024-04-17,2024-06-01,closed,2024-06-03,47.0,2.0,False,False,average_payer
INV700909,C1029,IT Client 030,IT & Business Services,45,31963.88,2024-07-27,2024-09-10,closed,2024-09-09,44.0,-1.0,False,False,average_payer
INV700910,C1029,IT Client 030,IT & Business Services,45,22773.12,2024-08-21,2024-10-05,closed,2024-10-06,46.0,1.0,False,False,average_payer
INV700911,C1029,IT Client 030,IT & Business Services,45,28083.67,2024-09-21,2024-11-05,closed,2024-11-09,49.0,4.0,False,False,average_payer
INV700912,C1029,IT Client 030,IT & Business Services,45,20686.04,2024-10-23,2024-12-07,closed,2024-12-05,43.0,-2.0,False,False,average_payer
INV700913,C1029,IT Client 030,IT & Business Services,45,16727.9,2024-11-08,2024-12-23,closed,2024-12-20,42.0,-3.0,False,False,average_payer
INV700914,C1029,IT Client 030,IT & Business Services,45,28520.7,2025-02-23,2025-04-09,closed,2025-04-05,41.0,-4.0,False,False,average_payer
INV700915,C1029,IT Client 030,IT & Business Services,45,21471.17,2025-02-25,2025-04-11,closed,2025-04-18,52.0,7.0,False,False,average_payer
INV700916,C1029,IT Client 030,IT & Business Services,45,30936.03,2025-03-09,2025-04-23,closed,2025-04-22,44.0,-1.0,False,False,average_payer
INV700917,C1029,IT Client 030,IT & Business Services,45,12662.91,2025-04-22,2025-06-06,closed,2025-06-09,48.0,3.0,False,False,average_payer
INV700918,C1029,IT Client 030,IT & Business Services,45,18708.0,2025-05-05,2025-06-19,closed,2025-06-21,47.0,2.0,False,False,average_payer
INV700919,C1029,IT Client 030,IT & Business Services,45,14897.38,2025-05-16,2025-06-30,closed,2025-06-24,39.0,-6.0,False,False,average_payer
INV700920,C1029,IT Client 030,IT & Business Services,45,26159.98,2025-06-12,2025-07-27,closed,2025-07-31,49.0,4.0,False,False,average_payer
INV700921,C1029,IT Client 030,IT & Business Services,45,39614.95,2025-07-16,2025-08-30,closed,2025-09-04,50.0,5.0,False,False,average_payer
INV700922,C1029,IT Client 030,IT & Business Services,45,100419.13,2025-07-17,2025-08-31,closed,2025-08-31,45.0,0.0,False,True,average_payer
INV700923,C1029,IT Client 030,IT & Business Services,45,27154.93,2025-07-21,2025-09-04,closed,2025-09-04,45.0,0.0,False,False,average_payer
INV700924,C1029,IT Client 030,IT & Business Services,45,28603.74,2025-07-21,2025-09-04,closed,2025-09-07,48.0,3.0,False,False,average_payer
INV700925,C1029,IT Client 030,IT & Business Services,45,29454.78,2025-07-22,2025-09-05,closed,2025-09-02,42.0,-3.0,False,False,average_payer
INV700926,C1029,IT Client 030,IT & Business Services,45,32565.06,2025-07-31,2025-09-14,closed,2025-09-10,41.0,-4.0,False,False,average_payer
INV700927,C1029,IT Client 030,IT & Business Services,45,24277.32,2025-08-24,2025-10-08,closed,2025-10-08,45.0,0.0,False,False,average_payer
INV700928,C1029,IT Client 030,IT & Business Services,45,28390.59,2025-08-26,2025-10-10,closed,2025-10-17,52.0,7.0,False,False,average_payer
INV700929,C1029,IT Client 030,IT & Business Services,45,26381.92,2025-09-13,2025-10-28,closed,2025-11-02,50.0,5.0,False,False,average_payer
INV700930,C1029,IT Client 030,IT & Business Services,45,25575.5,2025-10-24,2025-12-08,closed,2025-12-13,50.0,5.0,False,False,average_payer
INV700931,C1029,IT Client 030,IT & Business Services,45,27802.55,2026-02-04,2026-03-21,closed,2026-03-20,44.0,-1.0,False,False,average_payer
INV700932,C1029,IT Client 030,IT & Business Services,45,39785.95,2026-05-26,2026-07-10,closed,2026-07-14,49.0,4.0,False,False,average_payer
INV700933,C1029,IT Client 030,IT & Business Services,45,13965.17,2026-05-28,2026-07-12,closed,2026-07-14,47.0,2.0,False,False,average_payer
INV700934,C1029,IT Client 030,IT & Business Services,45,33061.64,2026-06-21,2026-08-05,closed,2026-08-04,44.0,-1.0,False,False,average_payer
INV700935,C1029,IT Client 030,IT & Business Services,45,21580.75,2026-07-28,2026-09-11,open,,,,False,False,average_payer
INV700936,C1030,Retail Client 031,Retail & Distribution,30,402389.44,2024-03-01,2024-03-31,closed,2024-05-06,66.0,36.0,False,False,improving_payer
INV700937,C1030,Retail Client 031,Retail & Distribution,30,459535.71,2024-04-02,2024-05-02,closed,2024-06-07,66.0,36.0,False,False,improving_payer
INV700938,C1030,Retail Client 031,Retail & Distribution,30,346844.47,2024-04-26,2024-05-26,closed,2024-06-25,60.0,30.0,False,False,improving_payer
INV700939,C1030,Retail Client 031,Retail & Distribution,30,104554.08,2024-05-02,2024-06-01,closed,2024-07-08,67.0,37.0,False,False,improving_payer
INV700940,C1030,Retail Client 031,Retail & Distribution,30,140936.09,2024-06-23,2024-07-23,closed,2024-08-05,43.0,13.0,False,False,improving_payer
INV700941,C1030,Retail Client 031,Retail & Distribution,30,149823.41,2024-08-10,2024-09-09,closed,2024-10-04,55.0,25.0,False,False,improving_payer
INV700942,C1030,Retail Client 031,Retail & Distribution,30,95270.88,2024-09-06,2024-10-06,closed,2024-10-25,49.0,19.0,False,False,improving_payer
INV700943,C1030,Retail Client 031,Retail & Distribution,30,325645.38,2024-09-19,2024-10-19,closed,2024-11-07,49.0,19.0,False,False,improving_payer
INV700944,C1030,Retail Client 031,Retail & Distribution,30,333347.46,2024-09-26,2024-10-26,closed,2024-11-07,42.0,12.0,False,False,improving_payer
INV700945,C1030,Retail Client 031,Retail & Distribution,30,340545.42,2024-12-06,2025-01-05,closed,2025-01-17,42.0,12.0,False,False,improving_payer
INV700946,C1030,Retail Client 031,Retail & Distribution,30,127190.88,2025-03-13,2025-04-12,closed,2025-04-24,42.0,12.0,False,False,improving_payer
INV700947,C1030,Retail Client 031,Retail & Distribution,30,499015.28,2025-05-08,2025-06-07,closed,2025-06-12,35.0,5.0,False,False,improving_payer
INV700948,C1030,Retail Client 031,Retail & Distribution,30,460925.93,2025-08-22,2025-09-21,closed,2025-10-01,40.0,10.0,False,False,improving_payer
INV700949,C1030,Retail Client 031,Retail & Distribution,30,263069.49,2025-10-27,2025-11-26,closed,2025-12-07,41.0,11.0,False,False,improving_payer
INV700950,C1030,Retail Client 031,Retail & Distribution,30,326115.84,2025-12-28,2026-01-27,closed,2026-01-28,31.0,1.0,False,False,improving_payer
INV700951,C1030,Retail Client 031,Retail & Distribution,30,420182.3,2026-05-24,2026-06-23,closed,2026-06-24,31.0,1.0,False,False,improving_payer
INV700952,C1031,Auto Client 032,Auto Components,45,153485.45,2024-03-06,2024-04-20,closed,2024-05-10,65.0,20.0,False,False,average_payer
INV700953,C1031,Auto Client 032,Auto Components,45,48160.34,2024-03-24,2024-05-08,closed,2024-05-18,55.0,10.0,False,False,average_payer
INV700954,C1031,Auto Client 032,Auto Components,45,121357.25,2024-05-15,2024-06-29,closed,2024-07-04,50.0,5.0,False,False,average_payer
INV700955,C1031,Auto Client 032,Auto Components,45,138994.67,2024-05-15,2024-06-29,closed,2024-06-25,41.0,-4.0,False,False,average_payer
INV700956,C1031,Auto Client 032,Auto Components,45,167557.27,2024-05-20,2024-07-04,closed,2024-07-12,53.0,8.0,False,False,average_payer
INV700957,C1031,Auto Client 032,Auto Components,45,43612.17,2024-06-30,2024-08-14,closed,2024-08-15,46.0,1.0,False,False,average_payer
INV700958,C1031,Auto Client 032,Auto Components,45,133636.63,2024-09-01,2024-10-16,closed,2024-10-26,55.0,10.0,False,False,average_payer
INV700959,C1031,Auto Client 032,Auto Components,45,449927.49,2024-09-30,2024-11-14,closed,2024-11-02,33.0,-12.0,False,True,average_payer
INV700960,C1031,Auto Client 032,Auto Components,45,94980.46,2025-03-08,2025-04-22,closed,2025-04-25,48.0,3.0,False,False,average_payer
INV700961,C1031,Auto Client 032,Auto Components,45,189383.66,2025-04-10,2025-05-25,closed,2025-05-31,51.0,6.0,False,False,average_payer
INV700962,C1031,Auto Client 032,Auto Components,45,117717.38,2025-07-15,2025-08-29,closed,2025-09-15,62.0,17.0,False,False,average_payer
INV700963,C1031,Auto Client 032,Auto Components,45,127166.34,2025-09-04,2025-10-19,closed,2025-10-21,47.0,2.0,False,False,average_payer
INV700964,C1031,Auto Client 032,Auto Components,45,70277.55,2025-09-22,2025-11-06,closed,2025-11-11,50.0,5.0,False,False,average_payer
INV700965,C1031,Auto Client 032,Auto Components,45,81692.7,2025-10-26,2025-12-10,closed,2025-12-21,56.0,11.0,False,False,average_payer
INV700966,C1031,Auto Client 032,Auto Components,45,101413.89,2025-11-17,2026-01-01,closed,2026-01-01,45.0,0.0,False,False,average_payer
INV700967,C1031,Auto Client 032,Auto Components,45,109534.87,2025-11-19,2026-01-03,closed,2026-01-04,46.0,1.0,False,False,average_payer
INV700968,C1031,Auto Client 032,Auto Components,45,61447.13,2026-01-30,2026-03-16,closed,2026-03-26,55.0,10.0,False,False,average_payer
INV700969,C1031,Auto Client 032,Auto Components,45,79614.25,2026-03-03,2026-04-17,closed,2026-04-19,47.0,2.0,False,False,average_payer
INV700970,C1031,Auto Client 032,Auto Components,45,139592.7,2026-03-22,2026-05-06,closed,2026-05-15,54.0,9.0,False,False,average_payer
INV700971,C1031,Auto Client 032,Auto Components,45,131447.21,2026-03-27,2026-05-11,closed,2026-05-18,52.0,7.0,False,False,average_payer
INV700972,C1031,Auto Client 032,Auto Components,45,222461.81,2026-04-11,2026-05-26,closed,2026-05-22,41.0,-4.0,False,True,average_payer
INV700973,C1031,Auto Client 032,Auto Components,45,226190.97,2026-04-22,2026-06-06,closed,2026-06-08,47.0,2.0,False,False,average_payer
INV700974,C1031,Auto Client 032,Auto Components,45,128497.36,2026-05-04,2026-06-18,closed,2026-06-22,49.0,4.0,False,False,average_payer
INV700975,C1031,Auto Client 032,Auto Components,45,87631.47,2026-06-21,2026-08-05,closed,2026-08-03,43.0,-2.0,False,False,average_payer
INV700976,C1031,Auto Client 032,Auto Components,45,119525.78,2026-07-09,2026-08-23,open,,,,False,False,average_payer
INV700977,C1031,Auto Client 032,Auto Components,45,160410.91,2026-07-09,2026-08-23,open,,,,False,False,average_payer
INV700978,C1031,Auto Client 032,Auto Components,45,162382.7,2026-08-09,2026-09-23,open,,,,False,False,average_payer
INV700979,C1032,IT Client 033,IT & Business Services,30,107926.21,2024-04-11,2024-05-11,closed,2024-05-10,29.0,-1.0,False,False,prompt_payer
INV700980,C1032,IT Client 033,IT & Business Services,30,1086924.42,2024-04-20,2024-05-20,closed,2024-05-16,26.0,-4.0,False,True,prompt_payer
INV700981,C1032,IT Client 033,IT & Business Services,30,92824.0,2024-05-07,2024-06-06,closed,2024-06-06,30.0,0.0,False,False,prompt_payer
INV700982,C1032,IT Client 033,IT & Business Services,30,117859.01,2024-06-01,2024-07-01,closed,2024-06-30,29.0,-1.0,False,False,prompt_payer
INV700983,C1032,IT Client 033,IT & Business Services,30,202945.43,2024-07-05,2024-08-04,closed,2024-08-01,27.0,-3.0,False,False,prompt_payer
INV700984,C1032,IT Client 033,IT & Business Services,30,203928.14,2025-01-04,2025-02-03,closed,2025-02-01,28.0,-2.0,False,False,prompt_payer
INV700985,C1032,IT Client 033,IT & Business Services,30,190306.93,2025-01-22,2025-02-21,disputed_open,,,,False,False,prompt_payer
INV700986,C1032,IT Client 033,IT & Business Services,30,106228.58,2025-04-04,2025-05-04,closed,2025-05-01,27.0,-3.0,False,False,prompt_payer
INV700987,C1032,IT Client 033,IT & Business Services,30,192160.2,2025-04-14,2025-05-14,closed,2025-05-12,28.0,-2.0,False,False,prompt_payer
INV700988,C1032,IT Client 033,IT & Business Services,30,177400.53,2025-05-22,2025-06-21,closed,2025-06-19,28.0,-2.0,False,False,prompt_payer
INV700989,C1032,IT Client 033,IT & Business Services,30,142176.78,2025-05-24,2025-06-23,closed,2025-06-21,28.0,-2.0,False,False,prompt_payer
INV700990,C1032,IT Client 033,IT & Business Services,30,107645.6,2025-07-04,2025-08-03,closed,2025-08-04,31.0,1.0,False,False,prompt_payer
INV700991,C1032,IT Client 033,IT & Business Services,30,67102.21,2025-07-17,2025-08-16,closed,2025-08-14,28.0,-2.0,False,False,prompt_payer
INV700992,C1032,IT Client 033,IT & Business Services,30,127225.31,2025-07-19,2025-08-18,closed,2025-08-15,27.0,-3.0,False,False,prompt_payer
INV700993,C1032,IT Client 033,IT & Business Services,30,53462.91,2025-07-27,2025-08-26,closed,2025-08-22,26.0,-4.0,False,False,prompt_payer
INV700994,C1032,IT Client 033,IT & Business Services,30,145664.57,2025-07-28,2025-08-27,closed,2025-08-22,25.0,-5.0,False,False,prompt_payer
INV700995,C1032,IT Client 033,IT & Business Services,30,171434.43,2025-08-09,2025-09-08,closed,2025-09-07,29.0,-1.0,False,False,prompt_payer
INV700996,C1032,IT Client 033,IT & Business Services,30,254742.76,2025-10-28,2025-11-27,closed,2025-11-26,29.0,-1.0,False,False,prompt_payer
INV700997,C1032,IT Client 033,IT & Business Services,30,137924.29,2026-01-11,2026-02-10,closed,2026-02-08,28.0,-2.0,False,False,prompt_payer
INV700998,C1032,IT Client 033,IT & Business Services,30,59168.97,2026-02-27,2026-03-29,closed,2026-03-26,27.0,-3.0,False,False,prompt_payer
INV700999,C1032,IT Client 033,IT & Business Services,30,117171.61,2026-03-01,2026-03-31,closed,2026-03-31,30.0,0.0,False,False,prompt_payer
INV701000,C1032,IT Client 033,IT & Business Services,30,125083.59,2026-04-09,2026-05-09,closed,2026-05-08,29.0,-1.0,False,False,prompt_payer
INV701001,C1032,IT Client 033,IT & Business Services,30,117876.6,2026-05-22,2026-06-21,closed,2026-06-19,28.0,-2.0,False,False,prompt_payer
INV701002,C1032,IT Client 033,IT & Business Services,30,96741.86,2026-06-16,2026-07-16,closed,2026-07-13,27.0,-3.0,False,False,prompt_payer
INV701003,C1032,IT Client 033,IT & Business Services,30,116819.44,2026-07-11,2026-08-10,closed,2026-08-03,23.0,-7.0,False,False,prompt_payer
INV701004,C1032,IT Client 033,IT & Business Services,30,99779.52,2026-07-25,2026-08-24,open,,,,False,False,prompt_payer
INV701005,C1033,Pharma Client 034,Pharma & Healthcare,45,82353.88,2024-02-17,2024-04-02,closed,2024-03-20,32.0,-13.0,False,False,erratic_payer
INV701006,C1033,Pharma Client 034,Pharma & Healthcare,45,72885.3,2024-02-19,2024-04-04,closed,2024-04-09,50.0,5.0,False,False,erratic_payer
INV701007,C1033,Pharma Client 034,Pharma & Healthcare,45,13752.61,2024-03-24,2024-05-08,closed,2024-05-26,63.0,18.0,False,False,erratic_payer
INV701008,C1033,Pharma Client 034,Pharma & Healthcare,45,46648.15,2024-04-09,2024-05-24,closed,2024-05-20,41.0,-4.0,False,False,erratic_payer
INV701009,C1033,Pharma Client 034,Pharma & Healthcare,45,58700.45,2024-05-11,2024-06-25,closed,2024-07-07,57.0,12.0,False,False,erratic_payer
INV701010,C1033,Pharma Client 034,Pharma & Healthcare,45,48793.68,2024-05-12,2024-06-26,closed,2024-06-23,42.0,-3.0,False,False,erratic_payer
INV701011,C1033,Pharma Client 034,Pharma & Healthcare,45,101776.55,2024-07-01,2024-08-15,closed,2024-08-25,55.0,10.0,False,False,erratic_payer
INV701012,C1033,Pharma Client 034,Pharma & Healthcare,45,37909.52,2024-07-05,2024-08-19,closed,2024-08-18,44.0,-1.0,False,False,erratic_payer
INV701013,C1033,Pharma Client 034,Pharma & Healthcare,45,70479.47,2024-07-10,2024-08-24,closed,2024-09-03,55.0,10.0,False,False,erratic_payer
INV701014,C1033,Pharma Client 034,Pharma & Healthcare,45,39770.03,2024-07-30,2024-09-13,closed,2024-09-25,57.0,12.0,False,False,erratic_payer
INV701015,C1033,Pharma Client 034,Pharma & Healthcare,45,5552.95,2024-08-04,2024-09-18,closed,2024-10-12,69.0,24.0,False,False,erratic_payer
INV701016,C1033,Pharma Client 034,Pharma & Healthcare,45,13740.16,2024-08-05,2024-09-19,closed,2024-09-12,38.0,-7.0,False,False,erratic_payer
INV701017,C1033,Pharma Client 034,Pharma & Healthcare,45,74940.74,2024-08-13,2024-09-27,closed,2024-10-03,51.0,6.0,False,False,erratic_payer
INV701018,C1033,Pharma Client 034,Pharma & Healthcare,45,49104.25,2024-08-23,2024-10-07,closed,2024-10-21,59.0,14.0,False,False,erratic_payer
INV701019,C1033,Pharma Client 034,Pharma & Healthcare,45,59074.21,2024-10-13,2024-11-27,closed,2024-11-26,44.0,-1.0,False,False,erratic_payer
INV701020,C1033,Pharma Client 034,Pharma & Healthcare,45,63666.85,2024-10-15,2024-11-29,closed,2024-12-16,62.0,17.0,False,False,erratic_payer
INV701021,C1033,Pharma Client 034,Pharma & Healthcare,45,55500.86,2024-10-20,2024-12-04,closed,2024-12-12,53.0,8.0,False,False,erratic_payer
INV701022,C1033,Pharma Client 034,Pharma & Healthcare,45,111984.33,2024-10-29,2024-12-13,closed,2024-12-27,59.0,14.0,True,True,erratic_payer
INV701023,C1033,Pharma Client 034,Pharma & Healthcare,45,53987.42,2024-11-03,2024-12-18,closed,2024-12-27,54.0,9.0,False,False,erratic_payer
INV701024,C1033,Pharma Client 034,Pharma & Healthcare,45,55572.58,2024-11-15,2024-12-30,closed,2025-01-12,58.0,13.0,False,False,erratic_payer
INV701025,C1033,Pharma Client 034,Pharma & Healthcare,45,59569.59,2024-12-07,2025-01-21,closed,2025-01-24,48.0,3.0,False,False,erratic_payer
INV701026,C1033,Pharma Client 034,Pharma & Healthcare,45,67462.9,2025-01-05,2025-02-19,closed,2025-03-04,58.0,13.0,False,False,erratic_payer
INV701027,C1033,Pharma Client 034,Pharma & Healthcare,45,45772.31,2025-02-09,2025-03-26,closed,2025-03-24,43.0,-2.0,False,False,erratic_payer
INV701028,C1033,Pharma Client 034,Pharma & Healthcare,45,55708.45,2025-03-05,2025-04-19,closed,2025-04-07,33.0,-12.0,False,False,erratic_payer
INV701029,C1033,Pharma Client 034,Pharma & Healthcare,45,80755.09,2025-03-25,2025-05-09,closed,2025-05-14,50.0,5.0,False,False,erratic_payer
INV701030,C1033,Pharma Client 034,Pharma & Healthcare,45,71486.15,2025-03-31,2025-05-15,closed,2025-05-18,48.0,3.0,False,False,erratic_payer
INV701031,C1033,Pharma Client 034,Pharma & Healthcare,45,21211.12,2025-04-12,2025-05-27,closed,2025-06-17,66.0,21.0,False,False,erratic_payer
INV701032,C1033,Pharma Client 034,Pharma & Healthcare,45,67145.85,2025-05-25,2025-07-09,closed,2025-06-17,23.0,-22.0,False,False,erratic_payer
INV701033,C1033,Pharma Client 034,Pharma & Healthcare,45,77759.18,2025-06-27,2025-08-11,closed,2025-08-25,59.0,14.0,False,False,erratic_payer
INV701034,C1033,Pharma Client 034,Pharma & Healthcare,45,61385.46,2025-07-10,2025-08-24,closed,2025-08-26,47.0,2.0,False,False,erratic_payer
INV701035,C1033,Pharma Client 034,Pharma & Healthcare,45,55361.45,2025-08-25,2025-10-09,closed,2025-10-21,57.0,12.0,False,False,erratic_payer
INV701036,C1033,Pharma Client 034,Pharma & Healthcare,45,39297.85,2025-09-19,2025-11-03,closed,2025-11-22,64.0,19.0,False,False,erratic_payer
INV701037,C1033,Pharma Client 034,Pharma & Healthcare,45,55943.63,2025-09-28,2025-11-12,closed,2025-11-30,63.0,18.0,False,False,erratic_payer
INV701038,C1033,Pharma Client 034,Pharma & Healthcare,45,46951.09,2025-10-02,2025-11-16,closed,2025-11-14,43.0,-2.0,False,False,erratic_payer
INV701039,C1033,Pharma Client 034,Pharma & Healthcare,45,64381.98,2025-11-03,2025-12-18,closed,2025-12-22,49.0,4.0,False,False,erratic_payer
INV701040,C1033,Pharma Client 034,Pharma & Healthcare,45,45438.32,2025-11-03,2025-12-18,closed,2025-12-22,49.0,4.0,False,False,erratic_payer
INV701041,C1033,Pharma Client 034,Pharma & Healthcare,45,53743.93,2025-11-05,2025-12-20,closed,2025-12-18,43.0,-2.0,False,False,erratic_payer
INV701042,C1033,Pharma Client 034,Pharma & Healthcare,45,78156.29,2025-12-02,2026-01-16,closed,2026-01-18,47.0,2.0,False,False,erratic_payer
INV701043,C1033,Pharma Client 034,Pharma & Healthcare,45,32350.53,2025-12-12,2026-01-26,disputed_open,,,,False,False,erratic_payer
INV701044,C1033,Pharma Client 034,Pharma & Healthcare,45,49822.47,2025-12-13,2026-01-27,closed,2026-02-12,61.0,16.0,False,False,erratic_payer
INV701045,C1033,Pharma Client 034,Pharma & Healthcare,45,517481.6,2025-12-13,2026-01-27,closed,2026-02-10,59.0,14.0,False,True,erratic_payer
INV701046,C1033,Pharma Client 034,Pharma & Healthcare,45,79457.76,2026-01-01,2026-02-15,closed,2026-02-08,38.0,-7.0,False,False,erratic_payer
INV701047,C1033,Pharma Client 034,Pharma & Healthcare,45,70019.51,2026-01-13,2026-02-27,closed,2026-03-04,50.0,5.0,False,False,erratic_payer
INV701048,C1033,Pharma Client 034,Pharma & Healthcare,45,83759.12,2026-01-19,2026-03-05,closed,2026-03-13,53.0,8.0,False,False,erratic_payer
INV701049,C1033,Pharma Client 034,Pharma & Healthcare,45,125139.6,2026-01-26,2026-03-12,closed,2026-03-23,56.0,11.0,False,False,erratic_payer
INV701050,C1033,Pharma Client 034,Pharma & Healthcare,45,14732.26,2026-02-16,2026-04-02,closed,2026-04-12,55.0,10.0,False,False,erratic_payer
INV701051,C1033,Pharma Client 034,Pharma & Healthcare,45,33105.57,2026-02-27,2026-04-13,closed,2026-04-18,50.0,5.0,False,False,erratic_payer
INV701052,C1033,Pharma Client 034,Pharma & Healthcare,45,91209.16,2026-03-24,2026-05-08,closed,2026-05-01,38.0,-7.0,False,False,erratic_payer
INV701053,C1033,Pharma Client 034,Pharma & Healthcare,45,62351.14,2026-04-15,2026-05-30,closed,2026-06-18,64.0,19.0,False,False,erratic_payer
INV701054,C1033,Pharma Client 034,Pharma & Healthcare,45,37328.89,2026-05-31,2026-07-15,closed,2026-07-03,33.0,-12.0,False,False,erratic_payer
INV701055,C1033,Pharma Client 034,Pharma & Healthcare,45,52730.6,2026-06-12,2026-07-27,closed,2026-08-06,55.0,10.0,False,False,erratic_payer
INV701056,C1033,Pharma Client 034,Pharma & Healthcare,45,66223.55,2026-06-15,2026-07-30,open,,,,False,False,erratic_payer
INV701057,C1033,Pharma Client 034,Pharma & Healthcare,45,48820.07,2026-07-05,2026-08-19,closed,2026-08-10,36.0,-9.0,False,False,erratic_payer
INV701058,C1034,FMCG Client 035,FMCG & Food Processing,45,47439.49,2024-02-26,2024-04-11,closed,2024-04-13,47.0,2.0,False,False,cold_start
INV701059,C1034,FMCG Client 035,FMCG & Food Processing,45,162629.88,2025-10-07,2025-11-21,closed,2025-11-15,39.0,-6.0,False,True,cold_start
INV701060,C1035,Electronics Client 036,Electronics & Electricals,30,239139.9,2024-02-22,2024-03-23,closed,2024-04-24,62.0,32.0,False,False,chronic_late_payer
INV701061,C1035,Electronics Client 036,Electronics & Electricals,30,420419.43,2024-02-26,2024-03-27,closed,2024-05-05,69.0,39.0,False,False,chronic_late_payer
INV701062,C1035,Electronics Client 036,Electronics & Electricals,30,272837.24,2024-03-22,2024-04-21,closed,2024-05-21,60.0,30.0,False,False,chronic_late_payer
INV701063,C1035,Electronics Client 036,Electronics & Electricals,30,194555.37,2024-03-27,2024-04-26,closed,2024-06-07,72.0,42.0,False,False,chronic_late_payer
INV701064,C1035,Electronics Client 036,Electronics & Electricals,30,252703.94,2024-04-15,2024-05-15,closed,2024-06-13,59.0,29.0,False,False,chronic_late_payer
INV701065,C1035,Electronics Client 036,Electronics & Electricals,30,371920.23,2024-06-28,2024-07-28,closed,2024-08-30,63.0,33.0,False,False,chronic_late_payer
INV701066,C1035,Electronics Client 036,Electronics & Electricals,30,376409.86,2024-06-29,2024-07-29,closed,2024-09-03,66.0,36.0,False,False,chronic_late_payer
INV701067,C1035,Electronics Client 036,Electronics & Electricals,30,141961.57,2024-07-26,2024-08-25,closed,2024-09-29,65.0,35.0,False,False,chronic_late_payer
INV701068,C1035,Electronics Client 036,Electronics & Electricals,30,340458.17,2024-08-13,2024-09-12,closed,2024-10-26,74.0,44.0,False,False,chronic_late_payer
INV701069,C1035,Electronics Client 036,Electronics & Electricals,30,166955.72,2024-08-18,2024-09-17,closed,2024-10-24,67.0,37.0,False,False,chronic_late_payer
INV701070,C1035,Electronics Client 036,Electronics & Electricals,30,302528.13,2024-08-19,2024-09-18,closed,2024-10-20,62.0,32.0,False,False,chronic_late_payer
INV701071,C1035,Electronics Client 036,Electronics & Electricals,30,273851.36,2024-09-29,2024-10-29,closed,2024-11-27,59.0,29.0,False,False,chronic_late_payer
INV701072,C1035,Electronics Client 036,Electronics & Electricals,30,307657.11,2024-10-12,2024-11-11,closed,2024-12-12,61.0,31.0,False,False,chronic_late_payer
INV701073,C1035,Electronics Client 036,Electronics & Electricals,30,442835.67,2024-12-08,2025-01-07,closed,2025-02-19,73.0,43.0,True,False,chronic_late_payer
INV701074,C1035,Electronics Client 036,Electronics & Electricals,30,367293.89,2025-04-17,2025-05-17,closed,2025-06-20,64.0,34.0,False,False,chronic_late_payer
INV701075,C1035,Electronics Client 036,Electronics & Electricals,30,401291.34,2025-06-14,2025-07-14,closed,2025-08-23,70.0,40.0,False,False,chronic_late_payer
INV701076,C1035,Electronics Client 036,Electronics & Electricals,30,1072146.06,2025-07-22,2025-08-21,closed,2025-09-25,65.0,35.0,False,True,chronic_late_payer
INV701077,C1035,Electronics Client 036,Electronics & Electricals,30,414751.52,2025-07-26,2025-08-25,closed,2025-10-05,71.0,41.0,True,False,chronic_late_payer
INV701078,C1035,Electronics Client 036,Electronics & Electricals,30,430113.07,2025-08-03,2025-09-02,closed,2025-10-05,63.0,33.0,False,False,chronic_late_payer
INV701079,C1035,Electronics Client 036,Electronics & Electricals,30,299141.54,2025-10-20,2025-11-19,closed,2025-12-30,71.0,41.0,False,False,chronic_late_payer
INV701080,C1035,Electronics Client 036,Electronics & Electricals,30,266203.37,2025-10-26,2025-11-25,closed,2025-12-28,63.0,33.0,True,False,chronic_late_payer
INV701081,C1035,Electronics Client 036,Electronics & Electricals,30,327869.52,2025-12-30,2026-01-29,closed,2026-03-08,68.0,38.0,False,False,chronic_late_payer
INV701082,C1035,Electronics Client 036,Electronics & Electricals,30,270993.92,2026-01-07,2026-02-06,closed,2026-03-11,63.0,33.0,False,False,chronic_late_payer
INV701083,C1035,Electronics Client 036,Electronics & Electricals,30,315343.82,2026-01-18,2026-02-17,closed,2026-03-30,71.0,41.0,False,False,chronic_late_payer
INV701084,C1035,Electronics Client 036,Electronics & Electricals,30,317190.84,2026-01-25,2026-02-24,closed,2026-03-19,53.0,23.0,False,False,chronic_late_payer
INV701085,C1035,Electronics Client 036,Electronics & Electricals,30,78918.38,2026-01-31,2026-03-02,closed,2026-04-03,62.0,32.0,False,False,chronic_late_payer
INV701086,C1035,Electronics Client 036,Electronics & Electricals,30,264141.05,2026-04-24,2026-05-24,closed,2026-06-30,67.0,37.0,False,False,chronic_late_payer
INV701087,C1035,Electronics Client 036,Electronics & Electricals,30,297027.1,2026-05-04,2026-06-03,closed,2026-07-02,59.0,29.0,False,False,chronic_late_payer
INV701088,C1035,Electronics Client 036,Electronics & Electricals,30,185056.88,2026-05-14,2026-06-13,closed,2026-07-17,64.0,34.0,False,False,chronic_late_payer
INV701089,C1035,Electronics Client 036,Electronics & Electricals,30,391137.89,2026-05-28,2026-06-27,closed,2026-08-11,75.0,45.0,False,False,chronic_late_payer
INV701090,C1035,Electronics Client 036,Electronics & Electricals,30,594009.02,2026-06-01,2026-07-01,closed,2026-08-04,64.0,34.0,False,False,chronic_late_payer
INV701091,C1035,Electronics Client 036,Electronics & Electricals,30,311307.06,2026-06-22,2026-07-22,open,,,,False,False,chronic_late_payer
INV701092,C1036,Textiles Client 037,Textiles & Apparel,30,807471.45,2024-03-20,2024-04-19,closed,2024-05-14,55.0,25.0,False,False,erratic_payer
INV701093,C1036,Textiles Client 037,Textiles & Apparel,30,1038579.83,2024-05-15,2024-06-14,closed,2024-07-11,57.0,27.0,False,False,erratic_payer
INV701094,C1036,Textiles Client 037,Textiles & Apparel,30,669730.0,2024-06-22,2024-07-22,closed,2024-07-11,19.0,-11.0,False,False,erratic_payer
INV701095,C1036,Textiles Client 037,Textiles & Apparel,30,450431.0,2024-09-04,2024-10-04,closed,2024-09-22,18.0,-12.0,False,False,erratic_payer
INV701096,C1036,Textiles Client 037,Textiles & Apparel,30,1026685.92,2024-11-30,2024-12-30,closed,2025-01-08,39.0,9.0,False,False,erratic_payer
INV701097,C1036,Textiles Client 037,Textiles & Apparel,30,498802.11,2024-12-31,2025-01-30,closed,2025-02-05,36.0,6.0,False,False,erratic_payer
INV701098,C1036,Textiles Client 037,Textiles & Apparel,30,766923.09,2025-04-06,2025-05-06,closed,2025-05-09,33.0,3.0,False,False,erratic_payer
INV701099,C1036,Textiles Client 037,Textiles & Apparel,30,293166.11,2025-05-08,2025-06-07,closed,2025-07-04,57.0,27.0,False,False,erratic_payer
INV701100,C1036,Textiles Client 037,Textiles & Apparel,30,2321538.25,2025-06-23,2025-07-23,closed,2025-08-19,57.0,27.0,False,True,erratic_payer
INV701101,C1036,Textiles Client 037,Textiles & Apparel,30,2068310.8,2025-08-02,2025-09-01,closed,2025-08-19,17.0,-13.0,False,True,erratic_payer
INV701102,C1036,Textiles Client 037,Textiles & Apparel,30,2412513.54,2025-08-08,2025-09-07,closed,2025-09-11,34.0,4.0,False,True,erratic_payer
INV701103,C1036,Textiles Client 037,Textiles & Apparel,30,580158.14,2025-10-08,2025-11-07,closed,2025-12-11,64.0,34.0,False,False,erratic_payer
INV701104,C1036,Textiles Client 037,Textiles & Apparel,30,589715.56,2026-03-06,2026-04-05,closed,2026-04-13,38.0,8.0,False,False,erratic_payer
INV701105,C1036,Textiles Client 037,Textiles & Apparel,30,981879.8,2026-05-03,2026-06-02,closed,2026-06-15,43.0,13.0,False,False,erratic_payer
INV701106,C1037,Chemicals Client 038,Chemicals & Plastics,45,118639.57,2024-04-03,2024-05-18,closed,2024-05-20,47.0,2.0,False,False,average_payer
INV701107,C1037,Chemicals Client 038,Chemicals & Plastics,45,179594.05,2024-04-04,2024-05-19,closed,2024-05-20,46.0,1.0,False,False,average_payer
INV701108,C1037,Chemicals Client 038,Chemicals & Plastics,45,109469.81,2024-04-15,2024-05-30,closed,2024-05-31,46.0,1.0,False,False,average_payer
INV701109,C1037,Chemicals Client 038,Chemicals & Plastics,45,100942.18,2024-08-16,2024-09-30,closed,2024-10-06,51.0,6.0,False,False,average_payer
INV701110,C1037,Chemicals Client 038,Chemicals & Plastics,45,128348.37,2024-10-24,2024-12-08,closed,2024-12-18,55.0,10.0,False,False,average_payer
INV701111,C1037,Chemicals Client 038,Chemicals & Plastics,45,96186.07,2024-11-07,2024-12-22,closed,2024-12-24,47.0,2.0,False,False,average_payer
INV701112,C1037,Chemicals Client 038,Chemicals & Plastics,45,124034.4,2025-01-02,2025-02-16,closed,2025-02-11,40.0,-5.0,False,False,average_payer
INV701113,C1037,Chemicals Client 038,Chemicals & Plastics,45,84844.59,2025-01-26,2025-03-12,closed,2025-03-20,53.0,8.0,False,False,average_payer
INV701114,C1037,Chemicals Client 038,Chemicals & Plastics,45,110946.34,2025-01-29,2025-03-15,closed,2025-03-10,40.0,-5.0,False,False,average_payer
INV701115,C1037,Chemicals Client 038,Chemicals & Plastics,45,6333.82,2025-01-30,2025-03-16,closed,2025-03-17,46.0,1.0,False,False,average_payer
INV701116,C1037,Chemicals Client 038,Chemicals & Plastics,45,154093.88,2025-02-08,2025-03-25,closed,2025-03-25,45.0,0.0,False,False,average_payer
INV701117,C1037,Chemicals Client 038,Chemicals & Plastics,45,70283.7,2025-05-16,2025-06-30,closed,2025-07-17,62.0,17.0,False,False,average_payer
INV701118,C1037,Chemicals Client 038,Chemicals & Plastics,45,222260.18,2025-05-29,2025-07-13,closed,2025-07-22,54.0,9.0,False,False,average_payer
INV701119,C1037,Chemicals Client 038,Chemicals & Plastics,45,56228.66,2025-06-09,2025-07-24,closed,2025-07-27,48.0,3.0,False,False,average_payer
INV701120,C1037,Chemicals Client 038,Chemicals & Plastics,45,154412.32,2025-06-27,2025-08-11,closed,2025-08-25,59.0,14.0,False,False,average_payer
INV701121,C1037,Chemicals Client 038,Chemicals & Plastics,45,138436.85,2025-07-27,2025-09-10,closed,2025-09-19,54.0,9.0,False,False,average_payer
INV701122,C1037,Chemicals Client 038,Chemicals & Plastics,45,107847.93,2025-08-29,2025-10-13,closed,2025-10-16,48.0,3.0,False,False,average_payer
INV701123,C1037,Chemicals Client 038,Chemicals & Plastics,45,192870.97,2025-12-04,2026-01-18,closed,2026-02-02,60.0,15.0,False,False,average_payer
INV701124,C1037,Chemicals Client 038,Chemicals & Plastics,45,99411.76,2026-03-12,2026-04-26,closed,2026-05-06,55.0,10.0,False,False,average_payer
INV701125,C1038,Construction Client 039,Construction & Infra,45,183673.06,2024-04-09,2024-05-24,closed,2024-09-11,155.0,110.0,False,False,erratic_payer
INV701126,C1038,Construction Client 039,Construction & Infra,45,111029.33,2024-05-09,2024-06-23,closed,2024-08-03,86.0,41.0,False,False,erratic_payer
INV701127,C1038,Construction Client 039,Construction & Infra,45,62466.57,2024-10-12,2024-11-26,closed,2025-01-25,105.0,60.0,False,False,erratic_payer
INV701128,C1038,Construction Client 039,Construction & Infra,45,77837.77,2025-02-10,2025-03-27,closed,2025-03-30,48.0,3.0,False,False,erratic_payer
INV701129,C1038,Construction Client 039,Construction & Infra,45,114724.24,2025-03-08,2025-04-22,closed,2025-05-05,58.0,13.0,False,False,erratic_payer
INV701130,C1038,Construction Client 039,Construction & Infra,45,104493.04,2025-04-28,2025-06-12,closed,2025-06-14,47.0,2.0,False,False,erratic_payer
INV701131,C1038,Construction Client 039,Construction & Infra,45,140534.22,2025-08-22,2025-10-06,closed,2025-12-04,104.0,59.0,False,False,erratic_payer
INV701132,C1038,Construction Client 039,Construction & Infra,45,103711.95,2025-09-30,2025-11-14,closed,2025-11-26,57.0,12.0,False,False,erratic_payer
INV701133,C1038,Construction Client 039,Construction & Infra,45,117997.54,2025-11-16,2025-12-31,closed,2026-02-01,77.0,32.0,False,False,erratic_payer
INV701134,C1038,Construction Client 039,Construction & Infra,45,108911.81,2025-12-08,2026-01-22,closed,2026-01-25,48.0,3.0,False,False,erratic_payer
INV701135,C1038,Construction Client 039,Construction & Infra,45,185389.57,2025-12-11,2026-01-25,closed,2026-01-19,39.0,-6.0,False,False,erratic_payer
INV701136,C1038,Construction Client 039,Construction & Infra,45,73581.4,2026-02-08,2026-03-25,closed,2026-03-12,32.0,-13.0,False,False,erratic_payer
INV701137,C1038,Construction Client 039,Construction & Infra,45,104233.19,2026-02-14,2026-03-31,closed,2026-04-21,66.0,21.0,False,False,erratic_payer
INV701138,C1038,Construction Client 039,Construction & Infra,45,136146.04,2026-04-24,2026-06-08,closed,2026-06-17,54.0,9.0,True,False,erratic_payer
INV701139,C1038,Construction Client 039,Construction & Infra,45,145686.33,2026-05-02,2026-06-16,closed,2026-07-30,89.0,44.0,False,False,erratic_payer
INV701140,C1038,Construction Client 039,Construction & Infra,45,103611.38,2026-06-17,2026-08-01,open,,,,False,False,erratic_payer
INV701141,C1038,Construction Client 039,Construction & Infra,45,413789.01,2026-07-05,2026-08-19,open,,,,False,True,erratic_payer
INV701142,C1039,FMCG Client 040,FMCG & Food Processing,45,75599.37,2024-02-15,2024-03-31,closed,2024-04-02,47.0,2.0,False,False,average_payer
INV701143,C1039,FMCG Client 040,FMCG & Food Processing,45,4098.73,2024-02-16,2024-04-01,closed,2024-04-11,55.0,10.0,False,False,average_payer
INV701144,C1039,FMCG Client 040,FMCG & Food Processing,45,53656.43,2024-02-19,2024-04-04,closed,2024-04-08,49.0,4.0,False,False,average_payer
INV701145,C1039,FMCG Client 040,FMCG & Food Processing,45,60239.91,2024-04-03,2024-05-18,closed,2024-05-30,57.0,12.0,False,False,average_payer
INV701146,C1039,FMCG Client 040,FMCG & Food Processing,45,59771.86,2024-04-21,2024-06-05,closed,2024-06-16,56.0,11.0,False,False,average_payer
INV701147,C1039,FMCG Client 040,FMCG & Food Processing,45,70104.66,2024-05-05,2024-06-19,closed,2024-06-23,49.0,4.0,False,False,average_payer
INV701148,C1039,FMCG Client 040,FMCG & Food Processing,45,57807.37,2024-06-01,2024-07-16,closed,2024-07-19,48.0,3.0,False,False,average_payer
INV701149,C1039,FMCG Client 040,FMCG & Food Processing,45,75954.9,2024-07-02,2024-08-16,closed,2024-08-17,46.0,1.0,False,False,average_payer
INV701150,C1039,FMCG Client 040,FMCG & Food Processing,45,24171.96,2024-08-04,2024-09-18,closed,2024-09-25,52.0,7.0,False,False,average_payer
INV701151,C1039,FMCG Client 040,FMCG & Food Processing,45,63410.53,2024-08-23,2024-10-07,closed,2024-10-06,44.0,-1.0,False,False,average_payer
INV701152,C1039,FMCG Client 040,FMCG & Food Processing,45,37925.31,2024-09-29,2024-11-13,closed,2024-11-10,42.0,-3.0,False,False,average_payer
INV701153,C1039,FMCG Client 040,FMCG & Food Processing,45,42145.81,2024-10-02,2024-11-16,closed,2024-11-18,47.0,2.0,False,False,average_payer
INV701154,C1039,FMCG Client 040,FMCG & Food Processing,45,29337.2,2025-02-04,2025-03-21,closed,2025-03-31,55.0,10.0,False,False,average_payer
INV701155,C1039,FMCG Client 040,FMCG & Food Processing,45,42437.67,2025-02-09,2025-03-26,closed,2025-03-25,44.0,-1.0,False,False,average_payer
INV701156,C1039,FMCG Client 040,FMCG & Food Processing,45,108883.91,2025-02-12,2025-03-29,closed,2025-03-30,46.0,1.0,False,False,average_payer
INV701157,C1039,FMCG Client 040,FMCG & Food Processing,45,25777.64,2025-04-03,2025-05-18,closed,2025-05-20,47.0,2.0,False,False,average_payer
INV701158,C1039,FMCG Client 040,FMCG & Food Processing,45,32611.12,2025-05-29,2025-07-13,disputed_open,,,,False,False,average_payer
INV701159,C1039,FMCG Client 040,FMCG & Food Processing,45,81962.44,2025-05-31,2025-07-15,closed,2025-07-14,44.0,-1.0,False,False,average_payer
INV701160,C1039,FMCG Client 040,FMCG & Food Processing,45,44102.38,2025-05-31,2025-07-15,closed,2025-07-12,42.0,-3.0,False,False,average_payer
INV701161,C1039,FMCG Client 040,FMCG & Food Processing,45,63986.56,2025-06-08,2025-07-23,closed,2025-07-24,46.0,1.0,False,False,average_payer
INV701162,C1039,FMCG Client 040,FMCG & Food Processing,45,55956.94,2025-06-09,2025-07-24,closed,2025-07-24,45.0,0.0,False,False,average_payer
INV701163,C1039,FMCG Client 040,FMCG & Food Processing,45,396324.91,2025-06-10,2025-07-25,closed,2025-08-07,58.0,13.0,False,True,average_payer
INV701164,C1039,FMCG Client 040,FMCG & Food Processing,45,76102.26,2025-06-18,2025-08-02,closed,2025-08-14,57.0,12.0,False,False,average_payer
INV701165,C1039,FMCG Client 040,FMCG & Food Processing,45,55690.12,2025-07-20,2025-09-03,closed,2025-09-05,47.0,2.0,False,False,average_payer
INV701166,C1039,FMCG Client 040,FMCG & Food Processing,45,55986.77,2025-08-05,2025-09-19,closed,2025-10-01,57.0,12.0,False,False,average_payer
INV701167,C1039,FMCG Client 040,FMCG & Food Processing,45,90613.52,2025-08-12,2025-09-26,closed,2025-10-07,56.0,11.0,False,False,average_payer
INV701168,C1039,FMCG Client 040,FMCG & Food Processing,45,82829.31,2025-12-15,2026-01-29,closed,2026-02-08,55.0,10.0,False,False,average_payer
INV701169,C1039,FMCG Client 040,FMCG & Food Processing,45,90329.26,2025-12-21,2026-02-04,closed,2026-02-10,51.0,6.0,False,False,average_payer
INV701170,C1039,FMCG Client 040,FMCG & Food Processing,45,26757.94,2025-12-22,2026-02-05,closed,2026-02-06,46.0,1.0,False,False,average_payer
INV701171,C1039,FMCG Client 040,FMCG & Food Processing,45,37155.11,2025-12-27,2026-02-10,closed,2026-02-08,43.0,-2.0,False,False,average_payer
INV701172,C1039,FMCG Client 040,FMCG & Food Processing,45,34526.29,2026-01-19,2026-03-05,closed,2026-03-10,50.0,5.0,False,False,average_payer
INV701173,C1039,FMCG Client 040,FMCG & Food Processing,45,74620.36,2026-02-09,2026-03-26,closed,2026-03-28,47.0,2.0,True,False,average_payer
INV701174,C1039,FMCG Client 040,FMCG & Food Processing,45,69883.64,2026-02-23,2026-04-09,closed,2026-04-08,44.0,-1.0,False,False,average_payer
INV701175,C1039,FMCG Client 040,FMCG & Food Processing,45,44018.29,2026-03-17,2026-05-01,closed,2026-04-27,41.0,-4.0,False,False,average_payer
INV701176,C1039,FMCG Client 040,FMCG & Food Processing,45,56311.29,2026-03-19,2026-05-03,closed,2026-05-04,46.0,1.0,False,False,average_payer
INV701177,C1039,FMCG Client 040,FMCG & Food Processing,45,63189.51,2026-04-11,2026-05-26,closed,2026-06-06,56.0,11.0,False,False,average_payer
INV701178,C1039,FMCG Client 040,FMCG & Food Processing,45,61984.74,2026-04-14,2026-05-29,closed,2026-06-07,54.0,9.0,False,False,average_payer
INV701179,C1039,FMCG Client 040,FMCG & Food Processing,45,169337.64,2026-05-05,2026-06-19,closed,2026-06-29,55.0,10.0,False,True,average_payer
INV701180,C1039,FMCG Client 040,FMCG & Food Processing,45,70638.72,2026-05-05,2026-06-19,closed,2026-07-01,57.0,12.0,False,False,average_payer
INV701181,C1039,FMCG Client 040,FMCG & Food Processing,45,50348.08,2026-05-16,2026-06-30,closed,2026-07-06,51.0,6.0,False,False,average_payer
INV701182,C1039,FMCG Client 040,FMCG & Food Processing,45,32848.36,2026-05-31,2026-07-15,closed,2026-07-24,54.0,9.0,False,False,average_payer
INV701183,C1039,FMCG Client 040,FMCG & Food Processing,45,51069.01,2026-07-23,2026-09-06,open,,,,False,False,average_payer
INV701184,C1040,Auto Client 041,Auto Components,15,29108.77,2024-03-09,2024-03-24,closed,2024-04-28,50.0,35.0,False,False,improving_payer
INV701185,C1040,Auto Client 041,Auto Components,15,104632.02,2024-05-11,2024-05-26,closed,2024-07-04,54.0,39.0,False,False,improving_payer
INV701186,C1040,Auto Client 041,Auto Components,15,105976.84,2024-05-18,2024-06-02,closed,2024-07-05,48.0,33.0,False,False,improving_payer
INV701187,C1040,Auto Client 041,Auto Components,15,114325.25,2024-08-06,2024-08-21,closed,2024-09-25,50.0,35.0,False,False,improving_payer
INV701188,C1040,Auto Client 041,Auto Components,15,93320.17,2024-08-11,2024-08-26,closed,2024-09-24,44.0,29.0,False,False,improving_payer
INV701189,C1040,Auto Client 041,Auto Components,15,154936.92,2024-09-03,2024-09-18,closed,2024-10-18,45.0,30.0,False,False,improving_payer
INV701190,C1040,Auto Client 041,Auto Components,15,118104.23,2024-09-17,2024-10-02,closed,2024-11-01,45.0,30.0,False,False,improving_payer
INV701191,C1040,Auto Client 041,Auto Components,15,143931.51,2024-11-04,2024-11-19,closed,2024-12-14,40.0,25.0,False,False,improving_payer
INV701192,C1040,Auto Client 041,Auto Components,15,134482.32,2024-11-16,2024-12-01,closed,2024-12-30,44.0,29.0,False,False,improving_payer
INV701193,C1040,Auto Client 041,Auto Components,15,169004.89,2024-12-01,2024-12-16,closed,2025-01-01,31.0,16.0,False,False,improving_payer
INV701194,C1040,Auto Client 041,Auto Components,15,71926.79,2025-01-11,2025-01-26,closed,2025-02-11,31.0,16.0,False,False,improving_payer
INV701195,C1040,Auto Client 041,Auto Components,15,50877.11,2025-01-19,2025-02-03,closed,2025-02-26,38.0,23.0,False,False,improving_payer
INV701196,C1040,Auto Client 041,Auto Components,15,86337.87,2025-01-20,2025-02-04,closed,2025-02-23,34.0,19.0,False,False,improving_payer
INV701197,C1040,Auto Client 041,Auto Components,15,111989.77,2025-04-11,2025-04-26,closed,2025-05-15,34.0,19.0,False,False,improving_payer
INV701198,C1040,Auto Client 041,Auto Components,15,96565.18,2025-04-28,2025-05-13,closed,2025-06-04,37.0,22.0,False,False,improving_payer
INV701199,C1040,Auto Client 041,Auto Components,15,341722.84,2025-06-10,2025-06-25,closed,2025-07-12,32.0,17.0,False,True,improving_payer
INV701200,C1040,Auto Client 041,Auto Components,15,160865.56,2025-07-16,2025-07-31,closed,2025-08-16,31.0,16.0,False,False,improving_payer
INV701201,C1040,Auto Client 041,Auto Components,15,125659.0,2025-07-31,2025-08-15,closed,2025-09-06,37.0,22.0,False,False,improving_payer
INV701202,C1040,Auto Client 041,Auto Components,15,125763.96,2025-08-19,2025-09-03,closed,2025-09-19,31.0,16.0,False,False,improving_payer
INV701203,C1040,Auto Client 041,Auto Components,15,134182.43,2025-09-06,2025-09-21,closed,2025-10-10,34.0,19.0,False,False,improving_payer
INV701204,C1040,Auto Client 041,Auto Components,15,62577.06,2025-09-24,2025-10-09,closed,2025-10-23,29.0,14.0,False,False,improving_payer
INV701205,C1040,Auto Client 041,Auto Components,15,99486.71,2025-10-16,2025-10-31,closed,2025-11-20,35.0,20.0,False,False,improving_payer
INV701206,C1040,Auto Client 041,Auto Components,15,146002.96,2025-11-16,2025-12-01,closed,2025-12-13,27.0,12.0,False,False,improving_payer
INV701207,C1040,Auto Client 041,Auto Components,15,130595.1,2025-11-29,2025-12-14,closed,2025-12-29,30.0,15.0,False,False,improving_payer
INV701208,C1040,Auto Client 041,Auto Components,15,81934.92,2025-12-14,2025-12-29,closed,2026-01-07,24.0,9.0,False,False,improving_payer
INV701209,C1040,Auto Client 041,Auto Components,15,79299.8,2026-01-13,2026-01-28,closed,2026-02-13,31.0,16.0,False,False,improving_payer
INV701210,C1040,Auto Client 041,Auto Components,15,77494.78,2026-01-15,2026-01-30,closed,2026-02-12,28.0,13.0,False,False,improving_payer
INV701211,C1040,Auto Client 041,Auto Components,15,123090.74,2026-01-27,2026-02-11,closed,2026-02-17,21.0,6.0,False,False,improving_payer
INV701212,C1040,Auto Client 041,Auto Components,15,90881.22,2026-01-27,2026-02-11,closed,2026-02-18,22.0,7.0,False,False,improving_payer
INV701213,C1040,Auto Client 041,Auto Components,15,102549.31,2026-03-05,2026-03-20,closed,2026-03-21,16.0,1.0,False,False,improving_payer
INV701214,C1040,Auto Client 041,Auto Components,15,116426.01,2026-03-27,2026-04-11,closed,2026-04-19,23.0,8.0,False,False,improving_payer
INV701215,C1040,Auto Client 041,Auto Components,15,112317.75,2026-04-01,2026-04-16,closed,2026-04-22,21.0,6.0,False,False,improving_payer
INV701216,C1040,Auto Client 041,Auto Components,15,80639.73,2026-07-02,2026-07-17,closed,2026-07-20,18.0,3.0,False,False,improving_payer
INV701217,C1040,Auto Client 041,Auto Components,15,91533.67,2026-07-03,2026-07-18,closed,2026-07-25,22.0,7.0,False,False,improving_payer
INV701218,C1040,Auto Client 041,Auto Components,15,197185.32,2026-07-08,2026-07-23,closed,2026-07-29,21.0,6.0,False,False,improving_payer
INV701219,C1040,Auto Client 041,Auto Components,15,21648.89,2026-08-03,2026-08-18,open,,,,False,False,improving_payer
INV701220,C1041,Chemicals Client 042,Chemicals & Plastics,30,418792.5,2024-02-22,2024-03-23,closed,2024-03-24,31.0,1.0,False,False,prompt_payer
INV701221,C1041,Chemicals Client 042,Chemicals & Plastics,30,364674.74,2024-05-05,2024-06-04,closed,2024-06-05,31.0,1.0,False,False,prompt_payer
INV701222,C1041,Chemicals Client 042,Chemicals & Plastics,30,146597.46,2024-05-13,2024-06-12,closed,2024-06-09,27.0,-3.0,False,False,prompt_payer
INV701223,C1041,Chemicals Client 042,Chemicals & Plastics,30,273407.53,2024-06-15,2024-07-15,closed,2024-07-18,33.0,3.0,False,False,prompt_payer
INV701224,C1041,Chemicals Client 042,Chemicals & Plastics,30,1568687.02,2024-07-10,2024-08-09,closed,2024-08-10,31.0,1.0,False,True,prompt_payer
INV701225,C1041,Chemicals Client 042,Chemicals & Plastics,30,236350.37,2024-09-05,2024-10-05,closed,2024-10-10,35.0,5.0,False,False,prompt_payer
INV701226,C1041,Chemicals Client 042,Chemicals & Plastics,30,340805.65,2024-11-22,2024-12-22,closed,2024-12-23,31.0,1.0,False,False,prompt_payer
INV701227,C1041,Chemicals Client 042,Chemicals & Plastics,30,305138.53,2025-01-05,2025-02-04,closed,2025-02-02,28.0,-2.0,False,False,prompt_payer
INV701228,C1041,Chemicals Client 042,Chemicals & Plastics,30,241706.97,2025-02-02,2025-03-04,closed,2025-03-04,30.0,0.0,True,False,prompt_payer
INV701229,C1041,Chemicals Client 042,Chemicals & Plastics,30,109450.02,2025-03-04,2025-04-03,closed,2025-04-03,30.0,0.0,False,False,prompt_payer
INV701230,C1041,Chemicals Client 042,Chemicals & Plastics,30,210107.91,2025-03-08,2025-04-07,closed,2025-04-07,30.0,0.0,True,False,prompt_payer
INV701231,C1041,Chemicals Client 042,Chemicals & Plastics,30,298343.21,2025-03-15,2025-04-14,closed,2025-04-13,29.0,-1.0,False,False,prompt_payer
INV701232,C1041,Chemicals Client 042,Chemicals & Plastics,30,31208.76,2025-04-22,2025-05-22,closed,2025-05-26,34.0,4.0,False,False,prompt_payer
INV701233,C1041,Chemicals Client 042,Chemicals & Plastics,30,445710.73,2025-06-20,2025-07-20,closed,2025-07-18,28.0,-2.0,False,False,prompt_payer
INV701234,C1041,Chemicals Client 042,Chemicals & Plastics,30,306779.64,2025-07-22,2025-08-21,closed,2025-08-20,29.0,-1.0,True,False,prompt_payer
INV701235,C1041,Chemicals Client 042,Chemicals & Plastics,30,440285.1,2025-08-13,2025-09-12,closed,2025-09-09,27.0,-3.0,False,False,prompt_payer
INV701236,C1041,Chemicals Client 042,Chemicals & Plastics,30,170855.83,2025-09-18,2025-10-18,closed,2025-10-17,29.0,-1.0,False,False,prompt_payer
INV701237,C1041,Chemicals Client 042,Chemicals & Plastics,30,104974.38,2025-09-26,2025-10-26,closed,2025-10-25,29.0,-1.0,False,False,prompt_payer
INV701238,C1041,Chemicals Client 042,Chemicals & Plastics,30,443933.64,2025-11-27,2025-12-27,closed,2025-12-20,23.0,-7.0,False,False,prompt_payer
INV701239,C1041,Chemicals Client 042,Chemicals & Plastics,30,191402.61,2025-12-14,2026-01-13,closed,2026-01-12,29.0,-1.0,False,False,prompt_payer
INV701240,C1041,Chemicals Client 042,Chemicals & Plastics,30,240808.86,2026-03-02,2026-04-01,closed,2026-03-30,28.0,-2.0,True,False,prompt_payer
INV701241,C1041,Chemicals Client 042,Chemicals & Plastics,30,308305.48,2026-03-14,2026-04-13,closed,2026-04-14,31.0,1.0,False,False,prompt_payer
INV701242,C1041,Chemicals Client 042,Chemicals & Plastics,30,372121.03,2026-04-26,2026-05-26,closed,2026-05-22,26.0,-4.0,False,False,prompt_payer
INV701243,C1041,Chemicals Client 042,Chemicals & Plastics,30,223784.28,2026-05-29,2026-06-28,closed,2026-06-22,24.0,-6.0,False,False,prompt_payer
INV701244,C1041,Chemicals Client 042,Chemicals & Plastics,30,1434760.59,2026-06-10,2026-07-10,closed,2026-07-08,28.0,-2.0,False,True,prompt_payer
INV701245,C1041,Chemicals Client 042,Chemicals & Plastics,30,373114.74,2026-06-14,2026-07-14,disputed_open,,,,False,False,prompt_payer
INV701246,C1041,Chemicals Client 042,Chemicals & Plastics,30,170259.47,2026-08-10,2026-09-09,open,,,,False,False,prompt_payer
INV701247,C1041,Chemicals Client 042,Chemicals & Plastics,30,159052.79,2026-08-13,2026-09-12,open,,,,False,False,prompt_payer
INV701248,C1042,Auto Client 043,Auto Components,30,962568.5,2024-03-04,2024-04-03,closed,2024-04-06,33.0,3.0,False,False,average_payer
INV701249,C1042,Auto Client 043,Auto Components,30,403087.56,2024-03-08,2024-04-07,closed,2024-04-08,31.0,1.0,False,False,average_payer
INV701250,C1042,Auto Client 043,Auto Components,30,806257.29,2024-03-19,2024-04-18,closed,2024-04-25,37.0,7.0,False,False,average_payer
INV701251,C1042,Auto Client 043,Auto Components,30,370344.32,2024-06-25,2024-07-25,closed,2024-07-28,33.0,3.0,False,False,average_payer
INV701252,C1042,Auto Client 043,Auto Components,30,561148.17,2024-08-31,2024-09-30,closed,2024-10-12,42.0,12.0,False,False,average_payer
INV701253,C1042,Auto Client 043,Auto Components,30,176098.02,2024-12-04,2025-01-03,closed,2025-01-08,35.0,5.0,False,False,average_payer
INV701254,C1042,Auto Client 043,Auto Components,30,523840.79,2025-01-17,2025-02-16,closed,2025-02-23,37.0,7.0,False,False,average_payer
INV701255,C1042,Auto Client 043,Auto Components,30,1035898.51,2025-01-23,2025-02-22,closed,2025-03-05,41.0,11.0,True,False,average_payer
INV701256,C1042,Auto Client 043,Auto Components,30,136605.39,2025-02-21,2025-03-23,closed,2025-03-31,38.0,8.0,False,False,average_payer
INV701257,C1042,Auto Client 043,Auto Components,30,838851.16,2025-03-20,2025-04-19,closed,2025-04-21,32.0,2.0,False,False,average_payer
INV701258,C1042,Auto Client 043,Auto Components,30,842114.65,2025-07-03,2025-08-02,closed,2025-08-12,40.0,10.0,False,False,average_payer
INV701259,C1042,Auto Client 043,Auto Components,30,331613.16,2025-08-14,2025-09-13,closed,2025-09-16,33.0,3.0,False,False,average_payer
INV701260,C1042,Auto Client 043,Auto Components,30,957072.0,2025-08-30,2025-09-29,closed,2025-10-06,37.0,7.0,False,False,average_payer
INV701261,C1042,Auto Client 043,Auto Components,30,1071404.08,2025-09-04,2025-10-04,closed,2025-10-04,30.0,0.0,False,False,average_payer
INV701262,C1042,Auto Client 043,Auto Components,30,599340.71,2025-12-19,2026-01-18,closed,2026-01-22,34.0,4.0,False,False,average_payer
INV701263,C1042,Auto Client 043,Auto Components,30,647033.43,2026-02-04,2026-03-06,closed,2026-03-13,37.0,7.0,False,False,average_payer
INV701264,C1042,Auto Client 043,Auto Components,30,706515.35,2026-02-22,2026-03-24,closed,2026-03-28,34.0,4.0,False,False,average_payer
INV701265,C1042,Auto Client 043,Auto Components,30,465140.42,2026-03-03,2026-04-02,closed,2026-04-06,34.0,4.0,False,False,average_payer
INV701266,C1042,Auto Client 043,Auto Components,30,279980.36,2026-04-26,2026-05-26,closed,2026-05-20,24.0,-6.0,False,False,average_payer
INV701267,C1042,Auto Client 043,Auto Components,30,589904.0,2026-05-14,2026-06-13,closed,2026-06-14,31.0,1.0,False,False,average_payer
INV701268,C1042,Auto Client 043,Auto Components,30,553451.03,2026-05-20,2026-06-19,closed,2026-06-28,39.0,9.0,False,False,average_payer
INV701269,C1042,Auto Client 043,Auto Components,30,791552.97,2026-06-04,2026-07-04,closed,2026-07-08,34.0,4.0,False,False,average_payer
INV701270,C1042,Auto Client 043,Auto Components,30,864028.04,2026-07-12,2026-08-11,closed,2026-08-03,22.0,-8.0,False,False,average_payer
INV701271,C1042,Auto Client 043,Auto Components,30,874819.36,2026-08-11,2026-09-10,open,,,,False,False,average_payer
INV701272,C1043,Auto Client 044,Auto Components,60,66275.81,2024-03-08,2024-05-07,closed,2024-05-15,68.0,8.0,False,False,average_payer
INV701273,C1043,Auto Client 044,Auto Components,60,74384.96,2024-03-26,2024-05-25,closed,2024-06-02,68.0,8.0,False,False,average_payer
INV701274,C1043,Auto Client 044,Auto Components,60,55371.72,2024-04-05,2024-06-04,closed,2024-06-07,63.0,3.0,False,False,average_payer
INV701275,C1043,Auto Client 044,Auto Components,60,47199.29,2024-05-31,2024-07-30,closed,2024-08-02,63.0,3.0,False,False,average_payer
INV701276,C1043,Auto Client 044,Auto Components,60,46318.6,2024-06-29,2024-08-28,closed,2024-09-08,71.0,11.0,False,False,average_payer
INV701277,C1043,Auto Client 044,Auto Components,60,73467.38,2024-07-01,2024-08-30,closed,2024-09-06,67.0,7.0,False,False,average_payer
INV701278,C1043,Auto Client 044,Auto Components,60,299833.33,2024-08-10,2024-10-09,closed,2024-10-14,65.0,5.0,False,True,average_payer
INV701279,C1043,Auto Client 044,Auto Components,60,74007.96,2024-09-04,2024-11-03,closed,2024-11-13,70.0,10.0,False,False,average_payer
INV701280,C1043,Auto Client 044,Auto Components,60,39576.81,2024-10-05,2024-12-04,closed,2024-12-18,74.0,14.0,False,False,average_payer
INV701281,C1043,Auto Client 044,Auto Components,60,62486.83,2024-10-13,2024-12-12,closed,2024-12-17,65.0,5.0,False,False,average_payer
INV701282,C1043,Auto Client 044,Auto Components,60,37262.45,2025-01-12,2025-03-13,closed,2025-03-22,69.0,9.0,False,False,average_payer
INV701283,C1043,Auto Client 044,Auto Components,60,77881.25,2025-01-18,2025-03-19,closed,2025-03-21,62.0,2.0,False,False,average_payer
INV701284,C1043,Auto Client 044,Auto Components,60,35521.11,2025-02-06,2025-04-07,closed,2025-04-12,65.0,5.0,False,False,average_payer
INV701285,C1043,Auto Client 044,Auto Components,60,84779.28,2025-02-12,2025-04-13,closed,2025-04-10,57.0,-3.0,False,False,average_payer
INV701286,C1043,Auto Client 044,Auto Components,60,77474.78,2025-03-08,2025-05-07,closed,2025-05-18,71.0,11.0,False,False,average_payer
INV701287,C1043,Auto Client 044,Auto Components,60,56515.89,2025-03-19,2025-05-18,closed,2025-05-19,61.0,1.0,False,False,average_payer
INV701288,C1043,Auto Client 044,Auto Components,60,24573.71,2025-03-19,2025-05-18,closed,2025-05-21,63.0,3.0,False,False,average_payer
INV701289,C1043,Auto Client 044,Auto Components,60,51988.37,2025-04-05,2025-06-04,closed,2025-06-13,69.0,9.0,False,False,average_payer
INV701290,C1043,Auto Client 044,Auto Components,60,73906.48,2025-06-20,2025-08-19,closed,2025-08-25,66.0,6.0,False,False,average_payer
INV701291,C1043,Auto Client 044,Auto Components,60,32023.85,2025-07-13,2025-09-11,closed,2025-09-18,67.0,7.0,False,False,average_payer
INV701292,C1043,Auto Client 044,Auto Components,60,88863.9,2025-07-15,2025-09-13,closed,2025-09-09,56.0,-4.0,False,False,average_payer
INV701293,C1043,Auto Client 044,Auto Components,60,59586.2,2025-08-14,2025-10-13,closed,2025-10-21,68.0,8.0,False,False,average_payer
INV701294,C1043,Auto Client 044,Auto Components,60,51325.19,2025-08-28,2025-10-27,closed,2025-11-02,66.0,6.0,False,False,average_payer
INV701295,C1043,Auto Client 044,Auto Components,60,46950.67,2025-10-03,2025-12-02,closed,2025-12-04,62.0,2.0,False,False,average_payer
INV701296,C1043,Auto Client 044,Auto Components,60,45415.22,2025-12-31,2026-03-01,closed,2026-03-16,75.0,15.0,False,False,average_payer
INV701297,C1043,Auto Client 044,Auto Components,60,276485.76,2026-01-07,2026-03-08,closed,2026-03-07,59.0,-1.0,False,True,average_payer
INV701298,C1043,Auto Client 044,Auto Components,60,51539.39,2026-01-15,2026-03-16,closed,2026-03-19,63.0,3.0,False,False,average_payer
INV701299,C1043,Auto Client 044,Auto Components,60,20848.16,2026-01-28,2026-03-29,closed,2026-03-27,58.0,-2.0,False,False,average_payer
INV701300,C1043,Auto Client 044,Auto Components,60,65387.51,2026-02-10,2026-04-11,closed,2026-04-17,66.0,6.0,False,False,average_payer
INV701301,C1043,Auto Client 044,Auto Components,60,75580.53,2026-03-12,2026-05-11,closed,2026-05-20,69.0,9.0,False,False,average_payer
INV701302,C1043,Auto Client 044,Auto Components,60,49634.77,2026-04-01,2026-05-31,closed,2026-06-02,62.0,2.0,False,False,average_payer
INV701303,C1043,Auto Client 044,Auto Components,60,53659.82,2026-04-05,2026-06-04,closed,2026-06-07,63.0,3.0,False,False,average_payer
INV701304,C1043,Auto Client 044,Auto Components,60,48164.79,2026-04-11,2026-06-10,closed,2026-06-12,62.0,2.0,False,False,average_payer
INV701305,C1043,Auto Client 044,Auto Components,60,45283.36,2026-05-16,2026-07-15,closed,2026-07-14,59.0,-1.0,False,False,average_payer
INV701306,C1043,Auto Client 044,Auto Components,60,57774.38,2026-06-04,2026-08-03,closed,2026-08-02,59.0,-1.0,False,False,average_payer
INV701307,C1043,Auto Client 044,Auto Components,60,16610.96,2026-06-29,2026-08-28,open,,,,False,False,average_payer
INV701308,C1044,Retail Client 045,Retail & Distribution,45,77939.1,2024-02-18,2024-04-03,closed,2024-03-31,42.0,-3.0,False,False,average_payer
INV701309,C1044,Retail Client 045,Retail & Distribution,45,63910.53,2024-03-31,2024-05-15,closed,2024-05-19,49.0,4.0,False,False,average_payer
INV701310,C1044,Retail Client 045,Retail & Distribution,45,71031.74,2024-04-17,2024-06-01,closed,2024-06-02,46.0,1.0,False,False,average_payer
INV701311,C1044,Retail Client 045,Retail & Distribution,45,39985.42,2024-04-20,2024-06-04,closed,2024-06-11,52.0,7.0,False,False,average_payer
INV701312,C1044,Retail Client 045,Retail & Distribution,45,71635.36,2024-04-24,2024-06-08,closed,2024-06-14,51.0,6.0,False,False,average_payer
INV701313,C1044,Retail Client 045,Retail & Distribution,45,48650.37,2024-04-26,2024-06-10,closed,2024-06-20,55.0,10.0,False,False,average_payer
INV701314,C1044,Retail Client 045,Retail & Distribution,45,113584.3,2024-07-18,2024-09-01,closed,2024-09-05,49.0,4.0,False,False,average_payer
INV701315,C1044,Retail Client 045,Retail & Distribution,45,56015.38,2024-07-31,2024-09-14,closed,2024-09-17,48.0,3.0,False,False,average_payer
INV701316,C1044,Retail Client 045,Retail & Distribution,45,55380.19,2024-08-08,2024-09-22,closed,2024-09-24,47.0,2.0,False,False,average_payer
INV701317,C1044,Retail Client 045,Retail & Distribution,45,27453.24,2024-08-29,2024-10-13,closed,2024-10-15,47.0,2.0,False,False,average_payer
INV701318,C1044,Retail Client 045,Retail & Distribution,45,47879.91,2024-09-01,2024-10-16,closed,2024-10-24,53.0,8.0,False,False,average_payer
INV701319,C1044,Retail Client 045,Retail & Distribution,45,41742.42,2024-10-06,2024-11-20,closed,2024-11-29,54.0,9.0,False,False,average_payer
INV701320,C1044,Retail Client 045,Retail & Distribution,45,31352.77,2024-10-31,2024-12-15,closed,2024-12-12,42.0,-3.0,False,False,average_payer
INV701321,C1044,Retail Client 045,Retail & Distribution,45,67919.78,2024-11-10,2024-12-25,closed,2024-12-24,44.0,-1.0,False,False,average_payer
INV701322,C1044,Retail Client 045,Retail & Distribution,45,46783.76,2024-11-24,2025-01-08,closed,2025-01-16,53.0,8.0,False,False,average_payer
INV701323,C1044,Retail Client 045,Retail & Distribution,45,332259.64,2024-12-14,2025-01-28,closed,2025-02-02,50.0,5.0,False,True,average_payer
INV701324,C1044,Retail Client 045,Retail & Distribution,45,59827.49,2025-02-07,2025-03-24,closed,2025-03-27,48.0,3.0,False,False,average_payer
INV701325,C1044,Retail Client 045,Retail & Distribution,45,103456.79,2025-03-10,2025-04-24,closed,2025-04-30,51.0,6.0,False,False,average_payer
INV701326,C1044,Retail Client 045,Retail & Distribution,45,35068.85,2025-03-21,2025-05-05,closed,2025-05-16,56.0,11.0,False,False,average_payer
INV701327,C1044,Retail Client 045,Retail & Distribution,45,60233.59,2025-06-20,2025-08-04,closed,2025-08-07,48.0,3.0,False,False,average_payer
INV701328,C1044,Retail Client 045,Retail & Distribution,45,80895.65,2025-07-06,2025-08-20,closed,2025-08-26,51.0,6.0,False,False,average_payer
INV701329,C1044,Retail Client 045,Retail & Distribution,45,73217.36,2025-07-19,2025-09-02,closed,2025-09-18,61.0,16.0,False,False,average_payer
INV701330,C1044,Retail Client 045,Retail & Distribution,45,44412.4,2025-07-23,2025-09-06,closed,2025-09-10,49.0,4.0,False,False,average_payer
INV701331,C1044,Retail Client 045,Retail & Distribution,45,36870.3,2025-09-30,2025-11-14,closed,2025-11-13,44.0,-1.0,False,False,average_payer
INV701332,C1044,Retail Client 045,Retail & Distribution,45,58980.0,2025-10-21,2025-12-05,closed,2025-12-05,45.0,0.0,False,False,average_payer
INV701333,C1044,Retail Client 045,Retail & Distribution,45,82315.59,2025-11-06,2025-12-21,closed,2025-12-25,49.0,4.0,False,False,average_payer
INV701334,C1044,Retail Client 045,Retail & Distribution,45,74956.86,2025-12-05,2026-01-19,closed,2026-01-26,52.0,7.0,False,False,average_payer
INV701335,C1044,Retail Client 045,Retail & Distribution,45,47821.98,2026-01-28,2026-03-14,closed,2026-03-19,50.0,5.0,False,False,average_payer
INV701336,C1044,Retail Client 045,Retail & Distribution,45,29000.29,2026-02-07,2026-03-24,closed,2026-03-21,42.0,-3.0,False,False,average_payer
INV701337,C1044,Retail Client 045,Retail & Distribution,45,59912.25,2026-02-08,2026-03-25,closed,2026-03-27,47.0,2.0,False,False,average_payer
INV701338,C1044,Retail Client 045,Retail & Distribution,45,44554.38,2026-02-25,2026-04-11,closed,2026-04-19,53.0,8.0,False,False,average_payer
INV701339,C1044,Retail Client 045,Retail & Distribution,45,48949.68,2026-02-27,2026-04-13,closed,2026-04-23,55.0,10.0,False,False,average_payer
INV701340,C1044,Retail Client 045,Retail & Distribution,45,75568.7,2026-03-26,2026-05-10,closed,2026-05-07,42.0,-3.0,False,False,average_payer
INV701341,C1044,Retail Client 045,Retail & Distribution,45,274053.04,2026-04-03,2026-05-18,closed,2026-05-13,40.0,-5.0,False,True,average_payer
INV701342,C1044,Retail Client 045,Retail & Distribution,45,45881.16,2026-06-10,2026-07-25,closed,2026-08-01,52.0,7.0,False,False,average_payer
INV701343,C1044,Retail Client 045,Retail & Distribution,45,83423.46,2026-06-22,2026-08-06,closed,2026-08-01,40.0,-5.0,False,False,average_payer
INV701344,C1045,Electronics Client 046,Electronics & Electricals,30,37920.6,2025-01-17,2025-02-16,closed,2025-02-19,33.0,3.0,False,False,cold_start
INV701345,C1045,Electronics Client 046,Electronics & Electricals,30,89398.2,2025-09-04,2025-10-04,closed,2025-10-05,31.0,1.0,False,False,cold_start
INV701346,C1046,FMCG Client 047,FMCG & Food Processing,30,55250.22,2024-02-29,2024-03-30,closed,2024-03-26,26.0,-4.0,False,False,prompt_payer
INV701347,C1046,FMCG Client 047,FMCG & Food Processing,30,112336.85,2024-03-25,2024-04-24,closed,2024-04-21,27.0,-3.0,False,False,prompt_payer
INV701348,C1046,FMCG Client 047,FMCG & Food Processing,30,139355.74,2024-04-14,2024-05-14,closed,2024-05-14,30.0,0.0,False,False,prompt_payer
INV701349,C1046,FMCG Client 047,FMCG & Food Processing,30,192647.94,2024-04-28,2024-05-28,closed,2024-05-29,31.0,1.0,False,False,prompt_payer
INV701350,C1046,FMCG Client 047,FMCG & Food Processing,30,128980.01,2024-05-08,2024-06-07,closed,2024-06-04,27.0,-3.0,False,False,prompt_payer
INV701351,C1046,FMCG Client 047,FMCG & Food Processing,30,116951.35,2024-06-19,2024-07-19,closed,2024-07-18,29.0,-1.0,False,False,prompt_payer
INV701352,C1046,FMCG Client 047,FMCG & Food Processing,30,92955.6,2024-07-12,2024-08-11,closed,2024-08-11,30.0,0.0,False,False,prompt_payer
INV701353,C1046,FMCG Client 047,FMCG & Food Processing,30,98758.83,2024-08-04,2024-09-03,closed,2024-08-30,26.0,-4.0,False,False,prompt_payer
INV701354,C1046,FMCG Client 047,FMCG & Food Processing,30,134011.3,2024-08-20,2024-09-19,closed,2024-09-17,28.0,-2.0,False,False,prompt_payer
INV701355,C1046,FMCG Client 047,FMCG & Food Processing,30,128148.73,2024-09-01,2024-10-01,closed,2024-09-30,29.0,-1.0,False,False,prompt_payer
INV701356,C1046,FMCG Client 047,FMCG & Food Processing,30,49214.38,2024-10-04,2024-11-03,closed,2024-10-29,25.0,-5.0,False,False,prompt_payer
INV701357,C1046,FMCG Client 047,FMCG & Food Processing,30,84315.08,2024-10-06,2024-11-05,closed,2024-11-05,30.0,0.0,False,False,prompt_payer
INV701358,C1046,FMCG Client 047,FMCG & Food Processing,30,87540.77,2024-10-07,2024-11-06,closed,2024-11-01,25.0,-5.0,False,False,prompt_payer
INV701359,C1046,FMCG Client 047,FMCG & Food Processing,30,80927.39,2024-10-28,2024-11-27,closed,2024-11-28,31.0,1.0,False,False,prompt_payer
INV701360,C1046,FMCG Client 047,FMCG & Food Processing,30,125542.21,2024-10-29,2024-11-28,closed,2024-11-28,30.0,0.0,False,False,prompt_payer
INV701361,C1046,FMCG Client 047,FMCG & Food Processing,30,155396.92,2024-11-12,2024-12-12,closed,2024-12-10,28.0,-2.0,False,False,prompt_payer
INV701362,C1046,FMCG Client 047,FMCG & Food Processing,30,188961.07,2024-11-16,2024-12-16,closed,2024-12-15,29.0,-1.0,False,False,prompt_payer
INV701363,C1046,FMCG Client 047,FMCG & Food Processing,30,98071.36,2024-11-27,2024-12-27,closed,2024-12-19,22.0,-8.0,False,False,prompt_payer
INV701364,C1046,FMCG Client 047,FMCG & Food Processing,30,162125.87,2024-12-04,2025-01-03,closed,2025-01-04,31.0,1.0,False,False,prompt_payer
INV701365,C1046,FMCG Client 047,FMCG & Food Processing,30,106742.54,2024-12-18,2025-01-17,closed,2025-01-14,27.0,-3.0,False,False,prompt_payer
INV701366,C1046,FMCG Client 047,FMCG & Food Processing,30,177956.34,2024-12-23,2025-01-22,closed,2025-01-19,27.0,-3.0,False,False,prompt_payer
INV701367,C1046,FMCG Client 047,FMCG & Food Processing,30,133800.54,2025-01-22,2025-02-21,closed,2025-02-21,30.0,0.0,False,False,prompt_payer
INV701368,C1046,FMCG Client 047,FMCG & Food Processing,30,177913.24,2025-03-02,2025-04-01,closed,2025-04-02,31.0,1.0,False,False,prompt_payer
INV701369,C1046,FMCG Client 047,FMCG & Food Processing,30,209866.63,2025-03-18,2025-04-17,closed,2025-04-16,29.0,-1.0,False,False,prompt_payer
INV701370,C1046,FMCG Client 047,FMCG & Food Processing,30,224166.57,2025-05-26,2025-06-25,closed,2025-06-21,26.0,-4.0,False,False,prompt_payer
INV701371,C1046,FMCG Client 047,FMCG & Food Processing,30,111735.74,2025-06-02,2025-07-02,closed,2025-07-03,31.0,1.0,False,False,prompt_payer
INV701372,C1046,FMCG Client 047,FMCG & Food Processing,30,103097.9,2025-06-02,2025-07-02,closed,2025-07-10,38.0,8.0,True,False,prompt_payer
INV701373,C1046,FMCG Client 047,FMCG & Food Processing,30,65489.76,2025-07-03,2025-08-02,closed,2025-07-31,28.0,-2.0,True,False,prompt_payer
INV701374,C1046,FMCG Client 047,FMCG & Food Processing,30,194676.68,2025-07-21,2025-08-20,closed,2025-08-18,28.0,-2.0,False,False,prompt_payer
INV701375,C1046,FMCG Client 047,FMCG & Food Processing,30,117939.72,2025-07-30,2025-08-29,closed,2025-08-30,31.0,1.0,False,False,prompt_payer
INV701376,C1046,FMCG Client 047,FMCG & Food Processing,30,85368.71,2025-08-14,2025-09-13,closed,2025-09-14,31.0,1.0,False,False,prompt_payer
INV701377,C1046,FMCG Client 047,FMCG & Food Processing,30,150541.11,2025-08-18,2025-09-17,closed,2025-09-17,30.0,0.0,False,False,prompt_payer
INV701378,C1046,FMCG Client 047,FMCG & Food Processing,30,702847.51,2025-09-20,2025-10-20,closed,2025-10-18,28.0,-2.0,False,True,prompt_payer
INV701379,C1046,FMCG Client 047,FMCG & Food Processing,30,56035.73,2025-10-26,2025-11-25,closed,2025-11-27,32.0,2.0,False,False,prompt_payer
INV701380,C1046,FMCG Client 047,FMCG & Food Processing,30,85706.0,2025-10-31,2025-11-30,closed,2025-11-26,26.0,-4.0,False,False,prompt_payer
INV701381,C1046,FMCG Client 047,FMCG & Food Processing,30,147272.66,2026-01-02,2026-02-01,closed,2026-02-01,30.0,0.0,False,False,prompt_payer
INV701382,C1046,FMCG Client 047,FMCG & Food Processing,30,143903.73,2026-01-16,2026-02-15,closed,2026-02-15,30.0,0.0,False,False,prompt_payer
INV701383,C1046,FMCG Client 047,FMCG & Food Processing,30,114886.73,2026-02-12,2026-03-14,closed,2026-03-12,28.0,-2.0,False,False,prompt_payer
INV701384,C1046,FMCG Client 047,FMCG & Food Processing,30,136474.8,2026-02-19,2026-03-21,closed,2026-03-18,27.0,-3.0,False,False,prompt_payer
INV701385,C1046,FMCG Client 047,FMCG & Food Processing,30,77218.22,2026-03-06,2026-04-05,closed,2026-03-31,25.0,-5.0,False,False,prompt_payer
INV701386,C1046,FMCG Client 047,FMCG & Food Processing,30,111668.04,2026-03-08,2026-04-07,closed,2026-04-10,33.0,3.0,False,False,prompt_payer
INV701387,C1046,FMCG Client 047,FMCG & Food Processing,30,211841.74,2026-05-01,2026-05-31,closed,2026-05-30,29.0,-1.0,False,False,prompt_payer
INV701388,C1046,FMCG Client 047,FMCG & Food Processing,30,102714.83,2026-05-11,2026-06-10,closed,2026-06-07,27.0,-3.0,False,False,prompt_payer
INV701389,C1046,FMCG Client 047,FMCG & Food Processing,30,140378.9,2026-06-04,2026-07-04,closed,2026-07-01,27.0,-3.0,False,False,prompt_payer
INV701390,C1046,FMCG Client 047,FMCG & Food Processing,30,197129.8,2026-07-28,2026-08-27,open,,,,False,False,prompt_payer
INV701391,C1047,IT Client 048,IT & Business Services,45,2422978.72,2024-07-19,2024-09-02,closed,2024-09-07,50.0,5.0,False,False,cold_start
INV701392,C1047,IT Client 048,IT & Business Services,45,2396100.41,2024-12-19,2025-02-02,closed,2025-02-02,45.0,0.0,False,False,cold_start
INV701393,C1047,IT Client 048,IT & Business Services,45,1585867.96,2025-08-09,2025-09-23,closed,2025-09-21,43.0,-2.0,False,False,cold_start
INV701394,C1048,Construction Client 049,Construction & Infra,30,461247.33,2024-05-04,2024-06-03,closed,2024-06-23,50.0,20.0,False,False,average_payer
INV701395,C1048,Construction Client 049,Construction & Infra,30,512770.47,2024-06-21,2024-07-21,closed,2024-08-14,54.0,24.0,False,False,average_payer
INV701396,C1048,Construction Client 049,Construction & Infra,30,394001.13,2024-08-04,2024-09-03,closed,2024-09-19,46.0,16.0,False,False,average_payer
INV701397,C1048,Construction Client 049,Construction & Infra,30,815103.55,2024-11-07,2024-12-07,closed,2024-12-20,43.0,13.0,False,False,average_payer
INV701398,C1048,Construction Client 049,Construction & Infra,30,810883.6,2024-11-08,2024-12-08,closed,2024-12-25,47.0,17.0,False,False,average_payer
INV701399,C1048,Construction Client 049,Construction & Infra,30,854706.47,2024-11-11,2024-12-11,closed,2024-12-27,46.0,16.0,False,False,average_payer
INV701400,C1048,Construction Client 049,Construction & Infra,30,451584.38,2024-11-12,2024-12-12,closed,2024-12-29,47.0,17.0,False,False,average_payer
INV701401,C1048,Construction Client 049,Construction & Infra,30,611652.99,2024-11-13,2024-12-13,closed,2024-12-26,43.0,13.0,False,False,average_payer
INV701402,C1048,Construction Client 049,Construction & Infra,30,555548.77,2025-01-06,2025-02-05,closed,2025-02-23,48.0,18.0,False,False,average_payer
INV701403,C1048,Construction Client 049,Construction & Infra,30,737987.46,2025-01-30,2025-03-01,closed,2025-03-16,45.0,15.0,False,False,average_payer
INV701404,C1048,Construction Client 049,Construction & Infra,30,440379.3,2025-05-15,2025-06-14,closed,2025-07-05,51.0,21.0,False,False,average_payer
INV701405,C1048,Construction Client 049,Construction & Infra,30,1472814.02,2025-06-02,2025-07-02,closed,2025-07-28,56.0,26.0,False,False,average_payer
INV701406,C1048,Construction Client 049,Construction & Infra,30,667491.67,2025-08-03,2025-09-02,closed,2025-09-21,49.0,19.0,False,False,average_payer
INV701407,C1048,Construction Client 049,Construction & Infra,30,651876.81,2025-09-15,2025-10-15,closed,2025-11-06,52.0,22.0,False,False,average_payer
INV701408,C1048,Construction Client 049,Construction & Infra,30,950114.92,2025-09-16,2025-10-16,closed,2025-11-05,50.0,20.0,False,False,average_payer
INV701409,C1048,Construction Client 049,Construction & Infra,30,640255.41,2025-10-03,2025-11-02,closed,2025-11-23,51.0,21.0,True,False,average_payer
INV701410,C1048,Construction Client 049,Construction & Infra,30,680021.47,2025-10-24,2025-11-23,closed,2025-12-04,41.0,11.0,False,False,average_payer
INV701411,C1048,Construction Client 049,Construction & Infra,30,898682.07,2025-10-27,2025-11-26,closed,2025-11-28,32.0,2.0,False,False,average_payer
INV701412,C1048,Construction Client 049,Construction & Infra,30,914874.1,2025-10-29,2025-11-28,closed,2025-12-13,45.0,15.0,False,False,average_payer
INV701413,C1048,Construction Client 049,Construction & Infra,30,993324.48,2025-10-31,2025-11-30,closed,2025-12-09,39.0,9.0,False,False,average_payer
INV701414,C1048,Construction Client 049,Construction & Infra,30,111027.93,2025-11-01,2025-12-01,closed,2025-12-21,50.0,20.0,False,False,average_payer
INV701415,C1048,Construction Client 049,Construction & Infra,30,262969.7,2025-11-24,2025-12-24,closed,2026-01-03,40.0,10.0,False,False,average_payer
INV701416,C1048,Construction Client 049,Construction & Infra,30,2486771.66,2026-03-07,2026-04-06,closed,2026-04-29,53.0,23.0,False,True,average_payer
INV701417,C1048,Construction Client 049,Construction & Infra,30,1337461.52,2026-03-09,2026-04-08,closed,2026-05-05,57.0,27.0,False,False,average_payer
INV701418,C1048,Construction Client 049,Construction & Infra,30,724753.67,2026-03-15,2026-04-14,closed,2026-05-13,59.0,29.0,False,False,average_payer
INV701419,C1048,Construction Client 049,Construction & Infra,30,428389.13,2026-04-12,2026-05-12,closed,2026-05-10,28.0,-2.0,False,False,average_payer
INV701420,C1048,Construction Client 049,Construction & Infra,30,825293.1,2026-04-26,2026-05-26,closed,2026-05-27,31.0,1.0,False,False,average_payer
INV701421,C1048,Construction Client 049,Construction & Infra,30,970024.64,2026-06-13,2026-07-13,closed,2026-07-21,38.0,8.0,False,False,average_payer
INV701422,C1048,Construction Client 049,Construction & Infra,30,176609.0,2026-06-23,2026-07-23,open,,,,False,False,average_payer
INV701423,C1048,Construction Client 049,Construction & Infra,30,533744.95,2026-07-01,2026-07-31,open,,,,False,False,average_payer
INV701424,C1048,Construction Client 049,Construction & Infra,30,812378.89,2026-07-23,2026-08-22,open,,,,False,False,average_payer
INV701425,C1049,Construction Client 050,Construction & Infra,15,127749.36,2024-02-15,2024-03-01,closed,2024-03-20,34.0,19.0,False,False,average_payer
INV701426,C1049,Construction Client 050,Construction & Infra,15,88897.93,2024-02-22,2024-03-08,closed,2024-03-12,19.0,4.0,False,False,average_payer
INV701427,C1049,Construction Client 050,Construction & Infra,15,91784.87,2024-03-05,2024-03-20,closed,2024-03-24,19.0,4.0,False,False,average_payer
INV701428,C1049,Construction Client 050,Construction & Infra,15,168682.05,2024-05-23,2024-06-07,closed,2024-06-23,31.0,16.0,False,False,average_payer
INV701429,C1049,Construction Client 050,Construction & Infra,15,151243.88,2024-06-20,2024-07-05,closed,2024-07-04,14.0,-1.0,False,False,average_payer
INV701430,C1049,Construction Client 050,Construction & Infra,15,153159.68,2024-07-06,2024-07-21,closed,2024-07-29,23.0,8.0,False,False,average_payer
INV701431,C1049,Construction Client 050,Construction & Infra,15,107263.54,2024-08-18,2024-09-02,closed,2024-09-15,28.0,13.0,False,False,average_payer
INV701432,C1049,Construction Client 050,Construction & Infra,15,132094.95,2024-09-16,2024-10-01,closed,2024-10-18,32.0,17.0,False,False,average_payer
INV701433,C1049,Construction Client 050,Construction & Infra,15,698925.53,2024-10-08,2024-10-23,closed,2024-11-24,47.0,32.0,False,True,average_payer
INV701434,C1049,Construction Client 050,Construction & Infra,15,129007.07,2024-10-26,2024-11-10,closed,2024-11-23,28.0,13.0,False,False,average_payer
INV701435,C1049,Construction Client 050,Construction & Infra,15,151467.28,2024-11-14,2024-11-29,closed,2024-12-23,39.0,24.0,False,False,average_payer
INV701436,C1049,Construction Client 050,Construction & Infra,15,176128.16,2024-11-20,2024-12-05,closed,2024-12-23,33.0,18.0,False,False,average_payer
INV701437,C1049,Construction Client 050,Construction & Infra,15,178622.43,2025-01-08,2025-01-23,closed,2025-01-25,17.0,2.0,False,False,average_payer
INV701438,C1049,Construction Client 050,Construction & Infra,15,98599.98,2025-01-09,2025-01-24,closed,2025-02-13,35.0,20.0,False,False,average_payer
INV701439,C1049,Construction Client 050,Construction & Infra,15,151223.09,2025-02-12,2025-02-27,closed,2025-03-03,19.0,4.0,False,False,average_payer
INV701440,C1049,Construction Client 050,Construction & Infra,15,126136.02,2025-03-19,2025-04-03,closed,2025-04-16,28.0,13.0,False,False,average_payer
INV701441,C1049,Construction Client 050,Construction & Infra,15,86888.97,2025-03-22,2025-04-06,closed,2025-04-21,30.0,15.0,False,False,average_payer
INV701442,C1049,Construction Client 050,Construction & Infra,15,98489.29,2025-04-03,2025-04-18,closed,2025-05-17,44.0,29.0,False,False,average_payer
INV701443,C1049,Construction Client 050,Construction & Infra,15,128534.41,2025-04-28,2025-05-13,closed,2025-05-16,18.0,3.0,False,False,average_payer
INV701444,C1049,Construction Client 050,Construction & Infra,15,679127.75,2025-05-02,2025-05-17,closed,2025-06-02,31.0,16.0,True,True,average_payer
INV701445,C1049,Construction Client 050,Construction & Infra,15,105294.26,2025-05-20,2025-06-04,closed,2025-06-02,13.0,-2.0,False,False,average_payer
INV701446,C1049,Construction Client 050,Construction & Infra,15,139245.89,2025-06-06,2025-06-21,closed,2025-07-02,26.0,11.0,False,False,average_payer
INV701447,C1049,Construction Client 050,Construction & Infra,15,204365.13,2025-06-11,2025-06-26,closed,2025-07-19,38.0,23.0,False,False,average_payer
INV701448,C1049,Construction Client 050,Construction & Infra,15,88352.69,2025-06-15,2025-06-30,closed,2025-07-04,19.0,4.0,False,False,average_payer
INV701449,C1049,Construction Client 050,Construction & Infra,15,179527.22,2025-07-30,2025-08-14,closed,2025-08-18,19.0,4.0,False,True,average_payer
INV701450,C1049,Construction Client 050,Construction & Infra,15,94101.24,2025-07-31,2025-08-15,closed,2025-08-12,12.0,-3.0,False,False,average_payer
INV701451,C1049,Construction Client 050,Construction & Infra,15,124037.34,2025-08-07,2025-08-22,closed,2025-09-01,25.0,10.0,False,False,average_payer
INV701452,C1049,Construction Client 050,Construction & Infra,15,101453.72,2025-09-03,2025-09-18,closed,2025-09-30,27.0,12.0,False,False,average_payer
INV701453,C1049,Construction Client 050,Construction & Infra,15,111820.07,2025-09-15,2025-09-30,closed,2025-10-21,36.0,21.0,False,False,average_payer
INV701454,C1049,Construction Client 050,Construction & Infra,15,638163.48,2025-10-25,2025-11-09,closed,2025-11-27,33.0,18.0,False,True,average_payer
INV701455,C1049,Construction Client 050,Construction & Infra,15,132764.56,2026-03-28,2026-04-12,closed,2026-04-19,22.0,7.0,False,False,average_payer
INV701456,C1049,Construction Client 050,Construction & Infra,15,182461.02,2026-06-30,2026-07-15,closed,2026-07-25,25.0,10.0,False,False,average_payer
INV701457,C1049,Construction Client 050,Construction & Infra,15,196581.2,2026-07-11,2026-07-26,closed,2026-08-12,32.0,17.0,False,False,average_payer
INV701458,C1050,Pharma Client 051,Pharma & Healthcare,30,94430.0,2024-02-26,2024-03-27,closed,2024-04-03,37.0,7.0,False,False,erratic_payer
INV701459,C1050,Pharma Client 051,Pharma & Healthcare,30,57617.13,2024-02-27,2024-03-28,closed,2024-03-25,27.0,-3.0,False,False,erratic_payer
INV701460,C1050,Pharma Client 051,Pharma & Healthcare,30,44188.14,2024-04-14,2024-05-14,closed,2024-05-16,32.0,2.0,False,False,erratic_payer
INV701461,C1050,Pharma Client 051,Pharma & Healthcare,30,60470.55,2024-04-26,2024-05-26,closed,2024-05-27,31.0,1.0,False,False,erratic_payer
INV701462,C1050,Pharma Client 051,Pharma & Healthcare,30,48323.46,2024-04-28,2024-05-28,closed,2024-05-21,23.0,-7.0,False,False,erratic_payer
INV701463,C1050,Pharma Client 051,Pharma & Healthcare,30,52747.34,2024-05-15,2024-06-14,closed,2024-06-13,29.0,-1.0,False,False,erratic_payer
INV701464,C1050,Pharma Client 051,Pharma & Healthcare,30,62007.66,2024-05-16,2024-06-15,closed,2024-05-17,1.0,-29.0,False,False,erratic_payer
INV701465,C1050,Pharma Client 051,Pharma & Healthcare,30,81809.94,2024-05-17,2024-06-16,closed,2024-06-28,42.0,12.0,False,False,erratic_payer
INV701466,C1050,Pharma Client 051,Pharma & Healthcare,30,47978.01,2024-05-23,2024-06-22,closed,2024-07-10,48.0,18.0,False,False,erratic_payer
INV701467,C1050,Pharma Client 051,Pharma & Healthcare,30,44276.61,2024-07-01,2024-07-31,closed,2024-08-06,36.0,6.0,False,False,erratic_payer
INV701468,C1050,Pharma Client 051,Pharma & Healthcare,30,65265.55,2024-07-02,2024-08-01,closed,2024-08-22,51.0,21.0,False,False,erratic_payer
INV701469,C1050,Pharma Client 051,Pharma & Healthcare,30,70485.71,2024-07-06,2024-08-05,closed,2024-08-14,39.0,9.0,False,False,erratic_payer
INV701470,C1050,Pharma Client 051,Pharma & Healthcare,30,57897.49,2024-07-26,2024-08-25,closed,2024-08-17,22.0,-8.0,False,False,erratic_payer
INV701471,C1050,Pharma Client 051,Pharma & Healthcare,30,36282.01,2024-09-17,2024-10-17,closed,2024-12-16,90.0,60.0,False,False,erratic_payer
INV701472,C1050,Pharma Client 051,Pharma & Healthcare,30,72650.81,2024-10-16,2024-11-15,closed,2024-11-18,33.0,3.0,True,False,erratic_payer
INV701473,C1050,Pharma Client 051,Pharma & Healthcare,30,51380.41,2024-10-17,2024-11-16,closed,2024-11-21,35.0,5.0,False,False,erratic_payer
INV701474,C1050,Pharma Client 051,Pharma & Healthcare,30,258744.25,2024-11-10,2024-12-10,closed,2024-12-11,31.0,1.0,False,True,erratic_payer
INV701475,C1050,Pharma Client 051,Pharma & Healthcare,30,63210.28,2024-11-15,2024-12-15,closed,2024-12-19,34.0,4.0,False,False,erratic_payer
INV701476,C1050,Pharma Client 051,Pharma & Healthcare,30,32485.46,2025-02-11,2025-03-13,closed,2025-03-23,40.0,10.0,False,False,erratic_payer
INV701477,C1050,Pharma Client 051,Pharma & Healthcare,30,56618.15,2025-02-13,2025-03-15,closed,2025-03-25,40.0,10.0,False,False,erratic_payer
INV701478,C1050,Pharma Client 051,Pharma & Healthcare,30,85253.08,2025-03-04,2025-04-03,closed,2025-03-26,22.0,-8.0,False,False,erratic_payer
INV701479,C1050,Pharma Client 051,Pharma & Healthcare,30,47355.02,2025-03-28,2025-04-27,closed,2025-05-07,40.0,10.0,False,False,erratic_payer
INV701480,C1050,Pharma Client 051,Pharma & Healthcare,30,31746.7,2025-05-09,2025-06-08,closed,2025-06-13,35.0,5.0,False,False,erratic_payer
INV701481,C1050,Pharma Client 051,Pharma & Healthcare,30,47710.52,2025-05-20,2025-06-19,closed,2025-06-24,35.0,5.0,False,False,erratic_payer
INV701482,C1050,Pharma Client 051,Pharma & Healthcare,30,68132.8,2025-07-05,2025-08-04,closed,2025-08-15,41.0,11.0,False,False,erratic_payer
INV701483,C1050,Pharma Client 051,Pharma & Healthcare,30,66687.94,2025-07-13,2025-08-12,closed,2025-08-16,34.0,4.0,False,False,erratic_payer
INV701484,C1050,Pharma Client 051,Pharma & Healthcare,30,54729.23,2025-07-18,2025-08-17,closed,2025-11-04,109.0,79.0,False,False,erratic_payer
INV701485,C1050,Pharma Client 051,Pharma & Healthcare,30,69075.86,2025-08-10,2025-09-09,closed,2025-08-31,21.0,-9.0,False,False,erratic_payer
INV701486,C1050,Pharma Client 051,Pharma & Healthcare,30,89568.65,2025-08-10,2025-09-09,closed,2025-10-25,76.0,46.0,False,False,erratic_payer
INV701487,C1050,Pharma Client 051,Pharma & Healthcare,30,45328.47,2025-09-04,2025-10-04,closed,2025-10-09,35.0,5.0,False,False,erratic_payer
INV701488,C1050,Pharma Client 051,Pharma & Healthcare,30,45507.8,2025-09-17,2025-10-17,closed,2025-11-01,45.0,15.0,False,False,erratic_payer
INV701489,C1050,Pharma Client 051,Pharma & Healthcare,30,378473.55,2025-10-12,2025-11-11,closed,2025-11-15,34.0,4.0,False,True,erratic_payer
INV701490,C1050,Pharma Client 051,Pharma & Healthcare,30,55735.8,2025-10-22,2025-11-21,closed,2025-11-08,17.0,-13.0,False,False,erratic_payer
INV701491,C1050,Pharma Client 051,Pharma & Healthcare,30,66301.8,2025-10-25,2025-11-24,closed,2025-12-02,38.0,8.0,False,False,erratic_payer
INV701492,C1050,Pharma Client 051,Pharma & Healthcare,30,53203.87,2025-12-22,2026-01-21,closed,2026-02-11,51.0,21.0,False,False,erratic_payer
INV701493,C1050,Pharma Client 051,Pharma & Healthcare,30,27111.59,2025-12-31,2026-01-30,disputed_open,,,,False,False,erratic_payer
INV701494,C1050,Pharma Client 051,Pharma & Healthcare,30,88993.25,2026-02-10,2026-03-12,closed,2026-03-20,38.0,8.0,False,False,erratic_payer
INV701495,C1050,Pharma Client 051,Pharma & Healthcare,30,77136.88,2026-02-10,2026-03-12,closed,2026-03-27,45.0,15.0,False,False,erratic_payer
INV701496,C1050,Pharma Client 051,Pharma & Healthcare,30,54469.09,2026-02-25,2026-03-27,closed,2026-03-26,29.0,-1.0,False,False,erratic_payer
INV701497,C1050,Pharma Client 051,Pharma & Healthcare,30,71159.05,2026-03-19,2026-04-18,closed,2026-04-21,33.0,3.0,True,False,erratic_payer
INV701498,C1050,Pharma Client 051,Pharma & Healthcare,30,28732.52,2026-04-14,2026-05-14,closed,2026-05-15,31.0,1.0,False,False,erratic_payer
INV701499,C1050,Pharma Client 051,Pharma & Healthcare,30,36148.28,2026-05-25,2026-06-24,closed,2026-06-11,17.0,-13.0,False,False,erratic_payer
INV701500,C1050,Pharma Client 051,Pharma & Healthcare,30,57530.52,2026-06-01,2026-07-01,closed,2026-06-24,23.0,-7.0,False,False,erratic_payer
INV701501,C1050,Pharma Client 051,Pharma & Healthcare,30,51312.24,2026-06-30,2026-07-30,closed,2026-07-14,14.0,-16.0,False,False,erratic_payer
INV701502,C1050,Pharma Client 051,Pharma & Healthcare,30,76846.67,2026-07-06,2026-08-05,closed,2026-08-07,32.0,2.0,False,False,erratic_payer
INV701503,C1050,Pharma Client 051,Pharma & Healthcare,30,90882.05,2026-07-16,2026-08-15,closed,2026-08-07,22.0,-8.0,False,False,erratic_payer
INV701504,C1050,Pharma Client 051,Pharma & Healthcare,30,30248.68,2026-07-30,2026-08-29,open,,,,False,False,erratic_payer
INV701505,C1051,Pharma Client 052,Pharma & Healthcare,45,251022.19,2024-02-26,2024-04-11,closed,2024-04-08,42.0,-3.0,False,False,prompt_payer
INV701506,C1051,Pharma Client 052,Pharma & Healthcare,45,193365.5,2024-03-07,2024-04-21,closed,2024-04-21,45.0,0.0,False,False,prompt_payer
INV701507,C1051,Pharma Client 052,Pharma & Healthcare,45,242377.05,2024-03-12,2024-04-26,closed,2024-04-23,42.0,-3.0,False,False,prompt_payer
INV701508,C1051,Pharma Client 052,Pharma & Healthcare,45,170038.79,2024-04-17,2024-06-01,closed,2024-06-01,45.0,0.0,False,False,prompt_payer
INV701509,C1051,Pharma Client 052,Pharma & Healthcare,45,436497.73,2024-05-08,2024-06-22,closed,2024-06-19,42.0,-3.0,False,False,prompt_payer
INV701510,C1051,Pharma Client 052,Pharma & Healthcare,45,150216.13,2024-05-31,2024-07-15,closed,2024-07-17,47.0,2.0,False,False,prompt_payer
INV701511,C1051,Pharma Client 052,Pharma & Healthcare,45,90440.71,2024-06-08,2024-07-23,closed,2024-07-18,40.0,-5.0,False,False,prompt_payer
INV701512,C1051,Pharma Client 052,Pharma & Healthcare,45,165829.02,2024-06-11,2024-07-26,closed,2024-07-27,46.0,1.0,False,False,prompt_payer
INV701513,C1051,Pharma Client 052,Pharma & Healthcare,45,356467.76,2024-08-09,2024-09-23,closed,2024-09-19,41.0,-4.0,False,False,prompt_payer
INV701514,C1051,Pharma Client 052,Pharma & Healthcare,45,2003363.61,2024-08-21,2024-10-05,closed,2024-10-05,45.0,0.0,False,True,prompt_payer
INV701515,C1051,Pharma Client 052,Pharma & Healthcare,45,269063.24,2024-08-29,2024-10-13,closed,2024-10-13,45.0,0.0,False,False,prompt_payer
INV701516,C1051,Pharma Client 052,Pharma & Healthcare,45,265478.85,2024-12-03,2025-01-17,closed,2025-01-18,46.0,1.0,False,False,prompt_payer
INV701517,C1051,Pharma Client 052,Pharma & Healthcare,45,441689.12,2024-12-16,2025-01-30,closed,2025-01-23,38.0,-7.0,False,False,prompt_payer
INV701518,C1051,Pharma Client 052,Pharma & Healthcare,45,467082.51,2024-12-29,2025-02-12,closed,2025-02-14,47.0,2.0,False,False,prompt_payer
INV701519,C1051,Pharma Client 052,Pharma & Healthcare,45,256192.88,2025-01-07,2025-02-21,closed,2025-02-22,46.0,1.0,False,False,prompt_payer
INV701520,C1051,Pharma Client 052,Pharma & Healthcare,45,390575.0,2025-03-14,2025-04-28,closed,2025-04-23,40.0,-5.0,False,False,prompt_payer
INV701521,C1051,Pharma Client 052,Pharma & Healthcare,45,408988.88,2025-04-14,2025-05-29,closed,2025-05-25,41.0,-4.0,False,False,prompt_payer
INV701522,C1051,Pharma Client 052,Pharma & Healthcare,45,291300.63,2025-06-27,2025-08-11,closed,2025-08-13,47.0,2.0,False,False,prompt_payer
INV701523,C1051,Pharma Client 052,Pharma & Healthcare,45,269015.06,2025-07-14,2025-08-28,closed,2025-08-24,41.0,-4.0,False,False,prompt_payer
INV701524,C1051,Pharma Client 052,Pharma & Healthcare,45,292593.91,2025-07-24,2025-09-07,closed,2025-09-03,41.0,-4.0,False,False,prompt_payer
INV701525,C1051,Pharma Client 052,Pharma & Healthcare,45,321777.68,2025-08-31,2025-10-15,closed,2025-10-12,42.0,-3.0,False,False,prompt_payer
INV701526,C1051,Pharma Client 052,Pharma & Healthcare,45,73826.87,2025-09-27,2025-11-11,closed,2025-11-10,44.0,-1.0,False,False,prompt_payer
INV701527,C1051,Pharma Client 052,Pharma & Healthcare,45,64582.78,2025-10-11,2025-11-25,closed,2025-11-21,41.0,-4.0,False,False,prompt_payer
INV701528,C1051,Pharma Client 052,Pharma & Healthcare,45,252922.57,2025-10-23,2025-12-07,closed,2025-12-06,44.0,-1.0,False,False,prompt_payer
INV701529,C1051,Pharma Client 052,Pharma & Healthcare,45,131791.1,2025-10-24,2025-12-08,closed,2025-12-07,44.0,-1.0,False,False,prompt_payer
INV701530,C1051,Pharma Client 052,Pharma & Healthcare,45,310582.08,2025-11-02,2025-12-17,closed,2025-12-18,46.0,1.0,False,False,prompt_payer
INV701531,C1051,Pharma Client 052,Pharma & Healthcare,45,233330.63,2025-12-21,2026-02-04,closed,2026-01-30,40.0,-5.0,False,False,prompt_payer
INV701532,C1051,Pharma Client 052,Pharma & Healthcare,45,261062.34,2025-12-27,2026-02-10,closed,2026-02-12,47.0,2.0,False,False,prompt_payer
INV701533,C1051,Pharma Client 052,Pharma & Healthcare,45,307520.21,2026-02-06,2026-03-23,closed,2026-03-20,42.0,-3.0,False,False,prompt_payer
INV701534,C1051,Pharma Client 052,Pharma & Healthcare,45,523818.56,2026-03-01,2026-04-15,closed,2026-04-16,46.0,1.0,False,False,prompt_payer
INV701535,C1051,Pharma Client 052,Pharma & Healthcare,45,224086.96,2026-04-02,2026-05-17,closed,2026-05-17,45.0,0.0,False,False,prompt_payer
INV701536,C1051,Pharma Client 052,Pharma & Healthcare,45,552769.2,2026-04-29,2026-06-13,closed,2026-06-14,46.0,1.0,False,False,prompt_payer
INV701537,C1051,Pharma Client 052,Pharma & Healthcare,45,149118.22,2026-05-11,2026-06-25,closed,2026-06-21,41.0,-4.0,False,False,prompt_payer
INV701538,C1051,Pharma Client 052,Pharma & Healthcare,45,429488.12,2026-06-12,2026-07-27,closed,2026-07-24,42.0,-3.0,False,False,prompt_payer
INV701539,C1052,Auto Client 053,Auto Components,45,23954.98,2024-05-27,2024-07-11,closed,2024-08-19,84.0,39.0,False,False,improving_payer
INV701540,C1052,Auto Client 053,Auto Components,45,34195.49,2024-06-30,2024-08-14,closed,2024-09-20,82.0,37.0,False,False,improving_payer
INV701541,C1052,Auto Client 053,Auto Components,45,10401.19,2024-07-20,2024-09-03,closed,2024-10-08,80.0,35.0,False,False,improving_payer
INV701542,C1052,Auto Client 053,Auto Components,45,34273.29,2024-08-29,2024-10-13,closed,2024-11-08,71.0,26.0,False,False,improving_payer
INV701543,C1052,Auto Client 053,Auto Components,45,20690.03,2024-08-31,2024-10-15,closed,2024-11-07,68.0,23.0,False,False,improving_payer
INV701544,C1052,Auto Client 053,Auto Components,45,41398.65,2024-10-13,2024-11-27,closed,2024-12-24,72.0,27.0,False,False,improving_payer
INV701545,C1052,Auto Client 053,Auto Components,45,10086.76,2024-11-15,2024-12-30,disputed_open,,,,False,False,improving_payer
INV701546,C1052,Auto Client 053,Auto Components,45,34416.52,2025-02-05,2025-03-22,closed,2025-04-10,64.0,19.0,False,False,improving_payer
INV701547,C1052,Auto Client 053,Auto Components,45,34412.98,2025-02-16,2025-04-02,closed,2025-04-23,66.0,21.0,False,False,improving_payer
INV701548,C1052,Auto Client 053,Auto Components,45,18349.2,2025-03-12,2025-04-26,closed,2025-05-11,60.0,15.0,False,False,improving_payer
INV701549,C1052,Auto Client 053,Auto Components,45,13037.35,2025-03-17,2025-05-01,closed,2025-05-18,62.0,17.0,False,False,improving_payer
INV701550,C1052,Auto Client 053,Auto Components,45,29177.68,2025-04-17,2025-06-01,closed,2025-06-22,66.0,21.0,False,False,improving_payer
INV701551,C1052,Auto Client 053,Auto Components,45,3000.0,2025-05-05,2025-06-19,closed,2025-06-30,56.0,11.0,False,False,improving_payer
INV701552,C1052,Auto Client 053,Auto Components,45,19337.19,2025-08-18,2025-10-02,closed,2025-10-11,54.0,9.0,False,False,improving_payer
INV701553,C1052,Auto Client 053,Auto Components,45,24712.93,2025-11-18,2026-01-02,closed,2026-01-18,61.0,16.0,False,False,improving_payer
INV701554,C1052,Auto Client 053,Auto Components,45,20992.16,2025-11-26,2026-01-10,closed,2026-01-16,51.0,6.0,False,False,improving_payer
INV701555,C1052,Auto Client 053,Auto Components,45,24095.58,2025-12-11,2026-01-25,closed,2026-01-27,47.0,2.0,False,False,improving_payer
INV701556,C1052,Auto Client 053,Auto Components,45,9318.47,2025-12-14,2026-01-28,closed,2026-02-09,57.0,12.0,False,False,improving_payer
INV701557,C1052,Auto Client 053,Auto Components,45,16744.41,2026-03-30,2026-05-14,closed,2026-05-21,52.0,7.0,False,False,improving_payer
INV701558,C1052,Auto Client 053,Auto Components,45,15526.8,2026-04-01,2026-05-16,closed,2026-05-22,51.0,6.0,False,False,improving_payer
INV701559,C1052,Auto Client 053,Auto Components,45,39693.43,2026-05-21,2026-07-05,closed,2026-07-12,52.0,7.0,False,False,improving_payer
INV701560,C1052,Auto Client 053,Auto Components,45,35791.97,2026-07-31,2026-09-14,open,,,,False,False,improving_payer
INV701561,C1053,Retail Client 054,Retail & Distribution,60,156809.01,2024-02-24,2024-04-24,closed,2024-04-18,54.0,-6.0,False,False,prompt_payer
INV701562,C1053,Retail Client 054,Retail & Distribution,60,41736.23,2024-02-25,2024-04-25,closed,2024-04-20,55.0,-5.0,False,False,prompt_payer
INV701563,C1053,Retail Client 054,Retail & Distribution,60,75555.72,2024-03-19,2024-05-18,closed,2024-05-15,57.0,-3.0,False,False,prompt_payer
INV701564,C1053,Retail Client 054,Retail & Distribution,60,472461.31,2024-06-07,2024-08-06,closed,2024-08-08,62.0,2.0,False,True,prompt_payer
INV701565,C1053,Retail Client 054,Retail & Distribution,60,118072.78,2024-07-21,2024-09-19,closed,2024-09-20,61.0,1.0,False,False,prompt_payer
INV701566,C1053,Retail Client 054,Retail & Distribution,60,207926.44,2024-08-02,2024-10-01,closed,2024-10-04,63.0,3.0,False,False,prompt_payer
INV701567,C1053,Retail Client 054,Retail & Distribution,60,102806.59,2024-08-16,2024-10-15,closed,2024-10-15,60.0,0.0,False,False,prompt_payer
INV701568,C1053,Retail Client 054,Retail & Distribution,60,87631.74,2024-08-24,2024-10-23,closed,2024-10-20,57.0,-3.0,False,False,prompt_payer
INV701569,C1053,Retail Client 054,Retail & Distribution,60,138163.95,2024-09-19,2024-11-18,closed,2024-11-22,64.0,4.0,False,False,prompt_payer
INV701570,C1053,Retail Client 054,Retail & Distribution,60,120269.65,2024-09-23,2024-11-22,closed,2024-11-23,61.0,1.0,False,False,prompt_payer
INV701571,C1053,Retail Client 054,Retail & Distribution,60,88749.09,2024-09-30,2024-11-29,closed,2024-11-23,54.0,-6.0,False,False,prompt_payer
INV701572,C1053,Retail Client 054,Retail & Distribution,60,99543.39,2024-12-16,2025-02-14,closed,2025-02-13,59.0,-1.0,False,False,prompt_payer
INV701573,C1053,Retail Client 054,Retail & Distribution,60,171234.57,2024-12-25,2025-02-23,closed,2025-02-24,61.0,1.0,False,False,prompt_payer
INV701574,C1053,Retail Client 054,Retail & Distribution,60,217716.14,2025-01-01,2025-03-02,closed,2025-02-25,55.0,-5.0,False,True,prompt_payer
INV701575,C1053,Retail Client 054,Retail & Distribution,60,121752.39,2025-01-05,2025-03-06,closed,2025-03-01,55.0,-5.0,False,False,prompt_payer
INV701576,C1053,Retail Client 054,Retail & Distribution,60,34775.12,2025-02-25,2025-04-26,closed,2025-04-22,56.0,-4.0,False,False,prompt_payer
INV701577,C1053,Retail Client 054,Retail & Distribution,60,111777.48,2025-03-02,2025-05-01,closed,2025-05-01,60.0,0.0,False,False,prompt_payer
INV701578,C1053,Retail Client 054,Retail & Distribution,60,112424.37,2025-04-12,2025-06-11,closed,2025-06-06,55.0,-5.0,False,False,prompt_payer
INV701579,C1053,Retail Client 054,Retail & Distribution,60,63301.6,2025-04-16,2025-06-15,closed,2025-06-09,54.0,-6.0,False,False,prompt_payer
INV701580,C1053,Retail Client 054,Retail & Distribution,60,118158.61,2025-04-25,2025-06-24,closed,2025-06-25,61.0,1.0,False,False,prompt_payer
INV701581,C1053,Retail Client 054,Retail & Distribution,60,128392.64,2025-05-07,2025-07-06,closed,2025-07-01,55.0,-5.0,False,False,prompt_payer
INV701582,C1053,Retail Client 054,Retail & Distribution,60,119863.15,2025-05-28,2025-07-27,closed,2025-07-24,57.0,-3.0,False,False,prompt_payer
INV701583,C1053,Retail Client 054,Retail & Distribution,60,80392.1,2025-07-02,2025-08-31,closed,2025-08-30,59.0,-1.0,False,False,prompt_payer
INV701584,C1053,Retail Client 054,Retail & Distribution,60,114559.72,2025-07-13,2025-09-11,closed,2025-09-09,58.0,-2.0,False,False,prompt_payer
INV701585,C1053,Retail Client 054,Retail & Distribution,60,86286.0,2025-09-10,2025-11-09,closed,2025-11-07,58.0,-2.0,False,False,prompt_payer
INV701586,C1053,Retail Client 054,Retail & Distribution,60,97692.03,2025-09-16,2025-11-15,closed,2025-11-16,61.0,1.0,False,False,prompt_payer
INV701587,C1053,Retail Client 054,Retail & Distribution,60,41291.34,2025-10-12,2025-12-11,closed,2025-12-09,58.0,-2.0,False,False,prompt_payer
INV701588,C1053,Retail Client 054,Retail & Distribution,60,149672.49,2025-10-15,2025-12-14,closed,2025-12-08,54.0,-6.0,False,False,prompt_payer
INV701589,C1053,Retail Client 054,Retail & Distribution,60,85699.89,2025-10-16,2025-12-15,closed,2025-12-13,58.0,-2.0,False,False,prompt_payer
INV701590,C1053,Retail Client 054,Retail & Distribution,60,123150.48,2025-12-21,2026-02-19,closed,2026-02-17,58.0,-2.0,False,False,prompt_payer
INV701591,C1053,Retail Client 054,Retail & Distribution,60,126897.75,2025-12-27,2026-02-25,closed,2026-02-22,57.0,-3.0,False,False,prompt_payer
INV701592,C1053,Retail Client 054,Retail & Distribution,60,87750.87,2026-01-29,2026-03-30,closed,2026-03-28,58.0,-2.0,False,False,prompt_payer
INV701593,C1053,Retail Client 054,Retail & Distribution,60,137440.08,2026-02-28,2026-04-29,closed,2026-04-28,59.0,-1.0,False,False,prompt_payer
INV701594,C1053,Retail Client 054,Retail & Distribution,60,106556.75,2026-03-25,2026-05-24,closed,2026-05-24,60.0,0.0,False,False,prompt_payer
INV701595,C1053,Retail Client 054,Retail & Distribution,60,96113.77,2026-04-01,2026-05-31,closed,2026-05-28,57.0,-3.0,False,False,prompt_payer
INV701596,C1053,Retail Client 054,Retail & Distribution,60,151890.71,2026-04-11,2026-06-10,closed,2026-06-07,57.0,-3.0,False,False,prompt_payer
INV701597,C1053,Retail Client 054,Retail & Distribution,60,112041.83,2026-04-15,2026-06-14,closed,2026-06-14,60.0,0.0,False,False,prompt_payer
INV701598,C1053,Retail Client 054,Retail & Distribution,60,91574.05,2026-04-19,2026-06-18,closed,2026-06-22,64.0,4.0,False,False,prompt_payer
INV701599,C1053,Retail Client 054,Retail & Distribution,60,156511.67,2026-04-20,2026-06-19,closed,2026-06-19,60.0,0.0,False,False,prompt_payer
INV701600,C1053,Retail Client 054,Retail & Distribution,60,150182.97,2026-05-02,2026-07-01,closed,2026-06-28,57.0,-3.0,False,False,prompt_payer
INV701601,C1053,Retail Client 054,Retail & Distribution,60,107053.25,2026-06-09,2026-08-08,closed,2026-08-03,55.0,-5.0,False,False,prompt_payer
INV701602,C1053,Retail Client 054,Retail & Distribution,60,125510.21,2026-07-04,2026-09-02,open,,,,False,False,prompt_payer
INV701603,C1053,Retail Client 054,Retail & Distribution,60,119264.42,2026-07-18,2026-09-16,open,,,,False,False,prompt_payer
INV701604,C1053,Retail Client 054,Retail & Distribution,60,147468.4,2026-07-24,2026-09-22,open,,,,False,False,prompt_payer
INV701605,C1054,Retail Client 055,Retail & Distribution,45,31215.21,2024-02-27,2024-04-12,closed,2024-04-09,42.0,-3.0,False,False,prompt_payer
INV701606,C1054,Retail Client 055,Retail & Distribution,45,31553.4,2024-06-28,2024-08-12,closed,2024-08-17,50.0,5.0,False,False,prompt_payer
INV701607,C1054,Retail Client 055,Retail & Distribution,45,14850.09,2024-09-05,2024-10-20,closed,2024-10-17,42.0,-3.0,False,False,prompt_payer
INV701608,C1054,Retail Client 055,Retail & Distribution,45,16434.06,2024-09-12,2024-10-27,closed,2024-10-24,42.0,-3.0,False,False,prompt_payer
INV701609,C1054,Retail Client 055,Retail & Distribution,45,33687.34,2024-10-16,2024-11-30,closed,2024-11-29,44.0,-1.0,False,False,prompt_payer
INV701610,C1054,Retail Client 055,Retail & Distribution,45,13813.91,2024-12-03,2025-01-17,closed,2025-01-18,46.0,1.0,False,False,prompt_payer
INV701611,C1054,Retail Client 055,Retail & Distribution,45,17778.71,2024-12-11,2025-01-25,closed,2025-01-25,45.0,0.0,False,False,prompt_payer
INV701612,C1054,Retail Client 055,Retail & Distribution,45,35940.65,2025-01-08,2025-02-22,closed,2025-02-23,46.0,1.0,False,False,prompt_payer
INV701613,C1054,Retail Client 055,Retail & Distribution,45,21947.71,2025-03-26,2025-05-10,closed,2025-05-10,45.0,0.0,True,False,prompt_payer
INV701614,C1054,Retail Client 055,Retail & Distribution,45,40227.33,2025-10-09,2025-11-23,closed,2025-11-27,49.0,4.0,False,False,prompt_payer
INV701615,C1054,Retail Client 055,Retail & Distribution,45,18418.16,2025-10-09,2025-11-23,closed,2025-11-24,46.0,1.0,False,False,prompt_payer
INV701616,C1054,Retail Client 055,Retail & Distribution,45,34924.4,2025-11-03,2025-12-18,closed,2025-12-16,43.0,-2.0,False,False,prompt_payer
INV701617,C1054,Retail Client 055,Retail & Distribution,45,47522.71,2025-11-14,2025-12-29,closed,2025-12-27,43.0,-2.0,False,False,prompt_payer
INV701618,C1054,Retail Client 055,Retail & Distribution,45,26137.94,2025-12-07,2026-01-21,closed,2026-01-22,46.0,1.0,False,False,prompt_payer
INV701619,C1054,Retail Client 055,Retail & Distribution,45,28239.21,2025-12-28,2026-02-11,disputed_open,,,,False,False,prompt_payer
INV701620,C1054,Retail Client 055,Retail & Distribution,45,9005.79,2026-02-02,2026-03-19,closed,2026-03-14,40.0,-5.0,True,False,prompt_payer
INV701621,C1054,Retail Client 055,Retail & Distribution,45,41196.99,2026-06-20,2026-08-04,closed,2026-07-31,41.0,-4.0,False,False,prompt_payer
INV701622,C1054,Retail Client 055,Retail & Distribution,45,14313.99,2026-06-28,2026-08-12,closed,2026-08-11,44.0,-1.0,False,False,prompt_payer
INV701623,C1054,Retail Client 055,Retail & Distribution,45,23427.91,2026-07-16,2026-08-30,open,,,,False,False,prompt_payer
INV701624,C1054,Retail Client 055,Retail & Distribution,45,15748.33,2026-07-28,2026-09-11,open,,,,False,False,prompt_payer
INV701625,C1055,Construction Client 056,Construction & Infra,60,1891862.68,2024-03-19,2024-05-18,closed,2024-04-23,35.0,-25.0,False,True,erratic_payer
INV701626,C1055,Construction Client 056,Construction & Infra,60,3747389.51,2024-06-07,2024-08-06,closed,2024-08-09,63.0,3.0,False,True,erratic_payer
INV701627,C1055,Construction Client 056,Construction & Infra,60,583865.16,2024-06-14,2024-08-13,closed,2024-09-25,103.0,43.0,False,False,erratic_payer
INV701628,C1055,Construction Client 056,Construction & Infra,60,628198.85,2024-09-19,2024-11-18,closed,2025-02-07,141.0,81.0,False,False,erratic_payer
INV701629,C1055,Construction Client 056,Construction & Infra,60,904499.63,2024-09-22,2024-11-21,closed,2024-12-02,71.0,11.0,False,False,erratic_payer
INV701630,C1055,Construction Client 056,Construction & Infra,60,702130.25,2024-10-22,2024-12-21,closed,2024-12-13,52.0,-8.0,False,False,erratic_payer
INV701631,C1055,Construction Client 056,Construction & Infra,60,1354679.99,2024-11-03,2025-01-02,closed,2024-12-09,36.0,-24.0,False,True,erratic_payer
INV701632,C1055,Construction Client 056,Construction & Infra,60,1000910.25,2024-12-16,2025-02-14,closed,2025-06-29,195.0,135.0,False,False,erratic_payer
INV701633,C1055,Construction Client 056,Construction & Infra,60,475895.89,2025-01-28,2025-03-29,closed,2025-03-15,46.0,-14.0,False,False,erratic_payer
INV701634,C1055,Construction Client 056,Construction & Infra,60,1031361.34,2025-02-25,2025-04-26,closed,2025-05-27,91.0,31.0,False,False,erratic_payer
INV701635,C1055,Construction Client 056,Construction & Infra,60,3671889.31,2025-04-07,2025-06-06,closed,2025-08-01,116.0,56.0,False,True,erratic_payer
INV701636,C1055,Construction Client 056,Construction & Infra,60,301795.89,2025-05-24,2025-07-23,closed,2025-11-02,162.0,102.0,False,False,erratic_payer
INV701637,C1055,Construction Client 056,Construction & Infra,60,1042149.44,2025-07-23,2025-09-21,closed,2025-10-07,76.0,16.0,False,False,erratic_payer
INV701638,C1055,Construction Client 056,Construction & Infra,60,954895.21,2025-08-31,2025-10-30,closed,2026-01-02,124.0,64.0,False,False,erratic_payer
INV701639,C1055,Construction Client 056,Construction & Infra,60,386441.93,2025-09-03,2025-11-02,closed,2025-11-27,85.0,25.0,False,False,erratic_payer
INV701640,C1055,Construction Client 056,Construction & Infra,60,724450.69,2025-09-22,2025-11-21,closed,2025-12-15,84.0,24.0,False,False,erratic_payer
INV701641,C1055,Construction Client 056,Construction & Infra,60,942139.85,2025-09-24,2025-11-23,closed,2025-12-13,80.0,20.0,False,False,erratic_payer
INV701642,C1055,Construction Client 056,Construction & Infra,60,544631.16,2025-10-07,2025-12-06,disputed_open,,,,False,False,erratic_payer
INV701643,C1055,Construction Client 056,Construction & Infra,60,655424.89,2025-10-12,2025-12-11,closed,2025-12-18,67.0,7.0,False,False,erratic_payer
INV701644,C1055,Construction Client 056,Construction & Infra,60,453240.08,2025-12-25,2026-02-23,closed,2026-02-12,49.0,-11.0,False,False,erratic_payer
INV701645,C1055,Construction Client 056,Construction & Infra,60,1175049.14,2026-02-05,2026-04-06,closed,2026-05-13,97.0,37.0,False,False,erratic_payer
INV701646,C1055,Construction Client 056,Construction & Infra,60,137221.14,2026-02-15,2026-04-16,closed,2026-07-13,148.0,88.0,True,False,erratic_payer
INV701647,C1055,Construction Client 056,Construction & Infra,60,677897.9,2026-03-19,2026-05-18,closed,2026-06-13,86.0,26.0,False,False,erratic_payer
INV701648,C1055,Construction Client 056,Construction & Infra,60,921471.81,2026-05-09,2026-07-08,closed,2026-06-20,42.0,-18.0,False,False,erratic_payer
INV701649,C1055,Construction Client 056,Construction & Infra,60,1082379.8,2026-07-30,2026-09-28,open,,,,False,False,erratic_payer
INV701650,C1055,Construction Client 056,Construction & Infra,60,1109526.79,2026-08-04,2026-10-03,open,,,,False,False,erratic_payer
INV701651,C1056,Retail Client 057,Retail & Distribution,30,133564.12,2025-04-07,2025-05-07,closed,2025-05-10,33.0,3.0,False,False,cold_start
INV701652,C1056,Retail Client 057,Retail & Distribution,30,163778.95,2026-05-28,2026-06-27,closed,2026-07-17,50.0,20.0,False,False,cold_start
INV701653,C1057,IT Client 058,IT & Business Services,60,604939.16,2024-02-23,2024-04-23,closed,2024-04-18,55.0,-5.0,False,True,average_payer
INV701654,C1057,IT Client 058,IT & Business Services,60,122184.68,2024-03-15,2024-05-14,closed,2024-05-13,59.0,-1.0,False,False,average_payer
INV701655,C1057,IT Client 058,IT & Business Services,60,97442.38,2024-04-21,2024-06-20,closed,2024-06-21,61.0,1.0,False,False,average_payer
INV701656,C1057,IT Client 058,IT & Business Services,60,218111.83,2024-04-22,2024-06-21,closed,2024-06-23,62.0,2.0,True,False,average_payer
INV701657,C1057,IT Client 058,IT & Business Services,60,114382.59,2024-05-26,2024-07-25,closed,2024-08-06,72.0,12.0,False,False,average_payer
INV701658,C1057,IT Client 058,IT & Business Services,60,160699.51,2024-06-13,2024-08-12,closed,2024-08-18,66.0,6.0,False,False,average_payer
INV701659,C1057,IT Client 058,IT & Business Services,60,40982.36,2024-08-18,2024-10-17,closed,2024-10-13,56.0,-4.0,False,False,average_payer
INV701660,C1057,IT Client 058,IT & Business Services,60,826338.0,2024-08-26,2024-10-25,closed,2024-10-29,64.0,4.0,False,True,average_payer
INV701661,C1057,IT Client 058,IT & Business Services,60,191373.45,2024-09-10,2024-11-09,closed,2024-11-17,68.0,8.0,False,False,average_payer
INV701662,C1057,IT Client 058,IT & Business Services,60,163344.55,2024-09-25,2024-11-24,closed,2024-11-25,61.0,1.0,False,False,average_payer
INV701663,C1057,IT Client 058,IT & Business Services,60,68771.62,2024-10-19,2024-12-18,closed,2024-12-11,53.0,-7.0,False,False,average_payer
INV701664,C1057,IT Client 058,IT & Business Services,60,167480.07,2024-10-30,2024-12-29,closed,2024-12-29,60.0,0.0,False,False,average_payer
INV701665,C1057,IT Client 058,IT & Business Services,60,130160.15,2024-11-05,2025-01-04,closed,2025-01-08,64.0,4.0,False,False,average_payer
INV701666,C1057,IT Client 058,IT & Business Services,60,114879.01,2024-11-18,2025-01-17,closed,2025-01-20,63.0,3.0,False,False,average_payer
INV701667,C1057,IT Client 058,IT & Business Services,60,126745.41,2025-01-25,2025-03-26,closed,2025-03-29,63.0,3.0,False,False,average_payer
INV701668,C1057,IT Client 058,IT & Business Services,60,138564.75,2025-02-16,2025-04-17,closed,2025-04-12,55.0,-5.0,False,False,average_payer
INV701669,C1057,IT Client 058,IT & Business Services,60,111697.7,2025-04-11,2025-06-10,closed,2025-06-12,62.0,2.0,False,False,average_payer
INV701670,C1057,IT Client 058,IT & Business Services,60,119548.73,2025-05-14,2025-07-13,closed,2025-07-16,63.0,3.0,False,False,average_payer
INV701671,C1057,IT Client 058,IT & Business Services,60,134629.02,2025-05-22,2025-07-21,closed,2025-07-21,60.0,0.0,True,False,average_payer
INV701672,C1057,IT Client 058,IT & Business Services,60,50882.27,2025-08-03,2025-10-02,closed,2025-09-28,56.0,-4.0,False,False,average_payer
INV701673,C1057,IT Client 058,IT & Business Services,60,143532.53,2025-08-31,2025-10-30,disputed_open,,,,False,False,average_payer
INV701674,C1057,IT Client 058,IT & Business Services,60,108517.61,2025-10-26,2025-12-25,closed,2025-12-25,60.0,0.0,False,False,average_payer
INV701675,C1057,IT Client 058,IT & Business Services,60,123734.93,2025-11-12,2026-01-11,closed,2026-01-24,73.0,13.0,False,False,average_payer
INV701676,C1057,IT Client 058,IT & Business Services,60,60203.25,2025-11-18,2026-01-17,closed,2026-01-18,61.0,1.0,False,False,average_payer
INV701677,C1057,IT Client 058,IT & Business Services,60,111964.58,2025-12-05,2026-02-03,closed,2026-01-31,57.0,-3.0,False,False,average_payer
INV701678,C1057,IT Client 058,IT & Business Services,60,123100.69,2025-12-29,2026-02-27,closed,2026-02-28,61.0,1.0,False,False,average_payer
INV701679,C1057,IT Client 058,IT & Business Services,60,142668.85,2026-01-13,2026-03-14,closed,2026-03-18,64.0,4.0,False,False,average_payer
INV701680,C1057,IT Client 058,IT & Business Services,60,77020.93,2026-01-31,2026-04-01,closed,2026-04-04,63.0,3.0,False,False,average_payer
INV701681,C1057,IT Client 058,IT & Business Services,60,143668.35,2026-02-07,2026-04-08,closed,2026-04-09,61.0,1.0,False,False,average_payer
INV701682,C1057,IT Client 058,IT & Business Services,60,87772.26,2026-02-11,2026-04-12,closed,2026-04-14,62.0,2.0,False,False,average_payer
INV701683,C1057,IT Client 058,IT & Business Services,60,141610.37,2026-02-16,2026-04-17,closed,2026-04-19,62.0,2.0,False,False,average_payer
INV701684,C1057,IT Client 058,IT & Business Services,60,137262.95,2026-04-24,2026-06-23,closed,2026-06-22,59.0,-1.0,False,False,average_payer
INV701685,C1057,IT Client 058,IT & Business Services,60,99505.56,2026-05-17,2026-07-16,closed,2026-07-11,55.0,-5.0,False,False,average_payer
INV701686,C1058,Auto Client 059,Auto Components,30,15850.04,2024-02-14,2024-03-15,closed,2024-03-14,29.0,-1.0,False,False,prompt_payer
INV701687,C1058,Auto Client 059,Auto Components,30,25673.44,2024-02-23,2024-03-24,closed,2024-03-28,34.0,4.0,False,False,prompt_payer
INV701688,C1058,Auto Client 059,Auto Components,30,38365.21,2024-06-12,2024-07-12,closed,2024-07-08,26.0,-4.0,False,False,prompt_payer
INV701689,C1058,Auto Client 059,Auto Components,30,28159.16,2024-11-03,2024-12-03,closed,2024-12-09,36.0,6.0,True,False,prompt_payer
INV701690,C1058,Auto Client 059,Auto Components,30,35790.11,2024-11-11,2024-12-11,closed,2024-12-10,29.0,-1.0,False,False,prompt_payer
INV701691,C1058,Auto Client 059,Auto Components,30,27169.33,2024-12-07,2025-01-06,closed,2025-01-06,30.0,0.0,False,False,prompt_payer
INV701692,C1058,Auto Client 059,Auto Components,30,27295.9,2025-03-17,2025-04-16,closed,2025-04-20,34.0,4.0,False,False,prompt_payer
INV701693,C1058,Auto Client 059,Auto Components,30,16774.03,2025-03-18,2025-04-17,closed,2025-04-18,31.0,1.0,False,False,prompt_payer
INV701694,C1058,Auto Client 059,Auto Components,30,36192.69,2025-03-19,2025-04-18,closed,2025-04-18,30.0,0.0,False,False,prompt_payer
INV701695,C1058,Auto Client 059,Auto Components,30,22721.4,2025-03-22,2025-04-21,closed,2025-04-21,30.0,0.0,False,False,prompt_payer
INV701696,C1058,Auto Client 059,Auto Components,30,31882.75,2025-03-23,2025-04-22,closed,2025-04-18,26.0,-4.0,False,False,prompt_payer
INV701697,C1058,Auto Client 059,Auto Components,30,13412.71,2025-03-30,2025-04-29,closed,2025-04-29,30.0,0.0,False,False,prompt_payer
INV701698,C1058,Auto Client 059,Auto Components,30,21643.01,2025-06-22,2025-07-22,closed,2025-07-20,28.0,-2.0,False,False,prompt_payer
INV701699,C1058,Auto Client 059,Auto Components,30,31960.53,2025-09-27,2025-10-27,closed,2025-10-20,23.0,-7.0,False,False,prompt_payer
INV701700,C1058,Auto Client 059,Auto Components,30,46537.92,2026-02-25,2026-03-27,disputed_open,,,,False,False,prompt_payer
INV701701,C1058,Auto Client 059,Auto Components,30,22590.49,2026-04-08,2026-05-08,closed,2026-05-10,32.0,2.0,False,False,prompt_payer
INV701702,C1058,Auto Client 059,Auto Components,30,29573.8,2026-06-22,2026-07-22,closed,2026-07-21,29.0,-1.0,False,False,prompt_payer
INV701703,C1059,Retail Client 060,Retail & Distribution,45,56160.15,2024-02-14,2024-03-30,closed,2024-03-23,38.0,-7.0,False,False,erratic_payer
INV701704,C1059,Retail Client 060,Retail & Distribution,45,54008.74,2024-02-16,2024-04-01,closed,2024-07-14,149.0,104.0,False,False,erratic_payer
INV701705,C1059,Retail Client 060,Retail & Distribution,45,76163.42,2024-02-22,2024-04-07,closed,2024-04-18,56.0,11.0,False,False,erratic_payer
INV701706,C1059,Retail Client 060,Retail & Distribution,45,45156.18,2024-02-29,2024-04-14,closed,2024-04-05,36.0,-9.0,False,False,erratic_payer
INV701707,C1059,Retail Client 060,Retail & Distribution,45,68777.14,2024-03-19,2024-05-03,closed,2024-05-24,66.0,21.0,False,False,erratic_payer
INV701708,C1059,Retail Client 060,Retail & Distribution,45,26578.55,2024-03-20,2024-05-04,closed,2024-05-14,55.0,10.0,False,False,erratic_payer
INV701709,C1059,Retail Client 060,Retail & Distribution,45,103841.99,2024-03-25,2024-05-09,closed,2024-05-01,37.0,-8.0,False,False,erratic_payer
INV701710,C1059,Retail Client 060,Retail & Distribution,45,61966.88,2024-04-05,2024-05-20,closed,2024-06-01,57.0,12.0,False,False,erratic_payer
INV701711,C1059,Retail Client 060,Retail & Distribution,45,25717.1,2024-04-08,2024-05-23,closed,2024-05-19,41.0,-4.0,False,False,erratic_payer
INV701712,C1059,Retail Client 060,Retail & Distribution,45,55989.99,2024-04-11,2024-05-26,closed,2024-06-13,63.0,18.0,False,False,erratic_payer
INV701713,C1059,Retail Client 060,Retail & Distribution,45,33801.69,2024-04-21,2024-06-05,closed,2024-06-15,55.0,10.0,False,False,erratic_payer
INV701714,C1059,Retail Client 060,Retail & Distribution,45,68820.27,2024-05-18,2024-07-02,closed,2024-06-28,41.0,-4.0,False,False,erratic_payer
INV701715,C1059,Retail Client 060,Retail & Distribution,45,109511.68,2024-05-18,2024-07-02,closed,2024-07-12,55.0,10.0,False,False,erratic_payer
INV701716,C1059,Retail Client 060,Retail & Distribution,45,7270.49,2024-07-26,2024-09-09,closed,2024-09-20,56.0,11.0,False,False,erratic_payer
INV701717,C1059,Retail Client 060,Retail & Distribution,45,55394.7,2024-08-19,2024-10-03,closed,2024-10-01,43.0,-2.0,False,False,erratic_payer
INV701718,C1059,Retail Client 060,Retail & Distribution,45,58528.24,2024-10-06,2024-11-20,closed,2024-11-10,35.0,-10.0,False,False,erratic_payer
INV701719,C1059,Retail Client 060,Retail & Distribution,45,49432.44,2024-10-06,2024-11-20,closed,2025-01-20,106.0,61.0,False,False,erratic_payer
INV701720,C1059,Retail Client 060,Retail & Distribution,45,41030.07,2024-10-13,2024-11-27,closed,2024-11-11,29.0,-16.0,False,False,erratic_payer
INV701721,C1059,Retail Client 060,Retail & Distribution,45,63395.09,2024-10-24,2024-12-08,closed,2024-12-21,58.0,13.0,False,False,erratic_payer
INV701722,C1059,Retail Client 060,Retail & Distribution,45,56843.33,2024-11-24,2025-01-08,closed,2025-01-05,42.0,-3.0,False,False,erratic_payer
INV701723,C1059,Retail Client 060,Retail & Distribution,45,107235.57,2025-01-05,2025-02-19,closed,2025-02-20,46.0,1.0,False,False,erratic_payer
INV701724,C1059,Retail Client 060,Retail & Distribution,45,25585.63,2025-01-08,2025-02-22,closed,2025-03-08,59.0,14.0,False,False,erratic_payer
INV701725,C1059,Retail Client 060,Retail & Distribution,45,237141.9,2025-02-28,2025-04-14,closed,2025-03-27,27.0,-18.0,False,True,erratic_payer
INV701726,C1059,Retail Client 060,Retail & Distribution,45,58628.56,2025-03-05,2025-04-19,closed,2025-06-15,102.0,57.0,True,False,erratic_payer
INV701727,C1059,Retail Client 060,Retail & Distribution,45,50717.68,2025-03-10,2025-04-24,closed,2025-04-27,48.0,3.0,False,False,erratic_payer
INV701728,C1059,Retail Client 060,Retail & Distribution,45,69455.15,2025-03-18,2025-05-02,closed,2025-05-17,60.0,15.0,False,False,erratic_payer
INV701729,C1059,Retail Client 060,Retail & Distribution,45,81717.99,2025-03-27,2025-05-11,closed,2025-05-15,49.0,4.0,False,False,erratic_payer
INV701730,C1059,Retail Client 060,Retail & Distribution,45,44922.83,2025-04-12,2025-05-27,closed,2025-06-12,61.0,16.0,False,False,erratic_payer
INV701731,C1059,Retail Client 060,Retail & Distribution,45,39778.81,2025-05-08,2025-06-22,closed,2025-06-28,51.0,6.0,False,False,erratic_payer
INV701732,C1059,Retail Client 060,Retail & Distribution,45,58747.82,2025-05-25,2025-07-09,closed,2025-07-28,64.0,19.0,True,False,erratic_payer
INV701733,C1059,Retail Client 060,Retail & Distribution,45,50153.11,2025-05-31,2025-07-15,closed,2025-07-14,44.0,-1.0,False,False,erratic_payer
INV701734,C1059,Retail Client 060,Retail & Distribution,45,66975.88,2025-06-09,2025-07-24,closed,2025-08-10,62.0,17.0,True,False,erratic_payer
INV701735,C1059,Retail Client 060,Retail & Distribution,45,59808.47,2025-07-10,2025-08-24,closed,2025-08-24,45.0,0.0,False,False,erratic_payer
INV701736,C1059,Retail Client 060,Retail & Distribution,45,43907.68,2025-07-13,2025-08-27,closed,2025-08-25,43.0,-2.0,False,False,erratic_payer
INV701737,C1059,Retail Client 060,Retail & Distribution,45,35967.52,2025-07-16,2025-08-30,closed,2025-12-16,153.0,108.0,False,False,erratic_payer
INV701738,C1059,Retail Client 060,Retail & Distribution,45,94459.04,2025-08-21,2025-10-05,closed,2025-09-25,35.0,-10.0,False,False,erratic_payer
INV701739,C1059,Retail Client 060,Retail & Distribution,45,67619.01,2025-08-27,2025-10-11,closed,2025-10-17,51.0,6.0,False,False,erratic_payer
INV701740,C1059,Retail Client 060,Retail & Distribution,45,63389.52,2025-10-10,2025-11-24,closed,2025-11-18,39.0,-6.0,False,False,erratic_payer
INV701741,C1059,Retail Client 060,Retail & Distribution,45,69128.87,2025-11-07,2025-12-22,closed,2025-12-07,30.0,-15.0,False,False,erratic_payer
INV701742,C1059,Retail Client 060,Retail & Distribution,45,61666.31,2025-11-11,2025-12-26,closed,2026-01-04,54.0,9.0,False,False,erratic_payer
INV701743,C1059,Retail Client 060,Retail & Distribution,45,85348.53,2025-11-17,2026-01-01,closed,2026-01-01,45.0,0.0,False,False,erratic_payer
INV701744,C1059,Retail Client 060,Retail & Distribution,45,58921.9,2025-11-20,2026-01-04,closed,2026-01-10,51.0,6.0,False,False,erratic_payer
INV701745,C1059,Retail Client 060,Retail & Distribution,45,74107.11,2025-11-29,2026-01-13,closed,2026-02-11,74.0,29.0,False,False,erratic_payer
INV701746,C1059,Retail Client 060,Retail & Distribution,45,67996.32,2025-12-05,2026-01-19,closed,2026-02-04,61.0,16.0,False,False,erratic_payer
INV701747,C1059,Retail Client 060,Retail & Distribution,45,71903.6,2025-12-18,2026-02-01,closed,2026-02-12,56.0,11.0,False,False,erratic_payer
INV701748,C1059,Retail Client 060,Retail & Distribution,45,69276.54,2025-12-19,2026-02-02,closed,2026-02-01,44.0,-1.0,False,False,erratic_payer
INV701749,C1059,Retail Client 060,Retail & Distribution,45,83750.46,2025-12-24,2026-02-07,closed,2026-03-07,73.0,28.0,False,False,erratic_payer
INV701750,C1059,Retail Client 060,Retail & Distribution,45,54993.0,2026-01-04,2026-02-18,closed,2026-02-13,40.0,-5.0,False,False,erratic_payer
INV701751,C1059,Retail Client 060,Retail & Distribution,45,87241.05,2026-02-15,2026-04-01,closed,2026-04-13,57.0,12.0,False,False,erratic_payer
INV701752,C1059,Retail Client 060,Retail & Distribution,45,71793.78,2026-03-10,2026-04-24,closed,2026-04-26,47.0,2.0,False,False,erratic_payer
INV701753,C1059,Retail Client 060,Retail & Distribution,45,51936.73,2026-03-23,2026-05-07,closed,2026-05-10,48.0,3.0,False,False,erratic_payer
INV701754,C1059,Retail Client 060,Retail & Distribution,45,31523.01,2026-04-13,2026-05-28,closed,2026-06-13,61.0,16.0,False,False,erratic_payer
INV701755,C1059,Retail Client 060,Retail & Distribution,45,161076.17,2026-05-15,2026-06-29,closed,2026-07-01,47.0,2.0,False,True,erratic_payer
INV701756,C1059,Retail Client 060,Retail & Distribution,45,42325.15,2026-08-05,2026-09-19,open,,,,False,False,erratic_payer
INV701757,C1060,Metal Client 061,Metal & Engineering,45,79032.25,2024-04-04,2024-05-19,closed,2024-06-02,59.0,14.0,False,False,erratic_payer
INV701758,C1060,Metal Client 061,Metal & Engineering,45,47702.77,2024-05-03,2024-06-17,closed,2024-08-03,92.0,47.0,False,False,erratic_payer
INV701759,C1060,Metal Client 061,Metal & Engineering,45,163164.65,2024-06-11,2024-07-26,closed,2024-07-24,43.0,-2.0,False,False,erratic_payer
INV701760,C1060,Metal Client 061,Metal & Engineering,45,68769.56,2024-06-23,2024-08-07,closed,2024-08-16,54.0,9.0,False,False,erratic_payer
INV701761,C1060,Metal Client 061,Metal & Engineering,45,136812.74,2024-07-21,2024-09-04,closed,2024-09-05,46.0,1.0,False,False,erratic_payer
INV701762,C1060,Metal Client 061,Metal & Engineering,45,131530.46,2024-07-22,2024-09-05,closed,2024-08-24,33.0,-12.0,False,False,erratic_payer
INV701763,C1060,Metal Client 061,Metal & Engineering,45,202088.62,2024-09-05,2024-10-20,closed,2024-10-20,45.0,0.0,False,False,erratic_payer
INV701764,C1060,Metal Client 061,Metal & Engineering,45,126804.54,2024-10-03,2024-11-17,closed,2024-11-25,53.0,8.0,False,False,erratic_payer
INV701765,C1060,Metal Client 061,Metal & Engineering,45,142555.79,2024-10-09,2024-11-23,closed,2024-12-11,63.0,18.0,False,False,erratic_payer
INV701766,C1060,Metal Client 061,Metal & Engineering,45,54043.24,2024-10-14,2024-11-28,closed,2024-11-15,32.0,-13.0,False,False,erratic_payer
INV701767,C1060,Metal Client 061,Metal & Engineering,45,175006.72,2024-10-22,2024-12-06,closed,2024-12-22,61.0,16.0,False,False,erratic_payer
INV701768,C1060,Metal Client 061,Metal & Engineering,45,150635.91,2024-12-06,2025-01-20,closed,2025-01-04,29.0,-16.0,False,False,erratic_payer
INV701769,C1060,Metal Client 061,Metal & Engineering,45,21808.14,2025-02-05,2025-03-22,closed,2025-03-23,46.0,1.0,False,False,erratic_payer
INV701770,C1060,Metal Client 061,Metal & Engineering,45,73227.24,2025-02-07,2025-03-24,closed,2025-04-06,58.0,13.0,False,False,erratic_payer
INV701771,C1060,Metal Client 061,Metal & Engineering,45,163888.79,2025-02-13,2025-03-30,closed,2025-03-30,45.0,0.0,False,False,erratic_payer
INV701772,C1060,Metal Client 061,Metal & Engineering,45,86137.06,2025-02-19,2025-04-05,closed,2025-04-08,48.0,3.0,False,False,erratic_payer
INV701773,C1060,Metal Client 061,Metal & Engineering,45,47535.45,2025-02-24,2025-04-10,closed,2025-04-25,60.0,15.0,False,False,erratic_payer
INV701774,C1060,Metal Client 061,Metal & Engineering,45,111392.21,2025-02-26,2025-04-12,closed,2025-05-09,72.0,27.0,False,False,erratic_payer
INV701775,C1060,Metal Client 061,Metal & Engineering,45,131351.74,2025-03-04,2025-04-18,closed,2025-04-21,48.0,3.0,False,False,erratic_payer
INV701776,C1060,Metal Client 061,Metal & Engineering,45,163499.44,2025-03-06,2025-04-20,closed,2025-04-23,48.0,3.0,False,False,erratic_payer
INV701777,C1060,Metal Client 061,Metal & Engineering,45,229341.45,2025-03-12,2025-04-26,closed,2025-05-12,61.0,16.0,False,False,erratic_payer
INV701778,C1060,Metal Client 061,Metal & Engineering,45,132358.24,2025-03-13,2025-04-27,closed,2025-05-13,61.0,16.0,False,False,erratic_payer
INV701779,C1060,Metal Client 061,Metal & Engineering,45,64436.65,2025-04-11,2025-05-26,closed,2025-06-22,72.0,27.0,False,False,erratic_payer
INV701780,C1060,Metal Client 061,Metal & Engineering,45,590086.12,2025-04-17,2025-06-01,closed,2025-06-14,58.0,13.0,False,True,erratic_payer
INV701781,C1060,Metal Client 061,Metal & Engineering,45,102744.43,2025-05-23,2025-07-07,closed,2025-06-29,37.0,-8.0,True,False,erratic_payer
INV701782,C1060,Metal Client 061,Metal & Engineering,45,99040.77,2025-05-26,2025-07-10,closed,2025-08-26,92.0,47.0,False,False,erratic_payer
INV701783,C1060,Metal Client 061,Metal & Engineering,45,109359.76,2025-05-28,2025-07-12,closed,2025-08-03,67.0,22.0,False,False,erratic_payer
INV701784,C1060,Metal Client 061,Metal & Engineering,45,165895.14,2025-07-04,2025-08-18,closed,2025-08-20,47.0,2.0,False,False,erratic_payer
INV701785,C1060,Metal Client 061,Metal & Engineering,45,85743.48,2025-07-16,2025-08-30,closed,2025-09-11,57.0,12.0,False,False,erratic_payer
INV701786,C1060,Metal Client 061,Metal & Engineering,45,163933.36,2025-08-22,2025-10-06,closed,2025-10-23,62.0,17.0,False,False,erratic_payer
INV701787,C1060,Metal Client 061,Metal & Engineering,45,148144.65,2025-09-05,2025-10-20,closed,2025-11-02,58.0,13.0,False,False,erratic_payer
INV701788,C1060,Metal Client 061,Metal & Engineering,45,102898.58,2025-09-09,2025-10-24,closed,2025-11-06,58.0,13.0,False,False,erratic_payer
INV701789,C1060,Metal Client 061,Metal & Engineering,45,180034.49,2025-09-19,2025-11-03,closed,2025-11-07,49.0,4.0,False,False,erratic_payer
INV701790,C1060,Metal Client 061,Metal & Engineering,45,65592.29,2025-10-04,2025-11-18,closed,2025-11-26,53.0,8.0,False,False,erratic_payer
INV701791,C1060,Metal Client 061,Metal & Engineering,45,150670.79,2025-10-23,2025-12-07,closed,2025-12-02,40.0,-5.0,False,False,erratic_payer
INV701792,C1060,Metal Client 061,Metal & Engineering,45,142901.47,2025-10-23,2025-12-07,closed,2025-12-13,51.0,6.0,False,False,erratic_payer
INV701793,C1060,Metal Client 061,Metal & Engineering,45,96755.16,2025-10-29,2025-12-13,closed,2025-12-15,47.0,2.0,False,False,erratic_payer
INV701794,C1060,Metal Client 061,Metal & Engineering,45,154209.16,2025-12-03,2026-01-17,closed,2026-01-25,53.0,8.0,False,False,erratic_payer
INV701795,C1060,Metal Client 061,Metal & Engineering,45,148181.72,2025-12-18,2026-02-01,closed,2026-02-06,50.0,5.0,False,False,erratic_payer
INV701796,C1060,Metal Client 061,Metal & Engineering,45,100885.67,2026-01-16,2026-03-02,closed,2026-03-11,54.0,9.0,False,False,erratic_payer
INV701797,C1060,Metal Client 061,Metal & Engineering,45,152441.23,2026-01-19,2026-03-05,closed,2026-06-16,148.0,103.0,False,False,erratic_payer
INV701798,C1060,Metal Client 061,Metal & Engineering,45,106282.64,2026-01-22,2026-03-08,closed,2026-03-28,65.0,20.0,False,False,erratic_payer
INV701799,C1060,Metal Client 061,Metal & Engineering,45,91605.78,2026-02-28,2026-04-14,closed,2026-04-23,54.0,9.0,False,False,erratic_payer
INV701800,C1060,Metal Client 061,Metal & Engineering,45,165859.4,2026-03-13,2026-04-27,closed,2026-05-02,50.0,5.0,False,False,erratic_payer
INV701801,C1060,Metal Client 061,Metal & Engineering,45,160871.29,2026-03-20,2026-05-04,closed,2026-05-13,54.0,9.0,False,False,erratic_payer
INV701802,C1060,Metal Client 061,Metal & Engineering,45,176268.87,2026-03-28,2026-05-12,closed,2026-08-03,128.0,83.0,False,False,erratic_payer
INV701803,C1060,Metal Client 061,Metal & Engineering,45,184974.84,2026-04-20,2026-06-04,closed,2026-06-13,54.0,9.0,False,False,erratic_payer
INV701804,C1060,Metal Client 061,Metal & Engineering,45,58424.57,2026-06-15,2026-07-30,closed,2026-08-08,54.0,9.0,False,False,erratic_payer
INV701805,C1060,Metal Client 061,Metal & Engineering,45,128161.65,2026-06-17,2026-08-01,closed,2026-07-19,32.0,-13.0,False,False,erratic_payer
INV701806,C1060,Metal Client 061,Metal & Engineering,45,120693.07,2026-07-19,2026-09-02,open,,,,False,False,erratic_payer
INV701807,C1061,FMCG Client 062,FMCG & Food Processing,45,117910.49,2024-03-05,2024-04-19,closed,2024-05-07,63.0,18.0,False,True,seasonal_payer
INV701808,C1061,FMCG Client 062,FMCG & Food Processing,45,29398.53,2024-04-28,2024-06-12,closed,2024-06-16,49.0,4.0,False,False,seasonal_payer
INV701809,C1061,FMCG Client 062,FMCG & Food Processing,45,3602.17,2024-05-18,2024-07-02,closed,2024-07-05,48.0,3.0,False,False,seasonal_payer
INV701810,C1061,FMCG Client 062,FMCG & Food Processing,45,41094.54,2024-07-10,2024-08-24,closed,2024-08-24,45.0,0.0,False,False,seasonal_payer
INV701811,C1061,FMCG Client 062,FMCG & Food Processing,45,31168.7,2024-08-15,2024-09-29,closed,2024-09-24,40.0,-5.0,False,False,seasonal_payer
INV701812,C1061,FMCG Client 062,FMCG & Food Processing,45,33427.48,2024-09-24,2024-11-08,closed,2024-11-17,54.0,9.0,False,False,seasonal_payer
INV701813,C1061,FMCG Client 062,FMCG & Food Processing,45,42379.82,2024-11-12,2024-12-27,closed,2025-01-02,51.0,6.0,False,False,seasonal_payer
INV701814,C1061,FMCG Client 062,FMCG & Food Processing,45,12263.25,2024-11-22,2025-01-06,closed,2025-01-04,43.0,-2.0,False,False,seasonal_payer
INV701815,C1061,FMCG Client 062,FMCG & Food Processing,45,19642.15,2024-11-24,2025-01-08,closed,2025-01-17,54.0,9.0,False,False,seasonal_payer
INV701816,C1061,FMCG Client 062,FMCG & Food Processing,45,29647.0,2025-01-02,2025-02-16,closed,2025-03-03,60.0,15.0,False,False,seasonal_payer
INV701817,C1061,FMCG Client 062,FMCG & Food Processing,45,16606.99,2025-01-14,2025-02-28,closed,2025-03-16,61.0,16.0,False,False,seasonal_payer
INV701818,C1061,FMCG Client 062,FMCG & Food Processing,45,6309.88,2025-02-15,2025-04-01,closed,2025-04-15,59.0,14.0,False,False,seasonal_payer
INV701819,C1061,FMCG Client 062,FMCG & Food Processing,45,20420.74,2025-03-25,2025-05-09,closed,2025-05-22,58.0,13.0,False,False,seasonal_payer
INV701820,C1061,FMCG Client 062,FMCG & Food Processing,45,29588.22,2025-04-12,2025-05-27,closed,2025-05-26,44.0,-1.0,False,False,seasonal_payer
INV701821,C1061,FMCG Client 062,FMCG & Food Processing,45,35107.49,2025-04-24,2025-06-08,closed,2025-06-07,44.0,-1.0,False,False,seasonal_payer
INV701822,C1061,FMCG Client 062,FMCG & Food Processing,45,26657.81,2025-06-18,2025-08-02,closed,2025-08-01,44.0,-1.0,False,False,seasonal_payer
INV701823,C1061,FMCG Client 062,FMCG & Food Processing,45,3000.0,2025-10-29,2025-12-13,closed,2026-01-01,64.0,19.0,False,False,seasonal_payer
INV701824,C1061,FMCG Client 062,FMCG & Food Processing,45,26311.65,2025-11-01,2025-12-16,closed,2025-12-14,43.0,-2.0,False,False,seasonal_payer
INV701825,C1061,FMCG Client 062,FMCG & Food Processing,45,23403.48,2026-01-08,2026-02-22,closed,2026-03-09,60.0,15.0,False,False,seasonal_payer
INV701826,C1061,FMCG Client 062,FMCG & Food Processing,45,15429.14,2026-01-25,2026-03-11,closed,2026-03-17,51.0,6.0,False,False,seasonal_payer
INV701827,C1061,FMCG Client 062,FMCG & Food Processing,45,8627.7,2026-06-09,2026-07-24,closed,2026-07-22,43.0,-2.0,False,False,seasonal_payer
INV701828,C1061,FMCG Client 062,FMCG & Food Processing,45,30963.18,2026-06-27,2026-08-11,closed,2026-08-10,44.0,-1.0,False,False,seasonal_payer
INV701829,C1061,FMCG Client 062,FMCG & Food Processing,45,26011.03,2026-07-10,2026-08-24,open,,,,False,False,seasonal_payer
INV701830,C1061,FMCG Client 062,FMCG & Food Processing,45,20746.06,2026-07-18,2026-09-01,open,,,,False,False,seasonal_payer
INV701831,C1062,FMCG Client 063,FMCG & Food Processing,45,128877.03,2024-03-03,2024-04-17,closed,2024-04-10,38.0,-7.0,False,False,prompt_payer
INV701832,C1062,FMCG Client 063,FMCG & Food Processing,45,265525.97,2024-06-05,2024-07-20,closed,2024-07-21,46.0,1.0,False,False,prompt_payer
INV701833,C1062,FMCG Client 063,FMCG & Food Processing,45,306742.37,2024-06-12,2024-07-27,closed,2024-07-23,41.0,-4.0,False,False,prompt_payer
INV701834,C1062,FMCG Client 063,FMCG & Food Processing,45,191386.76,2024-07-13,2024-08-27,closed,2024-08-26,44.0,-1.0,False,False,prompt_payer
INV701835,C1062,FMCG Client 063,FMCG & Food Processing,45,240861.16,2024-09-11,2024-10-26,closed,2024-10-22,41.0,-4.0,False,False,prompt_payer
INV701836,C1062,FMCG Client 063,FMCG & Food Processing,45,220431.35,2024-10-05,2024-11-19,closed,2024-11-18,44.0,-1.0,False,False,prompt_payer
INV701837,C1062,FMCG Client 063,FMCG & Food Processing,45,526655.49,2024-10-11,2024-11-25,closed,2024-11-21,41.0,-4.0,False,False,prompt_payer
INV701838,C1062,FMCG Client 063,FMCG & Food Processing,45,410990.66,2024-12-31,2025-02-14,closed,2025-02-13,44.0,-1.0,False,False,prompt_payer
INV701839,C1062,FMCG Client 063,FMCG & Food Processing,45,374156.12,2025-01-23,2025-03-09,closed,2025-03-06,42.0,-3.0,False,False,prompt_payer
INV701840,C1062,FMCG Client 063,FMCG & Food Processing,45,440687.38,2025-02-08,2025-03-25,closed,2025-03-23,43.0,-2.0,False,False,prompt_payer
INV701841,C1062,FMCG Client 063,FMCG & Food Processing,45,255189.75,2025-03-10,2025-04-24,closed,2025-04-22,43.0,-2.0,False,False,prompt_payer
INV701842,C1062,FMCG Client 063,FMCG & Food Processing,45,382951.17,2025-03-18,2025-05-02,closed,2025-04-29,42.0,-3.0,False,False,prompt_payer
INV701843,C1062,FMCG Client 063,FMCG & Food Processing,45,456025.44,2025-04-04,2025-05-19,closed,2025-05-16,42.0,-3.0,False,False,prompt_payer
INV701844,C1062,FMCG Client 063,FMCG & Food Processing,45,332235.38,2025-05-09,2025-06-23,closed,2025-06-25,47.0,2.0,False,False,prompt_payer
INV701845,C1062,FMCG Client 063,FMCG & Food Processing,45,292243.36,2025-05-31,2025-07-15,closed,2025-07-11,41.0,-4.0,False,False,prompt_payer
INV701846,C1062,FMCG Client 063,FMCG & Food Processing,45,368382.96,2025-06-04,2025-07-19,closed,2025-07-19,45.0,0.0,False,False,prompt_payer
INV701847,C1062,FMCG Client 063,FMCG & Food Processing,45,228257.08,2025-06-11,2025-07-26,closed,2025-07-30,49.0,4.0,False,False,prompt_payer
INV701848,C1062,FMCG Client 063,FMCG & Food Processing,45,3000.0,2025-07-02,2025-08-16,closed,2025-08-10,39.0,-6.0,False,False,prompt_payer
INV701849,C1062,FMCG Client 063,FMCG & Food Processing,45,277360.79,2025-09-14,2025-10-29,closed,2025-10-23,39.0,-6.0,False,False,prompt_payer
INV701850,C1062,FMCG Client 063,FMCG & Food Processing,45,466010.11,2026-03-08,2026-04-22,closed,2026-04-18,41.0,-4.0,False,False,prompt_payer
INV701851,C1062,FMCG Client 063,FMCG & Food Processing,45,375008.36,2026-04-03,2026-05-18,closed,2026-05-16,43.0,-2.0,False,False,prompt_payer
INV701852,C1062,FMCG Client 063,FMCG & Food Processing,45,120427.72,2026-04-11,2026-05-26,closed,2026-05-28,47.0,2.0,False,False,prompt_payer
INV701853,C1062,FMCG Client 063,FMCG & Food Processing,45,314755.19,2026-05-24,2026-07-08,closed,2026-07-07,44.0,-1.0,False,False,prompt_payer
INV701854,C1062,FMCG Client 063,FMCG & Food Processing,45,272763.08,2026-06-17,2026-08-01,closed,2026-07-29,42.0,-3.0,False,False,prompt_payer
INV701855,C1062,FMCG Client 063,FMCG & Food Processing,45,215961.72,2026-07-08,2026-08-22,open,,,,False,False,prompt_payer
INV701856,C1062,FMCG Client 063,FMCG & Food Processing,45,2345272.66,2026-08-09,2026-09-23,open,,,,False,True,prompt_payer
INV701857,C1063,Pharma Client 064,Pharma & Healthcare,30,359628.36,2024-04-19,2024-05-19,closed,2024-05-17,28.0,-2.0,False,False,cold_start
INV701858,C1063,Pharma Client 064,Pharma & Healthcare,30,206787.98,2025-10-12,2025-11-11,closed,2025-11-18,37.0,7.0,True,False,cold_start
INV701859,C1064,Textiles Client 065,Textiles & Apparel,30,75421.15,2024-04-14,2024-05-14,closed,2024-05-25,41.0,11.0,True,False,erratic_payer
INV701860,C1064,Textiles Client 065,Textiles & Apparel,30,49307.01,2024-09-02,2024-10-02,closed,2024-09-14,12.0,-18.0,False,False,erratic_payer
INV701861,C1064,Textiles Client 065,Textiles & Apparel,30,67303.98,2024-09-04,2024-10-04,closed,2024-10-14,40.0,10.0,False,False,erratic_payer
INV701862,C1064,Textiles Client 065,Textiles & Apparel,30,61549.73,2024-09-13,2024-10-13,closed,2024-11-08,56.0,26.0,False,False,erratic_payer
INV701863,C1064,Textiles Client 065,Textiles & Apparel,30,93497.39,2024-12-01,2024-12-31,closed,2025-01-11,41.0,11.0,False,False,erratic_payer
INV701864,C1064,Textiles Client 065,Textiles & Apparel,30,56104.37,2025-01-07,2025-02-06,closed,2025-03-10,62.0,32.0,False,False,erratic_payer
INV701865,C1064,Textiles Client 065,Textiles & Apparel,30,38831.69,2025-02-10,2025-03-12,closed,2025-03-12,30.0,0.0,False,False,erratic_payer
INV701866,C1064,Textiles Client 065,Textiles & Apparel,30,91510.57,2025-04-30,2025-05-30,closed,2025-06-25,56.0,26.0,False,False,erratic_payer
INV701867,C1064,Textiles Client 065,Textiles & Apparel,30,60585.5,2025-05-16,2025-06-15,closed,2025-08-23,99.0,69.0,False,False,erratic_payer
INV701868,C1064,Textiles Client 065,Textiles & Apparel,30,38963.49,2025-06-04,2025-07-04,closed,2025-07-14,40.0,10.0,False,False,erratic_payer
INV701869,C1064,Textiles Client 065,Textiles & Apparel,30,73494.07,2025-06-16,2025-07-16,closed,2025-08-01,46.0,16.0,False,False,erratic_payer
INV701870,C1064,Textiles Client 065,Textiles & Apparel,30,94499.17,2025-07-15,2025-08-14,closed,2025-09-02,49.0,19.0,False,False,erratic_payer
INV701871,C1064,Textiles Client 065,Textiles & Apparel,30,65687.1,2025-08-31,2025-09-30,closed,2025-09-27,27.0,-3.0,False,False,erratic_payer
INV701872,C1064,Textiles Client 065,Textiles & Apparel,30,42308.68,2026-04-12,2026-05-12,closed,2026-06-04,53.0,23.0,False,False,erratic_payer
INV701873,C1064,Textiles Client 065,Textiles & Apparel,30,92645.96,2026-06-20,2026-07-20,closed,2026-07-27,37.0,7.0,False,False,erratic_payer
INV701874,C1065,Chemicals Client 066,Chemicals & Plastics,60,203244.31,2024-04-24,2024-06-23,closed,2024-06-29,66.0,6.0,False,False,deteriorating_payer
INV701875,C1065,Chemicals Client 066,Chemicals & Plastics,60,450417.04,2024-06-11,2024-08-10,closed,2024-08-10,60.0,0.0,False,False,deteriorating_payer
INV701876,C1065,Chemicals Client 066,Chemicals & Plastics,60,188816.53,2024-09-09,2024-11-08,closed,2024-11-20,72.0,12.0,False,False,deteriorating_payer
INV701877,C1065,Chemicals Client 066,Chemicals & Plastics,60,284410.43,2024-09-30,2024-11-29,closed,2024-12-10,71.0,11.0,False,False,deteriorating_payer
INV701878,C1065,Chemicals Client 066,Chemicals & Plastics,60,152716.85,2024-10-30,2024-12-29,closed,2025-01-11,73.0,13.0,False,False,deteriorating_payer
INV701879,C1065,Chemicals Client 066,Chemicals & Plastics,60,2469336.85,2024-12-30,2025-02-28,closed,2025-03-06,66.0,6.0,False,True,deteriorating_payer
INV701880,C1065,Chemicals Client 066,Chemicals & Plastics,60,293433.38,2025-03-15,2025-05-14,closed,2025-06-01,78.0,18.0,False,False,deteriorating_payer
INV701881,C1065,Chemicals Client 066,Chemicals & Plastics,60,245707.11,2025-04-16,2025-06-15,closed,2025-07-18,93.0,33.0,False,False,deteriorating_payer
INV701882,C1065,Chemicals Client 066,Chemicals & Plastics,60,258858.55,2025-05-16,2025-07-15,closed,2025-08-16,92.0,32.0,False,False,deteriorating_payer
INV701883,C1065,Chemicals Client 066,Chemicals & Plastics,60,554198.54,2025-08-18,2025-10-17,closed,2025-11-12,86.0,26.0,False,False,deteriorating_payer
INV701884,C1065,Chemicals Client 066,Chemicals & Plastics,60,378425.4,2025-10-24,2025-12-23,closed,2026-01-09,77.0,17.0,False,False,deteriorating_payer
INV701885,C1065,Chemicals Client 066,Chemicals & Plastics,60,231980.73,2025-11-09,2026-01-08,closed,2026-02-15,98.0,38.0,False,False,deteriorating_payer
INV701886,C1065,Chemicals Client 066,Chemicals & Plastics,60,260819.85,2026-01-12,2026-03-13,closed,2026-03-31,78.0,18.0,False,False,deteriorating_payer
INV701887,C1065,Chemicals Client 066,Chemicals & Plastics,60,323439.98,2026-02-03,2026-04-04,closed,2026-05-23,109.0,49.0,False,False,deteriorating_payer
INV701888,C1065,Chemicals Client 066,Chemicals & Plastics,60,284382.87,2026-04-10,2026-06-09,closed,2026-07-14,95.0,35.0,False,False,deteriorating_payer
INV701889,C1065,Chemicals Client 066,Chemicals & Plastics,60,365424.0,2026-05-27,2026-07-26,open,,,,False,False,deteriorating_payer
INV701890,C1065,Chemicals Client 066,Chemicals & Plastics,60,392416.84,2026-06-12,2026-08-11,open,,,,False,False,deteriorating_payer
INV701891,C1065,Chemicals Client 066,Chemicals & Plastics,60,228472.15,2026-07-09,2026-09-07,open,,,,False,False,deteriorating_payer
INV701892,C1066,Textiles Client 067,Textiles & Apparel,45,29092.19,2024-04-06,2024-05-21,closed,2024-05-18,42.0,-3.0,False,False,average_payer
INV701893,C1066,Textiles Client 067,Textiles & Apparel,45,13463.84,2024-06-20,2024-08-04,closed,2024-08-21,62.0,17.0,False,False,average_payer
INV701894,C1066,Textiles Client 067,Textiles & Apparel,45,43657.66,2024-08-07,2024-09-21,closed,2024-09-26,50.0,5.0,False,False,average_payer
INV701895,C1066,Textiles Client 067,Textiles & Apparel,45,39838.0,2024-09-30,2024-11-14,closed,2024-11-17,48.0,3.0,False,False,average_payer
INV701896,C1066,Textiles Client 067,Textiles & Apparel,45,12700.24,2024-11-02,2024-12-17,closed,2024-12-19,47.0,2.0,False,False,average_payer
INV701897,C1066,Textiles Client 067,Textiles & Apparel,45,28473.14,2024-12-07,2025-01-21,closed,2025-01-29,53.0,8.0,False,False,average_payer
INV701898,C1066,Textiles Client 067,Textiles & Apparel,45,21275.58,2024-12-07,2025-01-21,closed,2025-02-03,58.0,13.0,False,False,average_payer
INV701899,C1066,Textiles Client 067,Textiles & Apparel,45,16992.22,2024-12-10,2025-01-24,closed,2025-01-22,43.0,-2.0,False,False,average_payer
INV701900,C1066,Textiles Client 067,Textiles & Apparel,45,27251.16,2024-12-14,2025-01-28,closed,2025-02-02,50.0,5.0,False,False,average_payer
INV701901,C1066,Textiles Client 067,Textiles & Apparel,45,27859.95,2025-01-01,2025-02-15,closed,2025-02-13,43.0,-2.0,False,False,average_payer
INV701902,C1066,Textiles Client 067,Textiles & Apparel,45,30513.84,2025-04-07,2025-05-22,closed,2025-05-28,51.0,6.0,False,False,average_payer
INV701903,C1066,Textiles Client 067,Textiles & Apparel,45,149621.91,2025-04-12,2025-05-27,closed,2025-06-03,52.0,7.0,False,True,average_payer
INV701904,C1066,Textiles Client 067,Textiles & Apparel,45,18243.62,2025-05-11,2025-06-25,closed,2025-06-14,34.0,-11.0,False,False,average_payer
INV701905,C1066,Textiles Client 067,Textiles & Apparel,45,22870.88,2025-06-14,2025-07-29,closed,2025-08-03,50.0,5.0,True,False,average_payer
INV701906,C1066,Textiles Client 067,Textiles & Apparel,45,19790.49,2025-09-27,2025-11-11,closed,2025-11-19,53.0,8.0,False,False,average_payer
INV701907,C1066,Textiles Client 067,Textiles & Apparel,45,34640.6,2025-11-11,2025-12-26,closed,2025-12-27,46.0,1.0,False,False,average_payer
INV701908,C1066,Textiles Client 067,Textiles & Apparel,45,27682.75,2025-11-19,2026-01-03,closed,2026-01-15,57.0,12.0,False,False,average_payer
INV701909,C1066,Textiles Client 067,Textiles & Apparel,45,27624.03,2026-01-28,2026-03-14,closed,2026-04-03,65.0,20.0,False,False,average_payer
INV701910,C1067,Pharma Client 068,Pharma & Healthcare,30,96854.56,2024-02-24,2024-03-25,closed,2024-04-12,48.0,18.0,False,False,chronic_late_payer
INV701911,C1067,Pharma Client 068,Pharma & Healthcare,30,347254.34,2024-02-28,2024-03-29,closed,2024-04-24,56.0,26.0,False,True,chronic_late_payer
INV701912,C1067,Pharma Client 068,Pharma & Healthcare,30,148676.24,2024-03-09,2024-04-08,closed,2024-05-02,54.0,24.0,False,False,chronic_late_payer
INV701913,C1067,Pharma Client 068,Pharma & Healthcare,30,168396.28,2024-03-10,2024-04-09,closed,2024-05-07,58.0,28.0,False,False,chronic_late_payer
INV701914,C1067,Pharma Client 068,Pharma & Healthcare,30,257389.74,2024-04-23,2024-05-23,closed,2024-06-20,58.0,28.0,False,True,chronic_late_payer
INV701915,C1067,Pharma Client 068,Pharma & Healthcare,30,129481.81,2024-05-18,2024-06-17,closed,2024-07-11,54.0,24.0,False,False,chronic_late_payer
INV701916,C1067,Pharma Client 068,Pharma & Healthcare,30,52211.18,2024-06-06,2024-07-06,closed,2024-08-02,57.0,27.0,False,False,chronic_late_payer
INV701917,C1067,Pharma Client 068,Pharma & Healthcare,30,91550.8,2024-07-18,2024-08-17,closed,2024-09-10,54.0,24.0,False,False,chronic_late_payer
INV701918,C1067,Pharma Client 068,Pharma & Healthcare,30,153339.96,2024-09-13,2024-10-13,closed,2024-11-11,59.0,29.0,False,False,chronic_late_payer
INV701919,C1067,Pharma Client 068,Pharma & Healthcare,30,114581.07,2024-10-20,2024-11-19,closed,2024-12-12,53.0,23.0,False,False,chronic_late_payer
INV701920,C1067,Pharma Client 068,Pharma & Healthcare,30,142834.87,2024-10-26,2024-11-25,closed,2024-12-13,48.0,18.0,False,False,chronic_late_payer
INV701921,C1067,Pharma Client 068,Pharma & Healthcare,30,69671.06,2025-01-10,2025-02-09,closed,2025-03-10,59.0,29.0,False,False,chronic_late_payer
INV701922,C1067,Pharma Client 068,Pharma & Healthcare,30,86709.65,2025-01-26,2025-02-25,closed,2025-03-25,58.0,28.0,False,False,chronic_late_payer
INV701923,C1067,Pharma Client 068,Pharma & Healthcare,30,136666.36,2025-02-13,2025-03-15,closed,2025-04-04,50.0,20.0,False,False,chronic_late_payer
INV701924,C1067,Pharma Client 068,Pharma & Healthcare,30,96528.64,2025-03-25,2025-04-24,closed,2025-05-21,57.0,27.0,False,False,chronic_late_payer
INV701925,C1067,Pharma Client 068,Pharma & Healthcare,30,93388.71,2025-04-16,2025-05-16,closed,2025-06-04,49.0,19.0,False,False,chronic_late_payer
INV701926,C1067,Pharma Client 068,Pharma & Healthcare,30,54139.12,2025-04-18,2025-05-18,closed,2025-06-19,62.0,32.0,False,False,chronic_late_payer
INV701927,C1067,Pharma Client 068,Pharma & Healthcare,30,129104.54,2025-04-22,2025-05-22,closed,2025-06-16,55.0,25.0,False,False,chronic_late_payer
INV701928,C1067,Pharma Client 068,Pharma & Healthcare,30,98553.89,2025-06-01,2025-07-01,closed,2025-07-23,52.0,22.0,False,False,chronic_late_payer
INV701929,C1067,Pharma Client 068,Pharma & Healthcare,30,157379.46,2025-06-14,2025-07-14,closed,2025-08-06,53.0,23.0,False,False,chronic_late_payer
INV701930,C1067,Pharma Client 068,Pharma & Healthcare,30,170343.36,2025-07-04,2025-08-03,closed,2025-08-28,55.0,25.0,True,False,chronic_late_payer
INV701931,C1067,Pharma Client 068,Pharma & Healthcare,30,62369.61,2025-09-04,2025-10-04,closed,2025-10-29,55.0,25.0,False,False,chronic_late_payer
INV701932,C1067,Pharma Client 068,Pharma & Healthcare,30,105633.86,2025-09-05,2025-10-05,closed,2025-10-28,53.0,23.0,False,False,chronic_late_payer
INV701933,C1067,Pharma Client 068,Pharma & Healthcare,30,80058.46,2025-10-30,2025-11-29,closed,2025-12-19,50.0,20.0,False,False,chronic_late_payer
INV701934,C1067,Pharma Client 068,Pharma & Healthcare,30,98564.66,2025-11-08,2025-12-08,closed,2025-12-25,47.0,17.0,False,False,chronic_late_payer
INV701935,C1067,Pharma Client 068,Pharma & Healthcare,30,74739.62,2025-11-12,2025-12-12,closed,2025-12-31,49.0,19.0,False,False,chronic_late_payer
INV701936,C1067,Pharma Client 068,Pharma & Healthcare,30,116724.82,2025-11-17,2025-12-17,closed,2026-01-06,50.0,20.0,False,False,chronic_late_payer
INV701937,C1067,Pharma Client 068,Pharma & Healthcare,30,64815.16,2025-12-16,2026-01-15,closed,2026-02-07,53.0,23.0,False,False,chronic_late_payer
INV701938,C1067,Pharma Client 068,Pharma & Healthcare,30,158417.89,2026-01-17,2026-02-16,closed,2026-03-17,59.0,29.0,False,False,chronic_late_payer
INV701939,C1067,Pharma Client 068,Pharma & Healthcare,30,163538.82,2026-01-22,2026-02-21,closed,2026-03-12,49.0,19.0,False,False,chronic_late_payer
INV701940,C1067,Pharma Client 068,Pharma & Healthcare,30,86206.32,2026-03-26,2026-04-25,closed,2026-05-17,52.0,22.0,False,False,chronic_late_payer
INV701941,C1067,Pharma Client 068,Pharma & Healthcare,30,94452.76,2026-04-18,2026-05-18,closed,2026-06-12,55.0,25.0,False,False,chronic_late_payer
INV701942,C1067,Pharma Client 068,Pharma & Healthcare,30,99398.05,2026-05-06,2026-06-05,closed,2026-06-30,55.0,25.0,False,False,chronic_late_payer
INV701943,C1067,Pharma Client 068,Pharma & Healthcare,30,115190.06,2026-06-12,2026-07-12,disputed_open,,,,False,False,chronic_late_payer
INV701944,C1067,Pharma Client 068,Pharma & Healthcare,30,50361.83,2026-07-03,2026-08-02,open,,,,False,False,chronic_late_payer
INV701945,C1067,Pharma Client 068,Pharma & Healthcare,30,49374.15,2026-07-22,2026-08-21,open,,,,False,False,chronic_late_payer
INV701946,C1067,Pharma Client 068,Pharma & Healthcare,30,71915.35,2026-07-27,2026-08-26,open,,,,False,False,chronic_late_payer
INV701947,C1067,Pharma Client 068,Pharma & Healthcare,30,125045.32,2026-08-03,2026-09-02,open,,,,False,False,chronic_late_payer
INV701948,C1067,Pharma Client 068,Pharma & Healthcare,30,184232.85,2026-08-06,2026-09-05,open,,,,False,False,chronic_late_payer
INV701949,C1068,Retail Client 069,Retail & Distribution,30,51345.76,2024-11-15,2024-12-15,closed,2024-12-19,34.0,4.0,False,False,average_payer
INV701950,C1068,Retail Client 069,Retail & Distribution,30,57322.32,2025-02-07,2025-03-09,closed,2025-03-17,38.0,8.0,False,False,average_payer
INV701951,C1068,Retail Client 069,Retail & Distribution,30,39366.23,2025-02-20,2025-03-22,closed,2025-03-19,27.0,-3.0,False,False,average_payer
INV701952,C1068,Retail Client 069,Retail & Distribution,30,44759.2,2025-06-04,2025-07-04,closed,2025-07-05,31.0,1.0,False,False,average_payer
INV701953,C1068,Retail Client 069,Retail & Distribution,30,43320.6,2025-06-11,2025-07-11,closed,2025-07-22,41.0,11.0,False,False,average_payer
INV701954,C1068,Retail Client 069,Retail & Distribution,30,89682.95,2025-12-12,2026-01-11,closed,2026-01-10,29.0,-1.0,False,False,average_payer
INV701955,C1068,Retail Client 069,Retail & Distribution,30,60352.55,2026-03-02,2026-04-01,closed,2026-03-27,25.0,-5.0,False,False,average_payer
INV701956,C1068,Retail Client 069,Retail & Distribution,30,36563.19,2026-03-26,2026-04-25,closed,2026-04-18,23.0,-7.0,False,False,average_payer
INV701957,C1068,Retail Client 069,Retail & Distribution,30,50283.69,2026-05-13,2026-06-12,closed,2026-06-15,33.0,3.0,False,False,average_payer
INV701958,C1068,Retail Client 069,Retail & Distribution,30,55016.32,2026-08-03,2026-09-02,open,,,,False,False,average_payer
INV701959,C1069,Textiles Client 070,Textiles & Apparel,45,61589.4,2024-02-19,2024-04-04,closed,2024-04-04,45.0,0.0,True,False,prompt_payer
INV701960,C1069,Textiles Client 070,Textiles & Apparel,45,59186.14,2024-02-23,2024-04-08,closed,2024-04-11,48.0,3.0,False,False,prompt_payer
INV701961,C1069,Textiles Client 070,Textiles & Apparel,45,66465.18,2024-02-24,2024-04-09,closed,2024-04-08,44.0,-1.0,True,False,prompt_payer
INV701962,C1069,Textiles Client 070,Textiles & Apparel,45,61228.07,2024-03-11,2024-04-25,closed,2024-04-27,47.0,2.0,False,False,prompt_payer
INV701963,C1069,Textiles Client 070,Textiles & Apparel,45,59789.46,2024-04-16,2024-05-31,closed,2024-06-03,48.0,3.0,False,False,prompt_payer
INV701964,C1069,Textiles Client 070,Textiles & Apparel,45,82739.68,2024-04-17,2024-06-01,closed,2024-06-03,47.0,2.0,False,False,prompt_payer
INV701965,C1069,Textiles Client 070,Textiles & Apparel,45,67981.45,2024-05-28,2024-07-12,closed,2024-07-17,50.0,5.0,False,False,prompt_payer
INV701966,C1069,Textiles Client 070,Textiles & Apparel,45,99540.35,2024-06-28,2024-08-12,closed,2024-08-09,42.0,-3.0,False,False,prompt_payer
INV701967,C1069,Textiles Client 070,Textiles & Apparel,45,98324.68,2024-07-12,2024-08-26,closed,2024-08-31,50.0,5.0,False,False,prompt_payer
INV701968,C1069,Textiles Client 070,Textiles & Apparel,45,66909.88,2024-08-26,2024-10-10,closed,2024-10-13,48.0,3.0,False,False,prompt_payer
INV701969,C1069,Textiles Client 070,Textiles & Apparel,45,90630.95,2024-10-24,2024-12-08,closed,2024-12-08,45.0,0.0,False,False,prompt_payer
INV701970,C1069,Textiles Client 070,Textiles & Apparel,45,32346.81,2024-11-13,2024-12-28,closed,2024-12-27,44.0,-1.0,False,False,prompt_payer
INV701971,C1069,Textiles Client 070,Textiles & Apparel,45,86811.85,2024-11-15,2024-12-30,closed,2024-12-30,45.0,0.0,False,False,prompt_payer
INV701972,C1069,Textiles Client 070,Textiles & Apparel,45,71973.21,2024-12-26,2025-02-09,closed,2025-02-10,46.0,1.0,False,False,prompt_payer
INV701973,C1069,Textiles Client 070,Textiles & Apparel,45,59120.96,2025-01-16,2025-03-02,closed,2025-02-28,43.0,-2.0,False,False,prompt_payer
INV701974,C1069,Textiles Client 070,Textiles & Apparel,45,64275.45,2025-02-28,2025-04-14,closed,2025-04-13,44.0,-1.0,False,False,prompt_payer
INV701975,C1069,Textiles Client 070,Textiles & Apparel,45,40805.2,2025-03-11,2025-04-25,closed,2025-04-21,41.0,-4.0,False,False,prompt_payer
INV701976,C1069,Textiles Client 070,Textiles & Apparel,45,73421.57,2025-03-22,2025-05-06,closed,2025-05-04,43.0,-2.0,False,False,prompt_payer
INV701977,C1069,Textiles Client 070,Textiles & Apparel,45,75650.82,2025-04-14,2025-05-29,closed,2025-06-02,49.0,4.0,False,False,prompt_payer
INV701978,C1069,Textiles Client 070,Textiles & Apparel,45,42202.56,2025-04-21,2025-06-05,closed,2025-06-02,42.0,-3.0,False,False,prompt_payer
INV701979,C1069,Textiles Client 070,Textiles & Apparel,45,364810.23,2025-06-01,2025-07-16,closed,2025-07-17,46.0,1.0,False,True,prompt_payer
INV701980,C1069,Textiles Client 070,Textiles & Apparel,45,46971.05,2025-07-15,2025-08-29,closed,2025-08-28,44.0,-1.0,False,False,prompt_payer
INV701981,C1069,Textiles Client 070,Textiles & Apparel,45,73880.39,2025-07-28,2025-09-11,closed,2025-09-11,45.0,0.0,False,False,prompt_payer
INV701982,C1069,Textiles Client 070,Textiles & Apparel,45,307527.16,2025-08-05,2025-09-19,closed,2025-09-20,46.0,1.0,False,True,prompt_payer
INV701983,C1069,Textiles Client 070,Textiles & Apparel,45,50942.79,2025-08-31,2025-10-15,closed,2025-10-11,41.0,-4.0,False,False,prompt_payer
INV701984,C1069,Textiles Client 070,Textiles & Apparel,45,32298.66,2025-09-03,2025-10-18,closed,2025-10-22,49.0,4.0,False,False,prompt_payer
INV701985,C1069,Textiles Client 070,Textiles & Apparel,45,55273.2,2025-10-15,2025-11-29,closed,2025-11-24,40.0,-5.0,False,False,prompt_payer
INV701986,C1069,Textiles Client 070,Textiles & Apparel,45,29734.1,2025-10-15,2025-11-29,closed,2025-12-03,49.0,4.0,False,False,prompt_payer
INV701987,C1069,Textiles Client 070,Textiles & Apparel,45,21351.35,2025-10-18,2025-12-02,closed,2025-12-03,46.0,1.0,False,False,prompt_payer
INV701988,C1069,Textiles Client 070,Textiles & Apparel,45,42678.96,2025-12-06,2026-01-20,closed,2026-01-17,42.0,-3.0,False,False,prompt_payer
INV701989,C1069,Textiles Client 070,Textiles & Apparel,45,34471.64,2025-12-09,2026-01-23,closed,2026-01-23,45.0,0.0,False,False,prompt_payer
INV701990,C1069,Textiles Client 070,Textiles & Apparel,45,51360.04,2026-01-02,2026-02-16,closed,2026-02-14,43.0,-2.0,False,False,prompt_payer
INV701991,C1069,Textiles Client 070,Textiles & Apparel,45,64241.1,2026-01-08,2026-02-22,closed,2026-02-22,45.0,0.0,False,False,prompt_payer
INV701992,C1069,Textiles Client 070,Textiles & Apparel,45,38304.26,2026-02-24,2026-04-10,closed,2026-04-09,44.0,-1.0,False,False,prompt_payer
INV701993,C1069,Textiles Client 070,Textiles & Apparel,45,51201.49,2026-04-08,2026-05-23,closed,2026-05-23,45.0,0.0,False,False,prompt_payer
INV701994,C1069,Textiles Client 070,Textiles & Apparel,45,55074.63,2026-05-18,2026-07-02,closed,2026-07-08,51.0,6.0,False,False,prompt_payer
INV701995,C1069,Textiles Client 070,Textiles & Apparel,45,54642.55,2026-06-04,2026-07-19,closed,2026-07-19,45.0,0.0,False,False,prompt_payer
INV701996,C1069,Textiles Client 070,Textiles & Apparel,45,42205.69,2026-06-16,2026-07-31,closed,2026-08-01,46.0,1.0,False,False,prompt_payer
INV701997,C1069,Textiles Client 070,Textiles & Apparel,45,61308.01,2026-07-08,2026-08-22,open,,,,False,False,prompt_payer
INV701998,C1069,Textiles Client 070,Textiles & Apparel,45,66026.9,2026-07-25,2026-09-08,open,,,,False,False,prompt_payer
INV701999,C1070,Retail Client 071,Retail & Distribution,30,1360551.83,2024-03-27,2024-04-26,closed,2024-04-30,34.0,4.0,False,False,deteriorating_payer
INV702000,C1070,Retail Client 071,Retail & Distribution,30,1252079.72,2024-03-29,2024-04-28,closed,2024-05-02,34.0,4.0,False,False,deteriorating_payer
INV702001,C1070,Retail Client 071,Retail & Distribution,30,582500.2,2024-04-21,2024-05-21,closed,2024-05-25,34.0,4.0,False,False,deteriorating_payer
INV702002,C1070,Retail Client 071,Retail & Distribution,30,726298.88,2024-04-27,2024-05-27,closed,2024-06-07,41.0,11.0,False,False,deteriorating_payer
INV702003,C1070,Retail Client 071,Retail & Distribution,30,594542.47,2024-05-18,2024-06-17,closed,2024-06-28,41.0,11.0,False,False,deteriorating_payer
INV702004,C1070,Retail Client 071,Retail & Distribution,30,1035598.36,2024-05-22,2024-06-21,closed,2024-06-29,38.0,8.0,False,False,deteriorating_payer
INV702005,C1070,Retail Client 071,Retail & Distribution,30,787796.68,2024-07-26,2024-08-25,closed,2024-08-24,29.0,-1.0,False,False,deteriorating_payer
INV702006,C1070,Retail Client 071,Retail & Distribution,30,323366.85,2024-07-26,2024-08-25,closed,2024-08-28,33.0,3.0,False,False,deteriorating_payer
INV702007,C1070,Retail Client 071,Retail & Distribution,30,798050.52,2024-08-04,2024-09-03,closed,2024-09-17,44.0,14.0,False,False,deteriorating_payer
INV702008,C1070,Retail Client 071,Retail & Distribution,30,435934.6,2024-08-10,2024-09-09,closed,2024-09-25,46.0,16.0,False,False,deteriorating_payer
INV702009,C1070,Retail Client 071,Retail & Distribution,30,606790.97,2024-08-24,2024-09-23,closed,2024-10-01,38.0,8.0,False,False,deteriorating_payer
INV702010,C1070,Retail Client 071,Retail & Distribution,30,916198.83,2024-09-04,2024-10-04,closed,2024-10-16,42.0,12.0,False,False,deteriorating_payer
INV702011,C1070,Retail Client 071,Retail & Distribution,30,589457.14,2024-09-13,2024-10-13,closed,2024-10-22,39.0,9.0,False,False,deteriorating_payer
INV702012,C1070,Retail Client 071,Retail & Distribution,30,714533.42,2024-09-20,2024-10-20,closed,2024-11-10,51.0,21.0,False,False,deteriorating_payer
INV702013,C1070,Retail Client 071,Retail & Distribution,30,920056.6,2024-09-29,2024-10-29,closed,2024-11-10,42.0,12.0,False,False,deteriorating_payer
INV702014,C1070,Retail Client 071,Retail & Distribution,30,1133943.61,2024-10-05,2024-11-04,closed,2024-11-15,41.0,11.0,False,False,deteriorating_payer
INV702015,C1070,Retail Client 071,Retail & Distribution,30,667586.22,2024-11-05,2024-12-05,closed,2024-12-14,39.0,9.0,False,False,deteriorating_payer
INV702016,C1070,Retail Client 071,Retail & Distribution,30,742817.87,2024-11-14,2024-12-14,closed,2025-01-03,50.0,20.0,False,False,deteriorating_payer
INV702017,C1070,Retail Client 071,Retail & Distribution,30,578672.03,2024-12-03,2025-01-02,closed,2025-01-22,50.0,20.0,False,False,deteriorating_payer
INV702018,C1070,Retail Client 071,Retail & Distribution,30,349732.65,2025-03-13,2025-04-12,closed,2025-05-01,49.0,19.0,False,False,deteriorating_payer
INV702019,C1070,Retail Client 071,Retail & Distribution,30,834907.85,2025-03-31,2025-04-30,closed,2025-05-21,51.0,21.0,False,False,deteriorating_payer
INV702020,C1070,Retail Client 071,Retail & Distribution,30,1151169.92,2025-04-16,2025-05-16,closed,2025-06-09,54.0,24.0,False,False,deteriorating_payer
INV702021,C1070,Retail Client 071,Retail & Distribution,30,376217.78,2025-05-17,2025-06-16,closed,2025-07-06,50.0,20.0,False,False,deteriorating_payer
INV702022,C1070,Retail Client 071,Retail & Distribution,30,2695439.46,2025-05-30,2025-06-29,closed,2025-07-25,56.0,26.0,False,True,deteriorating_payer
INV702023,C1070,Retail Client 071,Retail & Distribution,30,723588.89,2025-07-03,2025-08-02,closed,2025-08-25,53.0,23.0,False,False,deteriorating_payer
INV702024,C1070,Retail Client 071,Retail & Distribution,30,391847.26,2025-08-11,2025-09-10,closed,2025-10-06,56.0,26.0,False,False,deteriorating_payer
INV702025,C1070,Retail Client 071,Retail & Distribution,30,1131041.69,2025-09-10,2025-10-10,closed,2025-11-02,53.0,23.0,False,False,deteriorating_payer
INV702026,C1070,Retail Client 071,Retail & Distribution,30,821335.39,2025-09-20,2025-10-20,closed,2025-11-24,65.0,35.0,False,False,deteriorating_payer
INV702027,C1070,Retail Client 071,Retail & Distribution,30,811326.92,2025-09-26,2025-10-26,closed,2025-11-23,58.0,28.0,False,False,deteriorating_payer
INV702028,C1070,Retail Client 071,Retail & Distribution,30,781753.17,2025-10-14,2025-11-13,closed,2025-11-29,46.0,16.0,False,False,deteriorating_payer
INV702029,C1070,Retail Client 071,Retail & Distribution,30,984385.55,2025-10-18,2025-11-17,closed,2025-12-15,58.0,28.0,False,False,deteriorating_payer
INV702030,C1070,Retail Client 071,Retail & Distribution,30,814878.74,2025-10-27,2025-11-26,closed,2025-12-30,64.0,34.0,False,False,deteriorating_payer
INV702031,C1070,Retail Client 071,Retail & Distribution,30,1279557.72,2026-02-04,2026-03-06,closed,2026-04-18,73.0,43.0,False,False,deteriorating_payer
INV702032,C1070,Retail Client 071,Retail & Distribution,30,665590.35,2026-02-19,2026-03-21,closed,2026-04-20,60.0,30.0,False,False,deteriorating_payer
INV702033,C1070,Retail Client 071,Retail & Distribution,30,1315477.04,2026-05-02,2026-06-01,closed,2026-07-13,72.0,42.0,False,False,deteriorating_payer
INV702034,C1070,Retail Client 071,Retail & Distribution,30,769038.61,2026-05-25,2026-06-24,closed,2026-07-25,61.0,31.0,False,False,deteriorating_payer
INV702035,C1070,Retail Client 071,Retail & Distribution,30,1058092.59,2026-06-03,2026-07-03,closed,2026-08-04,62.0,32.0,False,False,deteriorating_payer
INV702036,C1070,Retail Client 071,Retail & Distribution,30,1039717.75,2026-06-18,2026-07-18,open,,,,False,False,deteriorating_payer
INV702037,C1070,Retail Client 071,Retail & Distribution,30,1360625.44,2026-06-21,2026-07-21,open,,,,False,False,deteriorating_payer
INV702038,C1070,Retail Client 071,Retail & Distribution,30,661499.11,2026-07-27,2026-08-26,open,,,,False,False,deteriorating_payer
INV702039,C1070,Retail Client 071,Retail & Distribution,30,332016.67,2026-08-11,2026-09-10,open,,,,False,False,deteriorating_payer
INV702040,C1071,Metal Client 072,Metal & Engineering,45,391700.21,2024-02-23,2024-04-08,closed,2024-06-04,102.0,57.0,False,False,improving_payer
INV702041,C1071,Metal Client 072,Metal & Engineering,45,2254194.46,2024-03-18,2024-05-02,closed,2024-06-12,86.0,41.0,False,True,improving_payer
INV702042,C1071,Metal Client 072,Metal & Engineering,45,231930.88,2024-04-04,2024-05-19,closed,2024-06-21,78.0,33.0,False,False,improving_payer
INV702043,C1071,Metal Client 072,Metal & Engineering,45,280112.72,2024-04-10,2024-05-25,closed,2024-06-20,71.0,26.0,False,False,improving_payer
INV702044,C1071,Metal Client 072,Metal & Engineering,45,600537.68,2024-04-18,2024-06-02,closed,2024-07-05,78.0,33.0,False,False,improving_payer
INV702045,C1071,Metal Client 072,Metal & Engineering,45,263246.56,2024-06-26,2024-08-10,closed,2024-09-20,86.0,41.0,False,False,improving_payer
INV702046,C1071,Metal Client 072,Metal & Engineering,45,302073.79,2024-06-28,2024-08-12,closed,2024-09-20,84.0,39.0,False,False,improving_payer
INV702047,C1071,Metal Client 072,Metal & Engineering,45,1633169.42,2024-07-11,2024-08-25,closed,2024-09-29,80.0,35.0,False,True,improving_payer
INV702048,C1071,Metal Client 072,Metal & Engineering,45,113021.02,2024-07-13,2024-08-27,closed,2024-10-15,94.0,49.0,False,False,improving_payer
INV702049,C1071,Metal Client 072,Metal & Engineering,45,258047.76,2024-10-04,2024-11-18,closed,2024-12-25,82.0,37.0,False,False,improving_payer
INV702050,C1071,Metal Client 072,Metal & Engineering,45,268368.63,2024-10-07,2024-11-21,closed,2024-12-15,69.0,24.0,False,False,improving_payer
INV702051,C1071,Metal Client 072,Metal & Engineering,45,255709.15,2024-10-18,2024-12-02,closed,2025-01-03,77.0,32.0,False,False,improving_payer
INV702052,C1071,Metal Client 072,Metal & Engineering,45,153274.41,2024-11-25,2025-01-09,closed,2025-02-10,77.0,32.0,False,False,improving_payer
INV702053,C1071,Metal Client 072,Metal & Engineering,45,319141.27,2024-12-08,2025-01-22,closed,2025-02-10,64.0,19.0,False,False,improving_payer
INV702054,C1071,Metal Client 072,Metal & Engineering,45,420730.22,2024-12-12,2025-01-26,closed,2025-02-27,77.0,32.0,False,False,improving_payer
INV702055,C1071,Metal Client 072,Metal & Engineering,45,338040.56,2024-12-22,2025-02-05,closed,2025-03-05,73.0,28.0,False,False,improving_payer
INV702056,C1071,Metal Client 072,Metal & Engineering,45,294371.82,2024-12-23,2025-02-06,closed,2025-03-08,75.0,30.0,False,False,improving_payer
INV702057,C1071,Metal Client 072,Metal & Engineering,45,412016.41,2025-01-30,2025-03-16,closed,2025-04-19,79.0,34.0,False,False,improving_payer
INV702058,C1071,Metal Client 072,Metal & Engineering,45,356656.01,2025-02-17,2025-04-03,closed,2025-04-26,68.0,23.0,False,False,improving_payer
INV702059,C1071,Metal Client 072,Metal & Engineering,45,351175.85,2025-02-23,2025-04-09,closed,2025-04-19,55.0,10.0,False,False,improving_payer
INV702060,C1071,Metal Client 072,Metal & Engineering,45,430818.89,2025-03-10,2025-04-24,closed,2025-05-21,72.0,27.0,False,False,improving_payer
INV702061,C1071,Metal Client 072,Metal & Engineering,45,333292.4,2025-04-03,2025-05-18,closed,2025-06-03,61.0,16.0,False,False,improving_payer
INV702062,C1071,Metal Client 072,Metal & Engineering,45,352007.55,2025-04-30,2025-06-14,closed,2025-07-08,69.0,24.0,False,False,improving_payer
INV702063,C1071,Metal Client 072,Metal & Engineering,45,574163.0,2025-05-07,2025-06-21,closed,2025-06-22,46.0,1.0,False,False,improving_payer
INV702064,C1071,Metal Client 072,Metal & Engineering,45,280855.66,2025-05-12,2025-06-26,closed,2025-07-15,64.0,19.0,False,False,improving_payer
INV702065,C1071,Metal Client 072,Metal & Engineering,45,424812.31,2025-05-12,2025-06-26,closed,2025-07-10,59.0,14.0,False,False,improving_payer
INV702066,C1071,Metal Client 072,Metal & Engineering,45,241702.94,2025-06-01,2025-07-16,closed,2025-08-19,79.0,34.0,False,False,improving_payer
INV702067,C1071,Metal Client 072,Metal & Engineering,45,238909.41,2025-06-17,2025-08-01,closed,2025-08-25,69.0,24.0,False,False,improving_payer
INV702068,C1071,Metal Client 072,Metal & Engineering,45,319731.87,2025-07-06,2025-08-20,closed,2025-09-18,74.0,29.0,False,False,improving_payer
INV702069,C1071,Metal Client 072,Metal & Engineering,45,256207.25,2025-07-09,2025-08-23,disputed_open,,,,False,False,improving_payer
INV702070,C1071,Metal Client 072,Metal & Engineering,45,376718.94,2025-07-13,2025-08-27,closed,2025-09-04,53.0,8.0,False,False,improving_payer
INV702071,C1071,Metal Client 072,Metal & Engineering,45,307625.71,2025-09-08,2025-10-23,closed,2025-11-04,57.0,12.0,False,False,improving_payer
INV702072,C1071,Metal Client 072,Metal & Engineering,45,218084.82,2025-09-13,2025-10-28,closed,2025-11-17,65.0,20.0,False,False,improving_payer
INV702073,C1071,Metal Client 072,Metal & Engineering,45,296010.46,2025-09-13,2025-10-28,closed,2025-11-11,59.0,14.0,False,False,improving_payer
INV702074,C1071,Metal Client 072,Metal & Engineering,45,175376.92,2025-10-21,2025-12-05,closed,2025-12-26,66.0,21.0,False,False,improving_payer
INV702075,C1071,Metal Client 072,Metal & Engineering,45,434413.57,2025-10-26,2025-12-10,closed,2025-12-24,59.0,14.0,False,False,improving_payer
INV702076,C1071,Metal Client 072,Metal & Engineering,45,218917.25,2025-11-26,2026-01-10,closed,2026-01-19,54.0,9.0,False,False,improving_payer
INV702077,C1071,Metal Client 072,Metal & Engineering,45,342309.53,2025-12-30,2026-02-13,closed,2026-02-25,57.0,12.0,False,False,improving_payer
INV702078,C1071,Metal Client 072,Metal & Engineering,45,308703.51,2026-01-05,2026-02-19,disputed_open,,,,False,False,improving_payer
INV702079,C1071,Metal Client 072,Metal & Engineering,45,310802.87,2026-01-12,2026-02-26,closed,2026-03-04,51.0,6.0,False,False,improving_payer
INV702080,C1071,Metal Client 072,Metal & Engineering,45,284720.93,2026-02-09,2026-03-26,closed,2026-04-03,53.0,8.0,False,False,improving_payer
INV702081,C1071,Metal Client 072,Metal & Engineering,45,89120.26,2026-04-01,2026-05-16,closed,2026-05-23,52.0,7.0,False,False,improving_payer
INV702082,C1071,Metal Client 072,Metal & Engineering,45,153165.35,2026-04-12,2026-05-27,closed,2026-06-01,50.0,5.0,True,False,improving_payer
INV702083,C1071,Metal Client 072,Metal & Engineering,45,257349.8,2026-05-21,2026-07-05,closed,2026-07-06,46.0,1.0,False,False,improving_payer
INV702084,C1071,Metal Client 072,Metal & Engineering,45,105047.52,2026-06-10,2026-07-25,closed,2026-07-27,47.0,2.0,False,False,improving_payer
INV702085,C1071,Metal Client 072,Metal & Engineering,45,380926.87,2026-07-31,2026-09-14,open,,,,False,False,improving_payer
INV702086,C1072,Metal Client 073,Metal & Engineering,60,125424.0,2024-07-07,2024-09-05,closed,2024-09-03,58.0,-2.0,False,False,prompt_payer
INV702087,C1072,Metal Client 073,Metal & Engineering,60,242748.6,2024-09-08,2024-11-07,closed,2024-11-13,66.0,6.0,False,False,prompt_payer
INV702088,C1072,Metal Client 073,Metal & Engineering,60,145185.05,2024-11-23,2025-01-22,closed,2025-01-22,60.0,0.0,False,False,prompt_payer
INV702089,C1072,Metal Client 073,Metal & Engineering,60,331443.88,2025-02-14,2025-04-15,closed,2025-04-18,63.0,3.0,False,False,prompt_payer
INV702090,C1072,Metal Client 073,Metal & Engineering,60,344324.55,2025-03-01,2025-04-30,closed,2025-05-04,64.0,4.0,False,False,prompt_payer
INV702091,C1072,Metal Client 073,Metal & Engineering,60,357793.38,2025-05-16,2025-07-15,closed,2025-07-17,62.0,2.0,True,False,prompt_payer
INV702092,C1072,Metal Client 073,Metal & Engineering,60,304575.62,2025-06-09,2025-08-08,closed,2025-08-03,55.0,-5.0,False,False,prompt_payer
INV702093,C1072,Metal Client 073,Metal & Engineering,60,274613.99,2025-08-16,2025-10-15,closed,2025-10-13,58.0,-2.0,False,False,prompt_payer
INV702094,C1072,Metal Client 073,Metal & Engineering,60,233932.4,2025-11-05,2026-01-04,closed,2026-01-06,62.0,2.0,False,False,prompt_payer
INV702095,C1072,Metal Client 073,Metal & Engineering,60,252518.43,2025-11-19,2026-01-18,closed,2026-01-17,59.0,-1.0,True,False,prompt_payer
INV702096,C1072,Metal Client 073,Metal & Engineering,60,412085.74,2025-11-24,2026-01-23,closed,2026-01-22,59.0,-1.0,False,False,prompt_payer
INV702097,C1072,Metal Client 073,Metal & Engineering,60,285362.71,2026-02-09,2026-04-10,closed,2026-04-08,58.0,-2.0,False,False,prompt_payer
INV702098,C1072,Metal Client 073,Metal & Engineering,60,404208.12,2026-04-22,2026-06-21,closed,2026-06-19,58.0,-2.0,False,False,prompt_payer
INV702099,C1072,Metal Client 073,Metal & Engineering,60,1912598.86,2026-06-15,2026-08-14,open,,,,False,True,prompt_payer
INV702100,C1072,Metal Client 073,Metal & Engineering,60,443208.09,2026-07-03,2026-09-01,open,,,,False,False,prompt_payer
INV702101,C1073,Textiles Client 074,Textiles & Apparel,30,21756.33,2024-03-10,2024-04-09,closed,2024-04-16,37.0,7.0,False,False,average_payer
INV702102,C1073,Textiles Client 074,Textiles & Apparel,30,17497.6,2024-04-29,2024-05-29,closed,2024-06-03,35.0,5.0,False,False,average_payer
INV702103,C1073,Textiles Client 074,Textiles & Apparel,30,25866.33,2024-06-02,2024-07-02,closed,2024-07-17,45.0,15.0,False,False,average_payer
INV702104,C1073,Textiles Client 074,Textiles & Apparel,30,17298.36,2024-06-14,2024-07-14,closed,2024-07-18,34.0,4.0,False,False,average_payer
INV702105,C1073,Textiles Client 074,Textiles & Apparel,30,41241.89,2024-07-19,2024-08-18,closed,2024-08-27,39.0,9.0,False,False,average_payer
INV702106,C1073,Textiles Client 074,Textiles & Apparel,30,6509.93,2024-08-04,2024-09-03,closed,2024-09-06,33.0,3.0,False,False,average_payer
INV702107,C1073,Textiles Client 074,Textiles & Apparel,30,41170.43,2024-08-14,2024-09-13,closed,2024-09-25,42.0,12.0,False,False,average_payer
INV702108,C1073,Textiles Client 074,Textiles & Apparel,30,26053.99,2024-08-17,2024-09-16,closed,2024-09-19,33.0,3.0,False,False,average_payer
INV702109,C1073,Textiles Client 074,Textiles & Apparel,30,28214.24,2024-08-29,2024-09-28,closed,2024-10-18,50.0,20.0,False,False,average_payer
INV702110,C1073,Textiles Client 074,Textiles & Apparel,30,26168.15,2024-09-14,2024-10-14,closed,2024-10-14,30.0,0.0,False,False,average_payer
INV702111,C1073,Textiles Client 074,Textiles & Apparel,30,26220.38,2024-11-05,2024-12-05,closed,2024-12-14,39.0,9.0,False,False,average_payer
INV702112,C1073,Textiles Client 074,Textiles & Apparel,30,17800.2,2024-11-05,2024-12-05,closed,2024-12-12,37.0,7.0,False,False,average_payer
INV702113,C1073,Textiles Client 074,Textiles & Apparel,30,35488.2,2024-12-04,2025-01-03,closed,2025-01-19,46.0,16.0,False,False,average_payer
INV702114,C1073,Textiles Client 074,Textiles & Apparel,30,29879.96,2024-12-10,2025-01-09,closed,2025-01-18,39.0,9.0,False,False,average_payer
INV702115,C1073,Textiles Client 074,Textiles & Apparel,30,32886.17,2025-02-27,2025-03-29,closed,2025-04-07,39.0,9.0,False,False,average_payer
INV702116,C1073,Textiles Client 074,Textiles & Apparel,30,31678.72,2025-03-13,2025-04-12,closed,2025-04-21,39.0,9.0,False,False,average_payer
INV702117,C1073,Textiles Client 074,Textiles & Apparel,30,36339.69,2025-03-27,2025-04-26,closed,2025-04-25,29.0,-1.0,False,False,average_payer
INV702118,C1073,Textiles Client 074,Textiles & Apparel,30,8130.5,2025-05-16,2025-06-15,closed,2025-06-23,38.0,8.0,False,False,average_payer
INV702119,C1073,Textiles Client 074,Textiles & Apparel,30,12886.45,2025-06-18,2025-07-18,closed,2025-07-24,36.0,6.0,False,False,average_payer
INV702120,C1073,Textiles Client 074,Textiles & Apparel,30,20953.49,2025-06-22,2025-07-22,closed,2025-07-30,38.0,8.0,False,False,average_payer
INV702121,C1073,Textiles Client 074,Textiles & Apparel,30,21990.87,2025-06-25,2025-07-25,closed,2025-08-03,39.0,9.0,False,False,average_payer
INV702122,C1073,Textiles Client 074,Textiles & Apparel,30,26311.99,2025-07-01,2025-07-31,closed,2025-07-30,29.0,-1.0,False,False,average_payer
INV702123,C1073,Textiles Client 074,Textiles & Apparel,30,31515.26,2025-10-11,2025-11-10,closed,2025-11-12,32.0,2.0,False,False,average_payer
INV702124,C1073,Textiles Client 074,Textiles & Apparel,30,16876.58,2026-01-05,2026-02-04,closed,2026-02-17,43.0,13.0,False,False,average_payer
INV702125,C1073,Textiles Client 074,Textiles & Apparel,30,22973.68,2026-03-28,2026-04-27,closed,2026-04-30,33.0,3.0,False,False,average_payer
INV702126,C1073,Textiles Client 074,Textiles & Apparel,30,21210.67,2026-04-03,2026-05-03,closed,2026-05-17,44.0,14.0,False,False,average_payer
INV702127,C1073,Textiles Client 074,Textiles & Apparel,30,18826.74,2026-07-02,2026-08-01,closed,2026-08-12,41.0,11.0,False,False,average_payer
INV702128,C1074,Construction Client 075,Construction & Infra,30,254398.16,2024-05-27,2024-06-26,closed,2024-07-15,49.0,19.0,False,False,cold_start
INV702129,C1074,Construction Client 075,Construction & Infra,30,129672.19,2024-06-01,2024-07-01,closed,2024-07-20,49.0,19.0,False,False,cold_start
INV702130,C1074,Construction Client 075,Construction & Infra,30,297616.55,2024-06-04,2024-07-04,closed,2024-07-14,40.0,10.0,False,False,cold_start
INV702131,C1075,Retail Client 076,Retail & Distribution,45,91523.39,2024-03-07,2024-04-21,closed,2024-04-19,43.0,-2.0,False,False,prompt_payer
INV702132,C1075,Retail Client 076,Retail & Distribution,45,60818.36,2024-03-11,2024-04-25,closed,2024-04-29,49.0,4.0,False,False,prompt_payer
INV702133,C1075,Retail Client 076,Retail & Distribution,45,66173.62,2024-04-16,2024-05-31,closed,2024-05-31,45.0,0.0,False,False,prompt_payer
INV702134,C1075,Retail Client 076,Retail & Distribution,45,83344.19,2024-05-10,2024-06-24,closed,2024-06-23,44.0,-1.0,False,False,prompt_payer
INV702135,C1075,Retail Client 076,Retail & Distribution,45,78967.77,2024-05-11,2024-06-25,closed,2024-06-26,46.0,1.0,False,False,prompt_payer
INV702136,C1075,Retail Client 076,Retail & Distribution,45,104762.59,2024-05-25,2024-07-09,closed,2024-07-09,45.0,0.0,False,False,prompt_payer
INV702137,C1075,Retail Client 076,Retail & Distribution,45,116094.48,2024-06-06,2024-07-21,closed,2024-07-16,40.0,-5.0,False,False,prompt_payer
INV702138,C1075,Retail Client 076,Retail & Distribution,45,100423.76,2024-07-02,2024-08-16,closed,2024-08-15,44.0,-1.0,False,False,prompt_payer
INV702139,C1075,Retail Client 076,Retail & Distribution,45,112560.29,2024-07-05,2024-08-19,closed,2024-08-18,44.0,-1.0,True,False,prompt_payer
INV702140,C1075,Retail Client 076,Retail & Distribution,45,138469.14,2024-08-06,2024-09-20,closed,2024-09-21,46.0,1.0,False,False,prompt_payer
INV702141,C1075,Retail Client 076,Retail & Distribution,45,110591.39,2024-08-27,2024-10-11,closed,2024-10-07,41.0,-4.0,False,False,prompt_payer
INV702142,C1075,Retail Client 076,Retail & Distribution,45,209599.89,2024-08-29,2024-10-13,closed,2024-10-13,45.0,0.0,False,False,prompt_payer
INV702143,C1075,Retail Client 076,Retail & Distribution,45,126767.6,2024-09-11,2024-10-26,closed,2024-10-24,43.0,-2.0,True,False,prompt_payer
INV702144,C1075,Retail Client 076,Retail & Distribution,45,157761.93,2024-09-13,2024-10-28,closed,2024-10-30,47.0,2.0,False,False,prompt_payer
INV702145,C1075,Retail Client 076,Retail & Distribution,45,93627.13,2024-09-16,2024-10-31,closed,2024-10-26,40.0,-5.0,False,False,prompt_payer
INV702146,C1075,Retail Client 076,Retail & Distribution,45,192047.69,2024-09-22,2024-11-06,closed,2024-11-03,42.0,-3.0,False,False,prompt_payer
INV702147,C1075,Retail Client 076,Retail & Distribution,45,154094.11,2024-09-27,2024-11-11,closed,2024-11-12,46.0,1.0,False,False,prompt_payer
INV702148,C1075,Retail Client 076,Retail & Distribution,45,52915.16,2024-10-02,2024-11-16,closed,2024-11-12,41.0,-4.0,False,False,prompt_payer
INV702149,C1075,Retail Client 076,Retail & Distribution,45,115135.23,2024-10-06,2024-11-20,closed,2024-11-20,45.0,0.0,False,False,prompt_payer
INV702150,C1075,Retail Client 076,Retail & Distribution,45,179133.85,2024-11-09,2024-12-24,closed,2024-12-28,49.0,4.0,False,False,prompt_payer
INV702151,C1075,Retail Client 076,Retail & Distribution,45,138006.23,2024-11-21,2025-01-05,closed,2025-01-05,45.0,0.0,False,False,prompt_payer
INV702152,C1075,Retail Client 076,Retail & Distribution,45,137339.97,2024-12-24,2025-02-07,closed,2025-02-06,44.0,-1.0,False,False,prompt_payer
INV702153,C1075,Retail Client 076,Retail & Distribution,45,107501.16,2025-01-27,2025-03-13,closed,2025-03-09,41.0,-4.0,False,False,prompt_payer
INV702154,C1075,Retail Client 076,Retail & Distribution,45,89045.6,2025-02-11,2025-03-28,closed,2025-03-29,46.0,1.0,False,False,prompt_payer
INV702155,C1075,Retail Client 076,Retail & Distribution,45,167149.12,2025-02-15,2025-04-01,closed,2025-03-31,44.0,-1.0,False,False,prompt_payer
INV702156,C1075,Retail Client 076,Retail & Distribution,45,102119.34,2025-02-19,2025-04-05,closed,2025-04-07,47.0,2.0,False,False,prompt_payer
INV702157,C1075,Retail Client 076,Retail & Distribution,45,107585.14,2025-03-02,2025-04-16,closed,2025-04-15,44.0,-1.0,False,False,prompt_payer
INV702158,C1075,Retail Client 076,Retail & Distribution,45,130151.87,2025-03-09,2025-04-23,closed,2025-04-23,45.0,0.0,True,False,prompt_payer
INV702159,C1075,Retail Client 076,Retail & Distribution,45,137213.41,2025-03-22,2025-05-06,closed,2025-05-04,43.0,-2.0,False,False,prompt_payer
INV702160,C1075,Retail Client 076,Retail & Distribution,45,111741.64,2025-04-11,2025-05-26,closed,2025-05-28,47.0,2.0,False,False,prompt_payer
INV702161,C1075,Retail Client 076,Retail & Distribution,45,219125.76,2025-04-27,2025-06-11,closed,2025-06-16,50.0,5.0,False,False,prompt_payer
INV702162,C1075,Retail Client 076,Retail & Distribution,45,106558.41,2025-05-27,2025-07-11,closed,2025-07-14,48.0,3.0,False,False,prompt_payer
INV702163,C1075,Retail Client 076,Retail & Distribution,45,30067.39,2025-06-03,2025-07-18,closed,2025-07-20,47.0,2.0,False,False,prompt_payer
INV702164,C1075,Retail Client 076,Retail & Distribution,45,110853.76,2025-08-10,2025-09-24,closed,2025-09-28,49.0,4.0,False,False,prompt_payer
INV702165,C1075,Retail Client 076,Retail & Distribution,45,153555.11,2025-10-04,2025-11-18,closed,2025-11-18,45.0,0.0,False,False,prompt_payer
INV702166,C1075,Retail Client 076,Retail & Distribution,45,346815.76,2025-10-04,2025-11-18,closed,2025-11-15,42.0,-3.0,False,True,prompt_payer
INV702167,C1075,Retail Client 076,Retail & Distribution,45,105315.81,2025-10-10,2025-11-24,closed,2025-11-23,44.0,-1.0,False,False,prompt_payer
INV702168,C1075,Retail Client 076,Retail & Distribution,45,128110.61,2025-10-17,2025-12-01,closed,2025-12-02,46.0,1.0,False,False,prompt_payer
INV702169,C1075,Retail Client 076,Retail & Distribution,45,48994.28,2025-11-07,2025-12-22,closed,2025-12-21,44.0,-1.0,False,False,prompt_payer
INV702170,C1075,Retail Client 076,Retail & Distribution,45,156021.78,2025-11-11,2025-12-26,closed,2025-12-27,46.0,1.0,False,False,prompt_payer
INV702171,C1075,Retail Client 076,Retail & Distribution,45,208974.0,2025-12-13,2026-01-27,closed,2026-01-25,43.0,-2.0,False,False,prompt_payer
INV702172,C1075,Retail Client 076,Retail & Distribution,45,37878.31,2026-02-17,2026-04-03,closed,2026-04-01,43.0,-2.0,False,False,prompt_payer
INV702173,C1075,Retail Client 076,Retail & Distribution,45,110811.82,2026-02-20,2026-04-06,closed,2026-04-04,43.0,-2.0,False,False,prompt_payer
INV702174,C1075,Retail Client 076,Retail & Distribution,45,90559.05,2026-03-02,2026-04-16,closed,2026-04-15,44.0,-1.0,False,False,prompt_payer
INV702175,C1075,Retail Client 076,Retail & Distribution,45,144332.21,2026-03-10,2026-04-24,closed,2026-04-22,43.0,-2.0,False,False,prompt_payer
INV702176,C1075,Retail Client 076,Retail & Distribution,45,80142.51,2026-04-18,2026-06-02,closed,2026-06-05,48.0,3.0,False,False,prompt_payer
INV702177,C1075,Retail Client 076,Retail & Distribution,45,184853.8,2026-04-20,2026-06-04,closed,2026-06-07,48.0,3.0,False,False,prompt_payer
INV702178,C1075,Retail Client 076,Retail & Distribution,45,77507.39,2026-04-23,2026-06-07,closed,2026-06-05,43.0,-2.0,False,False,prompt_payer
INV702179,C1075,Retail Client 076,Retail & Distribution,45,133382.32,2026-05-30,2026-07-14,closed,2026-07-12,43.0,-2.0,False,False,prompt_payer
INV702180,C1075,Retail Client 076,Retail & Distribution,45,95737.89,2026-06-15,2026-07-30,closed,2026-07-25,40.0,-5.0,False,False,prompt_payer
INV702181,C1075,Retail Client 076,Retail & Distribution,45,109613.04,2026-07-20,2026-09-03,open,,,,False,False,prompt_payer
INV702182,C1076,Auto Client 077,Auto Components,30,61216.63,2024-03-11,2024-04-10,closed,2024-04-07,27.0,-3.0,False,False,prompt_payer
INV702183,C1076,Auto Client 077,Auto Components,30,63461.3,2024-07-06,2024-08-05,closed,2024-08-03,28.0,-2.0,False,False,prompt_payer
INV702184,C1076,Auto Client 077,Auto Components,30,55390.7,2024-07-15,2024-08-14,closed,2024-08-13,29.0,-1.0,False,False,prompt_payer
INV702185,C1076,Auto Client 077,Auto Components,30,83940.46,2024-08-02,2024-09-01,closed,2024-08-30,28.0,-2.0,False,False,prompt_payer
INV702186,C1076,Auto Client 077,Auto Components,30,96146.12,2024-08-05,2024-09-04,closed,2024-09-04,30.0,0.0,False,False,prompt_payer
INV702187,C1076,Auto Client 077,Auto Components,30,301507.57,2024-08-30,2024-09-29,closed,2024-09-28,29.0,-1.0,False,True,prompt_payer
INV702188,C1076,Auto Client 077,Auto Components,30,23824.16,2024-09-14,2024-10-14,closed,2024-10-10,26.0,-4.0,False,False,prompt_payer
INV702189,C1076,Auto Client 077,Auto Components,30,96484.35,2024-09-15,2024-10-15,closed,2024-10-11,26.0,-4.0,False,False,prompt_payer
INV702190,C1076,Auto Client 077,Auto Components,30,40972.93,2024-11-22,2024-12-22,closed,2024-12-19,27.0,-3.0,False,False,prompt_payer
INV702191,C1076,Auto Client 077,Auto Components,30,52620.96,2025-01-02,2025-02-01,closed,2025-01-30,28.0,-2.0,False,False,prompt_payer
INV702192,C1076,Auto Client 077,Auto Components,30,53123.75,2025-01-25,2025-02-24,closed,2025-02-22,28.0,-2.0,False,False,prompt_payer
INV702193,C1076,Auto Client 077,Auto Components,30,401518.38,2025-01-30,2025-03-01,closed,2025-02-27,28.0,-2.0,False,True,prompt_payer
INV702194,C1076,Auto Client 077,Auto Components,30,49065.99,2025-02-03,2025-03-05,closed,2025-03-05,30.0,0.0,True,False,prompt_payer
INV702195,C1076,Auto Client 077,Auto Components,30,19842.9,2025-02-23,2025-03-25,closed,2025-03-24,29.0,-1.0,False,False,prompt_payer
INV702196,C1076,Auto Client 077,Auto Components,30,49389.38,2025-03-06,2025-04-05,closed,2025-04-03,28.0,-2.0,False,False,prompt_payer
INV702197,C1076,Auto Client 077,Auto Components,30,83373.0,2025-03-06,2025-04-05,closed,2025-04-05,30.0,0.0,False,False,prompt_payer
INV702198,C1076,Auto Client 077,Auto Components,30,26248.79,2025-03-07,2025-04-06,closed,2025-04-09,33.0,3.0,False,False,prompt_payer
INV702199,C1076,Auto Client 077,Auto Components,30,48607.0,2025-04-03,2025-05-03,closed,2025-05-01,28.0,-2.0,False,False,prompt_payer
INV702200,C1076,Auto Client 077,Auto Components,30,69135.11,2025-04-21,2025-05-21,closed,2025-05-19,28.0,-2.0,False,False,prompt_payer
INV702201,C1076,Auto Client 077,Auto Components,30,123559.68,2025-04-29,2025-05-29,closed,2025-06-01,33.0,3.0,False,False,prompt_payer
INV702202,C1076,Auto Client 077,Auto Components,30,42877.38,2025-05-14,2025-06-13,closed,2025-06-11,28.0,-2.0,False,False,prompt_payer
INV702203,C1076,Auto Client 077,Auto Components,30,39628.99,2025-06-24,2025-07-24,closed,2025-07-25,31.0,1.0,False,False,prompt_payer
INV702204,C1076,Auto Client 077,Auto Components,30,68438.8,2025-07-24,2025-08-23,closed,2025-08-23,30.0,0.0,False,False,prompt_payer
INV702205,C1076,Auto Client 077,Auto Components,30,36193.35,2025-07-31,2025-08-30,closed,2025-08-29,29.0,-1.0,False,False,prompt_payer
INV702206,C1076,Auto Client 077,Auto Components,30,65732.44,2025-09-08,2025-10-08,closed,2025-10-03,25.0,-5.0,False,False,prompt_payer
INV702207,C1076,Auto Client 077,Auto Components,30,71590.76,2025-10-18,2025-11-17,closed,2025-11-18,31.0,1.0,False,False,prompt_payer
INV702208,C1076,Auto Client 077,Auto Components,30,161585.56,2025-10-21,2025-11-20,closed,2025-11-19,29.0,-1.0,True,True,prompt_payer
INV702209,C1076,Auto Client 077,Auto Components,30,35312.29,2025-11-17,2025-12-17,closed,2025-12-17,30.0,0.0,False,False,prompt_payer
INV702210,C1076,Auto Client 077,Auto Components,30,56297.95,2025-12-18,2026-01-17,closed,2026-01-18,31.0,1.0,False,False,prompt_payer
INV702211,C1076,Auto Client 077,Auto Components,30,53840.79,2025-12-26,2026-01-25,closed,2026-01-25,30.0,0.0,True,False,prompt_payer
INV702212,C1076,Auto Client 077,Auto Components,30,86055.34,2026-01-31,2026-03-02,closed,2026-02-28,28.0,-2.0,False,False,prompt_payer
INV702213,C1076,Auto Client 077,Auto Components,30,44037.87,2026-02-15,2026-03-17,closed,2026-03-11,24.0,-6.0,False,False,prompt_payer
INV702214,C1076,Auto Client 077,Auto Components,30,46213.49,2026-03-20,2026-04-19,closed,2026-04-19,30.0,0.0,False,False,prompt_payer
INV702215,C1076,Auto Client 077,Auto Components,30,60098.05,2026-03-20,2026-04-19,closed,2026-04-22,33.0,3.0,False,False,prompt_payer
INV702216,C1076,Auto Client 077,Auto Components,30,39899.53,2026-04-04,2026-05-04,closed,2026-05-06,32.0,2.0,False,False,prompt_payer
INV702217,C1076,Auto Client 077,Auto Components,30,53635.31,2026-05-03,2026-06-02,closed,2026-05-30,27.0,-3.0,False,False,prompt_payer
INV702218,C1076,Auto Client 077,Auto Components,30,41881.19,2026-05-31,2026-06-30,closed,2026-06-28,28.0,-2.0,False,False,prompt_payer
INV702219,C1076,Auto Client 077,Auto Components,30,89751.26,2026-07-06,2026-08-05,closed,2026-08-05,30.0,0.0,False,False,prompt_payer
INV702220,C1077,Chemicals Client 078,Chemicals & Plastics,45,68677.89,2024-02-14,2024-03-30,closed,2024-04-04,50.0,5.0,False,False,cold_start
INV702221,C1077,Chemicals Client 078,Chemicals & Plastics,45,50729.59,2024-06-26,2024-08-10,closed,2024-08-04,39.0,-6.0,False,False,cold_start
INV702222,C1077,Chemicals Client 078,Chemicals & Plastics,45,72810.37,2025-06-10,2025-07-25,closed,2025-07-26,46.0,1.0,False,False,cold_start
INV702223,C1078,Auto Client 079,Auto Components,30,72429.0,2024-03-23,2024-04-22,closed,2024-05-02,40.0,10.0,False,False,seasonal_payer
INV702224,C1078,Auto Client 079,Auto Components,30,245462.29,2024-04-03,2024-05-03,closed,2024-04-25,22.0,-8.0,True,True,seasonal_payer
INV702225,C1078,Auto Client 079,Auto Components,30,28829.91,2024-04-26,2024-05-26,closed,2024-05-28,32.0,2.0,False,False,seasonal_payer
INV702226,C1078,Auto Client 079,Auto Components,30,71275.54,2024-05-08,2024-06-07,closed,2024-06-07,30.0,0.0,False,False,seasonal_payer
INV702227,C1078,Auto Client 079,Auto Components,30,56902.79,2024-05-24,2024-06-23,closed,2024-06-24,31.0,1.0,False,False,seasonal_payer
INV702228,C1078,Auto Client 079,Auto Components,30,27631.07,2024-05-28,2024-06-27,closed,2024-06-28,31.0,1.0,False,False,seasonal_payer
INV702229,C1078,Auto Client 079,Auto Components,30,68705.52,2024-06-12,2024-07-12,closed,2024-07-16,34.0,4.0,True,False,seasonal_payer
INV702230,C1078,Auto Client 079,Auto Components,30,11379.13,2024-07-06,2024-08-05,closed,2024-08-14,39.0,9.0,False,False,seasonal_payer
INV702231,C1078,Auto Client 079,Auto Components,30,40916.39,2024-07-26,2024-08-25,closed,2024-08-30,35.0,5.0,False,False,seasonal_payer
INV702232,C1078,Auto Client 079,Auto Components,30,56119.96,2024-08-20,2024-09-19,closed,2024-09-17,28.0,-2.0,False,False,seasonal_payer
INV702233,C1078,Auto Client 079,Auto Components,30,52171.5,2024-08-27,2024-09-26,closed,2024-10-01,35.0,5.0,False,False,seasonal_payer
INV702234,C1078,Auto Client 079,Auto Components,30,84027.91,2024-09-10,2024-10-10,closed,2024-10-28,48.0,18.0,False,False,seasonal_payer
INV702235,C1078,Auto Client 079,Auto Components,30,55741.76,2024-09-16,2024-10-16,disputed_open,,,,False,False,seasonal_payer
INV702236,C1078,Auto Client 079,Auto Components,30,78410.84,2024-10-23,2024-11-22,closed,2024-12-09,47.0,17.0,False,False,seasonal_payer
INV702237,C1078,Auto Client 079,Auto Components,30,62817.57,2024-11-25,2024-12-25,closed,2024-12-25,30.0,0.0,False,False,seasonal_payer
INV702238,C1078,Auto Client 079,Auto Components,30,32080.17,2024-11-30,2024-12-30,closed,2024-12-29,29.0,-1.0,False,False,seasonal_payer
INV702239,C1078,Auto Client 079,Auto Components,30,44654.54,2024-12-13,2025-01-12,closed,2025-01-16,34.0,4.0,False,False,seasonal_payer
INV702240,C1078,Auto Client 079,Auto Components,30,43952.71,2025-01-02,2025-02-01,closed,2025-02-17,46.0,16.0,False,False,seasonal_payer
INV702241,C1078,Auto Client 079,Auto Components,30,35402.82,2025-01-23,2025-02-22,closed,2025-03-15,51.0,21.0,False,False,seasonal_payer
INV702242,C1078,Auto Client 079,Auto Components,30,77927.97,2025-01-29,2025-02-28,closed,2025-03-19,49.0,19.0,False,False,seasonal_payer
INV702243,C1078,Auto Client 079,Auto Components,30,110314.06,2025-01-30,2025-03-01,closed,2025-03-14,43.0,13.0,False,False,seasonal_payer
INV702244,C1078,Auto Client 079,Auto Components,30,97758.05,2025-04-04,2025-05-04,closed,2025-05-05,31.0,1.0,False,False,seasonal_payer
INV702245,C1078,Auto Client 079,Auto Components,30,43548.04,2025-04-05,2025-05-05,closed,2025-05-08,33.0,3.0,False,False,seasonal_payer
INV702246,C1078,Auto Client 079,Auto Components,30,25065.91,2025-05-30,2025-06-29,closed,2025-06-29,30.0,0.0,False,False,seasonal_payer
INV702247,C1078,Auto Client 079,Auto Components,30,46602.4,2025-06-14,2025-07-14,closed,2025-07-19,35.0,5.0,False,False,seasonal_payer
INV702248,C1078,Auto Client 079,Auto Components,30,41759.09,2025-06-27,2025-07-27,closed,2025-07-30,33.0,3.0,False,False,seasonal_payer
INV702249,C1078,Auto Client 079,Auto Components,30,54930.65,2025-06-30,2025-07-30,closed,2025-08-03,34.0,4.0,False,False,seasonal_payer
INV702250,C1078,Auto Client 079,Auto Components,30,50089.5,2025-07-03,2025-08-02,closed,2025-08-04,32.0,2.0,False,False,seasonal_payer
INV702251,C1078,Auto Client 079,Auto Components,30,89355.02,2025-07-29,2025-08-28,closed,2025-08-31,33.0,3.0,False,False,seasonal_payer
INV702252,C1078,Auto Client 079,Auto Components,30,107700.78,2025-08-22,2025-09-21,closed,2025-09-26,35.0,5.0,False,False,seasonal_payer
INV702253,C1078,Auto Client 079,Auto Components,30,100008.13,2025-09-06,2025-10-06,closed,2025-10-13,37.0,7.0,False,False,seasonal_payer
INV702254,C1078,Auto Client 079,Auto Components,30,26193.13,2025-09-16,2025-10-16,closed,2025-11-01,46.0,16.0,False,False,seasonal_payer
INV702255,C1078,Auto Client 079,Auto Components,30,67645.05,2025-10-01,2025-10-31,closed,2025-11-16,46.0,16.0,False,False,seasonal_payer
INV702256,C1078,Auto Client 079,Auto Components,30,48043.32,2025-10-03,2025-11-02,closed,2025-11-16,44.0,14.0,False,False,seasonal_payer
INV702257,C1078,Auto Client 079,Auto Components,30,60600.22,2025-10-03,2025-11-02,closed,2025-11-22,50.0,20.0,False,False,seasonal_payer
INV702258,C1078,Auto Client 079,Auto Components,30,21820.33,2025-10-14,2025-11-13,closed,2025-11-23,40.0,10.0,False,False,seasonal_payer
INV702259,C1078,Auto Client 079,Auto Components,30,27574.43,2025-10-14,2025-11-13,closed,2025-12-02,49.0,19.0,False,False,seasonal_payer
INV702260,C1078,Auto Client 079,Auto Components,30,42073.31,2025-10-16,2025-11-15,closed,2025-12-01,46.0,16.0,False,False,seasonal_payer
INV702261,C1078,Auto Client 079,Auto Components,30,53682.54,2025-10-19,2025-11-18,closed,2025-12-02,44.0,14.0,False,False,seasonal_payer
INV702262,C1078,Auto Client 079,Auto Components,30,52335.13,2025-12-05,2026-01-04,closed,2026-01-08,34.0,4.0,False,False,seasonal_payer
INV702263,C1078,Auto Client 079,Auto Components,30,74626.5,2025-12-15,2026-01-14,closed,2026-01-22,38.0,8.0,False,False,seasonal_payer
INV702264,C1078,Auto Client 079,Auto Components,30,70018.13,2025-12-19,2026-01-18,closed,2026-01-24,36.0,6.0,False,False,seasonal_payer
INV702265,C1078,Auto Client 079,Auto Components,30,74920.55,2025-12-28,2026-01-27,closed,2026-02-04,38.0,8.0,False,False,seasonal_payer
INV702266,C1078,Auto Client 079,Auto Components,30,82620.22,2026-01-04,2026-02-03,closed,2026-02-28,55.0,25.0,False,False,seasonal_payer
INV702267,C1078,Auto Client 079,Auto Components,30,56126.05,2026-03-09,2026-04-08,closed,2026-04-21,43.0,13.0,False,False,seasonal_payer
INV702268,C1078,Auto Client 079,Auto Components,30,73903.62,2026-04-16,2026-05-16,closed,2026-05-18,32.0,2.0,False,False,seasonal_payer
INV702269,C1078,Auto Client 079,Auto Components,30,45189.63,2026-04-25,2026-05-25,closed,2026-05-28,33.0,3.0,False,False,seasonal_payer
INV702270,C1078,Auto Client 079,Auto Components,30,43446.05,2026-05-27,2026-06-26,closed,2026-07-01,35.0,5.0,False,False,seasonal_payer
INV702271,C1078,Auto Client 079,Auto Components,30,81209.07,2026-07-15,2026-08-14,open,,,,False,False,seasonal_payer
INV702272,C1078,Auto Client 079,Auto Components,30,101450.03,2026-07-30,2026-08-29,open,,,,False,False,seasonal_payer
INV702273,C1078,Auto Client 079,Auto Components,30,53462.2,2026-08-06,2026-09-05,open,,,,False,False,seasonal_payer
INV702274,C1079,IT Client 080,IT & Business Services,30,35930.98,2024-03-07,2024-04-06,closed,2024-04-01,25.0,-5.0,False,False,prompt_payer
INV702275,C1079,IT Client 080,IT & Business Services,30,21027.23,2024-03-08,2024-04-07,closed,2024-04-05,28.0,-2.0,False,False,prompt_payer
INV702276,C1079,IT Client 080,IT & Business Services,30,34283.9,2024-03-26,2024-04-25,closed,2024-04-23,28.0,-2.0,False,False,prompt_payer
INV702277,C1079,IT Client 080,IT & Business Services,30,37877.98,2024-05-17,2024-06-16,closed,2024-06-13,27.0,-3.0,False,False,prompt_payer
INV702278,C1079,IT Client 080,IT & Business Services,30,8916.32,2024-06-09,2024-07-09,closed,2024-07-05,26.0,-4.0,False,False,prompt_payer
INV702279,C1079,IT Client 080,IT & Business Services,30,28372.82,2024-06-10,2024-07-10,closed,2024-07-09,29.0,-1.0,False,False,prompt_payer
INV702280,C1079,IT Client 080,IT & Business Services,30,27574.63,2024-06-15,2024-07-15,closed,2024-07-16,31.0,1.0,True,False,prompt_payer
INV702281,C1079,IT Client 080,IT & Business Services,30,13459.85,2024-06-26,2024-07-26,closed,2024-07-24,28.0,-2.0,False,False,prompt_payer
INV702282,C1079,IT Client 080,IT & Business Services,30,26985.38,2024-07-22,2024-08-21,closed,2024-08-19,28.0,-2.0,False,False,prompt_payer
INV702283,C1079,IT Client 080,IT & Business Services,30,15035.75,2024-08-15,2024-09-14,closed,2024-09-13,29.0,-1.0,False,False,prompt_payer
INV702284,C1079,IT Client 080,IT & Business Services,30,31554.86,2024-09-05,2024-10-05,closed,2024-10-05,30.0,0.0,False,False,prompt_payer
INV702285,C1079,IT Client 080,IT & Business Services,30,20370.58,2024-09-12,2024-10-12,closed,2024-10-10,28.0,-2.0,False,False,prompt_payer
INV702286,C1079,IT Client 080,IT & Business Services,30,12800.23,2024-10-18,2024-11-17,closed,2024-11-15,28.0,-2.0,False,False,prompt_payer
INV702287,C1079,IT Client 080,IT & Business Services,30,19584.46,2024-10-30,2024-11-29,closed,2024-12-01,32.0,2.0,False,False,prompt_payer
INV702288,C1079,IT Client 080,IT & Business Services,30,20420.5,2024-11-10,2024-12-10,closed,2024-12-10,30.0,0.0,False,False,prompt_payer
INV702289,C1079,IT Client 080,IT & Business Services,30,12472.56,2024-12-08,2025-01-07,disputed_open,,,,False,False,prompt_payer
INV702290,C1079,IT Client 080,IT & Business Services,30,31051.43,2024-12-20,2025-01-19,closed,2025-01-19,30.0,0.0,False,False,prompt_payer
INV702291,C1079,IT Client 080,IT & Business Services,30,6715.27,2025-01-04,2025-02-03,closed,2025-01-31,27.0,-3.0,False,False,prompt_payer
INV702292,C1079,IT Client 080,IT & Business Services,30,23562.94,2025-01-15,2025-02-14,closed,2025-02-08,24.0,-6.0,False,False,prompt_payer
INV702293,C1079,IT Client 080,IT & Business Services,30,50885.43,2025-01-15,2025-02-14,closed,2025-02-16,32.0,2.0,False,False,prompt_payer
INV702294,C1079,IT Client 080,IT & Business Services,30,27031.26,2025-02-10,2025-03-12,closed,2025-03-09,27.0,-3.0,False,False,prompt_payer
INV702295,C1079,IT Client 080,IT & Business Services,30,30217.96,2025-02-27,2025-03-29,disputed_open,,,,False,False,prompt_payer
INV702296,C1079,IT Client 080,IT & Business Services,30,26540.57,2025-03-07,2025-04-06,closed,2025-04-04,28.0,-2.0,False,False,prompt_payer
INV702297,C1079,IT Client 080,IT & Business Services,30,22086.19,2025-03-15,2025-04-14,closed,2025-04-15,31.0,1.0,False,False,prompt_payer
INV702298,C1079,IT Client 080,IT & Business Services,30,23969.12,2025-05-24,2025-06-23,closed,2025-06-22,29.0,-1.0,False,False,prompt_payer
INV702299,C1079,IT Client 080,IT & Business Services,30,15786.5,2025-06-21,2025-07-21,closed,2025-07-21,30.0,0.0,False,False,prompt_payer
INV702300,C1079,IT Client 080,IT & Business Services,30,40119.65,2025-06-26,2025-07-26,closed,2025-07-22,26.0,-4.0,False,False,prompt_payer
INV702301,C1079,IT Client 080,IT & Business Services,30,18935.53,2025-07-14,2025-08-13,closed,2025-08-11,28.0,-2.0,False,False,prompt_payer
INV702302,C1079,IT Client 080,IT & Business Services,30,13984.94,2025-07-21,2025-08-20,closed,2025-08-20,30.0,0.0,False,False,prompt_payer
INV702303,C1079,IT Client 080,IT & Business Services,30,6203.17,2025-07-25,2025-08-24,closed,2025-08-21,27.0,-3.0,False,False,prompt_payer
INV702304,C1079,IT Client 080,IT & Business Services,30,12407.87,2025-08-04,2025-09-03,closed,2025-08-31,27.0,-3.0,False,False,prompt_payer
INV702305,C1079,IT Client 080,IT & Business Services,30,22843.58,2025-08-23,2025-09-22,closed,2025-09-17,25.0,-5.0,False,False,prompt_payer
INV702306,C1079,IT Client 080,IT & Business Services,30,15982.62,2025-10-02,2025-11-01,disputed_open,,,,False,False,prompt_payer
INV702307,C1079,IT Client 080,IT & Business Services,30,37114.05,2025-10-11,2025-11-10,closed,2025-11-06,26.0,-4.0,False,False,prompt_payer
INV702308,C1079,IT Client 080,IT & Business Services,30,29729.48,2025-10-12,2025-11-11,closed,2025-11-05,24.0,-6.0,False,False,prompt_payer
INV702309,C1079,IT Client 080,IT & Business Services,30,19236.37,2025-12-29,2026-01-28,closed,2026-01-26,28.0,-2.0,False,False,prompt_payer
INV702310,C1079,IT Client 080,IT & Business Services,30,18701.22,2026-01-19,2026-02-18,closed,2026-02-17,29.0,-1.0,False,False,prompt_payer
INV702311,C1079,IT Client 080,IT & Business Services,30,33220.2,2026-01-27,2026-02-26,closed,2026-02-24,28.0,-2.0,False,False,prompt_payer
INV702312,C1079,IT Client 080,IT & Business Services,30,22074.01,2026-03-01,2026-03-31,closed,2026-03-27,26.0,-4.0,False,False,prompt_payer
INV702313,C1079,IT Client 080,IT & Business Services,30,7597.13,2026-03-17,2026-04-16,closed,2026-04-11,25.0,-5.0,False,False,prompt_payer
INV702314,C1079,IT Client 080,IT & Business Services,30,23054.8,2026-03-30,2026-04-29,closed,2026-04-25,26.0,-4.0,False,False,prompt_payer
INV702315,C1079,IT Client 080,IT & Business Services,30,24544.24,2026-04-09,2026-05-09,closed,2026-05-09,30.0,0.0,False,False,prompt_payer
INV702316,C1079,IT Client 080,IT & Business Services,30,18379.36,2026-06-05,2026-07-05,closed,2026-07-02,27.0,-3.0,False,False,prompt_payer
INV702317,C1079,IT Client 080,IT & Business Services,30,46265.15,2026-07-16,2026-08-15,closed,2026-08-13,28.0,-2.0,False,False,prompt_payer
INV702318,C1079,IT Client 080,IT & Business Services,30,32654.0,2026-07-22,2026-08-21,open,,,,False,False,prompt_payer
INV702319,C1080,Electronics Client 081,Electronics & Electricals,30,44269.88,2024-03-02,2024-04-01,closed,2024-04-20,49.0,19.0,False,False,seasonal_payer
INV702320,C1080,Electronics Client 081,Electronics & Electricals,30,48517.71,2024-04-03,2024-05-03,closed,2024-05-09,36.0,6.0,False,False,seasonal_payer
INV702321,C1080,Electronics Client 081,Electronics & Electricals,30,82892.81,2024-05-08,2024-06-07,closed,2024-06-13,36.0,6.0,False,False,seasonal_payer
INV702322,C1080,Electronics Client 081,Electronics & Electricals,30,47873.02,2024-05-20,2024-06-19,closed,2024-06-23,34.0,4.0,False,False,seasonal_payer
INV702323,C1080,Electronics Client 081,Electronics & Electricals,30,50739.7,2024-07-13,2024-08-12,closed,2024-08-19,37.0,7.0,False,False,seasonal_payer
INV702324,C1080,Electronics Client 081,Electronics & Electricals,30,52932.28,2024-08-07,2024-09-06,closed,2024-09-06,30.0,0.0,True,False,seasonal_payer
INV702325,C1080,Electronics Client 081,Electronics & Electricals,30,72303.3,2024-08-24,2024-09-23,closed,2024-09-22,29.0,-1.0,False,False,seasonal_payer
INV702326,C1080,Electronics Client 081,Electronics & Electricals,30,41075.1,2024-10-09,2024-11-08,closed,2024-11-27,49.0,19.0,False,False,seasonal_payer
INV702327,C1080,Electronics Client 081,Electronics & Electricals,30,59458.81,2024-10-21,2024-11-20,closed,2024-12-08,48.0,18.0,False,False,seasonal_payer
INV702328,C1080,Electronics Client 081,Electronics & Electricals,30,71070.83,2024-11-02,2024-12-02,closed,2024-12-11,39.0,9.0,False,False,seasonal_payer
INV702329,C1080,Electronics Client 081,Electronics & Electricals,30,81482.75,2024-11-07,2024-12-07,disputed_open,,,,False,False,seasonal_payer
INV702330,C1080,Electronics Client 081,Electronics & Electricals,30,95354.67,2024-11-25,2024-12-25,closed,2024-12-28,33.0,3.0,False,False,seasonal_payer
INV702331,C1080,Electronics Client 081,Electronics & Electricals,30,47774.87,2024-11-29,2024-12-29,closed,2024-12-31,32.0,2.0,False,False,seasonal_payer
INV702332,C1080,Electronics Client 081,Electronics & Electricals,30,12891.85,2024-12-16,2025-01-15,closed,2025-01-08,23.0,-7.0,False,False,seasonal_payer
INV702333,C1080,Electronics Client 081,Electronics & Electricals,30,56551.3,2024-12-30,2025-01-29,closed,2025-02-03,35.0,5.0,False,False,seasonal_payer
INV702334,C1080,Electronics Client 081,Electronics & Electricals,30,10337.48,2025-01-20,2025-02-19,closed,2025-03-20,59.0,29.0,False,False,seasonal_payer
INV702335,C1080,Electronics Client 081,Electronics & Electricals,30,66906.92,2025-01-23,2025-02-22,closed,2025-03-14,50.0,20.0,False,False,seasonal_payer
INV702336,C1080,Electronics Client 081,Electronics & Electricals,30,81052.73,2025-02-07,2025-03-09,closed,2025-03-25,46.0,16.0,False,False,seasonal_payer
INV702337,C1080,Electronics Client 081,Electronics & Electricals,30,35136.46,2025-02-08,2025-03-10,closed,2025-03-31,51.0,21.0,False,False,seasonal_payer
INV702338,C1080,Electronics Client 081,Electronics & Electricals,30,73775.97,2025-02-12,2025-03-14,closed,2025-04-03,50.0,20.0,False,False,seasonal_payer
INV702339,C1080,Electronics Client 081,Electronics & Electricals,30,47570.05,2025-03-03,2025-04-02,closed,2025-04-19,47.0,17.0,False,False,seasonal_payer
INV702340,C1080,Electronics Client 081,Electronics & Electricals,30,39662.15,2025-03-08,2025-04-07,closed,2025-04-25,48.0,18.0,False,False,seasonal_payer
INV702341,C1080,Electronics Client 081,Electronics & Electricals,30,18630.24,2025-04-05,2025-05-05,closed,2025-05-07,32.0,2.0,False,False,seasonal_payer
INV702342,C1080,Electronics Client 081,Electronics & Electricals,30,58377.55,2025-06-01,2025-07-01,closed,2025-07-12,41.0,11.0,False,False,seasonal_payer
INV702343,C1080,Electronics Client 081,Electronics & Electricals,30,63105.28,2025-06-04,2025-07-04,closed,2025-07-10,36.0,6.0,False,False,seasonal_payer
INV702344,C1080,Electronics Client 081,Electronics & Electricals,30,29887.32,2025-06-13,2025-07-13,closed,2025-07-17,34.0,4.0,False,False,seasonal_payer
INV702345,C1080,Electronics Client 081,Electronics & Electricals,30,48061.33,2025-07-04,2025-08-03,closed,2025-08-11,38.0,8.0,False,False,seasonal_payer
INV702346,C1080,Electronics Client 081,Electronics & Electricals,30,65118.03,2025-08-19,2025-09-18,closed,2025-09-15,27.0,-3.0,False,False,seasonal_payer
INV702347,C1080,Electronics Client 081,Electronics & Electricals,30,47635.92,2025-09-03,2025-10-03,closed,2025-10-16,43.0,13.0,False,False,seasonal_payer
INV702348,C1080,Electronics Client 081,Electronics & Electricals,30,60778.76,2025-09-09,2025-10-09,closed,2025-11-06,58.0,28.0,False,False,seasonal_payer
INV702349,C1080,Electronics Client 081,Electronics & Electricals,30,51562.63,2025-10-03,2025-11-02,closed,2025-11-26,54.0,24.0,False,False,seasonal_payer
INV702350,C1080,Electronics Client 081,Electronics & Electricals,30,83116.7,2025-10-09,2025-11-08,closed,2025-11-30,52.0,22.0,False,False,seasonal_payer
INV702351,C1080,Electronics Client 081,Electronics & Electricals,30,79650.01,2025-11-11,2025-12-11,closed,2025-12-25,44.0,14.0,False,False,seasonal_payer
INV702352,C1080,Electronics Client 081,Electronics & Electricals,30,8343.07,2025-12-18,2026-01-17,closed,2026-01-20,33.0,3.0,False,False,seasonal_payer
INV702353,C1080,Electronics Client 081,Electronics & Electricals,30,189849.01,2026-01-23,2026-02-22,closed,2026-03-21,57.0,27.0,False,True,seasonal_payer
INV702354,C1080,Electronics Client 081,Electronics & Electricals,30,64109.83,2026-01-30,2026-03-01,closed,2026-03-26,55.0,25.0,False,False,seasonal_payer
INV702355,C1080,Electronics Client 081,Electronics & Electricals,30,55133.44,2026-02-27,2026-03-29,closed,2026-04-20,52.0,22.0,False,False,seasonal_payer
INV702356,C1080,Electronics Client 081,Electronics & Electricals,30,60286.01,2026-04-05,2026-05-05,closed,2026-05-07,32.0,2.0,False,False,seasonal_payer
INV702357,C1080,Electronics Client 081,Electronics & Electricals,30,82017.59,2026-04-13,2026-05-13,closed,2026-05-14,31.0,1.0,False,False,seasonal_payer
INV702358,C1080,Electronics Client 081,Electronics & Electricals,30,56345.96,2026-04-19,2026-05-19,closed,2026-05-22,33.0,3.0,False,False,seasonal_payer
INV702359,C1080,Electronics Client 081,Electronics & Electricals,30,83377.53,2026-04-23,2026-05-23,closed,2026-05-30,37.0,7.0,False,False,seasonal_payer
INV702360,C1080,Electronics Client 081,Electronics & Electricals,30,48893.6,2026-05-06,2026-06-05,closed,2026-06-05,30.0,0.0,False,False,seasonal_payer
INV702361,C1080,Electronics Client 081,Electronics & Electricals,30,20727.88,2026-05-16,2026-06-15,closed,2026-06-18,33.0,3.0,True,False,seasonal_payer
INV702362,C1080,Electronics Client 081,Electronics & Electricals,30,83415.62,2026-05-23,2026-06-22,closed,2026-06-28,36.0,6.0,False,False,seasonal_payer
INV702363,C1080,Electronics Client 081,Electronics & Electricals,30,51954.61,2026-06-19,2026-07-19,closed,2026-08-02,44.0,14.0,False,False,seasonal_payer
INV702364,C1080,Electronics Client 081,Electronics & Electricals,30,71272.96,2026-06-22,2026-07-22,closed,2026-07-29,37.0,7.0,False,False,seasonal_payer
INV702365,C1080,Electronics Client 081,Electronics & Electricals,30,49233.03,2026-06-30,2026-07-30,closed,2026-08-05,36.0,6.0,False,False,seasonal_payer
INV702366,C1081,Pharma Client 082,Pharma & Healthcare,60,294105.49,2024-04-29,2024-06-28,closed,2024-06-27,59.0,-1.0,False,False,deteriorating_payer
INV702367,C1081,Pharma Client 082,Pharma & Healthcare,60,439748.04,2024-08-30,2024-10-29,closed,2024-10-30,61.0,1.0,False,False,deteriorating_payer
INV702368,C1081,Pharma Client 082,Pharma & Healthcare,60,335951.96,2024-09-28,2024-11-27,closed,2024-12-04,67.0,7.0,False,False,deteriorating_payer
INV702369,C1081,Pharma Client 082,Pharma & Healthcare,60,331748.22,2024-10-06,2024-12-05,closed,2024-12-07,62.0,2.0,False,False,deteriorating_payer
INV702370,C1081,Pharma Client 082,Pharma & Healthcare,60,365064.11,2024-10-24,2024-12-23,closed,2024-12-26,63.0,3.0,False,False,deteriorating_payer
INV702371,C1081,Pharma Client 082,Pharma & Healthcare,60,432542.69,2024-11-05,2025-01-04,closed,2025-01-11,67.0,7.0,False,False,deteriorating_payer
INV702372,C1081,Pharma Client 082,Pharma & Healthcare,60,316197.61,2024-12-11,2025-02-09,closed,2025-02-17,68.0,8.0,False,False,deteriorating_payer
INV702373,C1081,Pharma Client 082,Pharma & Healthcare,60,74170.0,2025-01-13,2025-03-14,closed,2025-03-23,69.0,9.0,False,False,deteriorating_payer
INV702374,C1081,Pharma Client 082,Pharma & Healthcare,60,205178.26,2025-01-16,2025-03-17,closed,2025-04-02,76.0,16.0,False,False,deteriorating_payer
INV702375,C1081,Pharma Client 082,Pharma & Healthcare,60,319952.62,2025-01-23,2025-03-24,closed,2025-04-11,78.0,18.0,False,False,deteriorating_payer
INV702376,C1081,Pharma Client 082,Pharma & Healthcare,60,340049.45,2025-01-25,2025-03-26,closed,2025-04-12,77.0,17.0,True,False,deteriorating_payer
INV702377,C1081,Pharma Client 082,Pharma & Healthcare,60,444841.43,2025-02-27,2025-04-28,closed,2025-05-16,78.0,18.0,False,False,deteriorating_payer
INV702378,C1081,Pharma Client 082,Pharma & Healthcare,60,253189.72,2025-04-28,2025-06-27,closed,2025-07-12,75.0,15.0,False,False,deteriorating_payer
INV702379,C1081,Pharma Client 082,Pharma & Healthcare,60,327358.47,2025-05-31,2025-07-30,closed,2025-08-13,74.0,14.0,False,False,deteriorating_payer
INV702380,C1081,Pharma Client 082,Pharma & Healthcare,60,356965.29,2025-06-03,2025-08-02,closed,2025-08-23,81.0,21.0,False,False,deteriorating_payer
INV702381,C1081,Pharma Client 082,Pharma & Healthcare,60,403982.59,2025-07-06,2025-09-04,closed,2025-09-30,86.0,26.0,False,False,deteriorating_payer
INV702382,C1081,Pharma Client 082,Pharma & Healthcare,60,544724.62,2025-07-20,2025-09-18,closed,2025-10-09,81.0,21.0,False,False,deteriorating_payer
INV702383,C1081,Pharma Client 082,Pharma & Healthcare,60,326544.64,2025-08-08,2025-10-07,closed,2025-10-25,78.0,18.0,False,False,deteriorating_payer
INV702384,C1081,Pharma Client 082,Pharma & Healthcare,60,265492.0,2025-09-01,2025-10-31,closed,2025-11-21,81.0,21.0,False,False,deteriorating_payer
INV702385,C1081,Pharma Client 082,Pharma & Healthcare,60,125881.78,2025-11-14,2026-01-13,closed,2026-02-06,84.0,24.0,False,False,deteriorating_payer
INV702386,C1081,Pharma Client 082,Pharma & Healthcare,60,465135.26,2025-11-23,2026-01-22,closed,2026-02-28,97.0,37.0,False,False,deteriorating_payer
INV702387,C1081,Pharma Client 082,Pharma & Healthcare,60,69300.44,2025-11-25,2026-01-24,closed,2026-02-19,86.0,26.0,False,False,deteriorating_payer
INV702388,C1081,Pharma Client 082,Pharma & Healthcare,60,271624.58,2025-12-10,2026-02-08,closed,2026-03-01,81.0,21.0,False,False,deteriorating_payer
INV702389,C1081,Pharma Client 082,Pharma & Healthcare,60,248892.23,2025-12-12,2026-02-10,closed,2026-03-11,89.0,29.0,False,False,deteriorating_payer
INV702390,C1081,Pharma Client 082,Pharma & Healthcare,60,203451.85,2026-01-13,2026-03-14,closed,2026-04-11,88.0,28.0,False,False,deteriorating_payer
INV702391,C1081,Pharma Client 082,Pharma & Healthcare,60,441077.52,2026-02-01,2026-04-02,closed,2026-04-25,83.0,23.0,False,False,deteriorating_payer
INV702392,C1081,Pharma Client 082,Pharma & Healthcare,60,518008.69,2026-02-09,2026-04-10,closed,2026-05-03,83.0,23.0,False,False,deteriorating_payer
INV702393,C1081,Pharma Client 082,Pharma & Healthcare,60,292808.81,2026-03-03,2026-05-02,closed,2026-05-30,88.0,28.0,False,False,deteriorating_payer
INV702394,C1081,Pharma Client 082,Pharma & Healthcare,60,521581.67,2026-05-07,2026-07-06,open,,,,False,False,deteriorating_payer
INV702395,C1081,Pharma Client 082,Pharma & Healthcare,60,269916.55,2026-05-26,2026-07-25,open,,,,False,False,deteriorating_payer
INV702396,C1081,Pharma Client 082,Pharma & Healthcare,60,80751.27,2026-05-29,2026-07-28,open,,,,False,False,deteriorating_payer
INV702397,C1081,Pharma Client 082,Pharma & Healthcare,60,384525.79,2026-07-04,2026-09-02,open,,,,False,False,deteriorating_payer
INV702398,C1081,Pharma Client 082,Pharma & Healthcare,60,181400.08,2026-08-02,2026-10-01,open,,,,False,False,deteriorating_payer
INV702399,C1082,Chemicals Client 083,Chemicals & Plastics,30,26504.9,2024-03-29,2024-04-28,closed,2024-05-06,38.0,8.0,False,False,average_payer
INV702400,C1082,Chemicals Client 083,Chemicals & Plastics,30,157207.92,2024-05-25,2024-06-24,closed,2024-07-08,44.0,14.0,False,True,average_payer
INV702401,C1082,Chemicals Client 083,Chemicals & Plastics,30,22351.74,2024-05-27,2024-06-26,closed,2024-07-03,37.0,7.0,False,False,average_payer
INV702402,C1082,Chemicals Client 083,Chemicals & Plastics,30,3000.0,2024-06-19,2024-07-19,closed,2024-07-30,41.0,11.0,False,False,average_payer
INV702403,C1082,Chemicals Client 083,Chemicals & Plastics,30,30494.7,2024-07-04,2024-08-03,closed,2024-08-16,43.0,13.0,False,False,average_payer
INV702404,C1082,Chemicals Client 083,Chemicals & Plastics,30,23626.23,2024-08-01,2024-08-31,closed,2024-09-07,37.0,7.0,False,False,average_payer
INV702405,C1082,Chemicals Client 083,Chemicals & Plastics,30,31332.06,2024-08-05,2024-09-04,closed,2024-09-01,27.0,-3.0,True,False,average_payer
INV702406,C1082,Chemicals Client 083,Chemicals & Plastics,30,20641.8,2024-08-10,2024-09-09,closed,2024-09-23,44.0,14.0,True,False,average_payer
INV702407,C1082,Chemicals Client 083,Chemicals & Plastics,30,29746.11,2024-08-26,2024-09-25,closed,2024-10-01,36.0,6.0,False,False,average_payer
INV702408,C1082,Chemicals Client 083,Chemicals & Plastics,30,19696.87,2024-09-04,2024-10-04,closed,2024-10-19,45.0,15.0,False,False,average_payer
INV702409,C1082,Chemicals Client 083,Chemicals & Plastics,30,17441.08,2024-09-14,2024-10-14,closed,2024-10-22,38.0,8.0,False,False,average_payer
INV702410,C1082,Chemicals Client 083,Chemicals & Plastics,30,29475.93,2024-09-15,2024-10-15,closed,2024-10-17,32.0,2.0,False,False,average_payer
INV702411,C1082,Chemicals Client 083,Chemicals & Plastics,30,29323.43,2024-09-29,2024-10-29,closed,2024-11-09,41.0,11.0,False,False,average_payer
INV702412,C1082,Chemicals Client 083,Chemicals & Plastics,30,38579.74,2024-11-26,2024-12-26,closed,2025-01-09,44.0,14.0,False,False,average_payer
INV702413,C1082,Chemicals Client 083,Chemicals & Plastics,30,28091.31,2025-04-08,2025-05-08,closed,2025-05-18,40.0,10.0,False,False,average_payer
INV702414,C1082,Chemicals Client 083,Chemicals & Plastics,30,13631.02,2025-05-22,2025-06-21,closed,2025-06-24,33.0,3.0,False,False,average_payer
INV702415,C1082,Chemicals Client 083,Chemicals & Plastics,30,20897.59,2025-06-02,2025-07-02,closed,2025-07-07,35.0,5.0,False,False,average_payer
INV702416,C1082,Chemicals Client 083,Chemicals & Plastics,30,28993.94,2025-06-05,2025-07-05,closed,2025-07-14,39.0,9.0,False,False,average_payer
INV702417,C1082,Chemicals Client 083,Chemicals & Plastics,30,17460.99,2025-06-19,2025-07-19,closed,2025-07-23,34.0,4.0,False,False,average_payer
INV702418,C1082,Chemicals Client 083,Chemicals & Plastics,30,144837.64,2025-07-18,2025-08-17,closed,2025-08-21,34.0,4.0,False,True,average_payer
INV702419,C1082,Chemicals Client 083,Chemicals & Plastics,30,18876.41,2025-08-12,2025-09-11,closed,2025-09-10,29.0,-1.0,False,False,average_payer
INV702420,C1082,Chemicals Client 083,Chemicals & Plastics,30,21705.42,2025-08-20,2025-09-19,closed,2025-09-13,24.0,-6.0,False,False,average_payer
INV702421,C1082,Chemicals Client 083,Chemicals & Plastics,30,23940.24,2025-09-08,2025-10-08,closed,2025-10-11,33.0,3.0,False,False,average_payer
INV702422,C1082,Chemicals Client 083,Chemicals & Plastics,30,12589.79,2025-12-08,2026-01-07,closed,2026-01-05,28.0,-2.0,False,False,average_payer
INV702423,C1082,Chemicals Client 083,Chemicals & Plastics,30,15934.98,2025-12-11,2026-01-10,closed,2026-01-19,39.0,9.0,False,False,average_payer
INV702424,C1082,Chemicals Client 083,Chemicals & Plastics,30,16161.24,2026-01-04,2026-02-03,closed,2026-02-11,38.0,8.0,False,False,average_payer
INV702425,C1082,Chemicals Client 083,Chemicals & Plastics,30,135895.9,2026-01-23,2026-02-22,closed,2026-03-06,42.0,12.0,True,True,average_payer
INV702426,C1082,Chemicals Client 083,Chemicals & Plastics,30,24942.49,2026-02-07,2026-03-09,closed,2026-03-10,31.0,1.0,False,False,average_payer
INV702427,C1082,Chemicals Client 083,Chemicals & Plastics,30,21320.89,2026-03-10,2026-04-09,closed,2026-04-15,36.0,6.0,False,False,average_payer
INV702428,C1082,Chemicals Client 083,Chemicals & Plastics,30,27073.68,2026-04-21,2026-05-21,closed,2026-05-31,40.0,10.0,False,False,average_payer
INV702429,C1082,Chemicals Client 083,Chemicals & Plastics,30,25015.26,2026-04-28,2026-05-28,closed,2026-06-05,38.0,8.0,False,False,average_payer
INV702430,C1082,Chemicals Client 083,Chemicals & Plastics,30,33722.15,2026-05-15,2026-06-14,closed,2026-07-04,50.0,20.0,False,False,average_payer
INV702431,C1082,Chemicals Client 083,Chemicals & Plastics,30,26620.76,2026-05-29,2026-06-28,closed,2026-07-01,33.0,3.0,False,False,average_payer
INV702432,C1082,Chemicals Client 083,Chemicals & Plastics,30,29743.31,2026-06-16,2026-07-16,closed,2026-07-13,27.0,-3.0,False,False,average_payer
INV702433,C1082,Chemicals Client 083,Chemicals & Plastics,30,18911.92,2026-07-04,2026-08-03,closed,2026-07-31,27.0,-3.0,False,False,average_payer
INV702434,C1082,Chemicals Client 083,Chemicals & Plastics,30,20312.17,2026-07-13,2026-08-12,open,,,,False,False,average_payer
INV702435,C1082,Chemicals Client 083,Chemicals & Plastics,30,7592.41,2026-07-15,2026-08-14,open,,,,False,False,average_payer
INV702436,C1083,Retail Client 084,Retail & Distribution,60,10071.1,2024-02-15,2024-04-15,closed,2024-05-31,106.0,46.0,False,False,improving_payer
INV702437,C1083,Retail Client 084,Retail & Distribution,60,28057.75,2024-02-20,2024-04-20,closed,2024-05-18,88.0,28.0,False,False,improving_payer
INV702438,C1083,Retail Client 084,Retail & Distribution,60,6581.38,2024-04-01,2024-05-31,closed,2024-07-06,96.0,36.0,False,False,improving_payer
INV702439,C1083,Retail Client 084,Retail & Distribution,60,33370.66,2024-05-09,2024-07-08,closed,2024-08-03,86.0,26.0,False,False,improving_payer
INV702440,C1083,Retail Client 084,Retail & Distribution,60,35534.21,2024-06-07,2024-08-06,closed,2024-09-12,97.0,37.0,False,False,improving_payer
INV702441,C1083,Retail Client 084,Retail & Distribution,60,25036.39,2024-06-22,2024-08-21,closed,2024-09-05,75.0,15.0,False,False,improving_payer
INV702442,C1083,Retail Client 084,Retail & Distribution,60,20107.71,2024-09-05,2024-11-04,closed,2024-11-22,78.0,18.0,False,False,improving_payer
INV702443,C1083,Retail Client 084,Retail & Distribution,60,27114.22,2024-09-14,2024-11-13,closed,2024-11-26,73.0,13.0,False,False,improving_payer
INV702444,C1083,Retail Client 084,Retail & Distribution,60,22079.68,2024-09-25,2024-11-24,closed,2024-12-26,92.0,32.0,False,False,improving_payer
INV702445,C1083,Retail Client 084,Retail & Distribution,60,19892.69,2024-10-10,2024-12-09,closed,2025-01-02,84.0,24.0,False,False,improving_payer
INV702446,C1083,Retail Client 084,Retail & Distribution,60,19893.41,2024-10-26,2024-12-25,closed,2025-01-07,73.0,13.0,True,False,improving_payer
INV702447,C1083,Retail Client 084,Retail & Distribution,60,97726.2,2024-11-25,2025-01-24,closed,2025-02-09,76.0,16.0,False,True,improving_payer
INV702448,C1083,Retail Client 084,Retail & Distribution,60,20561.39,2024-12-27,2025-02-25,closed,2025-03-14,77.0,17.0,False,False,improving_payer
INV702449,C1083,Retail Client 084,Retail & Distribution,60,27769.16,2024-12-29,2025-02-27,closed,2025-03-11,72.0,12.0,False,False,improving_payer
INV702450,C1083,Retail Client 084,Retail & Distribution,60,19288.46,2025-01-24,2025-03-25,closed,2025-04-12,78.0,18.0,False,False,improving_payer
INV702451,C1083,Retail Client 084,Retail & Distribution,60,26098.3,2025-02-21,2025-04-22,closed,2025-05-08,76.0,16.0,False,False,improving_payer
INV702452,C1083,Retail Client 084,Retail & Distribution,60,16464.65,2025-09-12,2025-11-11,closed,2025-11-09,58.0,-2.0,False,False,improving_payer
INV702453,C1083,Retail Client 084,Retail & Distribution,60,22877.04,2025-10-16,2025-12-15,closed,2025-12-27,72.0,12.0,False,False,improving_payer
INV702454,C1083,Retail Client 084,Retail & Distribution,60,25186.43,2025-10-21,2025-12-20,closed,2026-01-06,77.0,17.0,False,False,improving_payer
INV702455,C1083,Retail Client 084,Retail & Distribution,60,23785.67,2025-11-10,2026-01-09,closed,2026-01-24,75.0,15.0,False,False,improving_payer
INV702456,C1083,Retail Client 084,Retail & Distribution,60,35773.46,2025-11-26,2026-01-25,closed,2026-02-11,77.0,17.0,False,False,improving_payer
INV702457,C1083,Retail Client 084,Retail & Distribution,60,29453.56,2025-12-18,2026-02-16,closed,2026-02-25,69.0,9.0,False,False,improving_payer
INV702458,C1083,Retail Client 084,Retail & Distribution,60,33237.52,2026-01-31,2026-04-01,closed,2026-04-04,63.0,3.0,False,False,improving_payer
INV702459,C1083,Retail Client 084,Retail & Distribution,60,28002.89,2026-03-06,2026-05-05,closed,2026-05-18,73.0,13.0,False,False,improving_payer
INV702460,C1083,Retail Client 084,Retail & Distribution,60,18680.27,2026-03-08,2026-05-07,closed,2026-05-11,64.0,4.0,False,False,improving_payer
INV702461,C1083,Retail Client 084,Retail & Distribution,60,25306.86,2026-04-28,2026-06-27,closed,2026-07-05,68.0,8.0,False,False,improving_payer
INV702462,C1083,Retail Client 084,Retail & Distribution,60,117234.43,2026-05-13,2026-07-12,closed,2026-07-13,61.0,1.0,False,True,improving_payer
INV702463,C1083,Retail Client 084,Retail & Distribution,60,12110.37,2026-06-10,2026-08-09,closed,2026-08-13,64.0,4.0,False,False,improving_payer
INV702464,C1083,Retail Client 084,Retail & Distribution,60,23387.5,2026-06-20,2026-08-19,open,,,,False,False,improving_payer
INV702465,C1084,Electronics Client 085,Electronics & Electricals,30,21180.72,2024-03-02,2024-04-01,closed,2024-04-01,30.0,0.0,False,False,average_payer
INV702466,C1084,Electronics Client 085,Electronics & Electricals,30,17833.89,2024-03-12,2024-04-11,closed,2024-04-11,30.0,0.0,False,False,average_payer
INV702467,C1084,Electronics Client 085,Electronics & Electricals,30,19378.74,2024-04-26,2024-05-26,closed,2024-06-11,46.0,16.0,False,False,average_payer
INV702468,C1084,Electronics Client 085,Electronics & Electricals,30,23467.66,2024-04-27,2024-05-27,closed,2024-05-26,29.0,-1.0,False,False,average_payer
INV702469,C1084,Electronics Client 085,Electronics & Electricals,30,9349.27,2024-05-01,2024-05-31,closed,2024-06-16,46.0,16.0,False,False,average_payer
INV702470,C1084,Electronics Client 085,Electronics & Electricals,30,26995.45,2024-06-21,2024-07-21,closed,2024-08-05,45.0,15.0,False,False,average_payer
INV702471,C1084,Electronics Client 085,Electronics & Electricals,30,70814.05,2024-06-24,2024-07-24,closed,2024-07-28,34.0,4.0,False,True,average_payer
INV702472,C1084,Electronics Client 085,Electronics & Electricals,30,20134.58,2024-06-25,2024-07-25,closed,2024-07-21,26.0,-4.0,False,False,average_payer
INV702473,C1084,Electronics Client 085,Electronics & Electricals,30,34289.55,2024-07-28,2024-08-27,closed,2024-08-24,27.0,-3.0,False,False,average_payer
INV702474,C1084,Electronics Client 085,Electronics & Electricals,30,29610.58,2024-08-29,2024-09-28,closed,2024-10-06,38.0,8.0,False,False,average_payer
INV702475,C1084,Electronics Client 085,Electronics & Electricals,30,40254.14,2024-09-05,2024-10-05,closed,2024-10-06,31.0,1.0,False,False,average_payer
INV702476,C1084,Electronics Client 085,Electronics & Electricals,30,22239.98,2024-09-10,2024-10-10,closed,2024-10-15,35.0,5.0,False,False,average_payer
INV702477,C1084,Electronics Client 085,Electronics & Electricals,30,27312.96,2024-09-20,2024-10-20,closed,2024-10-29,39.0,9.0,False,False,average_payer
INV702478,C1084,Electronics Client 085,Electronics & Electricals,30,18025.68,2024-10-16,2024-11-15,closed,2024-11-10,25.0,-5.0,False,False,average_payer
INV702479,C1084,Electronics Client 085,Electronics & Electricals,30,17154.46,2024-12-04,2025-01-03,closed,2025-01-14,41.0,11.0,False,False,average_payer
INV702480,C1084,Electronics Client 085,Electronics & Electricals,30,16389.79,2025-01-17,2025-02-16,closed,2025-02-28,42.0,12.0,False,False,average_payer
INV702481,C1084,Electronics Client 085,Electronics & Electricals,30,23166.97,2025-02-28,2025-03-30,closed,2025-04-07,38.0,8.0,True,False,average_payer
INV702482,C1084,Electronics Client 085,Electronics & Electricals,30,39157.94,2025-05-01,2025-05-31,closed,2025-06-15,45.0,15.0,False,False,average_payer
INV702483,C1084,Electronics Client 085,Electronics & Electricals,30,21733.88,2025-06-09,2025-07-09,closed,2025-07-21,42.0,12.0,False,False,average_payer
INV702484,C1084,Electronics Client 085,Electronics & Electricals,30,32621.28,2025-08-02,2025-09-01,closed,2025-09-02,31.0,1.0,False,False,average_payer
INV702485,C1084,Electronics Client 085,Electronics & Electricals,30,37189.89,2025-09-27,2025-10-27,closed,2025-11-02,36.0,6.0,False,False,average_payer
INV702486,C1084,Electronics Client 085,Electronics & Electricals,30,19616.03,2025-10-13,2025-11-12,closed,2025-11-25,43.0,13.0,False,False,average_payer
INV702487,C1084,Electronics Client 085,Electronics & Electricals,30,32594.47,2025-12-10,2026-01-09,closed,2026-01-14,35.0,5.0,False,False,average_payer
INV702488,C1084,Electronics Client 085,Electronics & Electricals,30,38398.79,2026-01-17,2026-02-16,closed,2026-02-24,38.0,8.0,False,False,average_payer
INV702489,C1084,Electronics Client 085,Electronics & Electricals,30,72980.04,2026-01-27,2026-02-26,closed,2026-03-01,33.0,3.0,False,True,average_payer
INV702490,C1084,Electronics Client 085,Electronics & Electricals,30,28493.84,2026-04-06,2026-05-06,closed,2026-05-17,41.0,11.0,False,False,average_payer
INV702491,C1084,Electronics Client 085,Electronics & Electricals,30,18664.3,2026-06-22,2026-07-22,closed,2026-07-24,32.0,2.0,False,False,average_payer
INV702492,C1084,Electronics Client 085,Electronics & Electricals,30,22496.51,2026-07-08,2026-08-07,closed,2026-08-13,36.0,6.0,False,False,average_payer
INV702493,C1084,Electronics Client 085,Electronics & Electricals,30,43478.65,2026-07-26,2026-08-25,open,,,,False,False,average_payer
INV702494,C1084,Electronics Client 085,Electronics & Electricals,30,44155.38,2026-07-30,2026-08-29,open,,,,False,False,average_payer
INV702495,C1085,Retail Client 086,Retail & Distribution,30,58743.72,2024-04-22,2024-05-22,closed,2024-05-27,35.0,5.0,False,False,seasonal_payer
INV702496,C1085,Retail Client 086,Retail & Distribution,30,69981.78,2024-05-02,2024-06-01,closed,2024-06-05,34.0,4.0,False,False,seasonal_payer
INV702497,C1085,Retail Client 086,Retail & Distribution,30,103334.37,2024-06-18,2024-07-18,closed,2024-07-25,37.0,7.0,False,False,seasonal_payer
INV702498,C1085,Retail Client 086,Retail & Distribution,30,38879.39,2024-06-24,2024-07-24,closed,2024-07-28,34.0,4.0,False,False,seasonal_payer
INV702499,C1085,Retail Client 086,Retail & Distribution,30,39710.17,2024-06-25,2024-07-25,closed,2024-08-01,37.0,7.0,False,False,seasonal_payer
INV702500,C1085,Retail Client 086,Retail & Distribution,30,186002.77,2024-07-11,2024-08-10,closed,2024-08-04,24.0,-6.0,False,True,seasonal_payer
INV702501,C1085,Retail Client 086,Retail & Distribution,30,41247.71,2024-08-06,2024-09-05,closed,2024-09-12,37.0,7.0,False,False,seasonal_payer
INV702502,C1085,Retail Client 086,Retail & Distribution,30,43559.15,2024-08-30,2024-09-29,closed,2024-10-02,33.0,3.0,False,False,seasonal_payer
INV702503,C1085,Retail Client 086,Retail & Distribution,30,62804.95,2024-10-17,2024-11-16,closed,2024-11-24,38.0,8.0,False,False,seasonal_payer
INV702504,C1085,Retail Client 086,Retail & Distribution,30,88202.85,2024-10-20,2024-11-19,closed,2024-11-28,39.0,9.0,False,False,seasonal_payer
INV702505,C1085,Retail Client 086,Retail & Distribution,30,89639.52,2024-10-21,2024-11-20,closed,2024-12-03,43.0,13.0,True,False,seasonal_payer
INV702506,C1085,Retail Client 086,Retail & Distribution,30,45848.02,2024-11-13,2024-12-13,disputed_open,,,,False,False,seasonal_payer
INV702507,C1085,Retail Client 086,Retail & Distribution,30,37991.54,2024-12-27,2025-01-26,closed,2025-01-30,34.0,4.0,False,False,seasonal_payer
INV702508,C1085,Retail Client 086,Retail & Distribution,30,25990.44,2025-01-05,2025-02-04,closed,2025-02-13,39.0,9.0,False,False,seasonal_payer
INV702509,C1085,Retail Client 086,Retail & Distribution,30,96086.17,2025-01-22,2025-02-21,closed,2025-03-16,53.0,23.0,False,False,seasonal_payer
INV702510,C1085,Retail Client 086,Retail & Distribution,30,55615.24,2025-03-08,2025-04-07,closed,2025-04-26,49.0,19.0,False,False,seasonal_payer
INV702511,C1085,Retail Client 086,Retail & Distribution,30,53113.37,2025-03-12,2025-04-11,closed,2025-04-30,49.0,19.0,False,False,seasonal_payer
INV702512,C1085,Retail Client 086,Retail & Distribution,30,44381.06,2025-04-13,2025-05-13,closed,2025-05-20,37.0,7.0,False,False,seasonal_payer
INV702513,C1085,Retail Client 086,Retail & Distribution,30,71459.5,2025-05-19,2025-06-18,closed,2025-06-29,41.0,11.0,False,False,seasonal_payer
INV702514,C1085,Retail Client 086,Retail & Distribution,30,66696.6,2025-05-21,2025-06-20,closed,2025-07-01,41.0,11.0,False,False,seasonal_payer
INV702515,C1085,Retail Client 086,Retail & Distribution,30,39740.87,2025-06-24,2025-07-24,closed,2025-08-07,44.0,14.0,False,False,seasonal_payer
INV702516,C1085,Retail Client 086,Retail & Distribution,30,65626.3,2025-07-13,2025-08-12,closed,2025-08-11,29.0,-1.0,False,False,seasonal_payer
INV702517,C1085,Retail Client 086,Retail & Distribution,30,51886.23,2025-08-21,2025-09-20,disputed_open,,,,False,False,seasonal_payer
INV702518,C1085,Retail Client 086,Retail & Distribution,30,44001.96,2025-08-29,2025-09-28,closed,2025-09-29,31.0,1.0,False,False,seasonal_payer
INV702519,C1085,Retail Client 086,Retail & Distribution,30,76172.47,2025-09-01,2025-10-01,closed,2025-10-08,37.0,7.0,False,False,seasonal_payer
INV702520,C1085,Retail Client 086,Retail & Distribution,30,38418.19,2025-10-20,2025-11-19,closed,2025-12-01,42.0,12.0,False,False,seasonal_payer
INV702521,C1085,Retail Client 086,Retail & Distribution,30,84256.68,2025-12-21,2026-01-20,closed,2026-01-27,37.0,7.0,False,False,seasonal_payer
INV702522,C1085,Retail Client 086,Retail & Distribution,30,93272.52,2025-12-25,2026-01-24,closed,2026-02-07,44.0,14.0,False,False,seasonal_payer
INV702523,C1085,Retail Client 086,Retail & Distribution,30,77793.55,2025-12-31,2026-01-30,closed,2026-02-11,42.0,12.0,False,False,seasonal_payer
INV702524,C1085,Retail Client 086,Retail & Distribution,30,45697.52,2026-01-10,2026-02-09,closed,2026-02-22,43.0,13.0,False,False,seasonal_payer
INV702525,C1085,Retail Client 086,Retail & Distribution,30,76657.76,2026-01-19,2026-02-18,closed,2026-03-05,45.0,15.0,False,False,seasonal_payer
INV702526,C1085,Retail Client 086,Retail & Distribution,30,67187.57,2026-01-21,2026-02-20,closed,2026-03-07,45.0,15.0,False,False,seasonal_payer
INV702527,C1085,Retail Client 086,Retail & Distribution,30,48087.12,2026-01-26,2026-02-25,closed,2026-03-10,43.0,13.0,False,False,seasonal_payer
INV702528,C1085,Retail Client 086,Retail & Distribution,30,33821.66,2026-01-31,2026-03-02,closed,2026-03-14,42.0,12.0,False,False,seasonal_payer
INV702529,C1085,Retail Client 086,Retail & Distribution,30,73217.43,2026-02-19,2026-03-21,closed,2026-03-31,40.0,10.0,False,False,seasonal_payer
INV702530,C1085,Retail Client 086,Retail & Distribution,30,68285.99,2026-03-01,2026-03-31,closed,2026-04-08,38.0,8.0,False,False,seasonal_payer
INV702531,C1085,Retail Client 086,Retail & Distribution,30,304977.17,2026-03-10,2026-04-09,closed,2026-04-21,42.0,12.0,False,True,seasonal_payer
INV702532,C1085,Retail Client 086,Retail & Distribution,30,65868.75,2026-03-31,2026-04-30,closed,2026-05-16,46.0,16.0,False,False,seasonal_payer
INV702533,C1085,Retail Client 086,Retail & Distribution,30,214898.51,2026-04-22,2026-05-22,closed,2026-06-03,42.0,12.0,False,True,seasonal_payer
INV702534,C1085,Retail Client 086,Retail & Distribution,30,31405.3,2026-05-10,2026-06-09,closed,2026-06-09,30.0,0.0,False,False,seasonal_payer
INV702535,C1085,Retail Client 086,Retail & Distribution,30,68074.17,2026-06-18,2026-07-18,closed,2026-07-21,33.0,3.0,False,False,seasonal_payer
INV702536,C1085,Retail Client 086,Retail & Distribution,30,58725.51,2026-07-01,2026-07-31,closed,2026-08-01,31.0,1.0,False,False,seasonal_payer
INV702537,C1085,Retail Client 086,Retail & Distribution,30,66974.09,2026-07-06,2026-08-05,closed,2026-08-07,32.0,2.0,False,False,seasonal_payer
INV702538,C1086,Metal Client 087,Metal & Engineering,30,111623.94,2024-05-05,2024-06-04,closed,2024-06-07,33.0,3.0,False,False,deteriorating_payer
INV702539,C1086,Metal Client 087,Metal & Engineering,30,124654.59,2025-01-09,2025-02-08,closed,2025-02-13,35.0,5.0,False,False,deteriorating_payer
INV702540,C1086,Metal Client 087,Metal & Engineering,30,53424.33,2025-03-05,2025-04-04,closed,2025-04-20,46.0,16.0,False,False,deteriorating_payer
INV702541,C1086,Metal Client 087,Metal & Engineering,30,143990.71,2025-03-14,2025-04-13,closed,2025-04-24,41.0,11.0,False,False,deteriorating_payer
INV702542,C1086,Metal Client 087,Metal & Engineering,30,179994.11,2025-05-11,2025-06-10,closed,2025-07-04,54.0,24.0,False,False,deteriorating_payer
INV702543,C1086,Metal Client 087,Metal & Engineering,30,77237.7,2025-08-10,2025-09-09,closed,2025-10-03,54.0,24.0,False,False,deteriorating_payer
INV702544,C1086,Metal Client 087,Metal & Engineering,30,130267.3,2025-11-24,2025-12-24,closed,2026-01-16,53.0,23.0,False,False,deteriorating_payer
INV702545,C1086,Metal Client 087,Metal & Engineering,30,111638.99,2025-12-28,2026-01-27,closed,2026-03-20,82.0,52.0,False,False,deteriorating_payer
INV702546,C1086,Metal Client 087,Metal & Engineering,30,178593.84,2026-02-26,2026-03-28,closed,2026-05-04,67.0,37.0,False,False,deteriorating_payer
INV702547,C1086,Metal Client 087,Metal & Engineering,30,201398.02,2026-02-28,2026-03-30,closed,2026-04-23,54.0,24.0,False,False,deteriorating_payer
INV702548,C1086,Metal Client 087,Metal & Engineering,30,126570.26,2026-03-22,2026-04-21,closed,2026-05-27,66.0,36.0,False,False,deteriorating_payer
INV702549,C1086,Metal Client 087,Metal & Engineering,30,116990.11,2026-04-14,2026-05-14,closed,2026-07-09,86.0,56.0,False,False,deteriorating_payer
INV702550,C1087,Auto Client 088,Auto Components,30,109654.71,2024-04-10,2024-05-10,closed,2024-05-18,38.0,8.0,False,False,average_payer
INV702551,C1087,Auto Client 088,Auto Components,30,106314.72,2024-04-20,2024-05-20,closed,2024-05-22,32.0,2.0,False,False,average_payer
INV702552,C1087,Auto Client 088,Auto Components,30,120112.44,2024-04-22,2024-05-22,closed,2024-06-02,41.0,11.0,False,False,average_payer
INV702553,C1087,Auto Client 088,Auto Components,30,16692.23,2024-05-09,2024-06-08,closed,2024-06-15,37.0,7.0,False,False,average_payer
INV702554,C1087,Auto Client 088,Auto Components,30,156157.73,2024-05-15,2024-06-14,closed,2024-06-18,34.0,4.0,False,False,average_payer
INV702555,C1087,Auto Client 088,Auto Components,30,178675.32,2024-05-27,2024-06-26,closed,2024-07-08,42.0,12.0,False,False,average_payer
INV702556,C1087,Auto Client 088,Auto Components,30,221014.6,2024-05-29,2024-06-28,closed,2024-07-11,43.0,13.0,False,False,average_payer
INV702557,C1087,Auto Client 088,Auto Components,30,116546.89,2024-05-29,2024-06-28,closed,2024-06-22,24.0,-6.0,False,False,average_payer
INV702558,C1087,Auto Client 088,Auto Components,30,137146.66,2024-07-15,2024-08-14,closed,2024-08-27,43.0,13.0,False,False,average_payer
INV702559,C1087,Auto Client 088,Auto Components,30,77032.99,2024-08-22,2024-09-21,closed,2024-09-17,26.0,-4.0,False,False,average_payer
INV702560,C1087,Auto Client 088,Auto Components,30,101185.83,2024-10-09,2024-11-08,closed,2024-11-08,30.0,0.0,False,False,average_payer
INV702561,C1087,Auto Client 088,Auto Components,30,124873.19,2024-11-06,2024-12-06,closed,2024-12-12,36.0,6.0,False,False,average_payer
INV702562,C1087,Auto Client 088,Auto Components,30,101815.28,2024-12-03,2025-01-02,closed,2025-01-08,36.0,6.0,False,False,average_payer
INV702563,C1087,Auto Client 088,Auto Components,30,97686.53,2024-12-09,2025-01-08,closed,2025-01-15,37.0,7.0,False,False,average_payer
INV702564,C1087,Auto Client 088,Auto Components,30,96611.52,2024-12-18,2025-01-17,closed,2025-01-20,33.0,3.0,False,False,average_payer
INV702565,C1087,Auto Client 088,Auto Components,30,160260.95,2025-01-09,2025-02-08,closed,2025-02-10,32.0,2.0,False,False,average_payer
INV702566,C1087,Auto Client 088,Auto Components,30,91808.1,2025-02-19,2025-03-21,closed,2025-03-31,40.0,10.0,False,False,average_payer
INV702567,C1087,Auto Client 088,Auto Components,30,87923.71,2025-03-14,2025-04-13,closed,2025-04-25,42.0,12.0,False,False,average_payer
INV702568,C1087,Auto Client 088,Auto Components,30,172110.8,2025-03-17,2025-04-16,closed,2025-04-20,34.0,4.0,False,False,average_payer
INV702569,C1087,Auto Client 088,Auto Components,30,93651.83,2025-05-25,2025-06-24,closed,2025-06-29,35.0,5.0,False,False,average_payer
INV702570,C1087,Auto Client 088,Auto Components,30,137732.05,2025-05-27,2025-06-26,closed,2025-07-05,39.0,9.0,False,False,average_payer
INV702571,C1087,Auto Client 088,Auto Components,30,117340.97,2025-05-30,2025-06-29,closed,2025-07-07,38.0,8.0,False,False,average_payer
INV702572,C1087,Auto Client 088,Auto Components,30,141079.4,2025-06-04,2025-07-04,closed,2025-07-02,28.0,-2.0,False,False,average_payer
INV702573,C1087,Auto Client 088,Auto Components,30,97514.93,2025-06-24,2025-07-24,closed,2025-08-04,41.0,11.0,False,False,average_payer
INV702574,C1087,Auto Client 088,Auto Components,30,57472.04,2025-07-12,2025-08-11,closed,2025-08-14,33.0,3.0,False,False,average_payer
INV702575,C1087,Auto Client 088,Auto Components,30,94954.23,2025-07-29,2025-08-28,closed,2025-08-30,32.0,2.0,False,False,average_payer
INV702576,C1087,Auto Client 088,Auto Components,30,165543.12,2025-10-07,2025-11-06,closed,2025-11-23,47.0,17.0,False,False,average_payer
INV702577,C1087,Auto Client 088,Auto Components,30,178436.51,2025-10-31,2025-11-30,closed,2025-12-03,33.0,3.0,False,False,average_payer
INV702578,C1087,Auto Client 088,Auto Components,30,119974.55,2025-11-07,2025-12-07,closed,2025-12-04,27.0,-3.0,False,False,average_payer
INV702579,C1087,Auto Client 088,Auto Components,30,122755.72,2025-12-17,2026-01-16,closed,2026-01-20,34.0,4.0,True,False,average_payer
INV702580,C1087,Auto Client 088,Auto Components,30,119387.22,2026-02-11,2026-03-13,closed,2026-03-19,36.0,6.0,False,False,average_payer
INV702581,C1087,Auto Client 088,Auto Components,30,129712.61,2026-02-14,2026-03-16,closed,2026-03-26,40.0,10.0,False,False,average_payer
INV702582,C1087,Auto Client 088,Auto Components,30,113360.86,2026-02-17,2026-03-19,closed,2026-03-23,34.0,4.0,False,False,average_payer
INV702583,C1087,Auto Client 088,Auto Components,30,96528.65,2026-03-01,2026-03-31,closed,2026-04-09,39.0,9.0,False,False,average_payer
INV702584,C1087,Auto Client 088,Auto Components,30,147990.43,2026-03-04,2026-04-03,closed,2026-04-12,39.0,9.0,False,False,average_payer
INV702585,C1087,Auto Client 088,Auto Components,30,133953.46,2026-03-27,2026-04-26,closed,2026-04-27,31.0,1.0,False,False,average_payer
INV702586,C1087,Auto Client 088,Auto Components,30,80818.6,2026-03-28,2026-04-27,closed,2026-04-30,33.0,3.0,False,False,average_payer
INV702587,C1087,Auto Client 088,Auto Components,30,154435.41,2026-04-07,2026-05-07,closed,2026-05-03,26.0,-4.0,False,False,average_payer
INV702588,C1087,Auto Client 088,Auto Components,30,129924.27,2026-04-17,2026-05-17,closed,2026-05-24,37.0,7.0,False,False,average_payer
INV702589,C1087,Auto Client 088,Auto Components,30,412308.57,2026-04-26,2026-05-26,closed,2026-06-07,42.0,12.0,False,True,average_payer
INV702590,C1087,Auto Client 088,Auto Components,30,77314.63,2026-05-06,2026-06-05,closed,2026-06-14,39.0,9.0,False,False,average_payer
INV702591,C1087,Auto Client 088,Auto Components,30,116151.39,2026-05-28,2026-06-27,closed,2026-06-30,33.0,3.0,False,False,average_payer
INV702592,C1087,Auto Client 088,Auto Components,30,89260.5,2026-06-22,2026-07-22,closed,2026-07-28,36.0,6.0,False,False,average_payer
INV702593,C1087,Auto Client 088,Auto Components,30,162516.42,2026-07-04,2026-08-03,closed,2026-08-05,32.0,2.0,False,False,average_payer
INV702594,C1087,Auto Client 088,Auto Components,30,64898.98,2026-07-23,2026-08-22,open,,,,False,False,average_payer
INV702595,C1087,Auto Client 088,Auto Components,30,134956.39,2026-07-26,2026-08-25,open,,,,False,False,average_payer
INV702596,C1087,Auto Client 088,Auto Components,30,47107.42,2026-08-08,2026-09-07,open,,,,False,False,average_payer
INV702597,C1088,Retail Client 089,Retail & Distribution,30,113520.27,2024-04-09,2024-05-09,disputed_open,,,,False,False,average_payer
INV702598,C1088,Retail Client 089,Retail & Distribution,30,95812.58,2024-04-10,2024-05-10,closed,2024-05-14,34.0,4.0,False,False,average_payer
INV702599,C1088,Retail Client 089,Retail & Distribution,30,114646.89,2024-04-23,2024-05-23,closed,2024-05-19,26.0,-4.0,False,False,average_payer
INV702600,C1088,Retail Client 089,Retail & Distribution,30,102965.51,2024-05-10,2024-06-09,closed,2024-06-04,25.0,-5.0,False,False,average_payer
INV702601,C1088,Retail Client 089,Retail & Distribution,30,62953.71,2024-05-16,2024-06-15,closed,2024-06-21,36.0,6.0,False,False,average_payer
INV702602,C1088,Retail Client 089,Retail & Distribution,30,56112.7,2024-05-18,2024-06-17,disputed_open,,,,False,False,average_payer
INV702603,C1088,Retail Client 089,Retail & Distribution,30,167242.36,2024-07-23,2024-08-22,closed,2024-08-23,31.0,1.0,False,False,average_payer
INV702604,C1088,Retail Client 089,Retail & Distribution,30,90875.62,2024-09-03,2024-10-03,closed,2024-10-13,40.0,10.0,False,False,average_payer
INV702605,C1088,Retail Client 089,Retail & Distribution,30,152776.95,2024-09-17,2024-10-17,closed,2024-10-23,36.0,6.0,False,False,average_payer
INV702606,C1088,Retail Client 089,Retail & Distribution,30,78434.59,2024-09-26,2024-10-26,closed,2024-11-04,39.0,9.0,False,False,average_payer
INV702607,C1088,Retail Client 089,Retail & Distribution,30,138484.65,2024-10-20,2024-11-19,closed,2024-12-03,44.0,14.0,False,False,average_payer
INV702608,C1088,Retail Client 089,Retail & Distribution,30,137119.08,2024-10-22,2024-11-21,closed,2024-11-18,27.0,-3.0,False,False,average_payer
INV702609,C1088,Retail Client 089,Retail & Distribution,30,166500.09,2024-11-02,2024-12-02,closed,2024-11-24,22.0,-8.0,False,False,average_payer
INV702610,C1088,Retail Client 089,Retail & Distribution,30,162534.23,2024-11-03,2024-12-03,closed,2024-12-15,42.0,12.0,False,False,average_payer
INV702611,C1088,Retail Client 089,Retail & Distribution,30,115561.65,2024-11-17,2024-12-17,closed,2024-12-20,33.0,3.0,False,False,average_payer
INV702612,C1088,Retail Client 089,Retail & Distribution,30,94988.61,2024-11-24,2024-12-24,closed,2024-12-26,32.0,2.0,False,False,average_payer
INV702613,C1088,Retail Client 089,Retail & Distribution,30,87236.79,2024-11-27,2024-12-27,closed,2024-12-28,31.0,1.0,False,False,average_payer
INV702614,C1088,Retail Client 089,Retail & Distribution,30,149532.71,2024-11-30,2024-12-30,closed,2025-01-11,42.0,12.0,False,False,average_payer
INV702615,C1088,Retail Client 089,Retail & Distribution,30,62473.32,2024-12-06,2025-01-05,closed,2025-01-09,34.0,4.0,False,False,average_payer
INV702616,C1088,Retail Client 089,Retail & Distribution,30,435055.69,2024-12-08,2025-01-07,closed,2025-01-10,33.0,3.0,False,True,average_payer
INV702617,C1088,Retail Client 089,Retail & Distribution,30,131747.71,2025-01-11,2025-02-10,closed,2025-02-12,32.0,2.0,False,False,average_payer
INV702618,C1088,Retail Client 089,Retail & Distribution,30,148449.8,2025-02-11,2025-03-13,closed,2025-03-18,35.0,5.0,False,False,average_payer
INV702619,C1088,Retail Client 089,Retail & Distribution,30,81883.46,2025-02-20,2025-03-22,closed,2025-03-30,38.0,8.0,False,False,average_payer
INV702620,C1088,Retail Client 089,Retail & Distribution,30,108634.81,2025-02-27,2025-03-29,closed,2025-04-12,44.0,14.0,False,False,average_payer
INV702621,C1088,Retail Client 089,Retail & Distribution,30,162313.6,2025-04-03,2025-05-03,closed,2025-05-15,42.0,12.0,False,False,average_payer
INV702622,C1088,Retail Client 089,Retail & Distribution,30,81901.12,2025-04-12,2025-05-12,closed,2025-05-08,26.0,-4.0,False,False,average_payer
INV702623,C1088,Retail Client 089,Retail & Distribution,30,27806.65,2025-04-15,2025-05-15,closed,2025-05-16,31.0,1.0,False,False,average_payer
INV702624,C1088,Retail Client 089,Retail & Distribution,30,145499.98,2025-06-03,2025-07-03,closed,2025-07-03,30.0,0.0,False,False,average_payer
INV702625,C1088,Retail Client 089,Retail & Distribution,30,117883.96,2025-06-04,2025-07-04,closed,2025-07-02,28.0,-2.0,False,False,average_payer
INV702626,C1088,Retail Client 089,Retail & Distribution,30,116986.9,2025-06-23,2025-07-23,closed,2025-07-25,32.0,2.0,False,False,average_payer
INV702627,C1088,Retail Client 089,Retail & Distribution,30,202541.72,2025-08-12,2025-09-11,closed,2025-09-24,43.0,13.0,False,False,average_payer
INV702628,C1088,Retail Client 089,Retail & Distribution,30,119393.93,2025-08-21,2025-09-20,closed,2025-09-28,38.0,8.0,False,False,average_payer
INV702629,C1088,Retail Client 089,Retail & Distribution,30,172625.03,2025-09-12,2025-10-12,closed,2025-10-08,26.0,-4.0,False,False,average_payer
INV702630,C1088,Retail Client 089,Retail & Distribution,30,136011.63,2025-09-18,2025-10-18,closed,2025-10-25,37.0,7.0,False,False,average_payer
INV702631,C1088,Retail Client 089,Retail & Distribution,30,52058.9,2025-10-08,2025-11-07,closed,2025-11-19,42.0,12.0,False,False,average_payer
INV702632,C1088,Retail Client 089,Retail & Distribution,30,82940.49,2025-10-19,2025-11-18,closed,2025-11-24,36.0,6.0,False,False,average_payer
INV702633,C1088,Retail Client 089,Retail & Distribution,30,164745.95,2025-10-29,2025-11-28,closed,2025-11-26,28.0,-2.0,False,False,average_payer
INV702634,C1088,Retail Client 089,Retail & Distribution,30,185212.56,2025-12-06,2026-01-05,closed,2026-01-05,30.0,0.0,False,False,average_payer
INV702635,C1088,Retail Client 089,Retail & Distribution,30,120491.0,2025-12-14,2026-01-13,closed,2026-01-24,41.0,11.0,False,False,average_payer
INV702636,C1088,Retail Client 089,Retail & Distribution,30,115624.12,2025-12-16,2026-01-15,closed,2026-01-23,38.0,8.0,False,False,average_payer
INV702637,C1088,Retail Client 089,Retail & Distribution,30,135048.83,2026-01-31,2026-03-02,closed,2026-03-09,37.0,7.0,False,False,average_payer
INV702638,C1088,Retail Client 089,Retail & Distribution,30,130725.38,2026-02-01,2026-03-03,closed,2026-03-08,35.0,5.0,False,False,average_payer
INV702639,C1088,Retail Client 089,Retail & Distribution,30,76061.46,2026-02-02,2026-03-04,closed,2026-03-08,34.0,4.0,False,False,average_payer
INV702640,C1088,Retail Client 089,Retail & Distribution,30,77942.55,2026-03-06,2026-04-05,closed,2026-04-13,38.0,8.0,False,False,average_payer
INV702641,C1088,Retail Client 089,Retail & Distribution,30,80082.03,2026-03-16,2026-04-15,closed,2026-04-19,34.0,4.0,False,False,average_payer
INV702642,C1088,Retail Client 089,Retail & Distribution,30,95613.65,2026-04-14,2026-05-14,closed,2026-05-05,21.0,-9.0,False,False,average_payer
INV702643,C1088,Retail Client 089,Retail & Distribution,30,170059.79,2026-04-17,2026-05-17,closed,2026-05-24,37.0,7.0,False,False,average_payer
INV702644,C1088,Retail Client 089,Retail & Distribution,30,175635.54,2026-06-07,2026-07-07,closed,2026-07-19,42.0,12.0,False,False,average_payer
INV702645,C1088,Retail Client 089,Retail & Distribution,30,118293.47,2026-06-07,2026-07-07,closed,2026-07-20,43.0,13.0,False,False,average_payer
INV702646,C1088,Retail Client 089,Retail & Distribution,30,123086.8,2026-07-21,2026-08-20,open,,,,False,False,average_payer
INV702647,C1088,Retail Client 089,Retail & Distribution,30,75579.94,2026-08-11,2026-09-10,open,,,,False,False,average_payer
INV702648,C1089,Construction Client 090,Construction & Infra,15,118546.55,2024-03-11,2024-03-26,closed,2024-04-11,31.0,16.0,False,False,prompt_payer
INV702649,C1089,Construction Client 090,Construction & Infra,15,97251.28,2024-05-02,2024-05-17,closed,2024-05-14,12.0,-3.0,False,False,prompt_payer
INV702650,C1089,Construction Client 090,Construction & Infra,15,60217.2,2024-05-15,2024-05-30,closed,2024-06-05,21.0,6.0,False,False,prompt_payer
INV702651,C1089,Construction Client 090,Construction & Infra,15,192624.44,2024-05-22,2024-06-06,closed,2024-06-04,13.0,-2.0,False,False,prompt_payer
INV702652,C1089,Construction Client 090,Construction & Infra,15,105206.13,2024-06-18,2024-07-03,closed,2024-07-09,21.0,6.0,False,False,prompt_payer
INV702653,C1089,Construction Client 090,Construction & Infra,15,71607.83,2024-07-30,2024-08-14,closed,2024-08-25,26.0,11.0,False,False,prompt_payer
INV702654,C1089,Construction Client 090,Construction & Infra,15,146146.95,2024-11-01,2024-11-16,closed,2024-11-11,10.0,-5.0,False,False,prompt_payer
INV702655,C1089,Construction Client 090,Construction & Infra,15,180525.66,2025-04-05,2025-04-20,closed,2025-04-22,17.0,2.0,False,False,prompt_payer
INV702656,C1089,Construction Client 090,Construction & Infra,15,130407.58,2025-05-28,2025-06-12,closed,2025-06-17,20.0,5.0,False,False,prompt_payer
INV702657,C1089,Construction Client 090,Construction & Infra,15,151108.6,2025-07-01,2025-07-16,closed,2025-07-17,16.0,1.0,False,False,prompt_payer
INV702658,C1089,Construction Client 090,Construction & Infra,15,96241.76,2025-07-25,2025-08-09,closed,2025-08-14,20.0,5.0,False,False,prompt_payer
INV702659,C1089,Construction Client 090,Construction & Infra,15,119623.77,2025-09-06,2025-09-21,closed,2025-10-02,26.0,11.0,False,False,prompt_payer
INV702660,C1089,Construction Client 090,Construction & Infra,15,116201.51,2025-10-15,2025-10-30,closed,2025-10-29,14.0,-1.0,False,False,prompt_payer
INV702661,C1089,Construction Client 090,Construction & Infra,15,20647.56,2025-11-08,2025-11-23,closed,2025-11-30,22.0,7.0,False,False,prompt_payer
INV702662,C1089,Construction Client 090,Construction & Infra,15,95192.18,2026-02-10,2026-02-25,closed,2026-02-28,18.0,3.0,False,False,prompt_payer
INV702663,C1089,Construction Client 090,Construction & Infra,15,170013.26,2026-02-13,2026-02-28,closed,2026-02-24,11.0,-4.0,False,False,prompt_payer
INV702664,C1090,Chemicals Client 091,Chemicals & Plastics,15,5621.41,2024-04-11,2024-04-26,closed,2024-04-30,19.0,4.0,True,False,average_payer
INV702665,C1090,Chemicals Client 091,Chemicals & Plastics,15,29810.87,2024-06-13,2024-06-28,closed,2024-07-06,23.0,8.0,False,False,average_payer
INV702666,C1090,Chemicals Client 091,Chemicals & Plastics,15,24115.32,2024-07-13,2024-07-28,closed,2024-08-11,29.0,14.0,False,False,average_payer
INV702667,C1090,Chemicals Client 091,Chemicals & Plastics,15,22624.02,2024-07-16,2024-07-31,closed,2024-08-05,20.0,5.0,True,False,average_payer
INV702668,C1090,Chemicals Client 091,Chemicals & Plastics,15,12831.75,2024-09-18,2024-10-03,closed,2024-10-06,18.0,3.0,False,False,average_payer
INV702669,C1090,Chemicals Client 091,Chemicals & Plastics,15,35819.94,2024-10-25,2024-11-09,closed,2024-11-23,29.0,14.0,False,False,average_payer
INV702670,C1090,Chemicals Client 091,Chemicals & Plastics,15,85808.22,2025-06-16,2025-07-01,closed,2025-07-08,22.0,7.0,False,True,average_payer
INV702671,C1090,Chemicals Client 091,Chemicals & Plastics,15,41789.41,2025-07-29,2025-08-13,closed,2025-08-06,8.0,-7.0,False,False,average_payer
INV702672,C1090,Chemicals Client 091,Chemicals & Plastics,15,15505.15,2025-09-13,2025-09-28,closed,2025-10-01,18.0,3.0,False,False,average_payer
INV702673,C1090,Chemicals Client 091,Chemicals & Plastics,15,17144.22,2026-02-21,2026-03-08,closed,2026-03-08,15.0,0.0,False,False,average_payer
INV702674,C1090,Chemicals Client 091,Chemicals & Plastics,15,47741.5,2026-02-24,2026-03-11,closed,2026-03-16,20.0,5.0,False,False,average_payer
INV702675,C1090,Chemicals Client 091,Chemicals & Plastics,15,18342.01,2026-04-04,2026-04-19,closed,2026-05-04,30.0,15.0,False,False,average_payer
INV702676,C1091,FMCG Client 092,FMCG & Food Processing,30,30156.64,2024-03-23,2024-04-22,closed,2024-05-17,55.0,25.0,False,False,improving_payer
INV702677,C1091,FMCG Client 092,FMCG & Food Processing,30,23568.91,2024-03-31,2024-04-30,disputed_open,,,,False,False,improving_payer
INV702678,C1091,FMCG Client 092,FMCG & Food Processing,30,35532.26,2024-04-24,2024-05-24,closed,2024-06-24,61.0,31.0,True,False,improving_payer
INV702679,C1091,FMCG Client 092,FMCG & Food Processing,30,31040.4,2024-04-29,2024-05-29,closed,2024-07-01,63.0,33.0,False,False,improving_payer
INV702680,C1091,FMCG Client 092,FMCG & Food Processing,30,42124.87,2024-06-04,2024-07-04,closed,2024-07-29,55.0,25.0,False,False,improving_payer
INV702681,C1091,FMCG Client 092,FMCG & Food Processing,30,7598.24,2024-06-20,2024-07-20,disputed_open,,,,False,False,improving_payer
INV702682,C1091,FMCG Client 092,FMCG & Food Processing,30,12558.71,2024-07-27,2024-08-26,closed,2024-09-15,50.0,20.0,False,False,improving_payer
INV702683,C1091,FMCG Client 092,FMCG & Food Processing,30,18868.57,2024-08-10,2024-09-09,closed,2024-10-04,55.0,25.0,False,False,improving_payer
INV702684,C1091,FMCG Client 092,FMCG & Food Processing,30,93754.35,2024-10-12,2024-11-11,closed,2024-12-12,61.0,31.0,False,True,improving_payer
INV702685,C1091,FMCG Client 092,FMCG & Food Processing,30,35288.13,2024-10-23,2024-11-22,closed,2024-12-09,47.0,17.0,True,False,improving_payer
INV702686,C1091,FMCG Client 092,FMCG & Food Processing,30,19944.75,2024-10-26,2024-11-25,closed,2024-12-18,53.0,23.0,False,False,improving_payer
INV702687,C1091,FMCG Client 092,FMCG & Food Processing,30,38110.42,2024-12-29,2025-01-28,closed,2025-02-20,53.0,23.0,False,False,improving_payer
INV702688,C1091,FMCG Client 092,FMCG & Food Processing,30,22396.95,2025-01-03,2025-02-02,closed,2025-02-21,49.0,19.0,False,False,improving_payer
INV702689,C1091,FMCG Client 092,FMCG & Food Processing,30,32535.09,2025-01-15,2025-02-14,closed,2025-02-28,44.0,14.0,False,False,improving_payer
INV702690,C1091,FMCG Client 092,FMCG & Food Processing,30,11616.54,2025-02-07,2025-03-09,closed,2025-03-22,43.0,13.0,False,False,improving_payer
INV702691,C1091,FMCG Client 092,FMCG & Food Processing,30,71504.61,2025-04-16,2025-05-16,closed,2025-06-02,47.0,17.0,False,True,improving_payer
INV702692,C1091,FMCG Client 092,FMCG & Food Processing,30,32684.51,2025-05-09,2025-06-08,closed,2025-06-22,44.0,14.0,False,False,improving_payer
INV702693,C1091,FMCG Client 092,FMCG & Food Processing,30,19542.84,2025-05-12,2025-06-11,closed,2025-07-03,52.0,22.0,False,False,improving_payer
INV702694,C1091,FMCG Client 092,FMCG & Food Processing,30,14428.06,2025-05-27,2025-06-26,closed,2025-07-10,44.0,14.0,False,False,improving_payer
INV702695,C1091,FMCG Client 092,FMCG & Food Processing,30,40463.83,2025-06-13,2025-07-13,closed,2025-07-28,45.0,15.0,False,False,improving_payer
INV702696,C1091,FMCG Client 092,FMCG & Food Processing,30,14253.28,2025-06-17,2025-07-17,closed,2025-07-31,44.0,14.0,False,False,improving_payer
INV702697,C1091,FMCG Client 092,FMCG & Food Processing,30,26294.29,2025-06-19,2025-07-19,closed,2025-08-09,51.0,21.0,False,False,improving_payer
INV702698,C1091,FMCG Client 092,FMCG & Food Processing,30,31458.41,2025-07-03,2025-08-02,closed,2025-08-05,33.0,3.0,False,False,improving_payer
INV702699,C1091,FMCG Client 092,FMCG & Food Processing,30,20319.07,2025-07-06,2025-08-05,closed,2025-08-17,42.0,12.0,False,False,improving_payer
INV702700,C1091,FMCG Client 092,FMCG & Food Processing,30,126728.79,2025-07-06,2025-08-05,closed,2025-08-14,39.0,9.0,False,True,improving_payer
INV702701,C1091,FMCG Client 092,FMCG & Food Processing,30,33718.84,2025-08-22,2025-09-21,closed,2025-10-04,43.0,13.0,False,False,improving_payer
INV702702,C1091,FMCG Client 092,FMCG & Food Processing,30,35658.09,2025-09-14,2025-10-14,closed,2025-10-19,35.0,5.0,False,False,improving_payer
INV702703,C1091,FMCG Client 092,FMCG & Food Processing,30,29474.95,2025-09-21,2025-10-21,closed,2025-11-02,42.0,12.0,False,False,improving_payer
INV702704,C1091,FMCG Client 092,FMCG & Food Processing,30,23817.73,2025-09-23,2025-10-23,closed,2025-10-25,32.0,2.0,False,False,improving_payer
INV702705,C1091,FMCG Client 092,FMCG & Food Processing,30,25088.68,2025-10-08,2025-11-07,closed,2025-11-11,34.0,4.0,False,False,improving_payer
INV702706,C1091,FMCG Client 092,FMCG & Food Processing,30,37869.02,2025-11-08,2025-12-08,closed,2025-12-14,36.0,6.0,False,False,improving_payer
INV702707,C1091,FMCG Client 092,FMCG & Food Processing,30,28414.42,2026-01-05,2026-02-04,closed,2026-02-02,28.0,-2.0,False,False,improving_payer
INV702708,C1091,FMCG Client 092,FMCG & Food Processing,30,24770.02,2026-01-17,2026-02-16,closed,2026-02-15,29.0,-1.0,False,False,improving_payer
INV702709,C1091,FMCG Client 092,FMCG & Food Processing,30,9644.62,2026-01-30,2026-03-01,closed,2026-03-05,34.0,4.0,False,False,improving_payer
INV702710,C1091,FMCG Client 092,FMCG & Food Processing,30,24007.39,2026-05-10,2026-06-09,closed,2026-06-06,27.0,-3.0,False,False,improving_payer
INV702711,C1091,FMCG Client 092,FMCG & Food Processing,30,24766.87,2026-05-11,2026-06-10,closed,2026-06-13,33.0,3.0,False,False,improving_payer
INV702712,C1092,Metal Client 093,Metal & Engineering,60,19528.19,2024-02-24,2024-04-24,closed,2024-06-07,104.0,44.0,False,False,chronic_late_payer
INV702713,C1092,Metal Client 093,Metal & Engineering,60,21119.41,2024-02-24,2024-04-24,closed,2024-06-14,111.0,51.0,False,False,chronic_late_payer
INV702714,C1092,Metal Client 093,Metal & Engineering,60,39477.09,2024-08-12,2024-10-11,closed,2024-11-18,98.0,38.0,False,False,chronic_late_payer
INV702715,C1092,Metal Client 093,Metal & Engineering,60,18824.38,2024-08-22,2024-10-21,closed,2024-11-27,97.0,37.0,False,False,chronic_late_payer
INV702716,C1092,Metal Client 093,Metal & Engineering,60,18232.33,2024-09-14,2024-11-13,closed,2024-12-15,92.0,32.0,False,False,chronic_late_payer
INV702717,C1092,Metal Client 093,Metal & Engineering,60,53171.04,2024-09-26,2024-11-25,closed,2025-01-07,103.0,43.0,False,True,chronic_late_payer
INV702718,C1092,Metal Client 093,Metal & Engineering,60,22063.15,2024-09-28,2024-11-27,closed,2025-01-03,97.0,37.0,False,False,chronic_late_payer
INV702719,C1092,Metal Client 093,Metal & Engineering,60,17637.87,2024-09-29,2024-11-28,closed,2025-01-04,97.0,37.0,False,False,chronic_late_payer
INV702720,C1092,Metal Client 093,Metal & Engineering,60,36387.69,2024-10-28,2024-12-27,closed,2025-02-13,108.0,48.0,False,False,chronic_late_payer
INV702721,C1092,Metal Client 093,Metal & Engineering,60,21207.36,2025-02-17,2025-04-18,closed,2025-05-24,96.0,36.0,False,False,chronic_late_payer
INV702722,C1092,Metal Client 093,Metal & Engineering,60,17035.9,2025-03-07,2025-05-06,closed,2025-06-23,108.0,48.0,False,False,chronic_late_payer
INV702723,C1092,Metal Client 093,Metal & Engineering,60,13488.59,2025-05-04,2025-07-03,closed,2025-08-06,94.0,34.0,False,False,chronic_late_payer
INV702724,C1092,Metal Client 093,Metal & Engineering,60,136909.89,2025-07-17,2025-09-15,closed,2025-10-30,105.0,45.0,False,True,chronic_late_payer
INV702725,C1092,Metal Client 093,Metal & Engineering,60,38142.64,2025-09-24,2025-11-23,closed,2025-12-31,98.0,38.0,False,False,chronic_late_payer
INV702726,C1092,Metal Client 093,Metal & Engineering,60,20958.8,2025-11-09,2026-01-08,closed,2026-02-17,100.0,40.0,False,False,chronic_late_payer
INV702727,C1092,Metal Client 093,Metal & Engineering,60,19002.73,2025-11-14,2026-01-13,closed,2026-02-27,105.0,45.0,False,False,chronic_late_payer
INV702728,C1092,Metal Client 093,Metal & Engineering,60,30496.83,2025-11-29,2026-01-28,closed,2026-03-08,99.0,39.0,False,False,chronic_late_payer
INV702729,C1092,Metal Client 093,Metal & Engineering,60,13019.09,2025-12-21,2026-02-19,closed,2026-03-29,98.0,38.0,False,False,chronic_late_payer
INV702730,C1092,Metal Client 093,Metal & Engineering,60,22437.84,2025-12-23,2026-02-21,closed,2026-04-04,102.0,42.0,False,False,chronic_late_payer
INV702731,C1092,Metal Client 093,Metal & Engineering,60,18740.16,2026-01-11,2026-03-12,closed,2026-05-01,110.0,50.0,False,False,chronic_late_payer
INV702732,C1092,Metal Client 093,Metal & Engineering,60,30004.04,2026-02-25,2026-04-26,closed,2026-06-07,102.0,42.0,False,False,chronic_late_payer
INV702733,C1092,Metal Client 093,Metal & Engineering,60,18224.1,2026-07-15,2026-09-13,open,,,,False,False,chronic_late_payer
INV702734,C1093,Chemicals Client 094,Chemicals & Plastics,30,59970.5,2024-02-19,2024-03-20,closed,2024-03-19,29.0,-1.0,False,False,prompt_payer
INV702735,C1093,Chemicals Client 094,Chemicals & Plastics,30,74128.41,2024-03-11,2024-04-10,closed,2024-04-11,31.0,1.0,False,False,prompt_payer
INV702736,C1093,Chemicals Client 094,Chemicals & Plastics,30,23499.24,2024-03-15,2024-04-14,closed,2024-04-17,33.0,3.0,False,False,prompt_payer
INV702737,C1093,Chemicals Client 094,Chemicals & Plastics,30,61057.47,2024-03-21,2024-04-20,closed,2024-04-22,32.0,2.0,False,False,prompt_payer
INV702738,C1093,Chemicals Client 094,Chemicals & Plastics,30,79449.13,2024-03-21,2024-04-20,closed,2024-04-21,31.0,1.0,True,False,prompt_payer
INV702739,C1093,Chemicals Client 094,Chemicals & Plastics,30,49021.85,2024-04-11,2024-05-11,closed,2024-05-06,25.0,-5.0,False,False,prompt_payer
INV702740,C1093,Chemicals Client 094,Chemicals & Plastics,30,62205.78,2024-04-16,2024-05-16,closed,2024-05-16,30.0,0.0,False,False,prompt_payer
INV702741,C1093,Chemicals Client 094,Chemicals & Plastics,30,78418.45,2024-04-21,2024-05-21,closed,2024-05-19,28.0,-2.0,False,False,prompt_payer
INV702742,C1093,Chemicals Client 094,Chemicals & Plastics,30,48855.85,2024-05-13,2024-06-12,closed,2024-06-11,29.0,-1.0,False,False,prompt_payer
INV702743,C1093,Chemicals Client 094,Chemicals & Plastics,30,92481.49,2024-05-16,2024-06-15,closed,2024-06-21,36.0,6.0,False,False,prompt_payer
INV702744,C1093,Chemicals Client 094,Chemicals & Plastics,30,49764.27,2024-06-12,2024-07-12,closed,2024-07-10,28.0,-2.0,False,False,prompt_payer
INV702745,C1093,Chemicals Client 094,Chemicals & Plastics,30,33767.19,2024-06-26,2024-07-26,closed,2024-07-23,27.0,-3.0,False,False,prompt_payer
INV702746,C1093,Chemicals Client 094,Chemicals & Plastics,30,71112.73,2024-07-13,2024-08-12,closed,2024-08-12,30.0,0.0,False,False,prompt_payer
INV702747,C1093,Chemicals Client 094,Chemicals & Plastics,30,41088.42,2024-07-23,2024-08-22,closed,2024-08-21,29.0,-1.0,False,False,prompt_payer
INV702748,C1093,Chemicals Client 094,Chemicals & Plastics,30,68124.16,2024-08-21,2024-09-20,closed,2024-09-12,22.0,-8.0,False,False,prompt_payer
INV702749,C1093,Chemicals Client 094,Chemicals & Plastics,30,41907.72,2024-08-31,2024-09-30,closed,2024-09-27,27.0,-3.0,False,False,prompt_payer
INV702750,C1093,Chemicals Client 094,Chemicals & Plastics,30,68134.22,2024-09-06,2024-10-06,closed,2024-10-07,31.0,1.0,False,False,prompt_payer
INV702751,C1093,Chemicals Client 094,Chemicals & Plastics,30,38603.92,2024-10-27,2024-11-26,closed,2024-11-29,33.0,3.0,False,False,prompt_payer
INV702752,C1093,Chemicals Client 094,Chemicals & Plastics,30,71138.54,2024-11-10,2024-12-10,closed,2024-12-06,26.0,-4.0,True,False,prompt_payer
INV702753,C1093,Chemicals Client 094,Chemicals & Plastics,30,64597.16,2024-11-22,2024-12-22,closed,2024-12-19,27.0,-3.0,False,False,prompt_payer
INV702754,C1093,Chemicals Client 094,Chemicals & Plastics,30,43228.0,2024-11-25,2024-12-25,closed,2024-12-19,24.0,-6.0,False,False,prompt_payer
INV702755,C1093,Chemicals Client 094,Chemicals & Plastics,30,38384.93,2024-12-02,2025-01-01,closed,2025-01-01,30.0,0.0,False,False,prompt_payer
INV702756,C1093,Chemicals Client 094,Chemicals & Plastics,30,39914.19,2024-12-12,2025-01-11,closed,2025-01-12,31.0,1.0,False,False,prompt_payer
INV702757,C1093,Chemicals Client 094,Chemicals & Plastics,30,49819.67,2024-12-14,2025-01-13,closed,2025-01-09,26.0,-4.0,True,False,prompt_payer
INV702758,C1093,Chemicals Client 094,Chemicals & Plastics,30,21910.15,2024-12-27,2025-01-26,disputed_open,,,,False,False,prompt_payer
INV702759,C1093,Chemicals Client 094,Chemicals & Plastics,30,86659.43,2025-01-02,2025-02-01,closed,2025-02-01,30.0,0.0,False,False,prompt_payer
INV702760,C1093,Chemicals Client 094,Chemicals & Plastics,30,71828.34,2025-03-11,2025-04-10,closed,2025-04-09,29.0,-1.0,False,False,prompt_payer
INV702761,C1093,Chemicals Client 094,Chemicals & Plastics,30,44578.93,2025-03-28,2025-04-27,closed,2025-04-29,32.0,2.0,False,False,prompt_payer
INV702762,C1093,Chemicals Client 094,Chemicals & Plastics,30,70668.41,2025-04-03,2025-05-03,closed,2025-04-29,26.0,-4.0,False,False,prompt_payer
INV702763,C1093,Chemicals Client 094,Chemicals & Plastics,30,97764.54,2025-05-01,2025-05-31,closed,2025-05-27,26.0,-4.0,False,False,prompt_payer
INV702764,C1093,Chemicals Client 094,Chemicals & Plastics,30,79285.6,2025-05-03,2025-06-02,closed,2025-06-02,30.0,0.0,True,False,prompt_payer
INV702765,C1093,Chemicals Client 094,Chemicals & Plastics,30,63878.82,2025-06-16,2025-07-16,closed,2025-07-17,31.0,1.0,False,False,prompt_payer
INV702766,C1093,Chemicals Client 094,Chemicals & Plastics,30,84811.12,2025-07-08,2025-08-07,closed,2025-08-03,26.0,-4.0,False,False,prompt_payer
INV702767,C1093,Chemicals Client 094,Chemicals & Plastics,30,69774.97,2025-09-26,2025-10-26,closed,2025-10-31,35.0,5.0,False,False,prompt_payer
INV702768,C1093,Chemicals Client 094,Chemicals & Plastics,30,49999.66,2025-10-11,2025-11-10,closed,2025-11-10,30.0,0.0,False,False,prompt_payer
INV702769,C1093,Chemicals Client 094,Chemicals & Plastics,30,81456.31,2025-10-15,2025-11-14,closed,2025-11-12,28.0,-2.0,False,False,prompt_payer
INV702770,C1093,Chemicals Client 094,Chemicals & Plastics,30,96763.34,2025-10-31,2025-11-30,closed,2025-12-08,38.0,8.0,False,False,prompt_payer
INV702771,C1093,Chemicals Client 094,Chemicals & Plastics,30,50838.5,2025-11-09,2025-12-09,closed,2025-12-09,30.0,0.0,False,False,prompt_payer
INV702772,C1093,Chemicals Client 094,Chemicals & Plastics,30,84875.92,2025-11-13,2025-12-13,closed,2025-12-14,31.0,1.0,False,False,prompt_payer
INV702773,C1093,Chemicals Client 094,Chemicals & Plastics,30,101410.57,2026-01-03,2026-02-02,closed,2026-01-29,26.0,-4.0,False,False,prompt_payer
INV702774,C1093,Chemicals Client 094,Chemicals & Plastics,30,60133.99,2026-03-11,2026-04-10,closed,2026-04-11,31.0,1.0,False,False,prompt_payer
INV702775,C1093,Chemicals Client 094,Chemicals & Plastics,30,45254.6,2026-03-13,2026-04-12,closed,2026-04-11,29.0,-1.0,False,False,prompt_payer
INV702776,C1093,Chemicals Client 094,Chemicals & Plastics,30,57452.45,2026-03-17,2026-04-16,closed,2026-04-19,33.0,3.0,False,False,prompt_payer
INV702777,C1093,Chemicals Client 094,Chemicals & Plastics,30,59986.7,2026-04-09,2026-05-09,closed,2026-05-08,29.0,-1.0,False,False,prompt_payer
INV702778,C1093,Chemicals Client 094,Chemicals & Plastics,30,65133.78,2026-05-18,2026-06-17,closed,2026-06-16,29.0,-1.0,False,False,prompt_payer
INV702779,C1093,Chemicals Client 094,Chemicals & Plastics,30,35445.42,2026-06-16,2026-07-16,closed,2026-07-15,29.0,-1.0,False,False,prompt_payer
INV702780,C1093,Chemicals Client 094,Chemicals & Plastics,30,67027.7,2026-06-27,2026-07-27,closed,2026-07-22,25.0,-5.0,False,False,prompt_payer
INV702781,C1093,Chemicals Client 094,Chemicals & Plastics,30,37253.58,2026-07-23,2026-08-22,open,,,,False,False,prompt_payer
INV702782,C1094,Metal Client 095,Metal & Engineering,45,23284.91,2024-04-19,2024-06-03,disputed_open,,,,False,False,average_payer
INV702783,C1094,Metal Client 095,Metal & Engineering,45,39867.47,2024-05-11,2024-06-25,closed,2024-06-28,48.0,3.0,False,False,average_payer
INV702784,C1094,Metal Client 095,Metal & Engineering,45,136358.59,2024-05-15,2024-06-29,closed,2024-07-04,50.0,5.0,False,True,average_payer
INV702785,C1094,Metal Client 095,Metal & Engineering,45,28291.97,2024-05-25,2024-07-09,closed,2024-07-09,45.0,0.0,False,False,average_payer
INV702786,C1094,Metal Client 095,Metal & Engineering,45,40437.73,2024-06-14,2024-07-29,closed,2024-08-09,56.0,11.0,False,False,average_payer
INV702787,C1094,Metal Client 095,Metal & Engineering,45,27422.17,2024-09-29,2024-11-13,closed,2024-11-21,53.0,8.0,False,False,average_payer
INV702788,C1094,Metal Client 095,Metal & Engineering,45,32736.28,2024-10-06,2024-11-20,closed,2024-11-28,53.0,8.0,False,False,average_payer
INV702789,C1094,Metal Client 095,Metal & Engineering,45,30636.99,2024-11-13,2024-12-28,closed,2025-01-09,57.0,12.0,False,False,average_payer
INV702790,C1094,Metal Client 095,Metal & Engineering,45,12508.16,2024-12-11,2025-01-25,closed,2025-02-15,66.0,21.0,False,False,average_payer
INV702791,C1094,Metal Client 095,Metal & Engineering,45,17817.4,2025-05-15,2025-06-29,closed,2025-06-22,38.0,-7.0,False,False,average_payer
INV702792,C1094,Metal Client 095,Metal & Engineering,45,31240.58,2025-08-20,2025-10-04,closed,2025-09-28,39.0,-6.0,False,False,average_payer
INV702793,C1094,Metal Client 095,Metal & Engineering,45,21952.89,2025-12-25,2026-02-08,closed,2026-02-03,40.0,-5.0,False,False,average_payer
INV702794,C1094,Metal Client 095,Metal & Engineering,45,28563.79,2026-01-08,2026-02-22,closed,2026-03-05,56.0,11.0,False,False,average_payer
INV702795,C1094,Metal Client 095,Metal & Engineering,45,21260.49,2026-01-24,2026-03-10,closed,2026-03-21,56.0,11.0,False,False,average_payer
INV702796,C1094,Metal Client 095,Metal & Engineering,45,23218.55,2026-02-12,2026-03-29,closed,2026-04-03,50.0,5.0,False,False,average_payer
INV702797,C1094,Metal Client 095,Metal & Engineering,45,20126.62,2026-04-04,2026-05-19,closed,2026-06-04,61.0,16.0,False,False,average_payer
INV702798,C1094,Metal Client 095,Metal & Engineering,45,45585.25,2026-05-07,2026-06-21,closed,2026-07-11,65.0,20.0,False,False,average_payer
INV702799,C1094,Metal Client 095,Metal & Engineering,45,25233.35,2026-05-13,2026-06-27,closed,2026-07-20,68.0,23.0,False,False,average_payer
INV702800,C1094,Metal Client 095,Metal & Engineering,45,17096.87,2026-06-12,2026-07-27,closed,2026-07-31,49.0,4.0,False,False,average_payer
INV702801,C1094,Metal Client 095,Metal & Engineering,45,29800.58,2026-07-05,2026-08-19,open,,,,False,False,average_payer
INV702802,C1095,Retail Client 096,Retail & Distribution,30,10992.71,2024-03-11,2024-04-10,closed,2024-04-10,30.0,0.0,False,False,prompt_payer
INV702803,C1095,Retail Client 096,Retail & Distribution,30,25694.69,2024-04-21,2024-05-21,closed,2024-05-19,28.0,-2.0,False,False,prompt_payer
INV702804,C1095,Retail Client 096,Retail & Distribution,30,25853.0,2024-05-19,2024-06-18,closed,2024-06-20,32.0,2.0,False,False,prompt_payer
INV702805,C1095,Retail Client 096,Retail & Distribution,30,25276.62,2024-06-07,2024-07-07,closed,2024-07-01,24.0,-6.0,False,False,prompt_payer
INV702806,C1095,Retail Client 096,Retail & Distribution,30,24052.48,2024-07-19,2024-08-18,closed,2024-08-21,33.0,3.0,False,False,prompt_payer
INV702807,C1095,Retail Client 096,Retail & Distribution,30,20825.65,2024-08-09,2024-09-08,closed,2024-09-09,31.0,1.0,False,False,prompt_payer
INV702808,C1095,Retail Client 096,Retail & Distribution,30,33875.16,2024-08-19,2024-09-18,closed,2024-09-21,33.0,3.0,False,False,prompt_payer
INV702809,C1095,Retail Client 096,Retail & Distribution,30,7172.43,2024-09-07,2024-10-07,closed,2024-10-10,33.0,3.0,False,False,prompt_payer
INV702810,C1095,Retail Client 096,Retail & Distribution,30,25302.36,2024-10-27,2024-11-26,closed,2024-11-26,30.0,0.0,False,False,prompt_payer
INV702811,C1095,Retail Client 096,Retail & Distribution,30,39010.65,2024-11-08,2024-12-08,closed,2024-12-07,29.0,-1.0,False,False,prompt_payer
INV702812,C1095,Retail Client 096,Retail & Distribution,30,32146.42,2024-11-14,2024-12-14,closed,2024-12-15,31.0,1.0,False,False,prompt_payer
INV702813,C1095,Retail Client 096,Retail & Distribution,30,28455.69,2025-01-14,2025-02-13,closed,2025-02-11,28.0,-2.0,False,False,prompt_payer
INV702814,C1095,Retail Client 096,Retail & Distribution,30,9209.66,2025-01-23,2025-02-22,closed,2025-02-22,30.0,0.0,False,False,prompt_payer
INV702815,C1095,Retail Client 096,Retail & Distribution,30,32704.83,2025-02-24,2025-03-26,closed,2025-03-28,32.0,2.0,False,False,prompt_payer
INV702816,C1095,Retail Client 096,Retail & Distribution,30,23745.91,2025-03-31,2025-04-30,closed,2025-04-25,25.0,-5.0,False,False,prompt_payer
INV702817,C1095,Retail Client 096,Retail & Distribution,30,19391.9,2025-04-23,2025-05-23,closed,2025-05-25,32.0,2.0,False,False,prompt_payer
INV702818,C1095,Retail Client 096,Retail & Distribution,30,22667.09,2025-04-24,2025-05-24,closed,2025-05-23,29.0,-1.0,False,False,prompt_payer
INV702819,C1095,Retail Client 096,Retail & Distribution,30,4608.34,2025-06-22,2025-07-22,closed,2025-07-18,26.0,-4.0,False,False,prompt_payer
INV702820,C1095,Retail Client 096,Retail & Distribution,30,12426.39,2025-09-20,2025-10-20,closed,2025-10-17,27.0,-3.0,False,False,prompt_payer
INV702821,C1095,Retail Client 096,Retail & Distribution,30,39346.17,2025-09-22,2025-10-22,closed,2025-10-22,30.0,0.0,False,False,prompt_payer
INV702822,C1095,Retail Client 096,Retail & Distribution,30,12438.27,2025-12-09,2026-01-08,closed,2026-01-08,30.0,0.0,True,False,prompt_payer
INV702823,C1095,Retail Client 096,Retail & Distribution,30,24503.19,2025-12-23,2026-01-22,closed,2026-01-22,30.0,0.0,False,False,prompt_payer
INV702824,C1095,Retail Client 096,Retail & Distribution,30,30025.0,2026-01-13,2026-02-12,closed,2026-02-12,30.0,0.0,False,False,prompt_payer
INV702825,C1095,Retail Client 096,Retail & Distribution,30,26926.43,2026-01-22,2026-02-21,closed,2026-02-21,30.0,0.0,False,False,prompt_payer
INV702826,C1095,Retail Client 096,Retail & Distribution,30,34063.9,2026-03-09,2026-04-08,closed,2026-04-09,31.0,1.0,False,False,prompt_payer
INV702827,C1095,Retail Client 096,Retail & Distribution,30,22596.73,2026-05-18,2026-06-17,closed,2026-06-16,29.0,-1.0,False,False,prompt_payer
INV702828,C1095,Retail Client 096,Retail & Distribution,30,21922.12,2026-06-27,2026-07-27,closed,2026-08-02,36.0,6.0,False,False,prompt_payer
INV702829,C1095,Retail Client 096,Retail & Distribution,30,26107.54,2026-07-12,2026-08-11,closed,2026-08-09,28.0,-2.0,False,False,prompt_payer
INV702830,C1096,Retail Client 097,Retail & Distribution,60,21226.62,2024-03-04,2024-05-03,closed,2024-05-06,63.0,3.0,False,False,prompt_payer
INV702831,C1096,Retail Client 097,Retail & Distribution,60,13785.77,2024-03-08,2024-05-07,closed,2024-05-07,60.0,0.0,False,False,prompt_payer
INV702832,C1096,Retail Client 097,Retail & Distribution,60,108650.46,2024-03-21,2024-05-20,closed,2024-05-18,58.0,-2.0,False,True,prompt_payer
INV702833,C1096,Retail Client 097,Retail & Distribution,60,73694.62,2024-05-23,2024-07-22,closed,2024-07-20,58.0,-2.0,False,True,prompt_payer
INV702834,C1096,Retail Client 097,Retail & Distribution,60,28534.89,2024-05-26,2024-07-25,closed,2024-07-27,62.0,2.0,False,False,prompt_payer
INV702835,C1096,Retail Client 097,Retail & Distribution,60,34701.45,2024-06-09,2024-08-08,closed,2024-08-14,66.0,6.0,False,False,prompt_payer
INV702836,C1096,Retail Client 097,Retail & Distribution,60,14395.87,2024-07-25,2024-09-23,closed,2024-09-25,62.0,2.0,False,False,prompt_payer
INV702837,C1096,Retail Client 097,Retail & Distribution,60,28039.02,2024-08-02,2024-10-01,closed,2024-10-03,62.0,2.0,False,False,prompt_payer
INV702838,C1096,Retail Client 097,Retail & Distribution,60,22911.73,2024-08-17,2024-10-16,closed,2024-10-17,61.0,1.0,False,False,prompt_payer
INV702839,C1096,Retail Client 097,Retail & Distribution,60,18010.71,2024-09-17,2024-11-16,closed,2024-11-18,62.0,2.0,False,False,prompt_payer
INV702840,C1096,Retail Client 097,Retail & Distribution,60,35476.06,2024-10-23,2024-12-22,closed,2024-12-20,58.0,-2.0,False,False,prompt_payer
INV702841,C1096,Retail Client 097,Retail & Distribution,60,15119.36,2024-10-25,2024-12-24,closed,2024-12-26,62.0,2.0,False,False,prompt_payer
INV702842,C1096,Retail Client 097,Retail & Distribution,60,21741.37,2024-12-10,2025-02-08,closed,2025-02-07,59.0,-1.0,False,False,prompt_payer
INV702843,C1096,Retail Client 097,Retail & Distribution,60,21952.72,2024-12-12,2025-02-10,closed,2025-02-05,55.0,-5.0,False,False,prompt_payer
INV702844,C1096,Retail Client 097,Retail & Distribution,60,18956.46,2025-01-14,2025-03-15,closed,2025-03-15,60.0,0.0,False,False,prompt_payer
INV702845,C1096,Retail Client 097,Retail & Distribution,60,21728.24,2025-01-19,2025-03-20,closed,2025-03-20,60.0,0.0,False,False,prompt_payer
INV702846,C1096,Retail Client 097,Retail & Distribution,60,19095.08,2025-02-02,2025-04-03,closed,2025-03-31,57.0,-3.0,False,False,prompt_payer
INV702847,C1096,Retail Client 097,Retail & Distribution,60,24673.66,2025-02-04,2025-04-05,closed,2025-03-31,55.0,-5.0,False,False,prompt_payer
INV702848,C1096,Retail Client 097,Retail & Distribution,60,21267.45,2025-04-22,2025-06-21,closed,2025-06-24,63.0,3.0,False,False,prompt_payer
INV702849,C1096,Retail Client 097,Retail & Distribution,60,21243.21,2025-08-04,2025-10-03,closed,2025-09-29,56.0,-4.0,False,False,prompt_payer
INV702850,C1096,Retail Client 097,Retail & Distribution,60,28608.35,2025-08-13,2025-10-12,closed,2025-10-11,59.0,-1.0,False,False,prompt_payer
INV702851,C1096,Retail Client 097,Retail & Distribution,60,35794.07,2025-08-13,2025-10-12,closed,2025-10-11,59.0,-1.0,False,False,prompt_payer
INV702852,C1096,Retail Client 097,Retail & Distribution,60,21384.52,2025-09-06,2025-11-05,closed,2025-11-07,62.0,2.0,False,False,prompt_payer
INV702853,C1096,Retail Client 097,Retail & Distribution,60,39403.89,2025-09-26,2025-11-25,closed,2025-11-25,60.0,0.0,False,False,prompt_payer
INV702854,C1096,Retail Client 097,Retail & Distribution,60,15457.72,2025-11-08,2026-01-07,closed,2026-01-10,63.0,3.0,False,False,prompt_payer
INV702855,C1096,Retail Client 097,Retail & Distribution,60,34681.23,2025-11-17,2026-01-16,closed,2026-01-15,59.0,-1.0,False,False,prompt_payer
INV702856,C1096,Retail Client 097,Retail & Distribution,60,12149.73,2025-12-23,2026-02-21,closed,2026-02-22,61.0,1.0,False,False,prompt_payer
INV702857,C1096,Retail Client 097,Retail & Distribution,60,14860.57,2025-12-28,2026-02-26,closed,2026-02-28,62.0,2.0,False,False,prompt_payer
INV702858,C1096,Retail Client 097,Retail & Distribution,60,14582.94,2026-03-25,2026-05-24,closed,2026-05-24,60.0,0.0,False,False,prompt_payer
INV702859,C1096,Retail Client 097,Retail & Distribution,60,24530.32,2026-04-04,2026-06-03,closed,2026-06-04,61.0,1.0,False,False,prompt_payer
INV702860,C1096,Retail Client 097,Retail & Distribution,60,24786.65,2026-04-16,2026-06-15,closed,2026-06-16,61.0,1.0,False,False,prompt_payer
INV702861,C1096,Retail Client 097,Retail & Distribution,60,19838.3,2026-07-08,2026-09-06,open,,,,False,False,prompt_payer
INV702862,C1096,Retail Client 097,Retail & Distribution,60,23118.88,2026-08-03,2026-10-02,open,,,,False,False,prompt_payer
INV702863,C1097,Auto Client 098,Auto Components,15,524647.59,2024-12-22,2025-01-06,closed,2025-01-14,23.0,8.0,False,True,cold_start
INV702864,C1097,Auto Client 098,Auto Components,15,135778.6,2026-01-10,2026-01-25,closed,2026-01-17,7.0,-8.0,False,False,cold_start
INV702865,C1098,Metal Client 099,Metal & Engineering,90,119930.76,2024-03-18,2024-06-16,closed,2024-06-22,96.0,6.0,False,False,erratic_payer
INV702866,C1098,Metal Client 099,Metal & Engineering,90,85488.99,2024-03-20,2024-06-18,disputed_open,,,,False,False,erratic_payer
INV702867,C1098,Metal Client 099,Metal & Engineering,90,112471.56,2024-03-28,2024-06-26,closed,2024-06-29,93.0,3.0,False,False,erratic_payer
INV702868,C1098,Metal Client 099,Metal & Engineering,90,67376.52,2024-03-29,2024-06-27,closed,2024-07-15,108.0,18.0,False,False,erratic_payer
INV702869,C1098,Metal Client 099,Metal & Engineering,90,114723.69,2024-04-09,2024-07-08,closed,2024-07-15,97.0,7.0,False,False,erratic_payer
INV702870,C1098,Metal Client 099,Metal & Engineering,90,118325.89,2024-06-14,2024-09-12,closed,2024-09-15,93.0,3.0,False,False,erratic_payer
INV702871,C1098,Metal Client 099,Metal & Engineering,90,153475.86,2024-06-29,2024-09-27,closed,2024-10-05,98.0,8.0,False,False,erratic_payer
INV702872,C1098,Metal Client 099,Metal & Engineering,90,104236.28,2024-07-16,2024-10-14,closed,2024-10-27,103.0,13.0,False,False,erratic_payer
INV702873,C1098,Metal Client 099,Metal & Engineering,90,185011.88,2024-08-19,2024-11-17,closed,2024-11-09,82.0,-8.0,False,False,erratic_payer
INV702874,C1098,Metal Client 099,Metal & Engineering,90,78521.8,2024-08-23,2024-11-21,closed,2024-12-16,115.0,25.0,False,False,erratic_payer
INV702875,C1098,Metal Client 099,Metal & Engineering,90,109791.02,2024-10-12,2025-01-10,closed,2025-02-20,131.0,41.0,False,False,erratic_payer
INV702876,C1098,Metal Client 099,Metal & Engineering,90,230611.01,2024-11-09,2025-02-07,closed,2025-02-21,104.0,14.0,False,False,erratic_payer
INV702877,C1098,Metal Client 099,Metal & Engineering,90,47472.21,2025-01-08,2025-04-08,closed,2025-05-05,117.0,27.0,False,False,erratic_payer
INV702878,C1098,Metal Client 099,Metal & Engineering,90,207193.4,2025-01-15,2025-04-15,closed,2025-03-30,74.0,-16.0,False,False,erratic_payer
INV702879,C1098,Metal Client 099,Metal & Engineering,90,584108.67,2025-03-12,2025-06-10,closed,2025-06-20,100.0,10.0,False,True,erratic_payer
INV702880,C1098,Metal Client 099,Metal & Engineering,90,114741.62,2025-03-12,2025-06-10,closed,2025-06-05,85.0,-5.0,False,False,erratic_payer
INV702881,C1098,Metal Client 099,Metal & Engineering,90,107866.73,2025-03-17,2025-06-15,closed,2025-07-01,106.0,16.0,True,False,erratic_payer
INV702882,C1098,Metal Client 099,Metal & Engineering,90,71290.24,2025-03-20,2025-06-18,closed,2025-06-13,85.0,-5.0,False,False,erratic_payer
INV702883,C1098,Metal Client 099,Metal & Engineering,90,201590.05,2025-04-01,2025-06-30,closed,2025-07-10,100.0,10.0,False,False,erratic_payer
INV702884,C1098,Metal Client 099,Metal & Engineering,90,175390.02,2025-05-06,2025-08-04,closed,2025-08-29,115.0,25.0,False,False,erratic_payer
INV702885,C1098,Metal Client 099,Metal & Engineering,90,144933.02,2025-06-07,2025-09-05,closed,2025-08-24,78.0,-12.0,False,False,erratic_payer
INV702886,C1098,Metal Client 099,Metal & Engineering,90,58412.1,2025-07-06,2025-10-04,closed,2025-10-10,96.0,6.0,False,False,erratic_payer
INV702887,C1098,Metal Client 099,Metal & Engineering,90,146608.56,2025-07-15,2025-10-13,closed,2025-11-22,130.0,40.0,False,False,erratic_payer
INV702888,C1098,Metal Client 099,Metal & Engineering,90,136805.2,2025-07-17,2025-10-15,closed,2025-11-04,110.0,20.0,False,False,erratic_payer
INV702889,C1098,Metal Client 099,Metal & Engineering,90,155241.24,2025-07-19,2025-10-17,closed,2025-12-16,150.0,60.0,False,False,erratic_payer
INV702890,C1098,Metal Client 099,Metal & Engineering,90,606278.64,2025-07-31,2025-10-29,closed,2025-11-05,97.0,7.0,False,True,erratic_payer
INV702891,C1098,Metal Client 099,Metal & Engineering,90,204940.5,2025-08-02,2025-10-31,closed,2025-12-30,150.0,60.0,False,False,erratic_payer
INV702892,C1098,Metal Client 099,Metal & Engineering,90,137608.93,2025-08-05,2025-11-03,closed,2025-12-13,130.0,40.0,False,False,erratic_payer
INV702893,C1098,Metal Client 099,Metal & Engineering,90,80323.8,2025-09-05,2025-12-04,closed,2025-11-29,85.0,-5.0,False,False,erratic_payer
INV702894,C1098,Metal Client 099,Metal & Engineering,90,799657.12,2025-10-07,2026-01-05,closed,2025-12-28,82.0,-8.0,False,True,erratic_payer
INV702895,C1098,Metal Client 099,Metal & Engineering,90,118994.21,2025-11-08,2026-02-06,closed,2026-02-15,99.0,9.0,False,False,erratic_payer
INV702896,C1098,Metal Client 099,Metal & Engineering,90,72428.54,2025-12-06,2026-03-06,closed,2026-03-05,89.0,-1.0,False,False,erratic_payer
INV702897,C1098,Metal Client 099,Metal & Engineering,90,166438.09,2025-12-18,2026-03-18,closed,2026-05-09,142.0,52.0,False,False,erratic_payer
INV702898,C1098,Metal Client 099,Metal & Engineering,90,123019.5,2025-12-31,2026-03-31,closed,2026-05-07,127.0,37.0,False,True,erratic_payer
INV702899,C1098,Metal Client 099,Metal & Engineering,90,178225.02,2026-02-18,2026-05-19,closed,2026-06-15,117.0,27.0,False,False,erratic_payer
INV702900,C1098,Metal Client 099,Metal & Engineering,90,59236.97,2026-02-27,2026-05-28,closed,2026-06-03,96.0,6.0,False,False,erratic_payer
INV702901,C1098,Metal Client 099,Metal & Engineering,90,66922.87,2026-03-15,2026-06-13,closed,2026-06-16,93.0,3.0,False,False,erratic_payer
INV702902,C1098,Metal Client 099,Metal & Engineering,90,59125.21,2026-03-26,2026-06-24,closed,2026-06-30,96.0,6.0,False,False,erratic_payer
INV702903,C1098,Metal Client 099,Metal & Engineering,90,148632.5,2026-05-04,2026-08-02,open,,,,False,False,erratic_payer
INV702904,C1098,Metal Client 099,Metal & Engineering,90,79904.18,2026-05-10,2026-08-08,open,,,,False,False,erratic_payer
INV702905,C1098,Metal Client 099,Metal & Engineering,90,164506.17,2026-05-14,2026-08-12,open,,,,False,False,erratic_payer
INV702906,C1098,Metal Client 099,Metal & Engineering,90,658661.91,2026-05-20,2026-08-18,open,,,,False,True,erratic_payer
INV702907,C1098,Metal Client 099,Metal & Engineering,90,138819.42,2026-05-22,2026-08-20,open,,,,False,False,erratic_payer
INV702908,C1098,Metal Client 099,Metal & Engineering,90,70655.45,2026-06-01,2026-08-30,closed,2026-07-17,46.0,-44.0,False,False,erratic_payer
INV702909,C1098,Metal Client 099,Metal & Engineering,90,111163.62,2026-06-10,2026-09-08,open,,,,False,False,erratic_payer
INV702910,C1098,Metal Client 099,Metal & Engineering,90,140815.78,2026-06-16,2026-09-14,open,,,,False,False,erratic_payer
INV702911,C1098,Metal Client 099,Metal & Engineering,90,18081.35,2026-07-03,2026-10-01,open,,,,False,False,erratic_payer
INV702912,C1099,Pharma Client 100,Pharma & Healthcare,45,49440.3,2024-02-16,2024-04-01,closed,2024-04-13,57.0,12.0,False,False,seasonal_payer
INV702913,C1099,Pharma Client 100,Pharma & Healthcare,45,124213.27,2024-03-15,2024-04-29,closed,2024-05-06,52.0,7.0,False,False,seasonal_payer
INV702914,C1099,Pharma Client 100,Pharma & Healthcare,45,182455.24,2024-03-24,2024-05-08,closed,2024-05-15,52.0,7.0,False,False,seasonal_payer
INV702915,C1099,Pharma Client 100,Pharma & Healthcare,45,161697.28,2024-04-13,2024-05-28,closed,2024-05-20,37.0,-8.0,False,False,seasonal_payer
INV702916,C1099,Pharma Client 100,Pharma & Healthcare,45,146137.76,2024-04-18,2024-06-02,closed,2024-06-08,51.0,6.0,False,False,seasonal_payer
INV702917,C1099,Pharma Client 100,Pharma & Healthcare,45,193481.05,2024-07-31,2024-09-14,closed,2024-09-22,53.0,8.0,False,False,seasonal_payer
INV702918,C1099,Pharma Client 100,Pharma & Healthcare,45,224255.35,2024-08-21,2024-10-05,closed,2024-10-12,52.0,7.0,False,False,seasonal_payer
INV702919,C1099,Pharma Client 100,Pharma & Healthcare,45,17311.54,2024-09-19,2024-11-03,closed,2024-11-11,53.0,8.0,False,False,seasonal_payer
INV702920,C1099,Pharma Client 100,Pharma & Healthcare,45,74046.0,2024-09-20,2024-11-04,closed,2024-11-17,58.0,13.0,False,False,seasonal_payer
INV702921,C1099,Pharma Client 100,Pharma & Healthcare,45,100700.75,2024-10-27,2024-12-11,closed,2024-12-26,60.0,15.0,False,False,seasonal_payer
INV702922,C1099,Pharma Client 100,Pharma & Healthcare,45,51967.63,2024-10-29,2024-12-13,closed,2024-12-24,56.0,11.0,False,False,seasonal_payer
INV702923,C1099,Pharma Client 100,Pharma & Healthcare,45,134860.99,2024-12-27,2025-02-10,closed,2025-02-15,50.0,5.0,False,False,seasonal_payer
INV702924,C1099,Pharma Client 100,Pharma & Healthcare,45,128759.35,2025-03-02,2025-04-16,closed,2025-04-29,58.0,13.0,False,False,seasonal_payer
INV702925,C1099,Pharma Client 100,Pharma & Healthcare,45,123379.98,2025-03-18,2025-05-02,closed,2025-05-11,54.0,9.0,False,False,seasonal_payer
INV702926,C1099,Pharma Client 100,Pharma & Healthcare,45,98883.9,2025-04-07,2025-05-22,closed,2025-05-21,44.0,-1.0,False,False,seasonal_payer
INV702927,C1099,Pharma Client 100,Pharma & Healthcare,45,135557.03,2025-05-18,2025-07-02,closed,2025-06-29,42.0,-3.0,False,False,seasonal_payer
INV702928,C1099,Pharma Client 100,Pharma & Healthcare,45,82671.21,2025-06-04,2025-07-19,closed,2025-07-21,47.0,2.0,False,False,seasonal_payer
INV702929,C1099,Pharma Client 100,Pharma & Healthcare,45,56625.57,2025-06-04,2025-07-19,closed,2025-07-18,44.0,-1.0,False,False,seasonal_payer
INV702930,C1099,Pharma Client 100,Pharma & Healthcare,45,70748.04,2025-06-08,2025-07-23,closed,2025-07-30,52.0,7.0,False,False,seasonal_payer
INV702931,C1099,Pharma Client 100,Pharma & Healthcare,45,188005.87,2025-06-13,2025-07-28,closed,2025-07-29,46.0,1.0,False,False,seasonal_payer
INV702932,C1099,Pharma Client 100,Pharma & Healthcare,45,21168.68,2025-07-29,2025-09-12,closed,2025-09-16,49.0,4.0,False,False,seasonal_payer
INV702933,C1099,Pharma Client 100,Pharma & Healthcare,45,108668.35,2025-07-30,2025-09-13,closed,2025-09-15,47.0,2.0,False,False,seasonal_payer
INV702934,C1099,Pharma Client 100,Pharma & Healthcare,45,111007.34,2025-07-30,2025-09-13,closed,2025-09-11,43.0,-2.0,False,False,seasonal_payer
INV702935,C1099,Pharma Client 100,Pharma & Healthcare,45,116339.92,2025-08-07,2025-09-21,closed,2025-09-15,39.0,-6.0,False,False,seasonal_payer
INV702936,C1099,Pharma Client 100,Pharma & Healthcare,45,169005.64,2025-08-14,2025-09-28,closed,2025-10-03,50.0,5.0,False,False,seasonal_payer
INV702937,C1099,Pharma Client 100,Pharma & Healthcare,45,180166.55,2025-09-13,2025-10-28,closed,2025-11-12,60.0,15.0,False,False,seasonal_payer
INV702938,C1099,Pharma Client 100,Pharma & Healthcare,45,161499.16,2025-09-29,2025-11-13,closed,2025-11-29,61.0,16.0,False,False,seasonal_payer
INV702939,C1099,Pharma Client 100,Pharma & Healthcare,45,157146.32,2025-10-23,2025-12-07,closed,2025-12-10,48.0,3.0,False,False,seasonal_payer
INV702940,C1099,Pharma Client 100,Pharma & Healthcare,45,186565.2,2025-11-04,2025-12-19,closed,2025-12-21,47.0,2.0,False,False,seasonal_payer
INV702941,C1099,Pharma Client 100,Pharma & Healthcare,45,111498.76,2025-12-13,2026-01-27,closed,2026-02-03,52.0,7.0,False,False,seasonal_payer
INV702942,C1099,Pharma Client 100,Pharma & Healthcare,45,88976.09,2025-12-15,2026-01-29,closed,2026-02-05,52.0,7.0,True,False,seasonal_payer
INV702943,C1099,Pharma Client 100,Pharma & Healthcare,45,151062.15,2025-12-26,2026-02-09,disputed_open,,,,False,False,seasonal_payer
INV702944,C1099,Pharma Client 100,Pharma & Healthcare,45,97080.59,2026-01-12,2026-02-26,closed,2026-03-04,51.0,6.0,False,False,seasonal_payer
INV702945,C1099,Pharma Client 100,Pharma & Healthcare,45,131999.59,2026-01-17,2026-03-03,closed,2026-03-11,53.0,8.0,False,False,seasonal_payer
INV702946,C1099,Pharma Client 100,Pharma & Healthcare,45,116658.05,2026-01-25,2026-03-11,closed,2026-03-23,57.0,12.0,False,False,seasonal_payer
INV702947,C1099,Pharma Client 100,Pharma & Healthcare,45,100169.01,2026-01-30,2026-03-16,closed,2026-03-27,56.0,11.0,False,False,seasonal_payer
INV702948,C1099,Pharma Client 100,Pharma & Healthcare,45,123924.91,2026-03-06,2026-04-20,closed,2026-04-25,50.0,5.0,False,False,seasonal_payer
INV702949,C1099,Pharma Client 100,Pharma & Healthcare,45,76208.55,2026-04-08,2026-05-23,closed,2026-05-28,50.0,5.0,False,False,seasonal_payer
INV702950,C1099,Pharma Client 100,Pharma & Healthcare,45,116087.67,2026-04-12,2026-05-27,closed,2026-06-01,50.0,5.0,False,False,seasonal_payer
INV702951,C1099,Pharma Client 100,Pharma & Healthcare,45,1064997.31,2026-04-20,2026-06-04,closed,2026-05-31,41.0,-4.0,False,True,seasonal_payer
INV702952,C1099,Pharma Client 100,Pharma & Healthcare,45,110255.24,2026-04-30,2026-06-14,closed,2026-06-16,47.0,2.0,False,False,seasonal_payer
INV702953,C1099,Pharma Client 100,Pharma & Healthcare,45,120567.9,2026-05-25,2026-07-09,closed,2026-07-16,52.0,7.0,True,False,seasonal_payer
INV702954,C1099,Pharma Client 100,Pharma & Healthcare,45,112370.68,2026-07-07,2026-08-21,open,,,,False,False,seasonal_payer
INV702955,C1099,Pharma Client 100,Pharma & Healthcare,45,108801.14,2026-07-12,2026-08-26,open,,,,False,False,seasonal_payer
INV702956,C1099,Pharma Client 100,Pharma & Healthcare,45,503293.56,2026-07-15,2026-08-29,open,,,,False,True,seasonal_payer
INV702957,C1099,Pharma Client 100,Pharma & Healthcare,45,480687.92,2026-08-03,2026-09-17,open,,,,False,True,seasonal_payer
INV702958,C1100,IT Client 101,IT & Business Services,45,358082.34,2024-02-28,2024-04-13,closed,2024-04-14,46.0,1.0,False,False,prompt_payer
INV702959,C1100,IT Client 101,IT & Business Services,45,432256.8,2024-03-03,2024-04-17,closed,2024-04-14,42.0,-3.0,False,False,prompt_payer
INV702960,C1100,IT Client 101,IT & Business Services,45,151899.99,2024-03-22,2024-05-06,closed,2024-05-01,40.0,-5.0,False,False,prompt_payer
INV702961,C1100,IT Client 101,IT & Business Services,45,500879.69,2024-03-26,2024-05-10,closed,2024-05-07,42.0,-3.0,False,False,prompt_payer
INV702962,C1100,IT Client 101,IT & Business Services,45,296823.69,2024-05-25,2024-07-09,closed,2024-07-05,41.0,-4.0,False,False,prompt_payer
INV702963,C1100,IT Client 101,IT & Business Services,45,278630.02,2024-05-29,2024-07-13,closed,2024-07-09,41.0,-4.0,False,False,prompt_payer
INV702964,C1100,IT Client 101,IT & Business Services,45,493889.77,2024-06-12,2024-07-27,closed,2024-07-22,40.0,-5.0,False,False,prompt_payer
INV702965,C1100,IT Client 101,IT & Business Services,45,1494348.91,2024-08-12,2024-09-26,closed,2024-09-24,43.0,-2.0,False,True,prompt_payer
INV702966,C1100,IT Client 101,IT & Business Services,45,274105.02,2024-08-18,2024-10-02,closed,2024-10-01,44.0,-1.0,False,False,prompt_payer
INV702967,C1100,IT Client 101,IT & Business Services,45,2297126.67,2024-08-27,2024-10-11,closed,2024-10-10,44.0,-1.0,True,True,prompt_payer
INV702968,C1100,IT Client 101,IT & Business Services,45,469393.52,2024-09-08,2024-10-23,closed,2024-10-20,42.0,-3.0,False,False,prompt_payer
INV702969,C1100,IT Client 101,IT & Business Services,45,381294.72,2024-09-17,2024-11-01,closed,2024-10-27,40.0,-5.0,False,False,prompt_payer
INV702970,C1100,IT Client 101,IT & Business Services,45,346080.03,2024-10-17,2024-12-01,closed,2024-11-30,44.0,-1.0,False,False,prompt_payer
INV702971,C1100,IT Client 101,IT & Business Services,45,401033.16,2024-10-22,2024-12-06,closed,2024-12-03,42.0,-3.0,False,False,prompt_payer
INV702972,C1100,IT Client 101,IT & Business Services,45,416405.86,2024-11-24,2025-01-08,closed,2025-01-07,44.0,-1.0,False,False,prompt_payer
INV702973,C1100,IT Client 101,IT & Business Services,45,213336.7,2025-02-15,2025-04-01,closed,2025-03-28,41.0,-4.0,False,False,prompt_payer
INV702974,C1100,IT Client 101,IT & Business Services,45,279309.41,2025-03-04,2025-04-18,closed,2025-04-16,43.0,-2.0,False,False,prompt_payer
INV702975,C1100,IT Client 101,IT & Business Services,45,202057.76,2025-03-22,2025-05-06,closed,2025-05-03,42.0,-3.0,False,False,prompt_payer
INV702976,C1100,IT Client 101,IT & Business Services,45,318078.61,2025-04-18,2025-06-02,closed,2025-05-30,42.0,-3.0,False,False,prompt_payer
INV702977,C1100,IT Client 101,IT & Business Services,45,562912.23,2025-05-11,2025-06-25,closed,2025-06-24,44.0,-1.0,False,False,prompt_payer
INV702978,C1100,IT Client 101,IT & Business Services,45,217067.71,2025-05-19,2025-07-03,closed,2025-07-02,44.0,-1.0,False,False,prompt_payer
INV702979,C1100,IT Client 101,IT & Business Services,45,52532.73,2025-06-09,2025-07-24,closed,2025-07-23,44.0,-1.0,False,False,prompt_payer
INV702980,C1100,IT Client 101,IT & Business Services,45,244323.85,2025-06-15,2025-07-30,closed,2025-07-24,39.0,-6.0,False,False,prompt_payer
INV702981,C1100,IT Client 101,IT & Business Services,45,332320.77,2025-07-02,2025-08-16,closed,2025-08-13,42.0,-3.0,False,False,prompt_payer
INV702982,C1100,IT Client 101,IT & Business Services,45,496730.29,2025-07-31,2025-09-14,closed,2025-09-14,45.0,0.0,False,False,prompt_payer
INV702983,C1100,IT Client 101,IT & Business Services,45,415131.89,2025-08-16,2025-09-30,closed,2025-09-28,43.0,-2.0,False,False,prompt_payer
INV702984,C1100,IT Client 101,IT & Business Services,45,391077.05,2025-08-26,2025-10-10,closed,2025-10-07,42.0,-3.0,False,False,prompt_payer
INV702985,C1100,IT Client 101,IT & Business Services,45,232604.23,2025-09-03,2025-10-18,closed,2025-10-16,43.0,-2.0,True,False,prompt_payer
INV702986,C1100,IT Client 101,IT & Business Services,45,259403.67,2025-10-02,2025-11-16,closed,2025-11-11,40.0,-5.0,False,False,prompt_payer
INV702987,C1100,IT Client 101,IT & Business Services,45,319374.57,2025-11-14,2025-12-29,closed,2025-12-27,43.0,-2.0,False,False,prompt_payer
INV702988,C1100,IT Client 101,IT & Business Services,45,405238.74,2025-12-27,2026-02-10,closed,2026-02-06,41.0,-4.0,False,False,prompt_payer
INV702989,C1100,IT Client 101,IT & Business Services,45,286332.42,2026-01-18,2026-03-04,closed,2026-03-01,42.0,-3.0,False,False,prompt_payer
INV702990,C1100,IT Client 101,IT & Business Services,45,161760.24,2026-02-01,2026-03-18,closed,2026-03-15,42.0,-3.0,False,False,prompt_payer
INV702991,C1100,IT Client 101,IT & Business Services,45,284215.39,2026-02-05,2026-03-22,closed,2026-03-19,42.0,-3.0,False,False,prompt_payer
INV702992,C1100,IT Client 101,IT & Business Services,45,283662.73,2026-04-16,2026-05-31,closed,2026-06-02,47.0,2.0,False,False,prompt_payer
INV702993,C1100,IT Client 101,IT & Business Services,45,375468.71,2026-04-26,2026-06-10,disputed_open,,,,False,False,prompt_payer
INV702994,C1100,IT Client 101,IT & Business Services,45,321268.63,2026-05-17,2026-07-01,closed,2026-06-28,42.0,-3.0,False,False,prompt_payer
INV702995,C1100,IT Client 101,IT & Business Services,45,457087.64,2026-05-18,2026-07-02,closed,2026-06-30,43.0,-2.0,False,False,prompt_payer
INV702996,C1100,IT Client 101,IT & Business Services,45,160909.68,2026-05-19,2026-07-03,closed,2026-06-30,42.0,-3.0,False,False,prompt_payer
INV702997,C1100,IT Client 101,IT & Business Services,45,1917587.82,2026-05-26,2026-07-10,closed,2026-07-07,42.0,-3.0,False,True,prompt_payer
INV702998,C1100,IT Client 101,IT & Business Services,45,342452.55,2026-06-07,2026-07-22,closed,2026-07-19,42.0,-3.0,False,False,prompt_payer
INV702999,C1100,IT Client 101,IT & Business Services,45,248671.89,2026-06-25,2026-08-09,closed,2026-08-08,44.0,-1.0,False,False,prompt_payer
INV703000,C1100,IT Client 101,IT & Business Services,45,41207.01,2026-07-03,2026-08-17,closed,2026-08-14,42.0,-3.0,False,False,prompt_payer
INV703001,C1100,IT Client 101,IT & Business Services,45,363311.75,2026-07-06,2026-08-20,open,,,,False,False,prompt_payer
INV703002,C1100,IT Client 101,IT & Business Services,45,111011.31,2026-08-13,2026-09-27,open,,,,False,False,prompt_payer
INV703003,C1101,Pharma Client 102,Pharma & Healthcare,30,353469.1,2024-03-14,2024-04-13,closed,2024-04-20,37.0,7.0,False,False,erratic_payer
INV703004,C1101,Pharma Client 102,Pharma & Healthcare,30,250040.1,2024-03-17,2024-04-16,closed,2024-04-11,25.0,-5.0,False,False,erratic_payer
INV703005,C1101,Pharma Client 102,Pharma & Healthcare,30,245690.44,2024-04-03,2024-05-03,closed,2024-05-17,44.0,14.0,False,False,erratic_payer
INV703006,C1101,Pharma Client 102,Pharma & Healthcare,30,336398.34,2024-04-04,2024-05-04,closed,2024-05-06,32.0,2.0,False,False,erratic_payer
INV703007,C1101,Pharma Client 102,Pharma & Healthcare,30,223515.61,2024-04-07,2024-05-07,closed,2024-05-15,38.0,8.0,False,False,erratic_payer
INV703008,C1101,Pharma Client 102,Pharma & Healthcare,30,431351.34,2024-04-18,2024-05-18,closed,2024-06-04,47.0,17.0,False,False,erratic_payer
INV703009,C1101,Pharma Client 102,Pharma & Healthcare,30,419513.42,2024-06-08,2024-07-08,closed,2024-07-14,36.0,6.0,False,False,erratic_payer
INV703010,C1101,Pharma Client 102,Pharma & Healthcare,30,392206.69,2024-06-10,2024-07-10,closed,2024-07-11,31.0,1.0,False,False,erratic_payer
INV703011,C1101,Pharma Client 102,Pharma & Healthcare,30,412870.92,2024-06-24,2024-07-24,closed,2024-08-23,60.0,30.0,False,False,erratic_payer
INV703012,C1101,Pharma Client 102,Pharma & Healthcare,30,189857.28,2024-08-18,2024-09-17,closed,2024-09-29,42.0,12.0,False,False,erratic_payer
INV703013,C1101,Pharma Client 102,Pharma & Healthcare,30,270696.06,2024-09-24,2024-10-24,closed,2024-10-31,37.0,7.0,False,False,erratic_payer
INV703014,C1101,Pharma Client 102,Pharma & Healthcare,30,1057260.33,2024-09-30,2024-10-30,closed,2024-11-13,44.0,14.0,False,True,erratic_payer
INV703015,C1101,Pharma Client 102,Pharma & Healthcare,30,448554.06,2024-10-28,2024-11-27,closed,2024-11-27,30.0,0.0,False,False,erratic_payer
INV703016,C1101,Pharma Client 102,Pharma & Healthcare,30,2123228.94,2024-11-07,2024-12-07,closed,2024-12-04,27.0,-3.0,False,True,erratic_payer
INV703017,C1101,Pharma Client 102,Pharma & Healthcare,30,219578.13,2024-12-28,2025-01-27,closed,2025-01-26,29.0,-1.0,False,False,erratic_payer
INV703018,C1101,Pharma Client 102,Pharma & Healthcare,30,198515.73,2025-01-10,2025-02-09,closed,2025-01-30,20.0,-10.0,False,False,erratic_payer
INV703019,C1101,Pharma Client 102,Pharma & Healthcare,30,280853.38,2025-01-24,2025-02-23,closed,2025-02-28,35.0,5.0,False,False,erratic_payer
INV703020,C1101,Pharma Client 102,Pharma & Healthcare,30,211303.75,2025-02-17,2025-03-19,closed,2025-03-20,31.0,1.0,False,False,erratic_payer
INV703021,C1101,Pharma Client 102,Pharma & Healthcare,30,346093.03,2025-02-24,2025-03-26,closed,2025-04-30,65.0,35.0,False,False,erratic_payer
INV703022,C1101,Pharma Client 102,Pharma & Healthcare,30,224559.85,2025-05-15,2025-06-14,closed,2025-06-19,35.0,5.0,False,False,erratic_payer
INV703023,C1101,Pharma Client 102,Pharma & Healthcare,30,342195.54,2025-05-22,2025-06-21,closed,2025-06-28,37.0,7.0,False,False,erratic_payer
INV703024,C1101,Pharma Client 102,Pharma & Healthcare,30,216222.36,2025-05-30,2025-06-29,closed,2025-06-29,30.0,0.0,False,False,erratic_payer
INV703025,C1101,Pharma Client 102,Pharma & Healthcare,30,527387.21,2025-06-16,2025-07-16,closed,2025-07-25,39.0,9.0,False,True,erratic_payer
INV703026,C1101,Pharma Client 102,Pharma & Healthcare,30,174730.83,2025-07-03,2025-08-02,closed,2025-08-03,31.0,1.0,False,False,erratic_payer
INV703027,C1101,Pharma Client 102,Pharma & Healthcare,30,386520.6,2025-08-18,2025-09-17,closed,2025-09-28,41.0,11.0,False,False,erratic_payer
INV703028,C1101,Pharma Client 102,Pharma & Healthcare,30,229045.16,2025-09-01,2025-10-01,closed,2025-10-12,41.0,11.0,False,False,erratic_payer
INV703029,C1101,Pharma Client 102,Pharma & Healthcare,30,210976.79,2025-10-13,2025-11-12,closed,2025-11-14,32.0,2.0,False,False,erratic_payer
INV703030,C1101,Pharma Client 102,Pharma & Healthcare,30,431724.86,2025-11-13,2025-12-13,closed,2026-02-06,85.0,55.0,False,False,erratic_payer
INV703031,C1101,Pharma Client 102,Pharma & Healthcare,30,269170.7,2025-12-18,2026-01-17,closed,2026-01-29,42.0,12.0,False,False,erratic_payer
INV703032,C1101,Pharma Client 102,Pharma & Healthcare,30,330157.4,2026-01-06,2026-02-05,closed,2026-02-01,26.0,-4.0,False,False,erratic_payer
INV703033,C1101,Pharma Client 102,Pharma & Healthcare,30,359783.3,2026-03-22,2026-04-21,closed,2026-04-11,20.0,-10.0,False,False,erratic_payer
INV703034,C1101,Pharma Client 102,Pharma & Healthcare,30,381333.01,2026-05-31,2026-06-30,closed,2026-07-22,52.0,22.0,False,False,erratic_payer
INV703035,C1101,Pharma Client 102,Pharma & Healthcare,30,156735.91,2026-06-20,2026-07-20,closed,2026-07-22,32.0,2.0,False,False,erratic_payer
INV703036,C1102,Chemicals Client 103,Chemicals & Plastics,30,416869.06,2024-02-23,2024-03-24,closed,2024-03-26,32.0,2.0,False,False,deteriorating_payer
INV703037,C1102,Chemicals Client 103,Chemicals & Plastics,30,217275.84,2024-03-03,2024-04-02,closed,2024-04-11,39.0,9.0,False,False,deteriorating_payer
INV703038,C1102,Chemicals Client 103,Chemicals & Plastics,30,77766.0,2024-04-09,2024-05-09,closed,2024-05-21,42.0,12.0,False,False,deteriorating_payer
INV703039,C1102,Chemicals Client 103,Chemicals & Plastics,30,323183.49,2024-04-15,2024-05-15,closed,2024-05-24,39.0,9.0,False,False,deteriorating_payer
INV703040,C1102,Chemicals Client 103,Chemicals & Plastics,30,310263.38,2024-05-06,2024-06-05,closed,2024-06-14,39.0,9.0,False,False,deteriorating_payer
INV703041,C1102,Chemicals Client 103,Chemicals & Plastics,30,490549.2,2024-06-19,2024-07-19,closed,2024-08-05,47.0,17.0,False,False,deteriorating_payer
INV703042,C1102,Chemicals Client 103,Chemicals & Plastics,30,279583.04,2024-06-28,2024-07-28,closed,2024-08-12,45.0,15.0,False,False,deteriorating_payer
INV703043,C1102,Chemicals Client 103,Chemicals & Plastics,30,221683.72,2024-08-29,2024-09-28,closed,2024-10-10,42.0,12.0,False,False,deteriorating_payer
INV703044,C1102,Chemicals Client 103,Chemicals & Plastics,30,253899.29,2024-09-04,2024-10-04,disputed_open,,,,False,False,deteriorating_payer
INV703045,C1102,Chemicals Client 103,Chemicals & Plastics,30,289362.83,2024-09-13,2024-10-13,closed,2024-10-27,44.0,14.0,False,False,deteriorating_payer
INV703046,C1102,Chemicals Client 103,Chemicals & Plastics,30,302520.06,2024-11-29,2024-12-29,closed,2025-01-14,46.0,16.0,False,False,deteriorating_payer
INV703047,C1102,Chemicals Client 103,Chemicals & Plastics,30,136551.81,2025-02-01,2025-03-03,closed,2025-03-28,55.0,25.0,False,False,deteriorating_payer
INV703048,C1102,Chemicals Client 103,Chemicals & Plastics,30,261624.05,2025-02-13,2025-03-15,closed,2025-03-30,45.0,15.0,True,False,deteriorating_payer
INV703049,C1102,Chemicals Client 103,Chemicals & Plastics,30,307132.32,2025-03-21,2025-04-20,closed,2025-05-13,53.0,23.0,False,False,deteriorating_payer
INV703050,C1102,Chemicals Client 103,Chemicals & Plastics,30,483159.52,2025-03-27,2025-04-26,closed,2025-05-08,42.0,12.0,False,False,deteriorating_payer
INV703051,C1102,Chemicals Client 103,Chemicals & Plastics,30,303417.23,2025-04-05,2025-05-05,closed,2025-05-15,40.0,10.0,False,False,deteriorating_payer
INV703052,C1102,Chemicals Client 103,Chemicals & Plastics,30,238522.23,2025-05-15,2025-06-14,closed,2025-06-29,45.0,15.0,False,False,deteriorating_payer
INV703053,C1102,Chemicals Client 103,Chemicals & Plastics,30,289237.39,2025-06-01,2025-07-01,closed,2025-07-29,58.0,28.0,False,False,deteriorating_payer
INV703054,C1102,Chemicals Client 103,Chemicals & Plastics,30,174629.72,2025-07-13,2025-08-12,closed,2025-09-24,73.0,43.0,False,False,deteriorating_payer
INV703055,C1102,Chemicals Client 103,Chemicals & Plastics,30,263483.82,2025-07-23,2025-08-22,closed,2025-09-21,60.0,30.0,False,False,deteriorating_payer
INV703056,C1102,Chemicals Client 103,Chemicals & Plastics,30,287963.73,2025-08-18,2025-09-17,closed,2025-10-15,58.0,28.0,False,False,deteriorating_payer
INV703057,C1102,Chemicals Client 103,Chemicals & Plastics,30,352929.82,2025-09-09,2025-10-09,closed,2025-11-13,65.0,35.0,False,False,deteriorating_payer
INV703058,C1102,Chemicals Client 103,Chemicals & Plastics,30,188388.49,2025-10-30,2025-11-29,closed,2026-01-13,75.0,45.0,False,False,deteriorating_payer
INV703059,C1102,Chemicals Client 103,Chemicals & Plastics,30,188760.36,2026-03-12,2026-04-11,closed,2026-06-04,84.0,54.0,False,False,deteriorating_payer
INV703060,C1102,Chemicals Client 103,Chemicals & Plastics,30,275333.04,2026-04-29,2026-05-29,closed,2026-07-13,75.0,45.0,False,False,deteriorating_payer
INV703061,C1102,Chemicals Client 103,Chemicals & Plastics,30,353288.22,2026-05-11,2026-06-10,closed,2026-07-26,76.0,46.0,False,False,deteriorating_payer
INV703062,C1102,Chemicals Client 103,Chemicals & Plastics,30,295524.73,2026-07-25,2026-08-24,open,,,,False,False,deteriorating_payer
INV703063,C1103,Textiles Client 104,Textiles & Apparel,30,53607.22,2024-05-19,2024-06-18,closed,2024-07-18,60.0,30.0,True,False,chronic_late_payer
INV703064,C1103,Textiles Client 104,Textiles & Apparel,30,82067.8,2025-01-14,2025-02-13,closed,2025-03-24,69.0,39.0,False,False,chronic_late_payer
INV703065,C1103,Textiles Client 104,Textiles & Apparel,30,55828.41,2025-02-11,2025-03-13,closed,2025-04-11,59.0,29.0,False,False,chronic_late_payer
INV703066,C1103,Textiles Client 104,Textiles & Apparel,30,38615.14,2025-02-12,2025-03-14,closed,2025-04-29,76.0,46.0,False,False,chronic_late_payer
INV703067,C1103,Textiles Client 104,Textiles & Apparel,30,74818.91,2025-04-02,2025-05-02,closed,2025-06-15,74.0,44.0,False,False,chronic_late_payer
INV703068,C1103,Textiles Client 104,Textiles & Apparel,30,107819.18,2025-05-08,2025-06-07,closed,2025-07-12,65.0,35.0,False,False,chronic_late_payer
INV703069,C1103,Textiles Client 104,Textiles & Apparel,30,43347.96,2025-05-23,2025-06-22,closed,2025-07-27,65.0,35.0,False,False,chronic_late_payer
INV703070,C1103,Textiles Client 104,Textiles & Apparel,30,32343.61,2025-06-28,2025-07-28,closed,2025-09-01,65.0,35.0,False,False,chronic_late_payer
INV703071,C1103,Textiles Client 104,Textiles & Apparel,30,86611.36,2025-08-15,2025-09-14,closed,2025-10-27,73.0,43.0,False,False,chronic_late_payer
INV703072,C1103,Textiles Client 104,Textiles & Apparel,30,82957.92,2025-09-11,2025-10-11,closed,2025-11-15,65.0,35.0,True,False,chronic_late_payer
INV703073,C1103,Textiles Client 104,Textiles & Apparel,30,70627.24,2025-10-03,2025-11-02,closed,2025-11-28,56.0,26.0,False,False,chronic_late_payer
INV703074,C1103,Textiles Client 104,Textiles & Apparel,30,43930.66,2025-10-14,2025-11-13,closed,2025-12-21,68.0,38.0,False,False,chronic_late_payer
INV703075,C1103,Textiles Client 104,Textiles & Apparel,30,74301.66,2026-01-07,2026-02-06,closed,2026-03-20,72.0,42.0,False,False,chronic_late_payer
INV703076,C1103,Textiles Client 104,Textiles & Apparel,30,52059.46,2026-04-21,2026-05-21,closed,2026-06-30,70.0,40.0,False,False,chronic_late_payer
INV703077,C1103,Textiles Client 104,Textiles & Apparel,30,70270.99,2026-06-02,2026-07-02,disputed_open,,,,False,False,chronic_late_payer
INV703078,C1103,Textiles Client 104,Textiles & Apparel,30,30286.76,2026-06-08,2026-07-08,open,,,,False,False,chronic_late_payer
INV703079,C1103,Textiles Client 104,Textiles & Apparel,30,73907.99,2026-07-23,2026-08-22,open,,,,False,False,chronic_late_payer
INV703080,C1103,Textiles Client 104,Textiles & Apparel,30,83324.19,2026-07-27,2026-08-26,open,,,,False,False,chronic_late_payer
INV703081,C1104,IT Client 105,IT & Business Services,30,1349809.39,2024-06-30,2024-07-30,closed,2024-08-02,33.0,3.0,False,False,average_payer
INV703082,C1104,IT Client 105,IT & Business Services,30,1532209.6,2024-09-03,2024-10-03,closed,2024-10-01,28.0,-2.0,False,False,average_payer
INV703083,C1104,IT Client 105,IT & Business Services,30,1497716.46,2025-03-20,2025-04-19,closed,2025-04-20,31.0,1.0,False,False,average_payer
INV703084,C1104,IT Client 105,IT & Business Services,30,1544904.59,2025-03-27,2025-04-26,closed,2025-04-26,30.0,0.0,False,False,average_payer
INV703085,C1104,IT Client 105,IT & Business Services,30,1646286.27,2025-04-01,2025-05-01,closed,2025-05-07,36.0,6.0,False,False,average_payer
INV703086,C1104,IT Client 105,IT & Business Services,30,2320548.5,2025-05-02,2025-06-01,closed,2025-06-05,34.0,4.0,False,False,average_payer
INV703087,C1104,IT Client 105,IT & Business Services,30,1095372.62,2025-05-05,2025-06-04,closed,2025-06-06,32.0,2.0,False,False,average_payer
INV703088,C1104,IT Client 105,IT & Business Services,30,1096122.97,2025-08-14,2025-09-13,closed,2025-09-15,32.0,2.0,False,False,average_payer
INV703089,C1104,IT Client 105,IT & Business Services,30,1553042.49,2025-08-18,2025-09-17,closed,2025-09-18,31.0,1.0,False,False,average_payer
INV703090,C1104,IT Client 105,IT & Business Services,30,3744365.02,2025-09-26,2025-10-26,closed,2025-10-31,35.0,5.0,False,True,average_payer
INV703091,C1104,IT Client 105,IT & Business Services,30,1686787.5,2025-12-20,2026-01-19,closed,2026-01-19,30.0,0.0,False,False,average_payer
INV703092,C1104,IT Client 105,IT & Business Services,30,830615.71,2025-12-29,2026-01-28,closed,2026-02-03,36.0,6.0,False,False,average_payer
INV703093,C1104,IT Client 105,IT & Business Services,30,1169706.2,2026-01-10,2026-02-09,closed,2026-02-18,39.0,9.0,False,False,average_payer
INV703094,C1104,IT Client 105,IT & Business Services,30,1612725.58,2026-02-20,2026-03-22,closed,2026-03-26,34.0,4.0,False,False,average_payer
INV703095,C1104,IT Client 105,IT & Business Services,30,1196320.66,2026-03-30,2026-04-29,closed,2026-05-04,35.0,5.0,False,False,average_payer
INV703096,C1104,IT Client 105,IT & Business Services,30,2091091.32,2026-04-11,2026-05-11,closed,2026-05-13,32.0,2.0,True,False,average_payer
INV703097,C1104,IT Client 105,IT & Business Services,30,2365455.62,2026-05-07,2026-06-06,closed,2026-06-05,29.0,-1.0,False,False,average_payer
INV703098,C1104,IT Client 105,IT & Business Services,30,1491738.24,2026-05-07,2026-06-06,closed,2026-06-09,33.0,3.0,False,False,average_payer
INV703099,C1104,IT Client 105,IT & Business Services,30,1827595.25,2026-07-09,2026-08-08,closed,2026-08-14,36.0,6.0,False,False,average_payer
INV703100,C1104,IT Client 105,IT & Business Services,30,1678728.54,2026-08-03,2026-09-02,open,,,,False,False,average_payer
INV703101,C1105,Chemicals Client 106,Chemicals & Plastics,45,35397.99,2024-03-24,2024-05-08,closed,2024-05-19,56.0,11.0,False,False,average_payer
INV703102,C1105,Chemicals Client 106,Chemicals & Plastics,45,120594.86,2024-05-12,2024-06-26,closed,2024-06-25,44.0,-1.0,False,True,average_payer
INV703103,C1105,Chemicals Client 106,Chemicals & Plastics,45,27117.6,2024-05-13,2024-06-27,closed,2024-07-01,49.0,4.0,False,False,average_payer
INV703104,C1105,Chemicals Client 106,Chemicals & Plastics,45,25535.97,2024-05-15,2024-06-29,closed,2024-07-10,56.0,11.0,False,False,average_payer
INV703105,C1105,Chemicals Client 106,Chemicals & Plastics,45,40480.06,2024-05-28,2024-07-12,closed,2024-07-13,46.0,1.0,False,False,average_payer
INV703106,C1105,Chemicals Client 106,Chemicals & Plastics,45,8364.42,2024-06-20,2024-08-04,closed,2024-08-11,52.0,7.0,True,False,average_payer
INV703107,C1105,Chemicals Client 106,Chemicals & Plastics,45,17925.26,2024-07-04,2024-08-18,closed,2024-08-15,42.0,-3.0,False,False,average_payer
INV703108,C1105,Chemicals Client 106,Chemicals & Plastics,45,27318.96,2024-09-05,2024-10-20,closed,2024-10-27,52.0,7.0,False,False,average_payer
INV703109,C1105,Chemicals Client 106,Chemicals & Plastics,45,28094.21,2024-09-07,2024-10-22,closed,2024-10-23,46.0,1.0,False,False,average_payer
INV703110,C1105,Chemicals Client 106,Chemicals & Plastics,45,19175.26,2024-11-10,2024-12-25,closed,2024-12-27,47.0,2.0,False,False,average_payer
INV703111,C1105,Chemicals Client 106,Chemicals & Plastics,45,29049.73,2025-01-09,2025-02-23,closed,2025-03-05,55.0,10.0,False,False,average_payer
INV703112,C1105,Chemicals Client 106,Chemicals & Plastics,45,20429.58,2025-02-05,2025-03-22,closed,2025-03-15,38.0,-7.0,False,False,average_payer
INV703113,C1105,Chemicals Client 106,Chemicals & Plastics,45,32007.47,2025-02-20,2025-04-06,closed,2025-04-12,51.0,6.0,False,False,average_payer
INV703114,C1105,Chemicals Client 106,Chemicals & Plastics,45,16557.76,2025-03-11,2025-04-25,closed,2025-05-01,51.0,6.0,False,False,average_payer
INV703115,C1105,Chemicals Client 106,Chemicals & Plastics,45,21163.41,2025-04-07,2025-05-22,closed,2025-05-22,45.0,0.0,False,False,average_payer
INV703116,C1105,Chemicals Client 106,Chemicals & Plastics,45,38271.53,2025-05-23,2025-07-07,closed,2025-07-11,49.0,4.0,False,False,average_payer
INV703117,C1105,Chemicals Client 106,Chemicals & Plastics,45,26267.86,2025-05-28,2025-07-12,closed,2025-07-13,46.0,1.0,False,False,average_payer
INV703118,C1105,Chemicals Client 106,Chemicals & Plastics,45,20552.02,2025-06-18,2025-08-02,closed,2025-07-29,41.0,-4.0,True,False,average_payer
INV703119,C1105,Chemicals Client 106,Chemicals & Plastics,45,29562.57,2025-07-04,2025-08-18,closed,2025-08-13,40.0,-5.0,False,False,average_payer
INV703120,C1105,Chemicals Client 106,Chemicals & Plastics,45,41517.91,2025-11-01,2025-12-16,closed,2025-12-20,49.0,4.0,False,False,average_payer
INV703121,C1105,Chemicals Client 106,Chemicals & Plastics,45,38374.63,2026-03-12,2026-04-26,closed,2026-05-01,50.0,5.0,False,False,average_payer
INV703122,C1105,Chemicals Client 106,Chemicals & Plastics,45,37081.88,2026-06-13,2026-07-28,closed,2026-07-23,40.0,-5.0,False,False,average_payer
INV703123,C1105,Chemicals Client 106,Chemicals & Plastics,45,9063.64,2026-06-18,2026-08-02,closed,2026-08-10,53.0,8.0,False,False,average_payer
INV703124,C1105,Chemicals Client 106,Chemicals & Plastics,45,31392.06,2026-06-29,2026-08-13,open,,,,False,False,average_payer
INV703125,C1106,Electronics Client 107,Electronics & Electricals,60,25789.05,2024-03-22,2024-05-21,closed,2024-06-07,77.0,17.0,False,False,cold_start
INV703126,C1106,Electronics Client 107,Electronics & Electricals,60,23039.51,2026-01-18,2026-03-19,closed,2026-03-29,70.0,10.0,False,False,cold_start
INV703127,C1107,Metal Client 108,Metal & Engineering,45,69046.11,2024-03-14,2024-04-28,closed,2024-05-10,57.0,12.0,False,False,average_payer
INV703128,C1107,Metal Client 108,Metal & Engineering,45,42533.16,2024-03-17,2024-05-01,closed,2024-05-10,54.0,9.0,False,False,average_payer
INV703129,C1107,Metal Client 108,Metal & Engineering,45,12734.34,2024-04-09,2024-05-24,closed,2024-06-14,66.0,21.0,False,False,average_payer
INV703130,C1107,Metal Client 108,Metal & Engineering,45,46519.94,2024-04-18,2024-06-02,closed,2024-06-10,53.0,8.0,False,False,average_payer
INV703131,C1107,Metal Client 108,Metal & Engineering,45,68085.7,2024-04-28,2024-06-12,closed,2024-06-16,49.0,4.0,False,False,average_payer
INV703132,C1107,Metal Client 108,Metal & Engineering,45,363671.69,2024-06-09,2024-07-24,closed,2024-07-26,47.0,2.0,False,True,average_payer
INV703133,C1107,Metal Client 108,Metal & Engineering,45,67703.8,2024-08-02,2024-09-16,closed,2024-09-28,57.0,12.0,False,False,average_payer
INV703134,C1107,Metal Client 108,Metal & Engineering,45,37114.86,2024-08-06,2024-09-20,closed,2024-09-23,48.0,3.0,False,False,average_payer
INV703135,C1107,Metal Client 108,Metal & Engineering,45,27799.55,2024-10-03,2024-11-17,closed,2024-11-27,55.0,10.0,False,False,average_payer
INV703136,C1107,Metal Client 108,Metal & Engineering,45,72956.14,2024-10-07,2024-11-21,closed,2024-11-22,46.0,1.0,False,False,average_payer
INV703137,C1107,Metal Client 108,Metal & Engineering,45,24382.33,2024-11-18,2025-01-02,closed,2025-01-24,67.0,22.0,False,False,average_payer
INV703138,C1107,Metal Client 108,Metal & Engineering,45,103802.37,2024-12-28,2025-02-11,closed,2025-02-16,50.0,5.0,False,False,average_payer
INV703139,C1107,Metal Client 108,Metal & Engineering,45,66828.52,2024-12-29,2025-02-12,closed,2025-02-18,51.0,6.0,True,False,average_payer
INV703140,C1107,Metal Client 108,Metal & Engineering,45,60001.31,2025-01-13,2025-02-27,closed,2025-03-13,59.0,14.0,False,False,average_payer
INV703141,C1107,Metal Client 108,Metal & Engineering,45,342590.64,2025-01-21,2025-03-07,closed,2025-03-14,52.0,7.0,False,True,average_payer
INV703142,C1107,Metal Client 108,Metal & Engineering,45,56498.43,2025-03-01,2025-04-15,closed,2025-04-25,55.0,10.0,False,False,average_payer
INV703143,C1107,Metal Client 108,Metal & Engineering,45,32875.77,2025-03-19,2025-05-03,closed,2025-05-18,60.0,15.0,False,False,average_payer
INV703144,C1107,Metal Client 108,Metal & Engineering,45,28101.42,2025-04-22,2025-06-06,closed,2025-06-24,63.0,18.0,False,False,average_payer
INV703145,C1107,Metal Client 108,Metal & Engineering,45,29488.27,2025-05-03,2025-06-17,closed,2025-06-20,48.0,3.0,False,False,average_payer
INV703146,C1107,Metal Client 108,Metal & Engineering,45,37952.06,2025-08-13,2025-09-27,closed,2025-10-10,58.0,13.0,False,False,average_payer
INV703147,C1107,Metal Client 108,Metal & Engineering,45,67157.22,2025-09-14,2025-10-29,closed,2025-10-25,41.0,-4.0,False,False,average_payer
INV703148,C1107,Metal Client 108,Metal & Engineering,45,93171.48,2025-10-20,2025-12-04,closed,2025-12-08,49.0,4.0,False,False,average_payer
INV703149,C1107,Metal Client 108,Metal & Engineering,45,62037.37,2025-11-07,2025-12-22,closed,2025-12-22,45.0,0.0,False,False,average_payer
INV703150,C1107,Metal Client 108,Metal & Engineering,45,56989.99,2025-12-14,2026-01-28,closed,2026-01-26,43.0,-2.0,False,False,average_payer
INV703151,C1107,Metal Client 108,Metal & Engineering,45,63214.43,2025-12-24,2026-02-07,closed,2026-02-17,55.0,10.0,False,False,average_payer
INV703152,C1107,Metal Client 108,Metal & Engineering,45,66940.55,2026-01-26,2026-03-12,closed,2026-03-26,59.0,14.0,False,False,average_payer
INV703153,C1107,Metal Client 108,Metal & Engineering,45,37360.44,2026-02-20,2026-04-06,closed,2026-04-25,64.0,19.0,False,False,average_payer
INV703154,C1107,Metal Client 108,Metal & Engineering,45,30438.54,2026-05-23,2026-07-07,closed,2026-07-21,59.0,14.0,False,False,average_payer
INV703155,C1107,Metal Client 108,Metal & Engineering,45,331256.43,2026-07-13,2026-08-27,open,,,,False,True,average_payer
INV703156,C1107,Metal Client 108,Metal & Engineering,45,93902.87,2026-07-18,2026-09-01,open,,,,False,False,average_payer
INV703157,C1107,Metal Client 108,Metal & Engineering,45,90865.46,2026-07-22,2026-09-05,open,,,,False,False,average_payer
INV703158,C1108,Retail Client 109,Retail & Distribution,60,135203.57,2024-02-19,2024-04-19,closed,2024-05-25,96.0,36.0,False,False,improving_payer
INV703159,C1108,Retail Client 109,Retail & Distribution,60,149522.97,2024-03-12,2024-05-11,closed,2024-06-14,94.0,34.0,False,False,improving_payer
INV703160,C1108,Retail Client 109,Retail & Distribution,60,182790.68,2024-03-15,2024-05-14,closed,2024-06-24,101.0,41.0,False,False,improving_payer
INV703161,C1108,Retail Client 109,Retail & Distribution,60,144869.67,2024-04-23,2024-06-22,closed,2024-07-21,89.0,29.0,False,False,improving_payer
INV703162,C1108,Retail Client 109,Retail & Distribution,60,150269.81,2024-05-05,2024-07-04,closed,2024-08-08,95.0,35.0,False,False,improving_payer
INV703163,C1108,Retail Client 109,Retail & Distribution,60,154955.26,2024-06-10,2024-08-09,closed,2024-09-06,88.0,28.0,False,False,improving_payer
INV703164,C1108,Retail Client 109,Retail & Distribution,60,118749.97,2024-06-15,2024-08-14,closed,2024-09-20,97.0,37.0,True,False,improving_payer
INV703165,C1108,Retail Client 109,Retail & Distribution,60,169184.58,2024-06-26,2024-08-25,closed,2024-09-21,87.0,27.0,False,False,improving_payer
INV703166,C1108,Retail Client 109,Retail & Distribution,60,84613.4,2024-08-26,2024-10-25,closed,2024-12-04,100.0,40.0,False,False,improving_payer
INV703167,C1108,Retail Client 109,Retail & Distribution,60,141999.79,2024-09-10,2024-11-09,closed,2024-12-06,87.0,27.0,False,False,improving_payer
INV703168,C1108,Retail Client 109,Retail & Distribution,60,149812.38,2024-10-24,2024-12-23,closed,2025-01-15,83.0,23.0,False,False,improving_payer
INV703169,C1108,Retail Client 109,Retail & Distribution,60,125733.91,2024-11-07,2025-01-06,closed,2025-01-25,79.0,19.0,False,False,improving_payer
INV703170,C1108,Retail Client 109,Retail & Distribution,60,122677.07,2024-11-13,2025-01-12,closed,2025-01-30,78.0,18.0,False,False,improving_payer
INV703171,C1108,Retail Client 109,Retail & Distribution,60,71284.1,2024-11-25,2025-01-24,closed,2025-02-18,85.0,25.0,False,False,improving_payer
INV703172,C1108,Retail Client 109,Retail & Distribution,60,83115.05,2024-11-28,2025-01-27,closed,2025-02-18,82.0,22.0,False,False,improving_payer
INV703173,C1108,Retail Client 109,Retail & Distribution,60,227500.2,2024-12-07,2025-02-05,closed,2025-02-28,83.0,23.0,False,False,improving_payer
INV703174,C1108,Retail Client 109,Retail & Distribution,60,53041.17,2025-01-27,2025-03-28,closed,2025-04-23,86.0,26.0,False,False,improving_payer
INV703175,C1108,Retail Client 109,Retail & Distribution,60,158252.33,2025-02-10,2025-04-11,closed,2025-05-01,80.0,20.0,False,False,improving_payer
INV703176,C1108,Retail Client 109,Retail & Distribution,60,129639.3,2025-02-10,2025-04-11,closed,2025-04-24,73.0,13.0,False,False,improving_payer
INV703177,C1108,Retail Client 109,Retail & Distribution,60,109663.52,2025-02-13,2025-04-14,closed,2025-05-01,77.0,17.0,False,False,improving_payer
INV703178,C1108,Retail Client 109,Retail & Distribution,60,52340.02,2025-02-14,2025-04-15,closed,2025-05-07,82.0,22.0,False,False,improving_payer
INV703179,C1108,Retail Client 109,Retail & Distribution,60,121081.19,2025-02-17,2025-04-18,closed,2025-05-07,79.0,19.0,False,False,improving_payer
INV703180,C1108,Retail Client 109,Retail & Distribution,60,90669.71,2025-05-05,2025-07-04,closed,2025-07-18,74.0,14.0,False,False,improving_payer
INV703181,C1108,Retail Client 109,Retail & Distribution,60,9888.55,2025-05-22,2025-07-21,closed,2025-07-28,67.0,7.0,False,False,improving_payer
INV703182,C1108,Retail Client 109,Retail & Distribution,60,105213.55,2025-05-24,2025-07-23,closed,2025-08-12,80.0,20.0,False,False,improving_payer
INV703183,C1108,Retail Client 109,Retail & Distribution,60,118489.28,2025-06-21,2025-08-20,closed,2025-09-02,73.0,13.0,False,False,improving_payer
INV703184,C1108,Retail Client 109,Retail & Distribution,60,105715.07,2025-06-25,2025-08-24,closed,2025-09-18,85.0,25.0,False,False,improving_payer
INV703185,C1108,Retail Client 109,Retail & Distribution,60,76707.87,2025-07-20,2025-09-18,closed,2025-10-03,75.0,15.0,False,False,improving_payer
INV703186,C1108,Retail Client 109,Retail & Distribution,60,131384.67,2025-07-21,2025-09-19,closed,2025-10-01,72.0,12.0,False,False,improving_payer
INV703187,C1108,Retail Client 109,Retail & Distribution,60,884325.28,2025-09-24,2025-11-23,closed,2025-12-04,71.0,11.0,False,True,improving_payer
INV703188,C1108,Retail Client 109,Retail & Distribution,60,154422.67,2025-10-02,2025-12-01,closed,2025-12-14,73.0,13.0,False,False,improving_payer
INV703189,C1108,Retail Client 109,Retail & Distribution,60,48285.15,2025-10-12,2025-12-11,closed,2025-12-16,65.0,5.0,False,False,improving_payer
INV703190,C1108,Retail Client 109,Retail & Distribution,60,99157.87,2025-10-13,2025-12-12,closed,2025-12-21,69.0,9.0,False,False,improving_payer
INV703191,C1108,Retail Client 109,Retail & Distribution,60,140127.57,2025-10-26,2025-12-25,closed,2026-01-03,69.0,9.0,False,False,improving_payer
INV703192,C1108,Retail Client 109,Retail & Distribution,60,88018.83,2025-11-04,2026-01-03,closed,2026-01-15,72.0,12.0,False,False,improving_payer
INV703193,C1108,Retail Client 109,Retail & Distribution,60,96130.8,2025-11-25,2026-01-24,closed,2026-02-07,74.0,14.0,False,False,improving_payer
INV703194,C1108,Retail Client 109,Retail & Distribution,60,197553.89,2025-12-16,2026-02-14,closed,2026-02-22,68.0,8.0,False,False,improving_payer
INV703195,C1108,Retail Client 109,Retail & Distribution,60,128693.87,2025-12-16,2026-02-14,closed,2026-02-25,71.0,11.0,False,False,improving_payer
INV703196,C1108,Retail Client 109,Retail & Distribution,60,157126.97,2025-12-30,2026-02-28,closed,2026-03-09,69.0,9.0,False,False,improving_payer
INV703197,C1108,Retail Client 109,Retail & Distribution,60,68185.58,2025-12-30,2026-02-28,closed,2026-03-01,61.0,1.0,False,False,improving_payer
INV703198,C1108,Retail Client 109,Retail & Distribution,60,115878.59,2026-01-07,2026-03-08,closed,2026-03-14,66.0,6.0,False,False,improving_payer
INV703199,C1108,Retail Client 109,Retail & Distribution,60,118764.59,2026-01-27,2026-03-28,closed,2026-03-28,60.0,0.0,False,False,improving_payer
INV703200,C1108,Retail Client 109,Retail & Distribution,60,534698.06,2026-03-04,2026-05-03,closed,2026-05-04,61.0,1.0,False,True,improving_payer
INV703201,C1108,Retail Client 109,Retail & Distribution,60,105375.47,2026-06-05,2026-08-04,closed,2026-08-01,57.0,-3.0,False,False,improving_payer
INV703202,C1108,Retail Client 109,Retail & Distribution,60,178871.15,2026-07-08,2026-09-06,open,,,,False,False,improving_payer
INV703203,C1108,Retail Client 109,Retail & Distribution,60,108979.79,2026-07-14,2026-09-12,open,,,,False,False,improving_payer
INV703204,C1108,Retail Client 109,Retail & Distribution,60,54274.81,2026-07-26,2026-09-24,open,,,,False,False,improving_payer
INV703205,C1108,Retail Client 109,Retail & Distribution,60,147505.43,2026-08-02,2026-10-01,open,,,,False,False,improving_payer
INV703206,C1109,Construction Client 110,Construction & Infra,30,71753.74,2024-02-26,2024-03-27,closed,2024-04-03,37.0,7.0,False,False,deteriorating_payer
INV703207,C1109,Construction Client 110,Construction & Infra,30,96183.95,2024-03-01,2024-03-31,closed,2024-04-10,40.0,10.0,False,False,deteriorating_payer
INV703208,C1109,Construction Client 110,Construction & Infra,30,23306.78,2024-04-20,2024-05-20,closed,2024-05-25,35.0,5.0,False,False,deteriorating_payer
INV703209,C1109,Construction Client 110,Construction & Infra,30,84998.55,2024-06-25,2024-07-25,closed,2024-08-10,46.0,16.0,False,False,deteriorating_payer
INV703210,C1109,Construction Client 110,Construction & Infra,30,66227.99,2024-07-25,2024-08-24,closed,2024-09-10,47.0,17.0,False,False,deteriorating_payer
INV703211,C1109,Construction Client 110,Construction & Infra,30,57795.39,2024-09-02,2024-10-02,closed,2024-10-23,51.0,21.0,False,False,deteriorating_payer
INV703212,C1109,Construction Client 110,Construction & Infra,30,42971.44,2024-09-16,2024-10-16,closed,2024-10-29,43.0,13.0,False,False,deteriorating_payer
INV703213,C1109,Construction Client 110,Construction & Infra,30,65087.82,2024-09-17,2024-10-17,closed,2024-11-24,68.0,38.0,False,False,deteriorating_payer
INV703214,C1109,Construction Client 110,Construction & Infra,30,75017.93,2024-10-20,2024-11-19,closed,2024-12-10,51.0,21.0,False,False,deteriorating_payer
INV703215,C1109,Construction Client 110,Construction & Infra,30,59750.74,2024-11-09,2024-12-09,closed,2024-12-26,47.0,17.0,False,False,deteriorating_payer
INV703216,C1109,Construction Client 110,Construction & Infra,30,27796.67,2024-12-01,2024-12-31,closed,2025-01-26,56.0,26.0,False,False,deteriorating_payer
INV703217,C1109,Construction Client 110,Construction & Infra,30,72609.33,2025-03-02,2025-04-01,closed,2025-04-24,53.0,23.0,False,False,deteriorating_payer
INV703218,C1109,Construction Client 110,Construction & Infra,30,73768.54,2025-03-14,2025-04-13,closed,2025-05-18,65.0,35.0,False,False,deteriorating_payer
INV703219,C1109,Construction Client 110,Construction & Infra,30,49852.21,2025-04-07,2025-05-07,closed,2025-06-07,61.0,31.0,False,False,deteriorating_payer
INV703220,C1109,Construction Client 110,Construction & Infra,30,18481.77,2025-04-20,2025-05-20,closed,2025-06-12,53.0,23.0,False,False,deteriorating_payer
INV703221,C1109,Construction Client 110,Construction & Infra,30,103444.21,2025-04-22,2025-05-22,closed,2025-07-08,77.0,47.0,False,False,deteriorating_payer
INV703222,C1109,Construction Client 110,Construction & Infra,30,59468.43,2025-06-24,2025-07-24,closed,2025-09-08,76.0,46.0,False,False,deteriorating_payer
INV703223,C1109,Construction Client 110,Construction & Infra,30,356226.86,2025-07-04,2025-08-03,closed,2025-09-24,82.0,52.0,False,True,deteriorating_payer
INV703224,C1109,Construction Client 110,Construction & Infra,30,75870.47,2025-07-25,2025-08-24,closed,2025-09-30,67.0,37.0,False,False,deteriorating_payer
INV703225,C1109,Construction Client 110,Construction & Infra,30,104550.97,2025-07-27,2025-08-26,closed,2025-09-26,61.0,31.0,False,False,deteriorating_payer
INV703226,C1109,Construction Client 110,Construction & Infra,30,19669.0,2025-08-07,2025-09-06,closed,2025-10-13,67.0,37.0,False,False,deteriorating_payer
INV703227,C1109,Construction Client 110,Construction & Infra,30,74851.29,2025-09-14,2025-10-14,closed,2025-10-31,47.0,17.0,False,False,deteriorating_payer
INV703228,C1109,Construction Client 110,Construction & Infra,30,89751.07,2025-10-11,2025-11-10,closed,2026-01-11,92.0,62.0,False,False,deteriorating_payer
INV703229,C1109,Construction Client 110,Construction & Infra,30,59461.36,2025-10-28,2025-11-27,closed,2026-02-07,102.0,72.0,False,False,deteriorating_payer
INV703230,C1109,Construction Client 110,Construction & Infra,30,42620.8,2025-11-16,2025-12-16,closed,2026-02-08,84.0,54.0,False,False,deteriorating_payer
INV703231,C1109,Construction Client 110,Construction & Infra,30,40789.97,2026-02-24,2026-03-26,closed,2026-05-11,76.0,46.0,False,False,deteriorating_payer
INV703232,C1109,Construction Client 110,Construction & Infra,30,27230.98,2026-04-17,2026-05-17,closed,2026-07-19,93.0,63.0,False,False,deteriorating_payer
INV703233,C1109,Construction Client 110,Construction & Infra,30,32730.99,2026-04-24,2026-05-24,closed,2026-08-08,106.0,76.0,False,False,deteriorating_payer
INV703234,C1109,Construction Client 110,Construction & Infra,30,70775.72,2026-04-29,2026-05-29,closed,2026-08-01,94.0,64.0,False,False,deteriorating_payer
INV703235,C1109,Construction Client 110,Construction & Infra,30,83737.97,2026-06-08,2026-07-08,open,,,,False,False,deteriorating_payer
INV703236,C1109,Construction Client 110,Construction & Infra,30,78916.62,2026-06-30,2026-07-30,open,,,,False,False,deteriorating_payer
INV703237,C1109,Construction Client 110,Construction & Infra,30,6840.25,2026-06-30,2026-07-30,open,,,,False,False,deteriorating_payer
INV703238,C1109,Construction Client 110,Construction & Infra,30,46926.07,2026-07-04,2026-08-03,open,,,,False,False,deteriorating_payer
INV703239,C1110,Auto Client 111,Auto Components,45,158122.33,2024-02-22,2024-04-07,closed,2024-04-10,48.0,3.0,False,False,average_payer
INV703240,C1110,Auto Client 111,Auto Components,45,101017.92,2024-02-24,2024-04-09,closed,2024-04-13,49.0,4.0,False,False,average_payer
INV703241,C1110,Auto Client 111,Auto Components,45,82764.36,2024-03-15,2024-04-29,closed,2024-04-28,44.0,-1.0,True,False,average_payer
INV703242,C1110,Auto Client 111,Auto Components,45,151054.0,2024-03-17,2024-05-01,closed,2024-05-09,53.0,8.0,False,False,average_payer
INV703243,C1110,Auto Client 111,Auto Components,45,127601.0,2024-03-30,2024-05-14,closed,2024-05-21,52.0,7.0,False,False,average_payer
INV703244,C1110,Auto Client 111,Auto Components,45,99991.73,2024-04-03,2024-05-18,closed,2024-05-30,57.0,12.0,False,False,average_payer
INV703245,C1110,Auto Client 111,Auto Components,45,911985.71,2024-04-04,2024-05-19,closed,2024-05-30,56.0,11.0,False,True,average_payer
INV703246,C1110,Auto Client 111,Auto Components,45,106959.72,2024-04-16,2024-05-31,closed,2024-05-30,44.0,-1.0,False,False,average_payer
INV703247,C1110,Auto Client 111,Auto Components,45,148177.31,2024-05-25,2024-07-09,closed,2024-07-22,58.0,13.0,False,False,average_payer
INV703248,C1110,Auto Client 111,Auto Components,45,58270.82,2024-07-01,2024-08-15,closed,2024-08-23,53.0,8.0,False,False,average_payer
INV703249,C1110,Auto Client 111,Auto Components,45,176958.82,2024-07-06,2024-08-20,closed,2024-08-21,46.0,1.0,False,False,average_payer
INV703250,C1110,Auto Client 111,Auto Components,45,115943.66,2024-07-07,2024-08-21,disputed_open,,,,False,False,average_payer
INV703251,C1110,Auto Client 111,Auto Components,45,169076.91,2024-07-10,2024-08-24,closed,2024-08-28,49.0,4.0,False,False,average_payer
INV703252,C1110,Auto Client 111,Auto Components,45,70569.36,2024-07-18,2024-09-01,closed,2024-09-06,50.0,5.0,False,False,average_payer
INV703253,C1110,Auto Client 111,Auto Components,45,129585.18,2024-08-02,2024-09-16,closed,2024-09-18,47.0,2.0,False,False,average_payer
INV703254,C1110,Auto Client 111,Auto Components,45,102199.73,2024-08-26,2024-10-10,closed,2024-10-11,46.0,1.0,False,False,average_payer
INV703255,C1110,Auto Client 111,Auto Components,45,77405.03,2024-12-22,2025-02-05,closed,2025-02-09,49.0,4.0,False,False,average_payer
INV703256,C1110,Auto Client 111,Auto Components,45,119952.71,2025-01-03,2025-02-17,closed,2025-02-28,56.0,11.0,False,False,average_payer
INV703257,C1110,Auto Client 111,Auto Components,45,93589.61,2025-02-08,2025-03-25,closed,2025-04-02,53.0,8.0,False,False,average_payer
INV703258,C1110,Auto Client 111,Auto Components,45,120548.07,2025-02-17,2025-04-03,closed,2025-04-11,53.0,8.0,False,False,average_payer
INV703259,C1110,Auto Client 111,Auto Components,45,124124.2,2025-03-07,2025-04-21,closed,2025-04-23,47.0,2.0,False,False,average_payer
INV703260,C1110,Auto Client 111,Auto Components,45,543303.8,2025-04-26,2025-06-10,closed,2025-06-21,56.0,11.0,False,True,average_payer
INV703261,C1110,Auto Client 111,Auto Components,45,88202.6,2025-04-30,2025-06-14,closed,2025-06-23,54.0,9.0,False,False,average_payer
INV703262,C1110,Auto Client 111,Auto Components,45,140369.84,2025-05-27,2025-07-11,closed,2025-07-18,52.0,7.0,False,False,average_payer
INV703263,C1110,Auto Client 111,Auto Components,45,180044.41,2025-06-19,2025-08-03,closed,2025-08-05,47.0,2.0,False,False,average_payer
INV703264,C1110,Auto Client 111,Auto Components,45,86718.57,2025-06-27,2025-08-11,closed,2025-08-08,42.0,-3.0,False,False,average_payer
INV703265,C1110,Auto Client 111,Auto Components,45,111315.8,2025-07-08,2025-08-22,closed,2025-08-17,40.0,-5.0,False,False,average_payer
INV703266,C1110,Auto Client 111,Auto Components,45,166692.94,2025-07-17,2025-08-31,closed,2025-09-07,52.0,7.0,False,False,average_payer
INV703267,C1110,Auto Client 111,Auto Components,45,26016.59,2025-07-29,2025-09-12,closed,2025-09-16,49.0,4.0,False,False,average_payer
INV703268,C1110,Auto Client 111,Auto Components,45,83222.19,2025-08-22,2025-10-06,closed,2025-10-09,48.0,3.0,False,False,average_payer
INV703269,C1110,Auto Client 111,Auto Components,45,71335.32,2025-10-23,2025-12-07,closed,2025-12-18,56.0,11.0,False,False,average_payer
INV703270,C1110,Auto Client 111,Auto Components,45,72694.1,2025-11-01,2025-12-16,closed,2025-12-22,51.0,6.0,False,False,average_payer
INV703271,C1110,Auto Client 111,Auto Components,45,132965.77,2025-12-02,2026-01-16,closed,2026-01-27,56.0,11.0,False,False,average_payer
INV703272,C1110,Auto Client 111,Auto Components,45,137657.66,2026-01-06,2026-02-20,closed,2026-03-02,55.0,10.0,False,False,average_payer
INV703273,C1110,Auto Client 111,Auto Components,45,90534.17,2026-01-15,2026-03-01,closed,2026-03-06,50.0,5.0,False,False,average_payer
INV703274,C1110,Auto Client 111,Auto Components,45,121628.4,2026-01-27,2026-03-13,closed,2026-03-13,45.0,0.0,False,False,average_payer
INV703275,C1110,Auto Client 111,Auto Components,45,170297.93,2026-02-01,2026-03-18,closed,2026-03-22,49.0,4.0,False,False,average_payer
INV703276,C1110,Auto Client 111,Auto Components,45,107796.12,2026-02-20,2026-04-06,closed,2026-04-09,48.0,3.0,False,False,average_payer
INV703277,C1110,Auto Client 111,Auto Components,45,137048.68,2026-04-01,2026-05-16,closed,2026-05-23,52.0,7.0,False,False,average_payer
INV703278,C1110,Auto Client 111,Auto Components,45,168129.88,2026-05-06,2026-06-20,closed,2026-06-21,46.0,1.0,False,False,average_payer
INV703279,C1110,Auto Client 111,Auto Components,45,95826.56,2026-06-06,2026-07-21,closed,2026-07-26,50.0,5.0,False,False,average_payer
INV703280,C1110,Auto Client 111,Auto Components,45,179369.82,2026-06-18,2026-08-02,closed,2026-08-08,51.0,6.0,False,False,average_payer
INV703281,C1110,Auto Client 111,Auto Components,45,192213.33,2026-07-17,2026-08-31,open,,,,False,False,average_payer
INV703282,C1111,Construction Client 112,Construction & Infra,45,101718.66,2024-02-16,2024-04-01,closed,2024-03-29,42.0,-3.0,False,False,prompt_payer
INV703283,C1111,Construction Client 112,Construction & Infra,45,69112.85,2024-03-09,2024-04-23,closed,2024-04-29,51.0,6.0,False,False,prompt_payer
INV703284,C1111,Construction Client 112,Construction & Infra,45,44324.08,2024-05-26,2024-07-10,closed,2024-07-17,52.0,7.0,False,False,prompt_payer
INV703285,C1111,Construction Client 112,Construction & Infra,45,80908.86,2024-06-18,2024-08-02,closed,2024-08-03,46.0,1.0,False,False,prompt_payer
INV703286,C1111,Construction Client 112,Construction & Infra,45,47499.59,2024-06-25,2024-08-09,closed,2024-08-13,49.0,4.0,False,False,prompt_payer
INV703287,C1111,Construction Client 112,Construction & Infra,45,165210.18,2024-06-26,2024-08-10,closed,2024-08-11,46.0,1.0,False,True,prompt_payer
INV703288,C1111,Construction Client 112,Construction & Infra,45,106153.54,2024-07-19,2024-09-02,closed,2024-09-04,47.0,2.0,False,False,prompt_payer
INV703289,C1111,Construction Client 112,Construction & Infra,45,66794.5,2024-07-21,2024-09-04,closed,2024-08-30,40.0,-5.0,False,True,prompt_payer
INV703290,C1111,Construction Client 112,Construction & Infra,45,61235.12,2024-08-26,2024-10-10,closed,2024-10-16,51.0,6.0,True,False,prompt_payer
INV703291,C1111,Construction Client 112,Construction & Infra,45,45196.14,2024-10-27,2024-12-11,closed,2024-12-19,53.0,8.0,False,False,prompt_payer
INV703292,C1111,Construction Client 112,Construction & Infra,45,40488.58,2024-11-13,2024-12-28,closed,2025-01-04,52.0,7.0,False,False,prompt_payer
INV703293,C1111,Construction Client 112,Construction & Infra,45,45976.26,2024-11-14,2024-12-29,closed,2025-01-01,48.0,3.0,False,False,prompt_payer
INV703294,C1111,Construction Client 112,Construction & Infra,45,31208.88,2024-12-04,2025-01-18,closed,2025-01-20,47.0,2.0,True,False,prompt_payer
INV703295,C1111,Construction Client 112,Construction & Infra,45,65698.61,2024-12-29,2025-02-12,closed,2025-02-21,54.0,9.0,False,False,prompt_payer
INV703296,C1111,Construction Client 112,Construction & Infra,45,98080.18,2025-01-08,2025-02-22,closed,2025-02-23,46.0,1.0,False,False,prompt_payer
INV703297,C1111,Construction Client 112,Construction & Infra,45,48409.57,2025-01-19,2025-03-05,closed,2025-03-11,51.0,6.0,False,False,prompt_payer
INV703298,C1111,Construction Client 112,Construction & Infra,45,106534.97,2025-02-02,2025-03-19,closed,2025-03-25,51.0,6.0,False,False,prompt_payer
INV703299,C1111,Construction Client 112,Construction & Infra,45,63135.55,2025-02-15,2025-04-01,closed,2025-04-06,50.0,5.0,False,False,prompt_payer
INV703300,C1111,Construction Client 112,Construction & Infra,45,68008.69,2025-04-25,2025-06-09,closed,2025-06-11,47.0,2.0,False,False,prompt_payer
INV703301,C1111,Construction Client 112,Construction & Infra,45,77723.0,2025-05-23,2025-07-07,closed,2025-07-12,50.0,5.0,False,False,prompt_payer
INV703302,C1111,Construction Client 112,Construction & Infra,45,76968.5,2025-06-08,2025-07-23,closed,2025-07-27,49.0,4.0,False,False,prompt_payer
INV703303,C1111,Construction Client 112,Construction & Infra,45,58372.98,2025-06-12,2025-07-27,closed,2025-08-08,57.0,12.0,False,False,prompt_payer
INV703304,C1111,Construction Client 112,Construction & Infra,45,32130.32,2025-07-07,2025-08-21,closed,2025-08-31,55.0,10.0,True,False,prompt_payer
INV703305,C1111,Construction Client 112,Construction & Infra,45,257052.06,2025-07-11,2025-08-25,closed,2025-09-09,60.0,15.0,False,True,prompt_payer
INV703306,C1111,Construction Client 112,Construction & Infra,45,42026.31,2025-08-02,2025-09-16,closed,2025-09-17,46.0,1.0,False,False,prompt_payer
INV703307,C1111,Construction Client 112,Construction & Infra,45,52836.36,2025-08-21,2025-10-05,closed,2025-10-20,60.0,15.0,False,False,prompt_payer
INV703308,C1111,Construction Client 112,Construction & Infra,45,51129.4,2025-08-23,2025-10-07,closed,2025-10-11,49.0,4.0,False,False,prompt_payer
INV703309,C1111,Construction Client 112,Construction & Infra,45,79027.63,2025-09-10,2025-10-25,closed,2025-11-03,54.0,9.0,False,False,prompt_payer
INV703310,C1111,Construction Client 112,Construction & Infra,45,83083.53,2025-09-22,2025-11-06,disputed_open,,,,False,False,prompt_payer
INV703311,C1111,Construction Client 112,Construction & Infra,45,41778.06,2025-10-14,2025-11-28,closed,2025-11-29,46.0,1.0,False,False,prompt_payer
INV703312,C1111,Construction Client 112,Construction & Infra,45,85274.97,2025-10-26,2025-12-10,closed,2025-12-06,41.0,-4.0,False,False,prompt_payer
INV703313,C1111,Construction Client 112,Construction & Infra,45,81200.0,2025-12-20,2026-02-03,closed,2026-02-08,50.0,5.0,False,False,prompt_payer
INV703314,C1111,Construction Client 112,Construction & Infra,45,43781.09,2025-12-27,2026-02-10,closed,2026-02-11,46.0,1.0,False,False,prompt_payer
INV703315,C1111,Construction Client 112,Construction & Infra,45,54715.29,2025-12-30,2026-02-13,closed,2026-02-19,51.0,6.0,False,False,prompt_payer
INV703316,C1111,Construction Client 112,Construction & Infra,45,86186.61,2026-01-11,2026-02-25,closed,2026-02-23,43.0,-2.0,False,False,prompt_payer
INV703317,C1111,Construction Client 112,Construction & Infra,45,55418.53,2026-01-29,2026-03-15,closed,2026-03-23,53.0,8.0,False,False,prompt_payer
INV703318,C1111,Construction Client 112,Construction & Infra,45,61798.39,2026-01-31,2026-03-17,closed,2026-03-25,53.0,8.0,False,False,prompt_payer
INV703319,C1111,Construction Client 112,Construction & Infra,45,65892.23,2026-03-01,2026-04-15,closed,2026-04-25,55.0,10.0,False,False,prompt_payer
INV703320,C1111,Construction Client 112,Construction & Infra,45,79882.22,2026-03-16,2026-04-30,closed,2026-05-06,51.0,6.0,False,False,prompt_payer
INV703321,C1111,Construction Client 112,Construction & Infra,45,26196.07,2026-04-17,2026-06-01,closed,2026-06-06,50.0,5.0,False,False,prompt_payer
INV703322,C1111,Construction Client 112,Construction & Infra,45,61889.66,2026-04-25,2026-06-09,closed,2026-06-16,52.0,7.0,False,False,prompt_payer
INV703323,C1111,Construction Client 112,Construction & Infra,45,21236.22,2026-04-25,2026-06-09,closed,2026-06-06,42.0,-3.0,False,False,prompt_payer
INV703324,C1111,Construction Client 112,Construction & Infra,45,69576.81,2026-05-29,2026-07-13,closed,2026-07-16,48.0,3.0,False,False,prompt_payer
INV703325,C1111,Construction Client 112,Construction & Infra,45,58189.07,2026-06-17,2026-08-01,open,,,,False,False,prompt_payer
INV703326,C1111,Construction Client 112,Construction & Infra,45,432573.18,2026-06-20,2026-08-04,closed,2026-08-10,51.0,6.0,False,True,prompt_payer
INV703327,C1111,Construction Client 112,Construction & Infra,45,92231.0,2026-07-28,2026-09-11,open,,,,False,False,prompt_payer
INV703328,C1111,Construction Client 112,Construction & Infra,45,43540.13,2026-08-07,2026-09-21,open,,,,False,False,prompt_payer
INV703329,C1111,Construction Client 112,Construction & Infra,45,63135.34,2026-08-10,2026-09-24,open,,,,False,False,prompt_payer
INV703330,C1112,IT Client 113,IT & Business Services,15,480001.65,2024-04-03,2024-04-18,closed,2024-04-23,20.0,5.0,False,False,seasonal_payer
INV703331,C1112,IT Client 113,IT & Business Services,15,1013249.96,2024-05-27,2024-06-11,closed,2024-06-06,10.0,-5.0,False,False,seasonal_payer
INV703332,C1112,IT Client 113,IT & Business Services,15,523616.78,2024-07-25,2024-08-09,closed,2024-08-10,16.0,1.0,False,False,seasonal_payer
INV703333,C1112,IT Client 113,IT & Business Services,15,1012769.99,2025-01-25,2025-02-09,closed,2025-02-20,26.0,11.0,False,False,seasonal_payer
INV703334,C1112,IT Client 113,IT & Business Services,15,1565949.39,2025-02-26,2025-03-13,closed,2025-03-21,23.0,8.0,False,False,seasonal_payer
INV703335,C1112,IT Client 113,IT & Business Services,15,370680.19,2025-03-05,2025-03-20,closed,2025-03-30,25.0,10.0,False,False,seasonal_payer
INV703336,C1112,IT Client 113,IT & Business Services,15,714334.38,2025-03-23,2025-04-07,closed,2025-04-15,23.0,8.0,False,False,seasonal_payer
INV703337,C1112,IT Client 113,IT & Business Services,15,828772.52,2025-07-17,2025-08-01,closed,2025-08-07,21.0,6.0,False,False,seasonal_payer
INV703338,C1112,IT Client 113,IT & Business Services,15,973880.99,2025-08-26,2025-09-10,closed,2025-09-13,18.0,3.0,False,False,seasonal_payer
INV703339,C1112,IT Client 113,IT & Business Services,15,1320262.45,2025-08-30,2025-09-14,closed,2025-09-17,18.0,3.0,False,False,seasonal_payer
INV703340,C1112,IT Client 113,IT & Business Services,15,1075403.53,2025-12-09,2025-12-24,closed,2025-12-22,13.0,-2.0,False,False,seasonal_payer
INV703341,C1112,IT Client 113,IT & Business Services,15,392345.8,2026-02-23,2026-03-10,disputed_open,,,,False,False,seasonal_payer
INV703342,C1112,IT Client 113,IT & Business Services,15,849758.24,2026-03-19,2026-04-03,closed,2026-04-12,24.0,9.0,False,False,seasonal_payer
INV703343,C1112,IT Client 113,IT & Business Services,15,806206.68,2026-05-09,2026-05-24,closed,2026-05-29,20.0,5.0,False,False,seasonal_payer
INV703344,C1113,Construction Client 114,Construction & Infra,90,35641.3,2024-03-16,2024-06-14,closed,2024-06-18,94.0,4.0,False,False,prompt_payer
INV703345,C1113,Construction Client 114,Construction & Infra,90,28377.34,2024-04-03,2024-07-02,disputed_open,,,,False,False,prompt_payer
INV703346,C1113,Construction Client 114,Construction & Infra,90,11970.71,2024-04-09,2024-07-08,closed,2024-07-17,99.0,9.0,False,False,prompt_payer
INV703347,C1113,Construction Client 114,Construction & Infra,90,18522.17,2024-04-29,2024-07-28,closed,2024-08-11,104.0,14.0,False,False,prompt_payer
INV703348,C1113,Construction Client 114,Construction & Infra,90,33203.78,2024-04-29,2024-07-28,closed,2024-07-20,82.0,-8.0,False,False,prompt_payer
INV703349,C1113,Construction Client 114,Construction & Infra,90,28774.41,2024-06-06,2024-09-04,closed,2024-09-03,89.0,-1.0,False,False,prompt_payer
INV703350,C1113,Construction Client 114,Construction & Infra,90,21899.22,2024-06-07,2024-09-05,closed,2024-09-02,87.0,-3.0,False,False,prompt_payer
INV703351,C1113,Construction Client 114,Construction & Infra,90,33037.1,2024-06-09,2024-09-07,closed,2024-09-10,93.0,3.0,False,False,prompt_payer
INV703352,C1113,Construction Client 114,Construction & Infra,90,21144.97,2024-06-13,2024-09-11,closed,2024-09-07,86.0,-4.0,False,False,prompt_payer
INV703353,C1113,Construction Client 114,Construction & Infra,90,29588.95,2024-06-15,2024-09-13,closed,2024-09-16,93.0,3.0,False,False,prompt_payer
INV703354,C1113,Construction Client 114,Construction & Infra,90,34209.91,2024-06-29,2024-09-27,closed,2024-09-26,89.0,-1.0,False,False,prompt_payer
INV703355,C1113,Construction Client 114,Construction & Infra,90,40797.0,2024-07-16,2024-10-14,closed,2024-10-21,97.0,7.0,False,False,prompt_payer
INV703356,C1113,Construction Client 114,Construction & Infra,90,30323.8,2024-07-24,2024-10-22,closed,2024-10-27,95.0,5.0,False,False,prompt_payer
INV703357,C1113,Construction Client 114,Construction & Infra,90,37622.23,2024-08-13,2024-11-11,closed,2024-11-16,95.0,5.0,False,False,prompt_payer
INV703358,C1113,Construction Client 114,Construction & Infra,90,39116.78,2024-08-15,2024-11-13,closed,2024-11-11,88.0,-2.0,False,True,prompt_payer
INV703359,C1113,Construction Client 114,Construction & Infra,90,22264.7,2024-09-01,2024-11-30,closed,2024-12-16,106.0,16.0,False,False,prompt_payer
INV703360,C1113,Construction Client 114,Construction & Infra,90,27073.88,2024-10-13,2025-01-11,closed,2025-01-22,101.0,11.0,False,False,prompt_payer
INV703361,C1113,Construction Client 114,Construction & Infra,90,17508.21,2024-11-04,2025-02-02,closed,2025-02-02,90.0,0.0,False,False,prompt_payer
INV703362,C1113,Construction Client 114,Construction & Infra,90,20858.4,2024-12-19,2025-03-19,closed,2025-03-23,94.0,4.0,False,False,prompt_payer
INV703363,C1113,Construction Client 114,Construction & Infra,90,25362.82,2024-12-27,2025-03-27,closed,2025-03-29,92.0,2.0,False,False,prompt_payer
INV703364,C1113,Construction Client 114,Construction & Infra,90,24496.59,2025-01-13,2025-04-13,closed,2025-04-12,89.0,-1.0,False,False,prompt_payer
INV703365,C1113,Construction Client 114,Construction & Infra,90,17792.72,2025-02-19,2025-05-20,closed,2025-05-25,95.0,5.0,False,False,prompt_payer
INV703366,C1113,Construction Client 114,Construction & Infra,90,18890.52,2025-03-11,2025-06-09,closed,2025-06-17,98.0,8.0,False,False,prompt_payer
INV703367,C1113,Construction Client 114,Construction & Infra,90,29690.31,2025-04-01,2025-06-30,closed,2025-06-27,87.0,-3.0,False,False,prompt_payer
INV703368,C1113,Construction Client 114,Construction & Infra,90,11738.48,2025-05-28,2025-08-26,closed,2025-09-06,101.0,11.0,False,False,prompt_payer
INV703369,C1113,Construction Client 114,Construction & Infra,90,27355.79,2025-06-22,2025-09-20,closed,2025-09-25,95.0,5.0,False,False,prompt_payer
INV703370,C1113,Construction Client 114,Construction & Infra,90,19687.17,2025-07-08,2025-10-06,closed,2025-10-16,100.0,10.0,False,False,prompt_payer
INV703371,C1113,Construction Client 114,Construction & Infra,90,21477.19,2025-07-11,2025-10-09,closed,2025-10-11,92.0,2.0,False,False,prompt_payer
INV703372,C1113,Construction Client 114,Construction & Infra,90,26891.37,2025-07-15,2025-10-13,disputed_open,,,,False,False,prompt_payer
INV703373,C1113,Construction Client 114,Construction & Infra,90,34295.27,2025-07-17,2025-10-15,closed,2025-10-14,89.0,-1.0,False,False,prompt_payer
INV703374,C1113,Construction Client 114,Construction & Infra,90,34705.39,2025-07-22,2025-10-20,closed,2025-10-28,98.0,8.0,False,False,prompt_payer
INV703375,C1113,Construction Client 114,Construction & Infra,90,27936.91,2025-07-25,2025-10-23,closed,2025-11-03,101.0,11.0,False,True,prompt_payer
INV703376,C1113,Construction Client 114,Construction & Infra,90,11764.99,2025-08-10,2025-11-08,closed,2025-11-21,103.0,13.0,False,False,prompt_payer
INV703377,C1113,Construction Client 114,Construction & Infra,90,20754.8,2025-08-17,2025-11-15,closed,2025-11-19,94.0,4.0,False,False,prompt_payer
INV703378,C1113,Construction Client 114,Construction & Infra,90,26221.94,2025-09-03,2025-12-02,closed,2025-12-04,92.0,2.0,False,False,prompt_payer
INV703379,C1113,Construction Client 114,Construction & Infra,90,15164.12,2025-10-21,2026-01-19,closed,2026-01-26,97.0,7.0,False,False,prompt_payer
INV703380,C1113,Construction Client 114,Construction & Infra,90,23690.72,2025-11-20,2026-02-18,closed,2026-02-26,98.0,8.0,False,False,prompt_payer
INV703381,C1113,Construction Client 114,Construction & Infra,90,20026.92,2025-11-24,2026-02-22,closed,2026-02-20,88.0,-2.0,False,False,prompt_payer
INV703382,C1113,Construction Client 114,Construction & Infra,90,22742.09,2025-11-26,2026-02-24,closed,2026-03-04,98.0,8.0,False,False,prompt_payer
INV703383,C1113,Construction Client 114,Construction & Infra,90,29218.95,2025-12-06,2026-03-06,closed,2026-03-12,96.0,6.0,False,False,prompt_payer
INV703384,C1113,Construction Client 114,Construction & Infra,90,3000.0,2025-12-16,2026-03-16,closed,2026-03-26,100.0,10.0,False,False,prompt_payer
INV703385,C1113,Construction Client 114,Construction & Infra,90,30680.84,2025-12-20,2026-03-20,closed,2026-03-31,101.0,11.0,False,False,prompt_payer
INV703386,C1113,Construction Client 114,Construction & Infra,90,4756.68,2026-01-27,2026-04-27,disputed_open,,,,False,False,prompt_payer
INV703387,C1113,Construction Client 114,Construction & Infra,90,18979.55,2026-02-19,2026-05-20,closed,2026-05-23,93.0,3.0,True,False,prompt_payer
INV703388,C1113,Construction Client 114,Construction & Infra,90,28936.2,2026-02-22,2026-05-23,closed,2026-05-30,97.0,7.0,False,False,prompt_payer
INV703389,C1113,Construction Client 114,Construction & Infra,90,32745.85,2026-03-30,2026-06-28,closed,2026-07-07,99.0,9.0,False,False,prompt_payer
INV703390,C1113,Construction Client 114,Construction & Infra,90,36939.16,2026-04-04,2026-07-03,closed,2026-07-09,96.0,6.0,False,False,prompt_payer
INV703391,C1113,Construction Client 114,Construction & Infra,90,26758.99,2026-04-10,2026-07-09,closed,2026-07-15,96.0,6.0,False,False,prompt_payer
INV703392,C1113,Construction Client 114,Construction & Infra,90,26880.57,2026-04-22,2026-07-21,closed,2026-07-28,97.0,7.0,False,False,prompt_payer
INV703393,C1113,Construction Client 114,Construction & Infra,90,22292.14,2026-04-24,2026-07-23,closed,2026-08-01,99.0,9.0,False,False,prompt_payer
INV703394,C1113,Construction Client 114,Construction & Infra,90,35043.02,2026-04-28,2026-07-27,closed,2026-08-03,97.0,7.0,False,False,prompt_payer
INV703395,C1113,Construction Client 114,Construction & Infra,90,27084.25,2026-06-19,2026-09-17,open,,,,False,False,prompt_payer
INV703396,C1114,Auto Client 115,Auto Components,45,120987.43,2024-04-09,2024-05-24,closed,2024-05-26,47.0,2.0,False,False,deteriorating_payer
INV703397,C1114,Auto Client 115,Auto Components,45,98737.92,2024-05-01,2024-06-15,closed,2024-06-25,55.0,10.0,False,False,deteriorating_payer
INV703398,C1114,Auto Client 115,Auto Components,45,192324.07,2024-05-19,2024-07-03,closed,2024-07-07,49.0,4.0,False,False,deteriorating_payer
INV703399,C1114,Auto Client 115,Auto Components,45,222766.18,2024-05-22,2024-07-06,closed,2024-07-16,55.0,10.0,False,False,deteriorating_payer
INV703400,C1114,Auto Client 115,Auto Components,45,99495.11,2024-07-06,2024-08-20,closed,2024-08-22,47.0,2.0,False,False,deteriorating_payer
INV703401,C1114,Auto Client 115,Auto Components,45,190947.87,2024-07-18,2024-09-01,closed,2024-09-16,60.0,15.0,False,False,deteriorating_payer
INV703402,C1114,Auto Client 115,Auto Components,45,105075.5,2024-07-22,2024-09-05,closed,2024-09-12,52.0,7.0,False,False,deteriorating_payer
INV703403,C1114,Auto Client 115,Auto Components,45,69700.87,2024-08-02,2024-09-16,closed,2024-10-02,61.0,16.0,False,False,deteriorating_payer
INV703404,C1114,Auto Client 115,Auto Components,45,116095.83,2024-08-09,2024-09-23,closed,2024-09-29,51.0,6.0,False,False,deteriorating_payer
INV703405,C1114,Auto Client 115,Auto Components,45,179582.68,2024-09-18,2024-11-02,closed,2024-11-07,50.0,5.0,False,False,deteriorating_payer
INV703406,C1114,Auto Client 115,Auto Components,45,93761.72,2024-10-17,2024-12-01,closed,2024-12-14,58.0,13.0,False,False,deteriorating_payer
INV703407,C1114,Auto Client 115,Auto Components,45,83756.06,2024-10-31,2024-12-15,closed,2024-12-18,48.0,3.0,False,False,deteriorating_payer
INV703408,C1114,Auto Client 115,Auto Components,45,147003.62,2024-11-02,2024-12-17,closed,2025-01-04,63.0,18.0,False,False,deteriorating_payer
INV703409,C1114,Auto Client 115,Auto Components,45,74017.96,2024-11-16,2024-12-31,closed,2025-01-06,51.0,6.0,False,False,deteriorating_payer
INV703410,C1114,Auto Client 115,Auto Components,45,196727.46,2024-12-08,2025-01-22,closed,2025-02-04,58.0,13.0,False,False,deteriorating_payer
INV703411,C1114,Auto Client 115,Auto Components,45,102938.17,2025-01-20,2025-03-06,closed,2025-03-17,56.0,11.0,False,False,deteriorating_payer
INV703412,C1114,Auto Client 115,Auto Components,45,135749.8,2025-01-24,2025-03-10,closed,2025-03-18,53.0,8.0,False,False,deteriorating_payer
INV703413,C1114,Auto Client 115,Auto Components,45,733350.58,2025-03-06,2025-04-20,closed,2025-04-30,55.0,10.0,False,True,deteriorating_payer
INV703414,C1114,Auto Client 115,Auto Components,45,145474.84,2025-03-27,2025-05-11,closed,2025-05-27,61.0,16.0,False,False,deteriorating_payer
INV703415,C1114,Auto Client 115,Auto Components,45,172722.51,2025-03-28,2025-05-12,closed,2025-05-25,58.0,13.0,False,False,deteriorating_payer
INV703416,C1114,Auto Client 115,Auto Components,45,122268.65,2025-04-10,2025-05-25,closed,2025-06-09,60.0,15.0,False,False,deteriorating_payer
INV703417,C1114,Auto Client 115,Auto Components,45,95610.7,2025-05-31,2025-07-15,closed,2025-07-30,60.0,15.0,False,False,deteriorating_payer
INV703418,C1114,Auto Client 115,Auto Components,45,124559.4,2025-07-29,2025-09-12,closed,2025-10-08,71.0,26.0,False,False,deteriorating_payer
INV703419,C1114,Auto Client 115,Auto Components,45,14692.77,2025-08-07,2025-09-21,closed,2025-10-08,62.0,17.0,False,False,deteriorating_payer
INV703420,C1114,Auto Client 115,Auto Components,45,153843.25,2025-09-12,2025-10-27,closed,2025-11-24,73.0,28.0,False,False,deteriorating_payer
INV703421,C1114,Auto Client 115,Auto Components,45,170024.4,2025-09-26,2025-11-10,disputed_open,,,,False,False,deteriorating_payer
INV703422,C1114,Auto Client 115,Auto Components,45,138511.15,2025-09-28,2025-11-12,closed,2025-12-02,65.0,20.0,False,False,deteriorating_payer
INV703423,C1114,Auto Client 115,Auto Components,45,123488.26,2025-11-14,2025-12-29,closed,2026-01-28,75.0,30.0,False,False,deteriorating_payer
INV703424,C1114,Auto Client 115,Auto Components,45,152782.11,2025-12-16,2026-01-30,closed,2026-02-20,66.0,21.0,False,False,deteriorating_payer
INV703425,C1114,Auto Client 115,Auto Components,45,111711.74,2025-12-21,2026-02-04,closed,2026-03-06,75.0,30.0,False,False,deteriorating_payer
INV703426,C1114,Auto Client 115,Auto Components,45,74703.07,2026-01-06,2026-02-20,closed,2026-03-23,76.0,31.0,False,False,deteriorating_payer
INV703427,C1114,Auto Client 115,Auto Components,45,158454.6,2026-01-21,2026-03-07,closed,2026-04-02,71.0,26.0,False,False,deteriorating_payer
INV703428,C1114,Auto Client 115,Auto Components,45,107790.14,2026-01-28,2026-03-14,closed,2026-03-31,62.0,17.0,False,False,deteriorating_payer
INV703429,C1114,Auto Client 115,Auto Components,45,46567.16,2026-02-13,2026-03-30,closed,2026-05-01,77.0,32.0,False,False,deteriorating_payer
INV703430,C1114,Auto Client 115,Auto Components,45,145389.87,2026-02-17,2026-04-03,closed,2026-04-23,65.0,20.0,False,False,deteriorating_payer
INV703431,C1114,Auto Client 115,Auto Components,45,430468.91,2026-03-10,2026-04-24,closed,2026-05-17,68.0,23.0,False,True,deteriorating_payer
INV703432,C1114,Auto Client 115,Auto Components,45,150611.15,2026-04-08,2026-05-23,closed,2026-07-08,91.0,46.0,True,False,deteriorating_payer
INV703433,C1114,Auto Client 115,Auto Components,45,211648.65,2026-04-12,2026-05-27,closed,2026-06-19,68.0,23.0,False,False,deteriorating_payer
INV703434,C1114,Auto Client 115,Auto Components,45,104672.87,2026-04-15,2026-05-30,closed,2026-07-03,79.0,34.0,False,False,deteriorating_payer
INV703435,C1114,Auto Client 115,Auto Components,45,22882.33,2026-06-05,2026-07-20,open,,,,False,False,deteriorating_payer
INV703436,C1114,Auto Client 115,Auto Components,45,110264.93,2026-06-14,2026-07-29,open,,,,False,False,deteriorating_payer
INV703437,C1114,Auto Client 115,Auto Components,45,86689.81,2026-06-18,2026-08-02,open,,,,False,False,deteriorating_payer
INV703438,C1114,Auto Client 115,Auto Components,45,54375.71,2026-06-24,2026-08-08,open,,,,False,False,deteriorating_payer
INV703439,C1114,Auto Client 115,Auto Components,45,96059.54,2026-07-18,2026-09-01,open,,,,False,False,deteriorating_payer
INV703440,C1114,Auto Client 115,Auto Components,45,1010392.88,2026-07-25,2026-09-08,open,,,,False,True,deteriorating_payer
INV703441,C1114,Auto Client 115,Auto Components,45,218401.11,2026-08-13,2026-09-27,disputed_open,,,,False,False,deteriorating_payer
INV703442,C1115,Retail Client 116,Retail & Distribution,30,63855.8,2024-03-03,2024-04-02,closed,2024-04-10,38.0,8.0,False,False,cold_start
INV703443,C1115,Retail Client 116,Retail & Distribution,30,81259.75,2025-04-01,2025-05-01,closed,2025-04-24,23.0,-7.0,False,False,cold_start
INV703444,C1115,Retail Client 116,Retail & Distribution,30,140644.86,2025-11-02,2025-12-02,closed,2025-12-17,45.0,15.0,False,False,cold_start
INV703445,C1115,Retail Client 116,Retail & Distribution,30,65090.9,2026-04-21,2026-05-21,closed,2026-05-30,39.0,9.0,False,False,cold_start
INV703446,C1116,Chemicals Client 117,Chemicals & Plastics,45,92461.35,2024-02-14,2024-03-30,closed,2024-03-30,45.0,0.0,False,False,prompt_payer
INV703447,C1116,Chemicals Client 117,Chemicals & Plastics,45,68129.62,2024-02-22,2024-04-07,closed,2024-04-09,47.0,2.0,False,False,prompt_payer
INV703448,C1116,Chemicals Client 117,Chemicals & Plastics,45,91264.88,2024-02-28,2024-04-13,closed,2024-04-14,46.0,1.0,False,False,prompt_payer
INV703449,C1116,Chemicals Client 117,Chemicals & Plastics,45,147512.81,2024-03-06,2024-04-20,closed,2024-04-20,45.0,0.0,False,False,prompt_payer
INV703450,C1116,Chemicals Client 117,Chemicals & Plastics,45,84206.44,2024-03-13,2024-04-27,closed,2024-04-22,40.0,-5.0,False,False,prompt_payer
INV703451,C1116,Chemicals Client 117,Chemicals & Plastics,45,176648.46,2024-03-30,2024-05-14,closed,2024-05-08,39.0,-6.0,True,False,prompt_payer
INV703452,C1116,Chemicals Client 117,Chemicals & Plastics,45,77991.24,2024-04-24,2024-06-08,closed,2024-06-14,51.0,6.0,True,False,prompt_payer
INV703453,C1116,Chemicals Client 117,Chemicals & Plastics,45,129997.94,2024-05-31,2024-07-15,closed,2024-07-13,43.0,-2.0,False,False,prompt_payer
INV703454,C1116,Chemicals Client 117,Chemicals & Plastics,45,84822.61,2024-07-09,2024-08-23,closed,2024-08-26,48.0,3.0,False,False,prompt_payer
INV703455,C1116,Chemicals Client 117,Chemicals & Plastics,45,223413.19,2024-07-22,2024-09-05,closed,2024-09-06,46.0,1.0,False,False,prompt_payer
INV703456,C1116,Chemicals Client 117,Chemicals & Plastics,45,114714.22,2024-09-11,2024-10-26,closed,2024-10-31,50.0,5.0,False,False,prompt_payer
INV703457,C1116,Chemicals Client 117,Chemicals & Plastics,45,135181.97,2024-10-12,2024-11-26,closed,2024-11-26,45.0,0.0,False,False,prompt_payer
INV703458,C1116,Chemicals Client 117,Chemicals & Plastics,45,166981.84,2024-10-17,2024-12-01,closed,2024-11-30,44.0,-1.0,False,False,prompt_payer
INV703459,C1116,Chemicals Client 117,Chemicals & Plastics,45,130968.98,2024-11-01,2024-12-16,closed,2024-12-19,48.0,3.0,False,False,prompt_payer
INV703460,C1116,Chemicals Client 117,Chemicals & Plastics,45,93169.59,2024-11-04,2024-12-19,closed,2024-12-22,48.0,3.0,False,False,prompt_payer
INV703461,C1116,Chemicals Client 117,Chemicals & Plastics,45,113703.76,2024-11-27,2025-01-11,closed,2025-01-13,47.0,2.0,False,False,prompt_payer
INV703462,C1116,Chemicals Client 117,Chemicals & Plastics,45,178155.1,2024-12-16,2025-01-30,closed,2025-02-04,50.0,5.0,False,False,prompt_payer
INV703463,C1116,Chemicals Client 117,Chemicals & Plastics,45,112203.91,2024-12-27,2025-02-10,closed,2025-02-12,47.0,2.0,False,False,prompt_payer
INV703464,C1116,Chemicals Client 117,Chemicals & Plastics,45,166379.57,2025-01-02,2025-02-16,closed,2025-02-13,42.0,-3.0,False,False,prompt_payer
INV703465,C1116,Chemicals Client 117,Chemicals & Plastics,45,102987.49,2025-01-25,2025-03-11,closed,2025-03-07,41.0,-4.0,False,False,prompt_payer
INV703466,C1116,Chemicals Client 117,Chemicals & Plastics,45,68258.21,2025-02-07,2025-03-24,closed,2025-03-23,44.0,-1.0,False,False,prompt_payer
INV703467,C1116,Chemicals Client 117,Chemicals & Plastics,45,113603.91,2025-02-17,2025-04-03,closed,2025-04-03,45.0,0.0,False,False,prompt_payer
INV703468,C1116,Chemicals Client 117,Chemicals & Plastics,45,69463.14,2025-05-02,2025-06-16,closed,2025-06-13,42.0,-3.0,False,False,prompt_payer
INV703469,C1116,Chemicals Client 117,Chemicals & Plastics,45,113369.64,2025-05-10,2025-06-24,closed,2025-06-23,44.0,-1.0,False,False,prompt_payer
INV703470,C1116,Chemicals Client 117,Chemicals & Plastics,45,98854.75,2025-07-14,2025-08-28,closed,2025-08-26,43.0,-2.0,False,False,prompt_payer
INV703471,C1116,Chemicals Client 117,Chemicals & Plastics,45,105501.74,2025-10-28,2025-12-12,closed,2025-12-07,40.0,-5.0,False,False,prompt_payer
INV703472,C1116,Chemicals Client 117,Chemicals & Plastics,45,213926.03,2025-11-30,2026-01-14,closed,2026-01-15,46.0,1.0,False,False,prompt_payer
INV703473,C1116,Chemicals Client 117,Chemicals & Plastics,45,103392.51,2025-12-26,2026-02-09,closed,2026-02-13,49.0,4.0,False,False,prompt_payer
INV703474,C1116,Chemicals Client 117,Chemicals & Plastics,45,129934.6,2026-01-02,2026-02-16,closed,2026-02-14,43.0,-2.0,False,False,prompt_payer
INV703475,C1116,Chemicals Client 117,Chemicals & Plastics,45,170419.39,2026-02-09,2026-03-26,closed,2026-03-25,44.0,-1.0,False,False,prompt_payer
INV703476,C1116,Chemicals Client 117,Chemicals & Plastics,45,159494.89,2026-03-27,2026-05-11,closed,2026-05-13,47.0,2.0,False,False,prompt_payer
INV703477,C1116,Chemicals Client 117,Chemicals & Plastics,45,107499.56,2026-03-27,2026-05-11,closed,2026-05-12,46.0,1.0,False,False,prompt_payer
INV703478,C1116,Chemicals Client 117,Chemicals & Plastics,45,106247.47,2026-04-03,2026-05-18,closed,2026-05-21,48.0,3.0,False,False,prompt_payer
INV703479,C1116,Chemicals Client 117,Chemicals & Plastics,45,120934.95,2026-06-13,2026-07-28,closed,2026-07-26,43.0,-2.0,False,False,prompt_payer
INV703480,C1116,Chemicals Client 117,Chemicals & Plastics,45,99519.78,2026-06-26,2026-08-10,closed,2026-08-08,43.0,-2.0,False,False,prompt_payer
INV703481,C1116,Chemicals Client 117,Chemicals & Plastics,45,82422.67,2026-07-25,2026-09-08,open,,,,False,False,prompt_payer
INV703482,C1117,Auto Client 118,Auto Components,45,90439.9,2024-04-27,2024-06-11,closed,2024-06-11,45.0,0.0,False,False,deteriorating_payer
INV703483,C1117,Auto Client 118,Auto Components,45,100534.74,2024-11-09,2024-12-24,closed,2024-12-30,51.0,6.0,False,False,deteriorating_payer
INV703484,C1117,Auto Client 118,Auto Components,45,53097.37,2025-01-09,2025-02-23,closed,2025-03-01,51.0,6.0,False,False,deteriorating_payer
INV703485,C1117,Auto Client 118,Auto Components,45,60952.8,2025-01-24,2025-03-10,closed,2025-03-22,57.0,12.0,False,False,deteriorating_payer
INV703486,C1117,Auto Client 118,Auto Components,45,54620.25,2025-02-11,2025-03-28,closed,2025-04-08,56.0,11.0,False,False,deteriorating_payer
INV703487,C1117,Auto Client 118,Auto Components,45,75821.68,2025-03-31,2025-05-15,closed,2025-05-28,58.0,13.0,False,False,deteriorating_payer
INV703488,C1117,Auto Client 118,Auto Components,45,68809.22,2025-05-17,2025-07-01,closed,2025-07-16,60.0,15.0,False,False,deteriorating_payer
INV703489,C1117,Auto Client 118,Auto Components,45,59808.0,2025-07-31,2025-09-14,closed,2025-10-03,64.0,19.0,False,False,deteriorating_payer
INV703490,C1117,Auto Client 118,Auto Components,45,47464.45,2025-09-10,2025-10-25,closed,2025-11-15,66.0,21.0,False,False,deteriorating_payer
INV703491,C1117,Auto Client 118,Auto Components,45,100730.79,2025-11-22,2026-01-06,closed,2026-01-31,70.0,25.0,False,False,deteriorating_payer
INV703492,C1117,Auto Client 118,Auto Components,45,112299.24,2026-01-12,2026-02-26,closed,2026-04-05,83.0,38.0,False,False,deteriorating_payer
INV703493,C1117,Auto Client 118,Auto Components,45,90808.94,2026-02-07,2026-03-24,closed,2026-04-18,70.0,25.0,False,False,deteriorating_payer
INV703494,C1117,Auto Client 118,Auto Components,45,70541.94,2026-02-10,2026-03-27,closed,2026-04-28,77.0,32.0,False,False,deteriorating_payer
INV703495,C1117,Auto Client 118,Auto Components,45,52444.38,2026-03-05,2026-04-19,closed,2026-05-12,68.0,23.0,False,False,deteriorating_payer
INV703496,C1117,Auto Client 118,Auto Components,45,76523.86,2026-03-15,2026-04-29,closed,2026-06-07,84.0,39.0,False,False,deteriorating_payer
INV703497,C1117,Auto Client 118,Auto Components,45,91250.46,2026-03-27,2026-05-11,closed,2026-06-21,86.0,41.0,False,False,deteriorating_payer
INV703498,C1117,Auto Client 118,Auto Components,45,47284.77,2026-07-22,2026-09-05,open,,,,False,False,deteriorating_payer
INV703499,C1118,FMCG Client 119,FMCG & Food Processing,45,1611536.89,2024-03-13,2024-04-27,closed,2024-05-30,78.0,33.0,False,False,chronic_late_payer
INV703500,C1118,FMCG Client 119,FMCG & Food Processing,45,498752.12,2024-04-04,2024-05-19,closed,2024-06-17,74.0,29.0,False,False,chronic_late_payer
INV703501,C1118,FMCG Client 119,FMCG & Food Processing,45,1122588.0,2024-04-14,2024-05-29,closed,2024-06-24,71.0,26.0,False,False,chronic_late_payer
INV703502,C1118,FMCG Client 119,FMCG & Food Processing,45,1652904.74,2024-05-18,2024-07-02,closed,2024-08-01,75.0,30.0,False,False,chronic_late_payer
INV703503,C1118,FMCG Client 119,FMCG & Food Processing,45,1899787.62,2024-06-16,2024-07-31,closed,2024-09-02,78.0,33.0,False,False,chronic_late_payer
INV703504,C1118,FMCG Client 119,FMCG & Food Processing,45,2207503.39,2024-06-21,2024-08-05,closed,2024-09-01,72.0,27.0,False,False,chronic_late_payer
INV703505,C1118,FMCG Client 119,FMCG & Food Processing,45,10558644.79,2024-09-30,2024-11-14,closed,2024-12-10,71.0,26.0,False,True,chronic_late_payer
INV703506,C1118,FMCG Client 119,FMCG & Food Processing,45,1478684.25,2024-10-28,2024-12-12,closed,2025-01-08,72.0,27.0,True,False,chronic_late_payer
INV703507,C1118,FMCG Client 119,FMCG & Food Processing,45,1459303.17,2024-12-21,2025-02-04,closed,2025-03-05,74.0,29.0,False,False,chronic_late_payer
INV703508,C1118,FMCG Client 119,FMCG & Food Processing,45,1759733.13,2025-01-26,2025-03-12,closed,2025-04-09,73.0,28.0,False,False,chronic_late_payer
INV703509,C1118,FMCG Client 119,FMCG & Food Processing,45,1644049.58,2025-01-29,2025-03-15,closed,2025-04-06,67.0,22.0,False,False,chronic_late_payer
INV703510,C1118,FMCG Client 119,FMCG & Food Processing,45,1690330.74,2025-02-27,2025-04-13,closed,2025-05-10,72.0,27.0,False,False,chronic_late_payer
INV703511,C1118,FMCG Client 119,FMCG & Food Processing,45,1648654.04,2025-05-05,2025-06-19,closed,2025-07-09,65.0,20.0,False,False,chronic_late_payer
INV703512,C1118,FMCG Client 119,FMCG & Food Processing,45,2543573.6,2025-06-07,2025-07-22,closed,2025-08-23,77.0,32.0,False,False,chronic_late_payer
INV703513,C1118,FMCG Client 119,FMCG & Food Processing,45,2815539.92,2025-06-20,2025-08-04,closed,2025-08-28,69.0,24.0,False,False,chronic_late_payer
INV703514,C1118,FMCG Client 119,FMCG & Food Processing,45,986142.2,2025-07-14,2025-08-28,closed,2025-09-25,73.0,28.0,False,False,chronic_late_payer
INV703515,C1118,FMCG Client 119,FMCG & Food Processing,45,1927007.4,2025-07-23,2025-09-06,closed,2025-10-08,77.0,32.0,False,False,chronic_late_payer
INV703516,C1118,FMCG Client 119,FMCG & Food Processing,45,1113311.63,2025-09-03,2025-10-18,closed,2025-11-20,78.0,33.0,False,False,chronic_late_payer
INV703517,C1118,FMCG Client 119,FMCG & Food Processing,45,1778797.47,2025-11-22,2026-01-06,closed,2026-01-25,64.0,19.0,False,False,chronic_late_payer
INV703518,C1118,FMCG Client 119,FMCG & Food Processing,45,1185047.71,2025-12-21,2026-02-04,closed,2026-03-06,75.0,30.0,False,False,chronic_late_payer
INV703519,C1118,FMCG Client 119,FMCG & Food Processing,45,901968.58,2026-03-05,2026-04-19,closed,2026-05-18,74.0,29.0,False,False,chronic_late_payer
INV703520,C1118,FMCG Client 119,FMCG & Food Processing,45,2907562.87,2026-04-01,2026-05-16,closed,2026-06-14,74.0,29.0,False,False,chronic_late_payer
INV703521,C1118,FMCG Client 119,FMCG & Food Processing,45,9335167.91,2026-04-07,2026-05-22,closed,2026-06-17,71.0,26.0,False,True,chronic_late_payer
INV703522,C1118,FMCG Client 119,FMCG & Food Processing,45,1704294.05,2026-04-09,2026-05-24,closed,2026-06-23,75.0,30.0,False,False,chronic_late_payer
INV703523,C1118,FMCG Client 119,FMCG & Food Processing,45,1385925.43,2026-06-16,2026-07-31,open,,,,False,False,chronic_late_payer
INV703524,C1118,FMCG Client 119,FMCG & Food Processing,45,1307865.94,2026-07-04,2026-08-18,open,,,,False,False,chronic_late_payer
INV703525,C1119,Retail Client 120,Retail & Distribution,45,77788.58,2024-03-10,2024-04-24,closed,2024-05-15,66.0,21.0,False,False,chronic_late_payer
INV703526,C1119,Retail Client 120,Retail & Distribution,45,124302.47,2024-03-17,2024-05-01,closed,2024-05-30,74.0,29.0,False,False,chronic_late_payer
INV703527,C1119,Retail Client 120,Retail & Distribution,45,205405.5,2024-03-20,2024-05-04,closed,2024-06-06,78.0,33.0,False,False,chronic_late_payer
INV703528,C1119,Retail Client 120,Retail & Distribution,45,139322.63,2024-04-03,2024-05-18,closed,2024-06-10,68.0,23.0,False,False,chronic_late_payer
INV703529,C1119,Retail Client 120,Retail & Distribution,45,89817.85,2024-05-24,2024-07-08,closed,2024-08-02,70.0,25.0,False,False,chronic_late_payer
INV703530,C1119,Retail Client 120,Retail & Distribution,45,40787.66,2024-06-07,2024-07-22,closed,2024-08-21,75.0,30.0,False,False,chronic_late_payer
INV703531,C1119,Retail Client 120,Retail & Distribution,45,162249.95,2024-08-24,2024-10-08,closed,2024-11-05,73.0,28.0,False,False,chronic_late_payer
INV703532,C1119,Retail Client 120,Retail & Distribution,45,128070.8,2024-10-09,2024-11-23,closed,2024-12-26,78.0,33.0,False,False,chronic_late_payer
INV703533,C1119,Retail Client 120,Retail & Distribution,45,73739.94,2024-11-04,2024-12-19,closed,2025-01-12,69.0,24.0,False,False,chronic_late_payer
INV703534,C1119,Retail Client 120,Retail & Distribution,45,96059.48,2024-11-09,2024-12-24,closed,2025-01-23,75.0,30.0,False,False,chronic_late_payer
INV703535,C1119,Retail Client 120,Retail & Distribution,45,219328.14,2024-11-10,2024-12-25,closed,2025-01-19,70.0,25.0,False,False,chronic_late_payer
INV703536,C1119,Retail Client 120,Retail & Distribution,45,119633.73,2024-12-04,2025-01-18,closed,2025-02-23,81.0,36.0,False,False,chronic_late_payer
INV703537,C1119,Retail Client 120,Retail & Distribution,45,116938.3,2025-01-12,2025-02-26,closed,2025-03-30,77.0,32.0,False,False,chronic_late_payer
INV703538,C1119,Retail Client 120,Retail & Distribution,45,129430.39,2025-01-17,2025-03-03,closed,2025-03-25,67.0,22.0,False,False,chronic_late_payer
INV703539,C1119,Retail Client 120,Retail & Distribution,45,139446.62,2025-02-02,2025-03-19,closed,2025-04-25,82.0,37.0,False,False,chronic_late_payer
INV703540,C1119,Retail Client 120,Retail & Distribution,45,70441.94,2025-02-05,2025-03-22,closed,2025-04-21,75.0,30.0,False,False,chronic_late_payer
INV703541,C1119,Retail Client 120,Retail & Distribution,45,51506.87,2025-03-25,2025-05-09,closed,2025-06-10,77.0,32.0,False,False,chronic_late_payer
INV703542,C1119,Retail Client 120,Retail & Distribution,45,141781.84,2025-03-28,2025-05-12,closed,2025-06-07,71.0,26.0,False,False,chronic_late_payer
INV703543,C1119,Retail Client 120,Retail & Distribution,45,109879.58,2025-04-12,2025-05-27,closed,2025-06-20,69.0,24.0,False,False,chronic_late_payer
INV703544,C1119,Retail Client 120,Retail & Distribution,45,98976.36,2025-05-21,2025-07-05,closed,2025-07-25,65.0,20.0,False,False,chronic_late_payer
INV703545,C1119,Retail Client 120,Retail & Distribution,45,365554.21,2025-05-29,2025-07-13,closed,2025-07-27,59.0,14.0,False,True,chronic_late_payer
INV703546,C1119,Retail Client 120,Retail & Distribution,45,114514.33,2025-06-25,2025-08-09,closed,2025-09-04,71.0,26.0,False,False,chronic_late_payer
INV703547,C1119,Retail Client 120,Retail & Distribution,45,148165.79,2025-08-04,2025-09-18,closed,2025-10-10,67.0,22.0,False,False,chronic_late_payer
INV703548,C1119,Retail Client 120,Retail & Distribution,45,142930.45,2025-10-14,2025-11-28,closed,2026-01-06,84.0,39.0,False,False,chronic_late_payer
INV703549,C1119,Retail Client 120,Retail & Distribution,45,122144.55,2025-11-01,2025-12-16,closed,2026-01-11,71.0,26.0,True,False,chronic_late_payer
INV703550,C1119,Retail Client 120,Retail & Distribution,45,134042.59,2025-12-03,2026-01-17,closed,2026-02-14,73.0,28.0,False,False,chronic_late_payer
INV703551,C1119,Retail Client 120,Retail & Distribution,45,101453.08,2025-12-10,2026-01-24,closed,2026-02-19,71.0,26.0,False,False,chronic_late_payer
INV703552,C1119,Retail Client 120,Retail & Distribution,45,162982.8,2026-01-30,2026-03-16,closed,2026-04-07,67.0,22.0,False,False,chronic_late_payer
INV703553,C1119,Retail Client 120,Retail & Distribution,45,113813.68,2026-02-04,2026-03-21,closed,2026-04-22,77.0,32.0,False,False,chronic_late_payer
INV703554,C1119,Retail Client 120,Retail & Distribution,45,130909.77,2026-03-31,2026-05-15,closed,2026-06-16,77.0,32.0,False,False,chronic_late_payer
INV703555,C1119,Retail Client 120,Retail & Distribution,45,135917.25,2026-05-01,2026-06-15,closed,2026-07-04,64.0,19.0,False,False,chronic_late_payer
INV703556,C1119,Retail Client 120,Retail & Distribution,45,133785.42,2026-05-20,2026-07-04,closed,2026-07-28,69.0,24.0,False,False,chronic_late_payer
INV703557,C1119,Retail Client 120,Retail & Distribution,45,97592.37,2026-06-22,2026-08-06,open,,,,False,False,chronic_late_payer
INV703558,C1119,Retail Client 120,Retail & Distribution,45,153203.54,2026-08-08,2026-09-22,open,,,,False,False,chronic_late_payer
INV703559,C1120,Auto Client 121,Auto Components,30,12233.87,2024-02-22,2024-03-23,closed,2024-03-23,30.0,0.0,False,False,prompt_payer
INV703560,C1120,Auto Client 121,Auto Components,30,59691.51,2024-02-24,2024-03-25,closed,2024-03-27,32.0,2.0,False,True,prompt_payer
INV703561,C1120,Auto Client 121,Auto Components,30,21802.47,2024-03-09,2024-04-08,closed,2024-04-08,30.0,0.0,False,False,prompt_payer
INV703562,C1120,Auto Client 121,Auto Components,30,24967.98,2024-05-09,2024-06-08,closed,2024-06-13,35.0,5.0,False,False,prompt_payer
INV703563,C1120,Auto Client 121,Auto Components,30,16903.39,2024-06-14,2024-07-14,closed,2024-07-15,31.0,1.0,False,False,prompt_payer
INV703564,C1120,Auto Client 121,Auto Components,30,33387.53,2024-06-18,2024-07-18,closed,2024-07-18,30.0,0.0,False,False,prompt_payer
INV703565,C1120,Auto Client 121,Auto Components,30,22636.69,2024-06-27,2024-07-27,closed,2024-07-28,31.0,1.0,False,False,prompt_payer
INV703566,C1120,Auto Client 121,Auto Components,30,12836.14,2024-07-25,2024-08-24,closed,2024-08-21,27.0,-3.0,False,False,prompt_payer
INV703567,C1120,Auto Client 121,Auto Components,30,28191.61,2024-09-04,2024-10-04,closed,2024-10-03,29.0,-1.0,False,False,prompt_payer
INV703568,C1120,Auto Client 121,Auto Components,30,22658.18,2024-10-02,2024-11-01,closed,2024-10-30,28.0,-2.0,False,False,prompt_payer
INV703569,C1120,Auto Client 121,Auto Components,30,21502.33,2024-10-12,2024-11-11,closed,2024-11-10,29.0,-1.0,False,False,prompt_payer
INV703570,C1120,Auto Client 121,Auto Components,30,18949.3,2024-10-15,2024-11-14,closed,2024-11-17,33.0,3.0,False,False,prompt_payer
INV703571,C1120,Auto Client 121,Auto Components,30,12708.38,2024-11-01,2024-12-01,closed,2024-11-28,27.0,-3.0,False,False,prompt_payer
INV703572,C1120,Auto Client 121,Auto Components,30,20620.58,2024-11-19,2024-12-19,closed,2024-12-15,26.0,-4.0,False,False,prompt_payer
INV703573,C1120,Auto Client 121,Auto Components,30,18857.38,2024-11-29,2024-12-29,closed,2024-12-28,29.0,-1.0,False,False,prompt_payer
INV703574,C1120,Auto Client 121,Auto Components,30,33293.11,2024-12-20,2025-01-19,closed,2025-01-21,32.0,2.0,False,False,prompt_payer
INV703575,C1120,Auto Client 121,Auto Components,30,10319.34,2024-12-21,2025-01-20,closed,2025-01-21,31.0,1.0,False,False,prompt_payer
INV703576,C1120,Auto Client 121,Auto Components,30,26960.76,2025-01-03,2025-02-02,closed,2025-01-31,28.0,-2.0,False,False,prompt_payer
INV703577,C1120,Auto Client 121,Auto Components,30,20591.24,2025-01-14,2025-02-13,closed,2025-02-09,26.0,-4.0,False,False,prompt_payer
INV703578,C1120,Auto Client 121,Auto Components,30,7608.84,2025-01-16,2025-02-15,closed,2025-02-14,29.0,-1.0,False,False,prompt_payer
INV703579,C1120,Auto Client 121,Auto Components,30,37665.38,2025-01-29,2025-02-28,closed,2025-02-26,28.0,-2.0,False,False,prompt_payer
INV703580,C1120,Auto Client 121,Auto Components,30,29269.76,2025-02-27,2025-03-29,closed,2025-03-27,28.0,-2.0,False,False,prompt_payer
INV703581,C1120,Auto Client 121,Auto Components,30,16193.81,2025-03-23,2025-04-22,closed,2025-04-18,26.0,-4.0,False,False,prompt_payer
INV703582,C1120,Auto Client 121,Auto Components,30,39256.23,2025-04-12,2025-05-12,closed,2025-05-14,32.0,2.0,True,False,prompt_payer
INV703583,C1120,Auto Client 121,Auto Components,30,21704.37,2025-04-13,2025-05-13,closed,2025-05-09,26.0,-4.0,False,False,prompt_payer
INV703584,C1120,Auto Client 121,Auto Components,30,38962.57,2025-04-14,2025-05-14,closed,2025-05-14,30.0,0.0,False,False,prompt_payer
INV703585,C1120,Auto Client 121,Auto Components,30,28896.28,2025-04-24,2025-05-24,closed,2025-05-26,32.0,2.0,False,False,prompt_payer
INV703586,C1120,Auto Client 121,Auto Components,30,25766.07,2025-04-30,2025-05-30,closed,2025-06-02,33.0,3.0,False,False,prompt_payer
INV703587,C1120,Auto Client 121,Auto Components,30,7227.87,2025-05-10,2025-06-09,closed,2025-06-11,32.0,2.0,False,False,prompt_payer
INV703588,C1120,Auto Client 121,Auto Components,30,37213.08,2025-05-28,2025-06-27,closed,2025-06-30,33.0,3.0,False,False,prompt_payer
INV703589,C1120,Auto Client 121,Auto Components,30,114657.89,2025-06-20,2025-07-20,closed,2025-07-19,29.0,-1.0,False,True,prompt_payer
INV703590,C1120,Auto Client 121,Auto Components,30,31991.71,2025-07-11,2025-08-10,closed,2025-08-07,27.0,-3.0,False,False,prompt_payer
INV703591,C1120,Auto Client 121,Auto Components,30,151024.71,2025-07-21,2025-08-20,closed,2025-08-15,25.0,-5.0,False,True,prompt_payer
INV703592,C1120,Auto Client 121,Auto Components,30,18755.18,2025-08-23,2025-09-22,closed,2025-09-21,29.0,-1.0,False,False,prompt_payer
INV703593,C1120,Auto Client 121,Auto Components,30,68993.33,2025-08-30,2025-09-29,closed,2025-09-28,29.0,-1.0,False,True,prompt_payer
INV703594,C1120,Auto Client 121,Auto Components,30,17215.44,2025-09-28,2025-10-28,closed,2025-10-23,25.0,-5.0,False,False,prompt_payer
INV703595,C1120,Auto Client 121,Auto Components,30,25721.76,2025-10-04,2025-11-03,closed,2025-11-03,30.0,0.0,False,False,prompt_payer
INV703596,C1120,Auto Client 121,Auto Components,30,20850.67,2025-10-14,2025-11-13,closed,2025-11-15,32.0,2.0,False,False,prompt_payer
INV703597,C1120,Auto Client 121,Auto Components,30,35847.27,2025-10-27,2025-11-26,closed,2025-11-25,29.0,-1.0,False,False,prompt_payer
INV703598,C1120,Auto Client 121,Auto Components,30,23040.06,2026-01-15,2026-02-14,closed,2026-02-12,28.0,-2.0,False,False,prompt_payer
INV703599,C1120,Auto Client 121,Auto Components,30,21260.65,2026-01-19,2026-02-18,closed,2026-02-15,27.0,-3.0,False,False,prompt_payer
INV703600,C1120,Auto Client 121,Auto Components,30,22259.57,2026-02-10,2026-03-12,closed,2026-03-15,33.0,3.0,False,False,prompt_payer
INV703601,C1120,Auto Client 121,Auto Components,30,21040.24,2026-03-06,2026-04-05,closed,2026-04-02,27.0,-3.0,False,False,prompt_payer
INV703602,C1120,Auto Client 121,Auto Components,30,14509.39,2026-03-12,2026-04-11,closed,2026-04-11,30.0,0.0,False,False,prompt_payer
INV703603,C1120,Auto Client 121,Auto Components,30,21855.28,2026-03-18,2026-04-17,closed,2026-04-16,29.0,-1.0,False,False,prompt_payer
INV703604,C1120,Auto Client 121,Auto Components,30,13192.71,2026-03-20,2026-04-19,closed,2026-04-21,32.0,2.0,False,False,prompt_payer
INV703605,C1120,Auto Client 121,Auto Components,30,14595.84,2026-04-16,2026-05-16,closed,2026-05-15,29.0,-1.0,False,False,prompt_payer
INV703606,C1120,Auto Client 121,Auto Components,30,39955.25,2026-05-08,2026-06-07,closed,2026-06-06,29.0,-1.0,False,False,prompt_payer
INV703607,C1120,Auto Client 121,Auto Components,30,24298.41,2026-07-24,2026-08-23,open,,,,False,False,prompt_payer
INV703608,C1120,Auto Client 121,Auto Components,30,27453.78,2026-07-31,2026-08-30,open,,,,False,False,prompt_payer
INV703609,C1120,Auto Client 121,Auto Components,30,24619.58,2026-08-05,2026-09-04,open,,,,False,False,prompt_payer
INV703610,C1121,Chemicals Client 122,Chemicals & Plastics,30,91560.04,2024-06-26,2024-07-26,closed,2024-08-30,65.0,35.0,False,False,improving_payer
INV703611,C1121,Chemicals Client 122,Chemicals & Plastics,30,62117.6,2024-07-27,2024-08-26,closed,2024-10-04,69.0,39.0,False,False,improving_payer
INV703612,C1121,Chemicals Client 122,Chemicals & Plastics,30,28304.11,2024-09-12,2024-10-12,closed,2024-11-13,62.0,32.0,False,False,improving_payer
INV703613,C1121,Chemicals Client 122,Chemicals & Plastics,30,171422.74,2024-11-03,2024-12-03,closed,2024-12-15,42.0,12.0,False,False,improving_payer
INV703614,C1121,Chemicals Client 122,Chemicals & Plastics,30,88552.8,2024-11-14,2024-12-14,closed,2025-01-08,55.0,25.0,False,False,improving_payer
INV703615,C1121,Chemicals Client 122,Chemicals & Plastics,30,119628.91,2025-04-23,2025-05-23,closed,2025-06-07,45.0,15.0,False,False,improving_payer
INV703616,C1121,Chemicals Client 122,Chemicals & Plastics,30,120470.77,2025-07-03,2025-08-02,closed,2025-08-21,49.0,19.0,False,False,improving_payer
INV703617,C1121,Chemicals Client 122,Chemicals & Plastics,30,130381.08,2025-09-19,2025-10-19,closed,2025-10-29,40.0,10.0,False,False,improving_payer
INV703618,C1121,Chemicals Client 122,Chemicals & Plastics,30,92276.09,2025-12-19,2026-01-18,closed,2026-01-27,39.0,9.0,False,False,improving_payer
INV703619,C1121,Chemicals Client 122,Chemicals & Plastics,30,101146.81,2026-02-03,2026-03-05,closed,2026-03-09,34.0,4.0,False,False,improving_payer
INV703620,C1121,Chemicals Client 122,Chemicals & Plastics,30,180399.07,2026-06-20,2026-07-20,closed,2026-07-20,30.0,0.0,True,False,improving_payer
INV703621,C1121,Chemicals Client 122,Chemicals & Plastics,30,110636.32,2026-06-22,2026-07-22,closed,2026-07-27,35.0,5.0,False,False,improving_payer
INV703622,C1121,Chemicals Client 122,Chemicals & Plastics,30,49940.0,2026-07-25,2026-08-24,open,,,,False,False,improving_payer
INV703623,C1122,Retail Client 123,Retail & Distribution,30,952318.71,2024-03-13,2024-04-12,closed,2024-05-08,56.0,26.0,False,False,improving_payer
INV703624,C1122,Retail Client 123,Retail & Distribution,30,6061934.83,2024-05-07,2024-06-06,closed,2024-07-13,67.0,37.0,False,True,improving_payer
INV703625,C1122,Retail Client 123,Retail & Distribution,30,589650.03,2024-05-25,2024-06-24,closed,2024-07-20,56.0,26.0,False,False,improving_payer
INV703626,C1122,Retail Client 123,Retail & Distribution,30,979709.43,2024-05-28,2024-06-27,closed,2024-07-30,63.0,33.0,False,False,improving_payer
INV703627,C1122,Retail Client 123,Retail & Distribution,30,711610.54,2024-06-06,2024-07-06,closed,2024-08-01,56.0,26.0,False,False,improving_payer
INV703628,C1122,Retail Client 123,Retail & Distribution,30,1096440.56,2024-07-03,2024-08-02,closed,2024-08-29,57.0,27.0,False,False,improving_payer
INV703629,C1122,Retail Client 123,Retail & Distribution,30,581692.56,2024-07-13,2024-08-12,closed,2024-09-03,52.0,22.0,False,False,improving_payer
INV703630,C1122,Retail Client 123,Retail & Distribution,30,676659.91,2024-10-07,2024-11-06,closed,2024-12-08,62.0,32.0,False,False,improving_payer
INV703631,C1122,Retail Client 123,Retail & Distribution,30,1026852.91,2024-10-14,2024-11-13,closed,2024-12-06,53.0,23.0,False,False,improving_payer
INV703632,C1122,Retail Client 123,Retail & Distribution,30,583606.01,2024-10-19,2024-11-18,closed,2024-12-27,69.0,39.0,True,False,improving_payer
INV703633,C1122,Retail Client 123,Retail & Distribution,30,796141.0,2024-11-07,2024-12-07,closed,2025-01-05,59.0,29.0,False,False,improving_payer
INV703634,C1122,Retail Client 123,Retail & Distribution,30,630607.14,2024-11-18,2024-12-18,closed,2025-01-15,58.0,28.0,False,False,improving_payer
INV703635,C1122,Retail Client 123,Retail & Distribution,30,571041.93,2024-12-26,2025-01-25,closed,2025-02-22,58.0,28.0,False,False,improving_payer
INV703636,C1122,Retail Client 123,Retail & Distribution,30,968001.24,2024-12-29,2025-01-28,closed,2025-02-23,56.0,26.0,False,False,improving_payer
INV703637,C1122,Retail Client 123,Retail & Distribution,30,470332.68,2025-01-01,2025-01-31,closed,2025-02-24,54.0,24.0,False,False,improving_payer
INV703638,C1122,Retail Client 123,Retail & Distribution,30,924512.26,2025-02-22,2025-03-24,closed,2025-04-08,45.0,15.0,False,False,improving_payer
INV703639,C1122,Retail Client 123,Retail & Distribution,30,2561929.29,2025-03-17,2025-04-16,closed,2025-05-02,46.0,16.0,False,True,improving_payer
INV703640,C1122,Retail Client 123,Retail & Distribution,30,778780.55,2025-04-09,2025-05-09,closed,2025-06-04,56.0,26.0,False,False,improving_payer
INV703641,C1122,Retail Client 123,Retail & Distribution,30,1054646.82,2025-05-15,2025-06-14,closed,2025-06-28,44.0,14.0,False,False,improving_payer
INV703642,C1122,Retail Client 123,Retail & Distribution,30,1241627.25,2025-05-18,2025-06-17,closed,2025-06-30,43.0,13.0,False,False,improving_payer
INV703643,C1122,Retail Client 123,Retail & Distribution,30,741779.81,2025-06-16,2025-07-16,closed,2025-08-05,50.0,20.0,False,False,improving_payer
INV703644,C1122,Retail Client 123,Retail & Distribution,30,457016.55,2025-06-16,2025-07-16,closed,2025-07-23,37.0,7.0,False,False,improving_payer
INV703645,C1122,Retail Client 123,Retail & Distribution,30,997689.58,2025-06-20,2025-07-20,closed,2025-08-06,47.0,17.0,False,False,improving_payer
INV703646,C1122,Retail Client 123,Retail & Distribution,30,225801.61,2025-07-19,2025-08-18,closed,2025-09-04,47.0,17.0,False,False,improving_payer
INV703647,C1122,Retail Client 123,Retail & Distribution,30,686917.81,2025-10-02,2025-11-01,closed,2025-11-20,49.0,19.0,False,False,improving_payer
INV703648,C1122,Retail Client 123,Retail & Distribution,30,736894.88,2025-10-27,2025-11-26,closed,2025-12-12,46.0,16.0,False,False,improving_payer
INV703649,C1122,Retail Client 123,Retail & Distribution,30,1056795.51,2025-11-02,2025-12-02,closed,2025-12-12,40.0,10.0,False,False,improving_payer
INV703650,C1122,Retail Client 123,Retail & Distribution,30,919975.04,2025-12-06,2026-01-05,closed,2026-01-18,43.0,13.0,False,False,improving_payer
INV703651,C1122,Retail Client 123,Retail & Distribution,30,436086.46,2025-12-10,2026-01-09,closed,2026-01-21,42.0,12.0,False,False,improving_payer
INV703652,C1122,Retail Client 123,Retail & Distribution,30,850022.31,2026-01-02,2026-02-01,closed,2026-02-11,40.0,10.0,False,False,improving_payer
INV703653,C1122,Retail Client 123,Retail & Distribution,30,715027.08,2026-01-05,2026-02-04,closed,2026-02-18,44.0,14.0,False,False,improving_payer
INV703654,C1122,Retail Client 123,Retail & Distribution,30,937684.29,2026-01-08,2026-02-07,closed,2026-02-14,37.0,7.0,False,False,improving_payer
INV703655,C1122,Retail Client 123,Retail & Distribution,30,1193169.52,2026-02-04,2026-03-06,closed,2026-03-25,49.0,19.0,False,False,improving_payer
INV703656,C1122,Retail Client 123,Retail & Distribution,30,971866.24,2026-02-15,2026-03-17,closed,2026-03-28,41.0,11.0,False,False,improving_payer
INV703657,C1122,Retail Client 123,Retail & Distribution,30,478691.09,2026-02-25,2026-03-27,closed,2026-04-03,37.0,7.0,False,False,improving_payer
INV703658,C1122,Retail Client 123,Retail & Distribution,30,598231.02,2026-03-05,2026-04-04,closed,2026-04-07,33.0,3.0,False,False,improving_payer
INV703659,C1122,Retail Client 123,Retail & Distribution,30,1049777.91,2026-04-18,2026-05-18,closed,2026-05-22,34.0,4.0,False,False,improving_payer
INV703660,C1122,Retail Client 123,Retail & Distribution,30,893252.02,2026-05-11,2026-06-10,closed,2026-06-14,34.0,4.0,False,False,improving_payer
INV703661,C1122,Retail Client 123,Retail & Distribution,30,730089.84,2026-06-06,2026-07-06,closed,2026-07-11,35.0,5.0,False,False,improving_payer
INV703662,C1122,Retail Client 123,Retail & Distribution,30,629436.19,2026-06-15,2026-07-15,closed,2026-07-18,33.0,3.0,False,False,improving_payer
INV703663,C1122,Retail Client 123,Retail & Distribution,30,596296.74,2026-06-24,2026-07-24,closed,2026-07-21,27.0,-3.0,False,False,improving_payer
INV703664,C1122,Retail Client 123,Retail & Distribution,30,637904.16,2026-07-01,2026-07-31,closed,2026-07-31,30.0,0.0,False,False,improving_payer
INV703665,C1122,Retail Client 123,Retail & Distribution,30,3248513.22,2026-07-24,2026-08-23,open,,,,False,True,improving_payer
INV703666,C1122,Retail Client 123,Retail & Distribution,30,290072.71,2026-07-31,2026-08-30,open,,,,False,False,improving_payer
INV703667,C1123,Chemicals Client 124,Chemicals & Plastics,30,137173.78,2024-02-25,2024-03-26,closed,2024-04-05,40.0,10.0,False,False,seasonal_payer
INV703668,C1123,Chemicals Client 124,Chemicals & Plastics,30,159786.11,2024-04-09,2024-05-09,closed,2024-05-16,37.0,7.0,False,False,seasonal_payer
INV703669,C1123,Chemicals Client 124,Chemicals & Plastics,30,160505.01,2024-04-14,2024-05-14,closed,2024-05-13,29.0,-1.0,False,False,seasonal_payer
INV703670,C1123,Chemicals Client 124,Chemicals & Plastics,30,83630.68,2024-05-01,2024-05-31,closed,2024-06-04,34.0,4.0,False,False,seasonal_payer
INV703671,C1123,Chemicals Client 124,Chemicals & Plastics,30,76886.47,2024-05-09,2024-06-08,closed,2024-06-15,37.0,7.0,False,False,seasonal_payer
INV703672,C1123,Chemicals Client 124,Chemicals & Plastics,30,93691.41,2024-06-09,2024-07-09,closed,2024-07-15,36.0,6.0,False,False,seasonal_payer
INV703673,C1123,Chemicals Client 124,Chemicals & Plastics,30,136017.69,2024-08-01,2024-08-31,closed,2024-09-02,32.0,2.0,False,False,seasonal_payer
INV703674,C1123,Chemicals Client 124,Chemicals & Plastics,30,122257.19,2024-08-15,2024-09-14,closed,2024-09-14,30.0,0.0,False,False,seasonal_payer
INV703675,C1123,Chemicals Client 124,Chemicals & Plastics,30,99232.97,2024-10-27,2024-11-26,closed,2024-12-13,47.0,17.0,False,False,seasonal_payer
INV703676,C1123,Chemicals Client 124,Chemicals & Plastics,30,141793.78,2024-10-29,2024-11-28,closed,2024-12-17,49.0,19.0,False,False,seasonal_payer
INV703677,C1123,Chemicals Client 124,Chemicals & Plastics,30,119924.44,2024-11-11,2024-12-11,closed,2024-12-18,37.0,7.0,False,False,seasonal_payer
INV703678,C1123,Chemicals Client 124,Chemicals & Plastics,30,394693.18,2024-11-22,2024-12-22,closed,2024-12-28,36.0,6.0,False,True,seasonal_payer
INV703679,C1123,Chemicals Client 124,Chemicals & Plastics,30,82008.86,2024-12-09,2025-01-08,closed,2025-01-14,36.0,6.0,False,False,seasonal_payer
INV703680,C1123,Chemicals Client 124,Chemicals & Plastics,30,110729.54,2025-01-25,2025-02-24,closed,2025-03-12,46.0,16.0,False,False,seasonal_payer
INV703681,C1123,Chemicals Client 124,Chemicals & Plastics,30,154198.01,2025-03-02,2025-04-01,closed,2025-04-24,53.0,23.0,False,False,seasonal_payer
INV703682,C1123,Chemicals Client 124,Chemicals & Plastics,30,171993.76,2025-03-06,2025-04-05,closed,2025-04-17,42.0,12.0,False,False,seasonal_payer
INV703683,C1123,Chemicals Client 124,Chemicals & Plastics,30,164568.05,2025-03-10,2025-04-09,closed,2025-04-18,39.0,9.0,False,False,seasonal_payer
INV703684,C1123,Chemicals Client 124,Chemicals & Plastics,30,131430.64,2025-04-05,2025-05-05,closed,2025-05-01,26.0,-4.0,False,False,seasonal_payer
INV703685,C1123,Chemicals Client 124,Chemicals & Plastics,30,202907.99,2025-04-17,2025-05-17,closed,2025-05-20,33.0,3.0,False,True,seasonal_payer
INV703686,C1123,Chemicals Client 124,Chemicals & Plastics,30,210154.88,2025-05-13,2025-06-12,closed,2025-06-10,28.0,-2.0,False,False,seasonal_payer
INV703687,C1123,Chemicals Client 124,Chemicals & Plastics,30,117762.3,2025-05-23,2025-06-22,closed,2025-07-08,46.0,16.0,False,False,seasonal_payer
INV703688,C1123,Chemicals Client 124,Chemicals & Plastics,30,184728.01,2025-05-25,2025-06-24,closed,2025-07-02,38.0,8.0,False,False,seasonal_payer
INV703689,C1123,Chemicals Client 124,Chemicals & Plastics,30,200360.27,2025-06-13,2025-07-13,closed,2025-07-09,26.0,-4.0,False,False,seasonal_payer
INV703690,C1123,Chemicals Client 124,Chemicals & Plastics,30,60603.69,2025-06-20,2025-07-20,closed,2025-07-12,22.0,-8.0,False,False,seasonal_payer
INV703691,C1123,Chemicals Client 124,Chemicals & Plastics,30,121510.36,2025-06-21,2025-07-21,closed,2025-07-21,30.0,0.0,False,False,seasonal_payer
INV703692,C1123,Chemicals Client 124,Chemicals & Plastics,30,108107.81,2025-07-02,2025-08-01,closed,2025-08-06,35.0,5.0,False,False,seasonal_payer
INV703693,C1123,Chemicals Client 124,Chemicals & Plastics,30,144412.42,2025-08-20,2025-09-19,closed,2025-09-24,35.0,5.0,False,False,seasonal_payer
INV703694,C1123,Chemicals Client 124,Chemicals & Plastics,30,122278.9,2025-09-24,2025-10-24,closed,2025-11-13,50.0,20.0,False,False,seasonal_payer
INV703695,C1123,Chemicals Client 124,Chemicals & Plastics,30,146720.93,2025-10-06,2025-11-05,closed,2025-11-17,42.0,12.0,False,False,seasonal_payer
INV703696,C1123,Chemicals Client 124,Chemicals & Plastics,30,177830.14,2025-11-01,2025-12-01,closed,2025-12-14,43.0,13.0,False,False,seasonal_payer
INV703697,C1123,Chemicals Client 124,Chemicals & Plastics,30,109889.9,2025-12-12,2026-01-11,closed,2026-01-12,31.0,1.0,False,False,seasonal_payer
INV703698,C1123,Chemicals Client 124,Chemicals & Plastics,30,46856.04,2025-12-22,2026-01-21,closed,2026-01-26,35.0,5.0,False,False,seasonal_payer
INV703699,C1123,Chemicals Client 124,Chemicals & Plastics,30,85233.49,2026-01-28,2026-02-27,closed,2026-03-17,48.0,18.0,False,False,seasonal_payer
INV703700,C1123,Chemicals Client 124,Chemicals & Plastics,30,140138.53,2026-02-04,2026-03-06,closed,2026-03-26,50.0,20.0,False,False,seasonal_payer
INV703701,C1123,Chemicals Client 124,Chemicals & Plastics,30,112906.71,2026-02-18,2026-03-20,closed,2026-04-02,43.0,13.0,False,False,seasonal_payer
INV703702,C1123,Chemicals Client 124,Chemicals & Plastics,30,93567.3,2026-02-26,2026-03-28,closed,2026-04-19,52.0,22.0,False,False,seasonal_payer
INV703703,C1123,Chemicals Client 124,Chemicals & Plastics,30,201267.74,2026-03-02,2026-04-01,closed,2026-04-19,48.0,18.0,False,False,seasonal_payer
INV703704,C1123,Chemicals Client 124,Chemicals & Plastics,30,93073.43,2026-03-24,2026-04-23,closed,2026-05-11,48.0,18.0,False,False,seasonal_payer
INV703705,C1123,Chemicals Client 124,Chemicals & Plastics,30,52609.14,2026-03-27,2026-04-26,closed,2026-05-13,47.0,17.0,False,False,seasonal_payer
INV703706,C1123,Chemicals Client 124,Chemicals & Plastics,30,89040.44,2026-03-29,2026-04-28,closed,2026-05-20,52.0,22.0,False,False,seasonal_payer
INV703707,C1123,Chemicals Client 124,Chemicals & Plastics,30,34342.69,2026-03-30,2026-04-29,closed,2026-05-19,50.0,20.0,False,False,seasonal_payer
INV703708,C1123,Chemicals Client 124,Chemicals & Plastics,30,118391.06,2026-04-15,2026-05-15,closed,2026-05-19,34.0,4.0,False,False,seasonal_payer
INV703709,C1123,Chemicals Client 124,Chemicals & Plastics,30,169115.02,2026-04-25,2026-05-25,closed,2026-06-07,43.0,13.0,False,False,seasonal_payer
INV703710,C1123,Chemicals Client 124,Chemicals & Plastics,30,91779.6,2026-04-26,2026-05-26,closed,2026-05-30,34.0,4.0,False,False,seasonal_payer
INV703711,C1123,Chemicals Client 124,Chemicals & Plastics,30,72538.13,2026-04-30,2026-05-30,closed,2026-06-06,37.0,7.0,False,False,seasonal_payer
INV703712,C1123,Chemicals Client 124,Chemicals & Plastics,30,135059.88,2026-06-27,2026-07-27,closed,2026-08-08,42.0,12.0,False,False,seasonal_payer
INV703713,C1123,Chemicals Client 124,Chemicals & Plastics,30,184450.43,2026-07-04,2026-08-03,open,,,,False,False,seasonal_payer
INV703714,C1123,Chemicals Client 124,Chemicals & Plastics,30,182554.75,2026-07-16,2026-08-15,closed,2026-08-09,24.0,-6.0,False,False,seasonal_payer
INV703715,C1123,Chemicals Client 124,Chemicals & Plastics,30,134671.12,2026-07-21,2026-08-20,open,,,,False,False,seasonal_payer
INV703716,C1123,Chemicals Client 124,Chemicals & Plastics,30,112861.08,2026-07-25,2026-08-24,open,,,,False,False,seasonal_payer
INV703717,C1124,Chemicals Client 125,Chemicals & Plastics,30,30198.8,2024-03-28,2024-04-27,closed,2024-04-27,30.0,0.0,False,False,average_payer
INV703718,C1124,Chemicals Client 125,Chemicals & Plastics,30,23446.98,2024-04-15,2024-05-15,closed,2024-05-22,37.0,7.0,False,False,average_payer
INV703719,C1124,Chemicals Client 125,Chemicals & Plastics,30,22777.1,2024-10-13,2024-11-12,closed,2024-11-08,26.0,-4.0,False,False,average_payer
INV703720,C1124,Chemicals Client 125,Chemicals & Plastics,30,29871.73,2024-10-15,2024-11-14,closed,2024-11-20,36.0,6.0,False,False,average_payer
INV703721,C1124,Chemicals Client 125,Chemicals & Plastics,30,25295.16,2025-01-03,2025-02-02,closed,2025-01-29,26.0,-4.0,False,False,average_payer
INV703722,C1124,Chemicals Client 125,Chemicals & Plastics,30,33387.04,2025-01-05,2025-02-04,closed,2025-02-10,36.0,6.0,False,False,average_payer
INV703723,C1124,Chemicals Client 125,Chemicals & Plastics,30,27345.18,2025-01-10,2025-02-09,closed,2025-02-10,31.0,1.0,False,False,average_payer
INV703724,C1124,Chemicals Client 125,Chemicals & Plastics,30,32375.56,2025-02-10,2025-03-12,closed,2025-03-06,24.0,-6.0,False,False,average_payer
INV703725,C1124,Chemicals Client 125,Chemicals & Plastics,30,46136.87,2025-02-22,2025-03-24,closed,2025-04-03,40.0,10.0,False,False,average_payer
INV703726,C1124,Chemicals Client 125,Chemicals & Plastics,30,24794.11,2025-03-20,2025-04-19,closed,2025-04-08,19.0,-11.0,False,False,average_payer
INV703727,C1124,Chemicals Client 125,Chemicals & Plastics,30,8662.76,2025-04-18,2025-05-18,closed,2025-05-26,38.0,8.0,False,False,average_payer
INV703728,C1124,Chemicals Client 125,Chemicals & Plastics,30,16958.87,2025-04-25,2025-05-25,closed,2025-05-28,33.0,3.0,False,False,average_payer
INV703729,C1124,Chemicals Client 125,Chemicals & Plastics,30,26121.81,2025-05-08,2025-06-07,closed,2025-06-18,41.0,11.0,False,False,average_payer
INV703730,C1124,Chemicals Client 125,Chemicals & Plastics,30,3000.0,2025-05-30,2025-06-29,closed,2025-07-06,37.0,7.0,False,False,average_payer
INV703731,C1124,Chemicals Client 125,Chemicals & Plastics,30,9654.02,2025-07-19,2025-08-18,closed,2025-08-18,30.0,0.0,False,False,average_payer
INV703732,C1124,Chemicals Client 125,Chemicals & Plastics,30,31762.76,2025-07-23,2025-08-22,closed,2025-08-29,37.0,7.0,False,False,average_payer
INV703733,C1124,Chemicals Client 125,Chemicals & Plastics,30,31322.37,2025-08-06,2025-09-05,closed,2025-09-19,44.0,14.0,False,False,average_payer
INV703734,C1124,Chemicals Client 125,Chemicals & Plastics,30,19451.54,2025-08-12,2025-09-11,closed,2025-09-19,38.0,8.0,False,False,average_payer
INV703735,C1124,Chemicals Client 125,Chemicals & Plastics,30,24243.57,2025-10-12,2025-11-11,closed,2025-11-30,49.0,19.0,False,False,average_payer
INV703736,C1124,Chemicals Client 125,Chemicals & Plastics,30,21362.85,2026-01-08,2026-02-07,closed,2026-02-10,33.0,3.0,False,False,average_payer
INV703737,C1124,Chemicals Client 125,Chemicals & Plastics,30,12913.37,2026-02-13,2026-03-15,closed,2026-03-24,39.0,9.0,False,False,average_payer
INV703738,C1124,Chemicals Client 125,Chemicals & Plastics,30,33306.09,2026-04-13,2026-05-13,closed,2026-05-16,33.0,3.0,False,False,average_payer
INV703739,C1124,Chemicals Client 125,Chemicals & Plastics,30,32784.71,2026-05-01,2026-05-31,closed,2026-06-04,34.0,4.0,False,False,average_payer
INV703740,C1124,Chemicals Client 125,Chemicals & Plastics,30,31358.71,2026-05-07,2026-06-06,closed,2026-06-07,31.0,1.0,False,False,average_payer
INV703741,C1124,Chemicals Client 125,Chemicals & Plastics,30,37481.58,2026-05-26,2026-06-25,closed,2026-07-06,41.0,11.0,False,False,average_payer
INV703742,C1124,Chemicals Client 125,Chemicals & Plastics,30,27106.3,2026-06-14,2026-07-14,closed,2026-07-15,31.0,1.0,True,False,average_payer
INV703743,C1125,Retail Client 126,Retail & Distribution,30,101145.11,2025-04-25,2025-05-25,closed,2025-06-03,39.0,9.0,False,False,cold_start
INV703744,C1125,Retail Client 126,Retail & Distribution,30,67982.06,2025-06-25,2025-07-25,closed,2025-07-30,35.0,5.0,False,False,cold_start
INV703745,C1126,Chemicals Client 127,Chemicals & Plastics,45,1207854.66,2024-04-21,2024-06-05,closed,2024-06-01,41.0,-4.0,False,False,seasonal_payer
INV703746,C1126,Chemicals Client 127,Chemicals & Plastics,45,1197627.46,2024-06-02,2024-07-17,closed,2024-07-21,49.0,4.0,False,False,seasonal_payer
INV703747,C1126,Chemicals Client 127,Chemicals & Plastics,45,1110336.22,2024-07-19,2024-09-02,closed,2024-09-09,52.0,7.0,False,False,seasonal_payer
INV703748,C1126,Chemicals Client 127,Chemicals & Plastics,45,1808955.13,2024-08-17,2024-10-01,closed,2024-10-04,48.0,3.0,False,False,seasonal_payer
INV703749,C1126,Chemicals Client 127,Chemicals & Plastics,45,1713610.81,2024-09-22,2024-11-06,closed,2024-11-11,50.0,5.0,False,False,seasonal_payer
INV703750,C1126,Chemicals Client 127,Chemicals & Plastics,45,1760574.29,2024-09-29,2024-11-13,closed,2024-11-17,49.0,4.0,False,False,seasonal_payer
INV703751,C1126,Chemicals Client 127,Chemicals & Plastics,45,760340.55,2024-12-02,2025-01-16,closed,2025-01-26,55.0,10.0,False,False,seasonal_payer
INV703752,C1126,Chemicals Client 127,Chemicals & Plastics,45,286952.0,2024-12-04,2025-01-18,closed,2025-02-02,60.0,15.0,False,False,seasonal_payer
INV703753,C1126,Chemicals Client 127,Chemicals & Plastics,45,926345.2,2024-12-15,2025-01-29,closed,2025-02-02,49.0,4.0,False,False,seasonal_payer
INV703754,C1126,Chemicals Client 127,Chemicals & Plastics,45,1548826.82,2025-01-03,2025-02-17,closed,2025-03-12,68.0,23.0,False,False,seasonal_payer
INV703755,C1126,Chemicals Client 127,Chemicals & Plastics,45,875836.37,2025-01-20,2025-03-06,closed,2025-03-26,65.0,20.0,False,True,seasonal_payer
INV703756,C1126,Chemicals Client 127,Chemicals & Plastics,45,1926282.2,2025-02-17,2025-04-03,closed,2025-04-20,62.0,17.0,False,False,seasonal_payer
INV703757,C1126,Chemicals Client 127,Chemicals & Plastics,45,1281673.05,2025-02-19,2025-04-05,closed,2025-04-27,67.0,22.0,False,False,seasonal_payer
INV703758,C1126,Chemicals Client 127,Chemicals & Plastics,45,1969724.24,2025-04-18,2025-06-02,closed,2025-06-12,55.0,10.0,False,False,seasonal_payer
INV703759,C1126,Chemicals Client 127,Chemicals & Plastics,45,2408228.49,2025-04-19,2025-06-03,closed,2025-06-12,54.0,9.0,False,False,seasonal_payer
INV703760,C1126,Chemicals Client 127,Chemicals & Plastics,45,5092933.26,2025-05-01,2025-06-15,closed,2025-06-10,40.0,-5.0,False,True,seasonal_payer
INV703761,C1126,Chemicals Client 127,Chemicals & Plastics,45,961394.61,2025-09-16,2025-10-31,closed,2025-11-17,62.0,17.0,False,False,seasonal_payer
INV703762,C1126,Chemicals Client 127,Chemicals & Plastics,45,1301641.32,2025-10-22,2025-12-06,closed,2025-12-22,61.0,16.0,False,False,seasonal_payer
INV703763,C1126,Chemicals Client 127,Chemicals & Plastics,45,2248127.92,2025-12-19,2026-02-02,closed,2026-02-09,52.0,7.0,False,False,seasonal_payer
INV703764,C1126,Chemicals Client 127,Chemicals & Plastics,45,311394.89,2026-01-17,2026-03-03,closed,2026-03-17,59.0,14.0,False,False,seasonal_payer
INV703765,C1126,Chemicals Client 127,Chemicals & Plastics,45,1082370.47,2026-02-06,2026-03-23,closed,2026-04-13,66.0,21.0,False,False,seasonal_payer
INV703766,C1126,Chemicals Client 127,Chemicals & Plastics,45,1816929.63,2026-02-22,2026-04-08,closed,2026-05-01,68.0,23.0,False,False,seasonal_payer
INV703767,C1126,Chemicals Client 127,Chemicals & Plastics,45,767524.28,2026-03-08,2026-04-22,closed,2026-05-15,68.0,23.0,False,False,seasonal_payer
INV703768,C1126,Chemicals Client 127,Chemicals & Plastics,45,1609080.33,2026-03-12,2026-04-26,closed,2026-05-12,61.0,16.0,False,False,seasonal_payer
INV703769,C1126,Chemicals Client 127,Chemicals & Plastics,45,2091432.6,2026-05-14,2026-06-28,closed,2026-06-30,47.0,2.0,False,False,seasonal_payer
INV703770,C1126,Chemicals Client 127,Chemicals & Plastics,45,2356527.06,2026-05-25,2026-07-09,closed,2026-07-18,54.0,9.0,False,False,seasonal_payer
INV703771,C1126,Chemicals Client 127,Chemicals & Plastics,45,889980.3,2026-06-17,2026-08-01,closed,2026-08-05,49.0,4.0,False,False,seasonal_payer
INV703772,C1127,Retail Client 128,Retail & Distribution,30,443260.43,2024-02-18,2024-03-19,closed,2024-04-03,45.0,15.0,False,False,seasonal_payer
INV703773,C1127,Retail Client 128,Retail & Distribution,30,319327.12,2024-03-01,2024-03-31,closed,2024-04-07,37.0,7.0,False,False,seasonal_payer
INV703774,C1127,Retail Client 128,Retail & Distribution,30,269790.14,2024-03-02,2024-04-01,closed,2024-04-12,41.0,11.0,False,False,seasonal_payer
INV703775,C1127,Retail Client 128,Retail & Distribution,30,138201.37,2024-03-11,2024-04-10,closed,2024-04-21,41.0,11.0,False,False,seasonal_payer
INV703776,C1127,Retail Client 128,Retail & Distribution,30,202877.72,2024-03-17,2024-04-16,closed,2024-05-02,46.0,16.0,False,False,seasonal_payer
INV703777,C1127,Retail Client 128,Retail & Distribution,30,329575.44,2024-03-18,2024-04-17,closed,2024-04-29,42.0,12.0,False,False,seasonal_payer
INV703778,C1127,Retail Client 128,Retail & Distribution,30,274923.5,2024-03-31,2024-04-30,closed,2024-05-12,42.0,12.0,False,False,seasonal_payer
INV703779,C1127,Retail Client 128,Retail & Distribution,30,202893.51,2024-04-28,2024-05-28,closed,2024-06-02,35.0,5.0,False,False,seasonal_payer
INV703780,C1127,Retail Client 128,Retail & Distribution,30,229643.44,2024-05-27,2024-06-26,closed,2024-06-25,29.0,-1.0,False,False,seasonal_payer
INV703781,C1127,Retail Client 128,Retail & Distribution,30,275816.3,2024-06-09,2024-07-09,closed,2024-07-17,38.0,8.0,False,False,seasonal_payer
INV703782,C1127,Retail Client 128,Retail & Distribution,30,261635.2,2024-06-15,2024-07-15,closed,2024-07-22,37.0,7.0,False,False,seasonal_payer
INV703783,C1127,Retail Client 128,Retail & Distribution,30,280134.59,2024-07-04,2024-08-03,closed,2024-08-13,40.0,10.0,False,False,seasonal_payer
INV703784,C1127,Retail Client 128,Retail & Distribution,30,320145.5,2024-07-24,2024-08-23,closed,2024-08-27,34.0,4.0,False,False,seasonal_payer
INV703785,C1127,Retail Client 128,Retail & Distribution,30,286757.22,2024-07-24,2024-08-23,closed,2024-08-22,29.0,-1.0,False,False,seasonal_payer
INV703786,C1127,Retail Client 128,Retail & Distribution,30,262883.15,2024-08-04,2024-09-03,closed,2024-09-11,38.0,8.0,False,False,seasonal_payer
INV703787,C1127,Retail Client 128,Retail & Distribution,30,483192.12,2024-09-05,2024-10-05,closed,2024-10-14,39.0,9.0,False,False,seasonal_payer
INV703788,C1127,Retail Client 128,Retail & Distribution,30,458328.91,2024-09-07,2024-10-07,closed,2024-10-20,43.0,13.0,False,False,seasonal_payer
INV703789,C1127,Retail Client 128,Retail & Distribution,30,335082.83,2024-10-02,2024-11-01,closed,2024-11-12,41.0,11.0,False,False,seasonal_payer
INV703790,C1127,Retail Client 128,Retail & Distribution,30,394799.09,2024-10-14,2024-11-13,closed,2024-11-27,44.0,14.0,False,False,seasonal_payer
INV703791,C1127,Retail Client 128,Retail & Distribution,30,350068.32,2024-10-17,2024-11-16,closed,2024-11-29,43.0,13.0,False,False,seasonal_payer
INV703792,C1127,Retail Client 128,Retail & Distribution,30,390497.15,2025-01-03,2025-02-02,closed,2025-02-23,51.0,21.0,False,False,seasonal_payer
INV703793,C1127,Retail Client 128,Retail & Distribution,30,359378.67,2025-02-05,2025-03-07,closed,2025-03-20,43.0,13.0,False,False,seasonal_payer
INV703794,C1127,Retail Client 128,Retail & Distribution,30,289039.17,2025-02-05,2025-03-07,closed,2025-03-24,47.0,17.0,False,False,seasonal_payer
INV703795,C1127,Retail Client 128,Retail & Distribution,30,16789.58,2025-02-10,2025-03-12,closed,2025-03-20,38.0,8.0,False,False,seasonal_payer
INV703796,C1127,Retail Client 128,Retail & Distribution,30,44380.33,2025-03-11,2025-04-10,closed,2025-04-28,48.0,18.0,False,False,seasonal_payer
INV703797,C1127,Retail Client 128,Retail & Distribution,30,513402.65,2025-03-16,2025-04-15,closed,2025-05-03,48.0,18.0,False,False,seasonal_payer
INV703798,C1127,Retail Client 128,Retail & Distribution,30,432722.62,2025-04-03,2025-05-03,closed,2025-04-29,26.0,-4.0,False,False,seasonal_payer
INV703799,C1127,Retail Client 128,Retail & Distribution,30,254925.89,2025-04-03,2025-05-03,closed,2025-05-08,35.0,5.0,False,False,seasonal_payer
INV703800,C1127,Retail Client 128,Retail & Distribution,30,443293.76,2025-04-24,2025-05-24,closed,2025-05-24,30.0,0.0,False,False,seasonal_payer
INV703801,C1127,Retail Client 128,Retail & Distribution,30,198446.49,2025-05-06,2025-06-05,closed,2025-06-03,28.0,-2.0,False,False,seasonal_payer
INV703802,C1127,Retail Client 128,Retail & Distribution,30,279576.35,2025-05-11,2025-06-10,closed,2025-06-08,28.0,-2.0,False,False,seasonal_payer
INV703803,C1127,Retail Client 128,Retail & Distribution,30,197204.71,2025-05-25,2025-06-24,closed,2025-06-28,34.0,4.0,False,False,seasonal_payer
INV703804,C1127,Retail Client 128,Retail & Distribution,30,352838.44,2025-06-14,2025-07-14,closed,2025-07-22,38.0,8.0,False,False,seasonal_payer
INV703805,C1127,Retail Client 128,Retail & Distribution,30,394060.64,2025-06-16,2025-07-16,closed,2025-07-23,37.0,7.0,False,False,seasonal_payer
INV703806,C1127,Retail Client 128,Retail & Distribution,30,505604.38,2025-06-18,2025-07-18,closed,2025-07-26,38.0,8.0,False,False,seasonal_payer
INV703807,C1127,Retail Client 128,Retail & Distribution,30,273693.06,2025-08-06,2025-09-05,closed,2025-09-15,40.0,10.0,False,False,seasonal_payer
INV703808,C1127,Retail Client 128,Retail & Distribution,30,190183.01,2025-08-20,2025-09-19,closed,2025-09-27,38.0,8.0,False,False,seasonal_payer
INV703809,C1127,Retail Client 128,Retail & Distribution,30,130239.05,2025-09-19,2025-10-19,closed,2025-11-06,48.0,18.0,False,False,seasonal_payer
INV703810,C1127,Retail Client 128,Retail & Distribution,30,161298.08,2025-09-21,2025-10-21,closed,2025-10-28,37.0,7.0,False,False,seasonal_payer
INV703811,C1127,Retail Client 128,Retail & Distribution,30,489142.36,2025-09-22,2025-10-22,closed,2025-11-01,40.0,10.0,False,False,seasonal_payer
INV703812,C1127,Retail Client 128,Retail & Distribution,30,246373.98,2025-10-07,2025-11-06,closed,2025-11-24,48.0,18.0,False,False,seasonal_payer
INV703813,C1127,Retail Client 128,Retail & Distribution,30,306561.61,2025-10-28,2025-11-27,closed,2025-12-11,44.0,14.0,False,False,seasonal_payer
INV703814,C1127,Retail Client 128,Retail & Distribution,30,441442.18,2025-11-10,2025-12-10,closed,2025-12-14,34.0,4.0,True,False,seasonal_payer
INV703815,C1127,Retail Client 128,Retail & Distribution,30,334592.35,2026-02-07,2026-03-09,closed,2026-03-29,50.0,20.0,False,False,seasonal_payer
INV703816,C1127,Retail Client 128,Retail & Distribution,30,158021.86,2026-02-22,2026-03-24,disputed_open,,,,False,False,seasonal_payer
INV703817,C1127,Retail Client 128,Retail & Distribution,30,139623.68,2026-03-13,2026-04-12,closed,2026-04-28,46.0,16.0,False,False,seasonal_payer
INV703818,C1127,Retail Client 128,Retail & Distribution,30,301702.7,2026-05-10,2026-06-09,closed,2026-06-15,36.0,6.0,False,False,seasonal_payer
INV703819,C1127,Retail Client 128,Retail & Distribution,30,235319.3,2026-05-14,2026-06-13,closed,2026-06-21,38.0,8.0,False,False,seasonal_payer
INV703820,C1127,Retail Client 128,Retail & Distribution,30,1020270.33,2026-06-04,2026-07-04,closed,2026-07-02,28.0,-2.0,False,True,seasonal_payer
INV703821,C1127,Retail Client 128,Retail & Distribution,30,271977.76,2026-07-04,2026-08-03,closed,2026-08-09,36.0,6.0,False,False,seasonal_payer
INV703822,C1127,Retail Client 128,Retail & Distribution,30,341808.0,2026-07-10,2026-08-09,open,,,,False,False,seasonal_payer
INV703823,C1127,Retail Client 128,Retail & Distribution,30,91835.37,2026-07-15,2026-08-14,closed,2026-08-14,30.0,0.0,False,False,seasonal_payer
INV703824,C1128,Auto Client 129,Auto Components,45,28237.73,2024-02-21,2024-04-06,closed,2024-04-13,52.0,7.0,False,False,cold_start
INV703825,C1128,Auto Client 129,Auto Components,45,23397.19,2024-09-14,2024-10-29,closed,2024-10-31,47.0,2.0,False,False,cold_start
INV703826,C1128,Auto Client 129,Auto Components,45,27819.77,2025-09-27,2025-11-11,closed,2025-11-14,48.0,3.0,False,False,cold_start
INV703827,C1129,Metal Client 130,Metal & Engineering,60,126520.51,2024-03-06,2024-05-05,closed,2024-05-04,59.0,-1.0,False,False,prompt_payer
INV703828,C1129,Metal Client 130,Metal & Engineering,60,105160.35,2024-03-11,2024-05-10,closed,2024-05-09,59.0,-1.0,False,False,prompt_payer
INV703829,C1129,Metal Client 130,Metal & Engineering,60,47326.21,2024-03-22,2024-05-21,closed,2024-05-26,65.0,5.0,False,False,prompt_payer
INV703830,C1129,Metal Client 130,Metal & Engineering,60,129504.79,2024-03-25,2024-05-24,closed,2024-05-24,60.0,0.0,False,False,prompt_payer
INV703831,C1129,Metal Client 130,Metal & Engineering,60,130721.03,2024-04-02,2024-06-01,closed,2024-06-09,68.0,8.0,False,False,prompt_payer
INV703832,C1129,Metal Client 130,Metal & Engineering,60,114879.34,2024-04-14,2024-06-13,closed,2024-06-12,59.0,-1.0,False,False,prompt_payer
INV703833,C1129,Metal Client 130,Metal & Engineering,60,125490.3,2024-04-21,2024-06-20,closed,2024-06-23,63.0,3.0,False,False,prompt_payer
INV703834,C1129,Metal Client 130,Metal & Engineering,60,133035.79,2024-05-27,2024-07-26,closed,2024-07-26,60.0,0.0,False,False,prompt_payer
INV703835,C1129,Metal Client 130,Metal & Engineering,60,62393.45,2024-05-27,2024-07-26,closed,2024-07-31,65.0,5.0,False,False,prompt_payer
INV703836,C1129,Metal Client 130,Metal & Engineering,60,108856.05,2024-06-11,2024-08-10,closed,2024-08-15,65.0,5.0,False,False,prompt_payer
INV703837,C1129,Metal Client 130,Metal & Engineering,60,933037.51,2024-06-15,2024-08-14,closed,2024-08-12,58.0,-2.0,False,True,prompt_payer
INV703838,C1129,Metal Client 130,Metal & Engineering,60,193019.21,2024-07-08,2024-09-06,closed,2024-08-28,51.0,-9.0,False,False,prompt_payer
INV703839,C1129,Metal Client 130,Metal & Engineering,60,103389.25,2024-07-15,2024-09-13,closed,2024-09-16,63.0,3.0,False,False,prompt_payer
INV703840,C1129,Metal Client 130,Metal & Engineering,60,96779.12,2024-07-22,2024-09-20,closed,2024-09-19,59.0,-1.0,False,False,prompt_payer
INV703841,C1129,Metal Client 130,Metal & Engineering,60,172455.58,2024-07-24,2024-09-22,closed,2024-09-25,63.0,3.0,False,False,prompt_payer
INV703842,C1129,Metal Client 130,Metal & Engineering,60,77147.01,2024-08-01,2024-09-30,closed,2024-10-05,65.0,5.0,False,False,prompt_payer
INV703843,C1129,Metal Client 130,Metal & Engineering,60,100664.4,2024-08-09,2024-10-08,closed,2024-10-05,57.0,-3.0,False,False,prompt_payer
INV703844,C1129,Metal Client 130,Metal & Engineering,60,102366.31,2024-09-10,2024-11-09,closed,2024-11-15,66.0,6.0,False,False,prompt_payer
INV703845,C1129,Metal Client 130,Metal & Engineering,60,74565.3,2024-09-23,2024-11-22,closed,2024-11-26,64.0,4.0,False,False,prompt_payer
INV703846,C1129,Metal Client 130,Metal & Engineering,60,127794.37,2024-09-27,2024-11-26,closed,2024-11-26,60.0,0.0,False,False,prompt_payer
INV703847,C1129,Metal Client 130,Metal & Engineering,60,58929.66,2024-10-23,2024-12-22,closed,2024-12-17,55.0,-5.0,False,False,prompt_payer
INV703848,C1129,Metal Client 130,Metal & Engineering,60,60771.92,2024-10-28,2024-12-27,closed,2024-12-20,53.0,-7.0,False,False,prompt_payer
INV703849,C1129,Metal Client 130,Metal & Engineering,60,156761.95,2024-11-02,2025-01-01,closed,2025-01-03,62.0,2.0,False,False,prompt_payer
INV703850,C1129,Metal Client 130,Metal & Engineering,60,126919.59,2024-11-10,2025-01-09,closed,2025-01-08,59.0,-1.0,False,False,prompt_payer
INV703851,C1129,Metal Client 130,Metal & Engineering,60,168360.46,2024-12-18,2025-02-16,closed,2025-02-17,61.0,1.0,False,False,prompt_payer
INV703852,C1129,Metal Client 130,Metal & Engineering,60,84908.73,2024-12-18,2025-02-16,closed,2025-02-19,63.0,3.0,False,False,prompt_payer
INV703853,C1129,Metal Client 130,Metal & Engineering,60,169671.99,2024-12-24,2025-02-22,closed,2025-02-20,58.0,-2.0,False,False,prompt_payer
INV703854,C1129,Metal Client 130,Metal & Engineering,60,147630.12,2025-01-05,2025-03-06,closed,2025-03-07,61.0,1.0,False,False,prompt_payer
INV703855,C1129,Metal Client 130,Metal & Engineering,60,160487.02,2025-01-31,2025-04-01,closed,2025-04-03,62.0,2.0,False,False,prompt_payer
INV703856,C1129,Metal Client 130,Metal & Engineering,60,62276.29,2025-02-15,2025-04-16,closed,2025-04-20,64.0,4.0,False,False,prompt_payer
INV703857,C1129,Metal Client 130,Metal & Engineering,60,92290.54,2025-03-25,2025-05-24,closed,2025-05-26,62.0,2.0,False,False,prompt_payer
INV703858,C1129,Metal Client 130,Metal & Engineering,60,130107.89,2025-07-11,2025-09-09,closed,2025-09-12,63.0,3.0,False,False,prompt_payer
INV703859,C1129,Metal Client 130,Metal & Engineering,60,62655.4,2025-07-11,2025-09-09,closed,2025-09-14,65.0,5.0,False,False,prompt_payer
INV703860,C1129,Metal Client 130,Metal & Engineering,60,124584.15,2025-07-18,2025-09-16,closed,2025-09-17,61.0,1.0,False,False,prompt_payer
INV703861,C1129,Metal Client 130,Metal & Engineering,60,124474.61,2025-08-20,2025-10-19,closed,2025-10-22,63.0,3.0,False,False,prompt_payer
INV703862,C1129,Metal Client 130,Metal & Engineering,60,17300.08,2025-08-30,2025-10-29,closed,2025-10-24,55.0,-5.0,False,False,prompt_payer
INV703863,C1129,Metal Client 130,Metal & Engineering,60,145986.03,2025-09-13,2025-11-12,closed,2025-11-16,64.0,4.0,False,False,prompt_payer
INV703864,C1129,Metal Client 130,Metal & Engineering,60,107312.73,2025-10-11,2025-12-10,closed,2025-12-04,54.0,-6.0,False,False,prompt_payer
INV703865,C1129,Metal Client 130,Metal & Engineering,60,165283.68,2025-11-18,2026-01-17,closed,2026-01-16,59.0,-1.0,False,False,prompt_payer
INV703866,C1129,Metal Client 130,Metal & Engineering,60,143073.95,2025-11-28,2026-01-27,closed,2026-01-30,63.0,3.0,False,False,prompt_payer
INV703867,C1129,Metal Client 130,Metal & Engineering,60,77523.58,2026-01-04,2026-03-05,closed,2026-03-04,59.0,-1.0,False,False,prompt_payer
INV703868,C1129,Metal Client 130,Metal & Engineering,60,85503.12,2026-01-17,2026-03-18,closed,2026-03-21,63.0,3.0,False,False,prompt_payer
INV703869,C1129,Metal Client 130,Metal & Engineering,60,78581.38,2026-01-24,2026-03-25,closed,2026-04-02,68.0,8.0,True,False,prompt_payer
INV703870,C1129,Metal Client 130,Metal & Engineering,60,197762.32,2026-02-03,2026-04-04,closed,2026-04-10,66.0,6.0,False,False,prompt_payer
INV703871,C1129,Metal Client 130,Metal & Engineering,60,114512.9,2026-02-21,2026-04-22,closed,2026-04-22,60.0,0.0,False,False,prompt_payer
INV703872,C1129,Metal Client 130,Metal & Engineering,60,223566.07,2026-03-09,2026-05-08,closed,2026-05-11,63.0,3.0,False,False,prompt_payer
INV703873,C1129,Metal Client 130,Metal & Engineering,60,116385.94,2026-03-23,2026-05-22,closed,2026-05-27,65.0,5.0,False,False,prompt_payer
INV703874,C1129,Metal Client 130,Metal & Engineering,60,112846.53,2026-04-07,2026-06-06,closed,2026-06-04,58.0,-2.0,False,False,prompt_payer
INV703875,C1129,Metal Client 130,Metal & Engineering,60,110565.81,2026-04-28,2026-06-27,closed,2026-06-29,62.0,2.0,False,False,prompt_payer
INV703876,C1129,Metal Client 130,Metal & Engineering,60,106920.22,2026-04-30,2026-06-29,closed,2026-07-03,64.0,4.0,False,False,prompt_payer
INV703877,C1129,Metal Client 130,Metal & Engineering,60,142735.48,2026-05-12,2026-07-11,disputed_open,,,,False,False,prompt_payer
INV703878,C1129,Metal Client 130,Metal & Engineering,60,131223.24,2026-06-05,2026-08-04,closed,2026-08-03,59.0,-1.0,False,False,prompt_payer
INV703879,C1130,Metal Client 131,Metal & Engineering,45,47344.23,2024-02-16,2024-04-01,closed,2024-04-03,47.0,2.0,False,False,prompt_payer
INV703880,C1130,Metal Client 131,Metal & Engineering,45,106894.12,2024-05-04,2024-06-18,closed,2024-06-19,46.0,1.0,False,False,prompt_payer
INV703881,C1130,Metal Client 131,Metal & Engineering,45,75059.82,2024-08-01,2024-09-15,closed,2024-09-20,50.0,5.0,False,False,prompt_payer
INV703882,C1130,Metal Client 131,Metal & Engineering,45,641561.78,2024-08-18,2024-10-02,closed,2024-10-02,45.0,0.0,False,True,prompt_payer
INV703883,C1130,Metal Client 131,Metal & Engineering,45,106948.24,2024-08-19,2024-10-03,closed,2024-10-05,47.0,2.0,False,False,prompt_payer
INV703884,C1130,Metal Client 131,Metal & Engineering,45,105297.86,2024-10-15,2024-11-29,closed,2024-12-05,51.0,6.0,False,False,prompt_payer
INV703885,C1130,Metal Client 131,Metal & Engineering,45,178078.1,2024-10-29,2024-12-13,closed,2024-12-14,46.0,1.0,False,False,prompt_payer
INV703886,C1130,Metal Client 131,Metal & Engineering,45,534059.12,2024-11-16,2024-12-31,closed,2025-01-01,46.0,1.0,False,True,prompt_payer
INV703887,C1130,Metal Client 131,Metal & Engineering,45,70306.49,2024-11-25,2025-01-09,closed,2025-01-07,43.0,-2.0,False,False,prompt_payer
INV703888,C1130,Metal Client 131,Metal & Engineering,45,67583.62,2024-12-17,2025-01-31,closed,2025-02-03,48.0,3.0,False,False,prompt_payer
INV703889,C1130,Metal Client 131,Metal & Engineering,45,73907.5,2025-01-29,2025-03-15,closed,2025-03-16,46.0,1.0,False,False,prompt_payer
INV703890,C1130,Metal Client 131,Metal & Engineering,45,129039.25,2025-02-17,2025-04-03,closed,2025-04-05,47.0,2.0,True,False,prompt_payer
INV703891,C1130,Metal Client 131,Metal & Engineering,45,76916.27,2025-03-11,2025-04-25,closed,2025-04-22,42.0,-3.0,False,False,prompt_payer
INV703892,C1130,Metal Client 131,Metal & Engineering,45,126762.46,2025-05-04,2025-06-18,closed,2025-06-16,43.0,-2.0,False,False,prompt_payer
INV703893,C1130,Metal Client 131,Metal & Engineering,45,72367.75,2025-05-05,2025-06-19,closed,2025-06-19,45.0,0.0,False,False,prompt_payer
INV703894,C1130,Metal Client 131,Metal & Engineering,45,867759.38,2025-06-14,2025-07-29,closed,2025-07-28,44.0,-1.0,False,True,prompt_payer
INV703895,C1130,Metal Client 131,Metal & Engineering,45,118508.58,2025-07-17,2025-08-31,closed,2025-09-01,46.0,1.0,False,False,prompt_payer
INV703896,C1130,Metal Client 131,Metal & Engineering,45,166496.14,2025-08-28,2025-10-12,closed,2025-10-14,47.0,2.0,False,False,prompt_payer
INV703897,C1130,Metal Client 131,Metal & Engineering,45,73817.26,2025-10-21,2025-12-05,closed,2025-12-15,55.0,10.0,False,False,prompt_payer
INV703898,C1130,Metal Client 131,Metal & Engineering,45,155922.75,2025-10-22,2025-12-06,closed,2025-12-06,45.0,0.0,False,False,prompt_payer
INV703899,C1130,Metal Client 131,Metal & Engineering,45,121736.07,2025-10-31,2025-12-15,closed,2025-12-16,46.0,1.0,True,False,prompt_payer
INV703900,C1130,Metal Client 131,Metal & Engineering,45,136024.41,2025-11-25,2026-01-09,closed,2026-01-06,42.0,-3.0,False,False,prompt_payer
INV703901,C1130,Metal Client 131,Metal & Engineering,45,173325.85,2025-12-07,2026-01-21,closed,2026-01-24,48.0,3.0,False,False,prompt_payer
INV703902,C1130,Metal Client 131,Metal & Engineering,45,193037.03,2025-12-13,2026-01-27,closed,2026-01-29,47.0,2.0,False,False,prompt_payer
INV703903,C1130,Metal Client 131,Metal & Engineering,45,111392.53,2025-12-19,2026-02-02,closed,2026-01-30,42.0,-3.0,False,False,prompt_payer
INV703904,C1130,Metal Client 131,Metal & Engineering,45,125269.9,2026-01-03,2026-02-17,closed,2026-02-09,37.0,-8.0,False,False,prompt_payer
INV703905,C1130,Metal Client 131,Metal & Engineering,45,75331.07,2026-01-10,2026-02-24,closed,2026-02-27,48.0,3.0,False,False,prompt_payer
INV703906,C1130,Metal Client 131,Metal & Engineering,45,154649.63,2026-02-06,2026-03-23,closed,2026-03-23,45.0,0.0,False,False,prompt_payer
INV703907,C1130,Metal Client 131,Metal & Engineering,45,139284.65,2026-02-12,2026-03-29,closed,2026-03-30,46.0,1.0,False,False,prompt_payer
INV703908,C1130,Metal Client 131,Metal & Engineering,45,97558.43,2026-02-21,2026-04-07,closed,2026-04-09,47.0,2.0,False,False,prompt_payer
INV703909,C1130,Metal Client 131,Metal & Engineering,45,146395.53,2026-02-24,2026-04-10,closed,2026-04-13,48.0,3.0,False,False,prompt_payer
INV703910,C1130,Metal Client 131,Metal & Engineering,45,165047.59,2026-02-26,2026-04-12,closed,2026-04-17,50.0,5.0,False,False,prompt_payer
INV703911,C1130,Metal Client 131,Metal & Engineering,45,112416.43,2026-02-28,2026-04-14,closed,2026-04-16,47.0,2.0,False,False,prompt_payer
INV703912,C1130,Metal Client 131,Metal & Engineering,45,72549.81,2026-03-17,2026-05-01,closed,2026-04-30,44.0,-1.0,False,False,prompt_payer
INV703913,C1130,Metal Client 131,Metal & Engineering,45,145339.5,2026-04-20,2026-06-04,closed,2026-06-04,45.0,0.0,False,False,prompt_payer
INV703914,C1130,Metal Client 131,Metal & Engineering,45,107906.78,2026-05-19,2026-07-03,closed,2026-07-07,49.0,4.0,False,False,prompt_payer
INV703915,C1130,Metal Client 131,Metal & Engineering,45,107494.63,2026-06-04,2026-07-19,closed,2026-07-20,46.0,1.0,False,False,prompt_payer
INV703916,C1130,Metal Client 131,Metal & Engineering,45,129123.73,2026-07-09,2026-08-23,open,,,,False,False,prompt_payer
INV703917,C1131,Textiles Client 132,Textiles & Apparel,30,11342.3,2024-04-26,2024-05-26,closed,2024-05-27,31.0,1.0,False,False,prompt_payer
INV703918,C1131,Textiles Client 132,Textiles & Apparel,30,78640.8,2024-05-03,2024-06-02,closed,2024-06-01,29.0,-1.0,False,True,prompt_payer
INV703919,C1131,Textiles Client 132,Textiles & Apparel,30,20226.48,2024-05-07,2024-06-06,closed,2024-06-08,32.0,2.0,False,False,prompt_payer
INV703920,C1131,Textiles Client 132,Textiles & Apparel,30,14488.81,2024-06-11,2024-07-11,closed,2024-07-15,34.0,4.0,False,False,prompt_payer
INV703921,C1131,Textiles Client 132,Textiles & Apparel,30,19644.13,2024-06-20,2024-07-20,closed,2024-07-16,26.0,-4.0,False,False,prompt_payer
INV703922,C1131,Textiles Client 132,Textiles & Apparel,30,24965.6,2024-07-19,2024-08-18,closed,2024-08-17,29.0,-1.0,False,False,prompt_payer
INV703923,C1131,Textiles Client 132,Textiles & Apparel,30,32899.9,2024-07-29,2024-08-28,closed,2024-08-22,24.0,-6.0,False,False,prompt_payer
INV703924,C1131,Textiles Client 132,Textiles & Apparel,30,20106.66,2024-09-13,2024-10-13,closed,2024-10-11,28.0,-2.0,False,False,prompt_payer
INV703925,C1131,Textiles Client 132,Textiles & Apparel,30,114662.44,2024-09-15,2024-10-15,closed,2024-10-20,35.0,5.0,False,True,prompt_payer
INV703926,C1131,Textiles Client 132,Textiles & Apparel,30,27443.45,2024-09-17,2024-10-17,disputed_open,,,,False,False,prompt_payer
INV703927,C1131,Textiles Client 132,Textiles & Apparel,30,28733.93,2024-09-23,2024-10-23,closed,2024-10-24,31.0,1.0,False,True,prompt_payer
INV703928,C1131,Textiles Client 132,Textiles & Apparel,30,8176.73,2024-10-04,2024-11-03,closed,2024-11-04,31.0,1.0,False,False,prompt_payer
INV703929,C1131,Textiles Client 132,Textiles & Apparel,30,33400.68,2024-10-14,2024-11-13,closed,2024-11-13,30.0,0.0,False,False,prompt_payer
INV703930,C1131,Textiles Client 132,Textiles & Apparel,30,33472.58,2024-12-03,2025-01-02,closed,2024-12-29,26.0,-4.0,False,False,prompt_payer
INV703931,C1131,Textiles Client 132,Textiles & Apparel,30,21442.23,2025-01-26,2025-02-25,closed,2025-02-21,26.0,-4.0,False,False,prompt_payer
INV703932,C1131,Textiles Client 132,Textiles & Apparel,30,21755.82,2025-02-02,2025-03-04,closed,2025-03-05,31.0,1.0,False,False,prompt_payer
INV703933,C1131,Textiles Client 132,Textiles & Apparel,30,27436.22,2025-02-27,2025-03-29,closed,2025-03-29,30.0,0.0,False,False,prompt_payer
INV703934,C1131,Textiles Client 132,Textiles & Apparel,30,31682.39,2025-03-27,2025-04-26,closed,2025-04-30,34.0,4.0,False,False,prompt_payer
INV703935,C1131,Textiles Client 132,Textiles & Apparel,30,22489.46,2025-04-11,2025-05-11,closed,2025-05-05,24.0,-6.0,False,False,prompt_payer
INV703936,C1131,Textiles Client 132,Textiles & Apparel,30,80757.46,2025-04-29,2025-05-29,closed,2025-05-25,26.0,-4.0,False,True,prompt_payer
INV703937,C1131,Textiles Client 132,Textiles & Apparel,30,19597.35,2025-05-11,2025-06-10,closed,2025-06-13,33.0,3.0,True,False,prompt_payer
INV703938,C1131,Textiles Client 132,Textiles & Apparel,30,27527.62,2025-05-18,2025-06-17,closed,2025-06-18,31.0,1.0,False,False,prompt_payer
INV703939,C1131,Textiles Client 132,Textiles & Apparel,30,30978.33,2025-06-12,2025-07-12,closed,2025-07-18,36.0,6.0,False,False,prompt_payer
INV703940,C1131,Textiles Client 132,Textiles & Apparel,30,21905.98,2025-07-08,2025-08-07,closed,2025-08-03,26.0,-4.0,False,False,prompt_payer
INV703941,C1131,Textiles Client 132,Textiles & Apparel,30,15594.52,2025-07-22,2025-08-21,closed,2025-08-20,29.0,-1.0,False,False,prompt_payer
INV703942,C1131,Textiles Client 132,Textiles & Apparel,30,18013.4,2025-08-07,2025-09-06,closed,2025-09-09,33.0,3.0,True,False,prompt_payer
INV703943,C1131,Textiles Client 132,Textiles & Apparel,30,18743.08,2025-08-28,2025-09-27,closed,2025-10-03,36.0,6.0,False,False,prompt_payer
INV703944,C1131,Textiles Client 132,Textiles & Apparel,30,25743.32,2025-08-30,2025-09-29,closed,2025-09-27,28.0,-2.0,False,False,prompt_payer
INV703945,C1131,Textiles Client 132,Textiles & Apparel,30,11731.59,2025-08-31,2025-09-30,closed,2025-09-26,26.0,-4.0,False,False,prompt_payer
INV703946,C1131,Textiles Client 132,Textiles & Apparel,30,15757.8,2025-09-30,2025-10-30,closed,2025-11-03,34.0,4.0,False,False,prompt_payer
INV703947,C1131,Textiles Client 132,Textiles & Apparel,30,15803.26,2025-10-05,2025-11-04,closed,2025-11-07,33.0,3.0,False,False,prompt_payer
INV703948,C1131,Textiles Client 132,Textiles & Apparel,30,15100.71,2025-10-14,2025-11-13,closed,2025-11-12,29.0,-1.0,False,False,prompt_payer
INV703949,C1131,Textiles Client 132,Textiles & Apparel,30,34674.18,2025-11-02,2025-12-02,closed,2025-12-06,34.0,4.0,False,False,prompt_payer
INV703950,C1131,Textiles Client 132,Textiles & Apparel,30,9991.13,2025-11-21,2025-12-21,closed,2025-12-26,35.0,5.0,False,False,prompt_payer
INV703951,C1131,Textiles Client 132,Textiles & Apparel,30,15826.37,2026-01-22,2026-02-21,closed,2026-02-26,35.0,5.0,False,False,prompt_payer
INV703952,C1131,Textiles Client 132,Textiles & Apparel,30,25645.7,2026-04-11,2026-05-11,closed,2026-05-14,33.0,3.0,False,False,prompt_payer
INV703953,C1131,Textiles Client 132,Textiles & Apparel,30,12627.44,2026-06-08,2026-07-08,closed,2026-07-10,32.0,2.0,False,False,prompt_payer
INV703954,C1131,Textiles Client 132,Textiles & Apparel,30,27133.36,2026-06-16,2026-07-16,closed,2026-07-19,33.0,3.0,False,False,prompt_payer
INV703955,C1131,Textiles Client 132,Textiles & Apparel,30,23349.88,2026-07-07,2026-08-06,closed,2026-08-04,28.0,-2.0,False,False,prompt_payer
INV703956,C1131,Textiles Client 132,Textiles & Apparel,30,28978.74,2026-07-21,2026-08-20,open,,,,False,False,prompt_payer
INV703957,C1132,Chemicals Client 133,Chemicals & Plastics,30,340202.71,2024-02-15,2024-03-16,closed,2024-03-24,38.0,8.0,False,False,average_payer
INV703958,C1132,Chemicals Client 133,Chemicals & Plastics,30,353481.33,2024-03-13,2024-04-12,closed,2024-04-24,42.0,12.0,False,False,average_payer
INV703959,C1132,Chemicals Client 133,Chemicals & Plastics,30,1011388.37,2024-03-14,2024-04-13,closed,2024-04-16,33.0,3.0,False,True,average_payer
INV703960,C1132,Chemicals Client 133,Chemicals & Plastics,30,300310.27,2024-03-26,2024-04-25,closed,2024-04-30,35.0,5.0,False,False,average_payer
INV703961,C1132,Chemicals Client 133,Chemicals & Plastics,30,1170758.16,2024-03-30,2024-04-29,closed,2024-05-06,37.0,7.0,False,True,average_payer
INV703962,C1132,Chemicals Client 133,Chemicals & Plastics,30,340066.29,2024-04-16,2024-05-16,closed,2024-05-17,31.0,1.0,False,False,average_payer
INV703963,C1132,Chemicals Client 133,Chemicals & Plastics,30,139824.58,2024-06-04,2024-07-04,closed,2024-07-11,37.0,7.0,True,False,average_payer
INV703964,C1132,Chemicals Client 133,Chemicals & Plastics,30,1620767.32,2024-08-17,2024-09-16,closed,2024-09-14,28.0,-2.0,False,True,average_payer
INV703965,C1132,Chemicals Client 133,Chemicals & Plastics,30,360922.18,2024-09-28,2024-10-28,closed,2024-10-23,25.0,-5.0,False,False,average_payer
INV703966,C1132,Chemicals Client 133,Chemicals & Plastics,30,404340.58,2024-12-02,2025-01-01,closed,2025-01-01,30.0,0.0,False,False,average_payer
INV703967,C1132,Chemicals Client 133,Chemicals & Plastics,30,346485.69,2024-12-03,2025-01-02,closed,2024-12-29,26.0,-4.0,False,False,average_payer
INV703968,C1132,Chemicals Client 133,Chemicals & Plastics,30,263743.33,2024-12-17,2025-01-16,closed,2025-01-19,33.0,3.0,False,False,average_payer
INV703969,C1132,Chemicals Client 133,Chemicals & Plastics,30,447755.33,2024-12-22,2025-01-21,closed,2025-01-28,37.0,7.0,False,False,average_payer
INV703970,C1132,Chemicals Client 133,Chemicals & Plastics,30,242457.66,2025-01-16,2025-02-15,closed,2025-02-22,37.0,7.0,False,False,average_payer
INV703971,C1132,Chemicals Client 133,Chemicals & Plastics,30,384482.8,2025-02-20,2025-03-22,closed,2025-03-30,38.0,8.0,False,False,average_payer
INV703972,C1132,Chemicals Client 133,Chemicals & Plastics,30,432185.1,2025-03-03,2025-04-02,closed,2025-04-16,44.0,14.0,False,False,average_payer
INV703973,C1132,Chemicals Client 133,Chemicals & Plastics,30,205081.68,2025-03-09,2025-04-08,closed,2025-04-08,30.0,0.0,False,False,average_payer
INV703974,C1132,Chemicals Client 133,Chemicals & Plastics,30,375077.35,2025-04-15,2025-05-15,closed,2025-05-14,29.0,-1.0,False,False,average_payer
INV703975,C1132,Chemicals Client 133,Chemicals & Plastics,30,563296.25,2025-04-22,2025-05-22,closed,2025-05-10,18.0,-12.0,False,False,average_payer
INV703976,C1132,Chemicals Client 133,Chemicals & Plastics,30,224916.52,2025-04-28,2025-05-28,closed,2025-06-02,35.0,5.0,False,False,average_payer
INV703977,C1132,Chemicals Client 133,Chemicals & Plastics,30,453638.66,2025-05-11,2025-06-10,closed,2025-06-14,34.0,4.0,False,False,average_payer
INV703978,C1132,Chemicals Client 133,Chemicals & Plastics,30,158587.13,2025-05-22,2025-06-21,closed,2025-06-30,39.0,9.0,False,False,average_payer
INV703979,C1132,Chemicals Client 133,Chemicals & Plastics,30,390659.1,2025-06-10,2025-07-10,closed,2025-07-14,34.0,4.0,False,False,average_payer
INV703980,C1132,Chemicals Client 133,Chemicals & Plastics,30,143562.65,2025-06-18,2025-07-18,closed,2025-08-03,46.0,16.0,False,False,average_payer
INV703981,C1132,Chemicals Client 133,Chemicals & Plastics,30,419145.31,2025-07-04,2025-08-03,closed,2025-08-13,40.0,10.0,False,False,average_payer
INV703982,C1132,Chemicals Client 133,Chemicals & Plastics,30,265879.75,2025-07-18,2025-08-17,closed,2025-08-22,35.0,5.0,False,False,average_payer
INV703983,C1132,Chemicals Client 133,Chemicals & Plastics,30,264196.05,2025-07-24,2025-08-23,closed,2025-08-26,33.0,3.0,False,False,average_payer
INV703984,C1132,Chemicals Client 133,Chemicals & Plastics,30,426424.1,2025-08-09,2025-09-08,closed,2025-09-11,33.0,3.0,False,False,average_payer
INV703985,C1132,Chemicals Client 133,Chemicals & Plastics,30,287676.07,2025-08-11,2025-09-10,closed,2025-09-17,37.0,7.0,False,False,average_payer
INV703986,C1132,Chemicals Client 133,Chemicals & Plastics,30,282095.6,2025-09-05,2025-10-05,closed,2025-10-07,32.0,2.0,False,False,average_payer
INV703987,C1132,Chemicals Client 133,Chemicals & Plastics,30,158665.51,2025-10-27,2025-11-26,closed,2025-11-26,30.0,0.0,False,False,average_payer
INV703988,C1132,Chemicals Client 133,Chemicals & Plastics,30,300337.93,2025-11-01,2025-12-01,closed,2025-12-13,42.0,12.0,False,False,average_payer
INV703989,C1132,Chemicals Client 133,Chemicals & Plastics,30,382585.88,2025-11-07,2025-12-07,closed,2025-12-25,48.0,18.0,False,False,average_payer
INV703990,C1132,Chemicals Client 133,Chemicals & Plastics,30,382097.15,2025-12-09,2026-01-08,closed,2026-01-14,36.0,6.0,False,False,average_payer
INV703991,C1132,Chemicals Client 133,Chemicals & Plastics,30,295870.79,2025-12-10,2026-01-09,closed,2026-01-22,43.0,13.0,False,False,average_payer
INV703992,C1132,Chemicals Client 133,Chemicals & Plastics,30,360117.61,2025-12-30,2026-01-29,closed,2026-02-02,34.0,4.0,False,False,average_payer
INV703993,C1132,Chemicals Client 133,Chemicals & Plastics,30,478726.14,2026-01-11,2026-02-10,closed,2026-02-14,34.0,4.0,False,False,average_payer
INV703994,C1132,Chemicals Client 133,Chemicals & Plastics,30,292357.76,2026-01-15,2026-02-14,closed,2026-02-19,35.0,5.0,False,False,average_payer
INV703995,C1132,Chemicals Client 133,Chemicals & Plastics,30,247033.29,2026-01-26,2026-02-25,closed,2026-03-02,35.0,5.0,False,False,average_payer
INV703996,C1132,Chemicals Client 133,Chemicals & Plastics,30,320485.9,2026-01-30,2026-03-01,closed,2026-03-07,36.0,6.0,False,False,average_payer
INV703997,C1132,Chemicals Client 133,Chemicals & Plastics,30,270228.05,2026-03-02,2026-04-01,closed,2026-04-07,36.0,6.0,False,False,average_payer
INV703998,C1132,Chemicals Client 133,Chemicals & Plastics,30,139778.75,2026-03-06,2026-04-05,closed,2026-04-10,35.0,5.0,False,False,average_payer
INV703999,C1132,Chemicals Client 133,Chemicals & Plastics,30,191422.17,2026-03-24,2026-04-23,closed,2026-04-30,37.0,7.0,False,False,average_payer
INV704000,C1132,Chemicals Client 133,Chemicals & Plastics,30,262835.28,2026-03-25,2026-04-24,closed,2026-04-27,33.0,3.0,False,False,average_payer
INV704001,C1132,Chemicals Client 133,Chemicals & Plastics,30,386474.68,2026-04-01,2026-05-01,closed,2026-04-30,29.0,-1.0,False,False,average_payer
INV704002,C1132,Chemicals Client 133,Chemicals & Plastics,30,302043.37,2026-04-26,2026-05-26,closed,2026-05-30,34.0,4.0,False,False,average_payer
INV704003,C1132,Chemicals Client 133,Chemicals & Plastics,30,582615.34,2026-05-15,2026-06-14,closed,2026-06-24,40.0,10.0,False,False,average_payer
INV704004,C1133,Pharma Client 134,Pharma & Healthcare,60,75558.83,2024-03-06,2024-05-05,closed,2024-05-10,65.0,5.0,False,False,average_payer
INV704005,C1133,Pharma Client 134,Pharma & Healthcare,60,57270.78,2024-04-07,2024-06-06,closed,2024-06-13,67.0,7.0,False,False,average_payer
INV704006,C1133,Pharma Client 134,Pharma & Healthcare,60,67054.39,2024-04-13,2024-06-12,closed,2024-06-15,63.0,3.0,False,False,average_payer
INV704007,C1133,Pharma Client 134,Pharma & Healthcare,60,47422.44,2024-04-18,2024-06-17,closed,2024-06-16,59.0,-1.0,False,False,average_payer
INV704008,C1133,Pharma Client 134,Pharma & Healthcare,60,362285.52,2024-05-31,2024-07-30,closed,2024-08-03,64.0,4.0,False,True,average_payer
INV704009,C1133,Pharma Client 134,Pharma & Healthcare,60,75391.02,2024-06-29,2024-08-28,closed,2024-08-23,55.0,-5.0,False,False,average_payer
INV704010,C1133,Pharma Client 134,Pharma & Healthcare,60,74381.91,2024-07-13,2024-09-11,closed,2024-09-06,55.0,-5.0,False,False,average_payer
INV704011,C1133,Pharma Client 134,Pharma & Healthcare,60,70863.18,2024-09-15,2024-11-14,closed,2024-11-18,64.0,4.0,False,False,average_payer
INV704012,C1133,Pharma Client 134,Pharma & Healthcare,60,88576.45,2025-02-18,2025-04-19,closed,2025-05-01,72.0,12.0,False,False,average_payer
INV704013,C1133,Pharma Client 134,Pharma & Healthcare,60,67994.73,2025-02-20,2025-04-21,closed,2025-04-25,64.0,4.0,False,False,average_payer
INV704014,C1133,Pharma Client 134,Pharma & Healthcare,60,36874.73,2025-04-07,2025-06-06,closed,2025-06-06,60.0,0.0,False,False,average_payer
INV704015,C1133,Pharma Client 134,Pharma & Healthcare,60,62008.47,2025-04-28,2025-06-27,closed,2025-07-05,68.0,8.0,False,False,average_payer
INV704016,C1133,Pharma Client 134,Pharma & Healthcare,60,38643.2,2025-06-12,2025-08-11,closed,2025-08-19,68.0,8.0,False,False,average_payer
INV704017,C1133,Pharma Client 134,Pharma & Healthcare,60,45286.15,2025-07-30,2025-09-28,closed,2025-10-01,63.0,3.0,False,False,average_payer
INV704018,C1133,Pharma Client 134,Pharma & Healthcare,60,39156.17,2025-08-05,2025-10-04,closed,2025-10-06,62.0,2.0,False,False,average_payer
INV704019,C1133,Pharma Client 134,Pharma & Healthcare,60,32858.63,2025-08-05,2025-10-04,closed,2025-10-09,65.0,5.0,False,False,average_payer
INV704020,C1133,Pharma Client 134,Pharma & Healthcare,60,57496.5,2025-08-24,2025-10-23,closed,2025-10-26,63.0,3.0,False,False,average_payer
INV704021,C1133,Pharma Client 134,Pharma & Healthcare,60,94783.71,2025-10-12,2025-12-11,closed,2025-12-14,63.0,3.0,False,False,average_payer
INV704022,C1133,Pharma Client 134,Pharma & Healthcare,60,65999.25,2025-10-19,2025-12-18,closed,2025-12-25,67.0,7.0,False,False,average_payer
INV704023,C1133,Pharma Client 134,Pharma & Healthcare,60,74261.92,2025-11-27,2026-01-26,closed,2026-01-26,60.0,0.0,False,False,average_payer
INV704024,C1133,Pharma Client 134,Pharma & Healthcare,60,14843.05,2026-02-26,2026-04-27,closed,2026-05-04,67.0,7.0,False,False,average_payer
INV704025,C1133,Pharma Client 134,Pharma & Healthcare,60,61165.04,2026-03-03,2026-05-02,closed,2026-05-08,66.0,6.0,False,False,average_payer
INV704026,C1133,Pharma Client 134,Pharma & Healthcare,60,62609.82,2026-03-20,2026-05-19,closed,2026-05-16,57.0,-3.0,False,False,average_payer
INV704027,C1133,Pharma Client 134,Pharma & Healthcare,60,60252.97,2026-03-27,2026-05-26,closed,2026-05-26,60.0,0.0,False,False,average_payer
INV704028,C1133,Pharma Client 134,Pharma & Healthcare,60,86137.04,2026-04-12,2026-06-11,closed,2026-06-17,66.0,6.0,False,False,average_payer
INV704029,C1133,Pharma Client 134,Pharma & Healthcare,60,84896.41,2026-05-01,2026-06-30,closed,2026-07-07,67.0,7.0,True,False,average_payer
INV704030,C1133,Pharma Client 134,Pharma & Healthcare,60,54907.15,2026-06-12,2026-08-11,closed,2026-08-10,59.0,-1.0,False,False,average_payer
INV704031,C1133,Pharma Client 134,Pharma & Healthcare,60,39591.01,2026-06-26,2026-08-25,disputed_open,,,,False,False,average_payer
INV704032,C1133,Pharma Client 134,Pharma & Healthcare,60,433782.41,2026-07-03,2026-09-01,open,,,,False,True,average_payer
INV704033,C1134,Chemicals Client 135,Chemicals & Plastics,90,1393891.25,2024-02-19,2024-05-19,closed,2024-05-20,91.0,1.0,False,True,prompt_payer
INV704034,C1134,Chemicals Client 135,Chemicals & Plastics,90,221051.94,2024-03-13,2024-06-11,closed,2024-06-12,91.0,1.0,False,False,prompt_payer
INV704035,C1134,Chemicals Client 135,Chemicals & Plastics,90,286530.44,2024-03-24,2024-06-22,closed,2024-06-23,91.0,1.0,False,False,prompt_payer
INV704036,C1134,Chemicals Client 135,Chemicals & Plastics,90,293805.5,2024-04-05,2024-07-04,closed,2024-07-10,96.0,6.0,True,False,prompt_payer
INV704037,C1134,Chemicals Client 135,Chemicals & Plastics,90,348922.28,2024-04-08,2024-07-07,closed,2024-07-04,87.0,-3.0,False,False,prompt_payer
INV704038,C1134,Chemicals Client 135,Chemicals & Plastics,90,562641.25,2024-04-09,2024-07-08,closed,2024-07-04,86.0,-4.0,False,False,prompt_payer
INV704039,C1134,Chemicals Client 135,Chemicals & Plastics,90,308561.82,2024-05-22,2024-08-20,closed,2024-08-22,92.0,2.0,False,False,prompt_payer
INV704040,C1134,Chemicals Client 135,Chemicals & Plastics,90,200809.18,2024-08-22,2024-11-20,disputed_open,,,,False,False,prompt_payer
INV704041,C1134,Chemicals Client 135,Chemicals & Plastics,90,350387.88,2024-09-04,2024-12-03,closed,2024-11-29,86.0,-4.0,False,False,prompt_payer
INV704042,C1134,Chemicals Client 135,Chemicals & Plastics,90,327972.53,2024-09-26,2024-12-25,closed,2024-12-18,83.0,-7.0,False,False,prompt_payer
INV704043,C1134,Chemicals Client 135,Chemicals & Plastics,90,366278.02,2024-10-23,2025-01-21,closed,2025-01-20,89.0,-1.0,False,False,prompt_payer
INV704044,C1134,Chemicals Client 135,Chemicals & Plastics,90,213327.43,2024-11-13,2025-02-11,closed,2025-02-07,86.0,-4.0,False,False,prompt_payer
INV704045,C1134,Chemicals Client 135,Chemicals & Plastics,90,147809.16,2024-11-13,2025-02-11,closed,2025-02-11,90.0,0.0,False,False,prompt_payer
INV704046,C1134,Chemicals Client 135,Chemicals & Plastics,90,360273.82,2024-11-28,2025-02-26,closed,2025-03-01,93.0,3.0,False,False,prompt_payer
INV704047,C1134,Chemicals Client 135,Chemicals & Plastics,90,272002.66,2024-12-25,2025-03-25,closed,2025-03-22,87.0,-3.0,False,False,prompt_payer
INV704048,C1134,Chemicals Client 135,Chemicals & Plastics,90,236762.1,2025-01-06,2025-04-06,closed,2025-04-05,89.0,-1.0,False,False,prompt_payer
INV704049,C1134,Chemicals Client 135,Chemicals & Plastics,90,349582.46,2025-01-21,2025-04-21,closed,2025-04-21,90.0,0.0,False,False,prompt_payer
INV704050,C1134,Chemicals Client 135,Chemicals & Plastics,90,469481.38,2025-03-19,2025-06-17,closed,2025-06-14,87.0,-3.0,False,False,prompt_payer
INV704051,C1134,Chemicals Client 135,Chemicals & Plastics,90,230251.72,2025-03-22,2025-06-20,closed,2025-06-19,89.0,-1.0,False,False,prompt_payer
INV704052,C1134,Chemicals Client 135,Chemicals & Plastics,90,401955.47,2025-03-28,2025-06-26,closed,2025-06-22,86.0,-4.0,False,False,prompt_payer
INV704053,C1134,Chemicals Client 135,Chemicals & Plastics,90,173884.49,2025-04-02,2025-07-01,closed,2025-07-03,92.0,2.0,False,False,prompt_payer
INV704054,C1134,Chemicals Client 135,Chemicals & Plastics,90,104040.32,2025-04-03,2025-07-02,closed,2025-06-27,85.0,-5.0,False,False,prompt_payer
INV704055,C1134,Chemicals Client 135,Chemicals & Plastics,90,337652.74,2025-04-08,2025-07-07,closed,2025-07-03,86.0,-4.0,False,False,prompt_payer
INV704056,C1134,Chemicals Client 135,Chemicals & Plastics,90,183743.6,2025-04-25,2025-07-24,closed,2025-07-19,85.0,-5.0,False,False,prompt_payer
INV704057,C1134,Chemicals Client 135,Chemicals & Plastics,90,308453.91,2025-05-06,2025-08-04,closed,2025-08-07,93.0,3.0,False,False,prompt_payer
INV704058,C1134,Chemicals Client 135,Chemicals & Plastics,90,337757.23,2025-06-08,2025-09-06,closed,2025-09-08,92.0,2.0,False,False,prompt_payer
INV704059,C1134,Chemicals Client 135,Chemicals & Plastics,90,235268.39,2025-06-15,2025-09-13,disputed_open,,,,False,False,prompt_payer
INV704060,C1134,Chemicals Client 135,Chemicals & Plastics,90,1941369.17,2025-06-17,2025-09-15,closed,2025-09-21,96.0,6.0,False,True,prompt_payer
INV704061,C1134,Chemicals Client 135,Chemicals & Plastics,90,433954.32,2025-06-18,2025-09-16,closed,2025-09-18,92.0,2.0,False,False,prompt_payer
INV704062,C1134,Chemicals Client 135,Chemicals & Plastics,90,291811.83,2025-08-09,2025-11-07,closed,2025-11-02,85.0,-5.0,False,False,prompt_payer
INV704063,C1134,Chemicals Client 135,Chemicals & Plastics,90,354180.59,2025-09-27,2025-12-26,closed,2025-12-25,89.0,-1.0,True,False,prompt_payer
INV704064,C1134,Chemicals Client 135,Chemicals & Plastics,90,299809.28,2025-10-10,2026-01-08,closed,2026-01-04,86.0,-4.0,False,False,prompt_payer
INV704065,C1134,Chemicals Client 135,Chemicals & Plastics,90,321935.21,2025-11-15,2026-02-13,closed,2026-02-10,87.0,-3.0,False,False,prompt_payer
INV704066,C1134,Chemicals Client 135,Chemicals & Plastics,90,365211.78,2025-11-16,2026-02-14,closed,2026-02-18,94.0,4.0,False,False,prompt_payer
INV704067,C1134,Chemicals Client 135,Chemicals & Plastics,90,349100.67,2025-12-03,2026-03-03,closed,2026-02-27,86.0,-4.0,False,False,prompt_payer
INV704068,C1134,Chemicals Client 135,Chemicals & Plastics,90,226069.26,2025-12-14,2026-03-14,closed,2026-03-17,93.0,3.0,False,False,prompt_payer
INV704069,C1134,Chemicals Client 135,Chemicals & Plastics,90,302799.78,2026-01-30,2026-04-30,closed,2026-05-01,91.0,1.0,True,False,prompt_payer
INV704070,C1134,Chemicals Client 135,Chemicals & Plastics,90,549585.28,2026-03-11,2026-06-09,closed,2026-06-11,92.0,2.0,False,False,prompt_payer
INV704071,C1134,Chemicals Client 135,Chemicals & Plastics,90,312569.29,2026-03-18,2026-06-16,closed,2026-06-14,88.0,-2.0,False,False,prompt_payer
INV704072,C1134,Chemicals Client 135,Chemicals & Plastics,90,166973.3,2026-04-17,2026-07-16,disputed_open,,,,False,False,prompt_payer
INV704073,C1134,Chemicals Client 135,Chemicals & Plastics,90,295551.37,2026-05-21,2026-08-19,disputed_open,,,,False,False,prompt_payer
INV704074,C1134,Chemicals Client 135,Chemicals & Plastics,90,205604.57,2026-06-04,2026-09-02,open,,,,False,False,prompt_payer
INV704075,C1134,Chemicals Client 135,Chemicals & Plastics,90,352326.74,2026-07-05,2026-10-03,open,,,,False,False,prompt_payer
INV704076,C1134,Chemicals Client 135,Chemicals & Plastics,90,256354.25,2026-07-12,2026-10-10,open,,,,False,False,prompt_payer
INV704077,C1134,Chemicals Client 135,Chemicals & Plastics,90,192101.67,2026-08-05,2026-11-03,open,,,,False,False,prompt_payer
INV704078,C1135,Textiles Client 136,Textiles & Apparel,60,33376.13,2024-03-20,2024-05-19,closed,2024-05-28,69.0,9.0,False,False,average_payer
INV704079,C1135,Textiles Client 136,Textiles & Apparel,60,38875.74,2024-04-25,2024-06-24,closed,2024-07-02,68.0,8.0,False,False,average_payer
INV704080,C1135,Textiles Client 136,Textiles & Apparel,60,31753.17,2024-06-12,2024-08-11,closed,2024-08-28,77.0,17.0,False,False,average_payer
INV704081,C1135,Textiles Client 136,Textiles & Apparel,60,154097.44,2024-07-06,2024-09-04,closed,2024-09-13,69.0,9.0,False,True,average_payer
INV704082,C1135,Textiles Client 136,Textiles & Apparel,60,18216.45,2024-07-19,2024-09-17,closed,2024-09-25,68.0,8.0,False,False,average_payer
INV704083,C1135,Textiles Client 136,Textiles & Apparel,60,17392.89,2024-07-25,2024-09-23,closed,2024-09-26,63.0,3.0,False,False,average_payer
INV704084,C1135,Textiles Client 136,Textiles & Apparel,60,33111.52,2024-08-19,2024-10-18,closed,2024-10-30,72.0,12.0,False,False,average_payer
INV704085,C1135,Textiles Client 136,Textiles & Apparel,60,23372.25,2024-08-27,2024-10-26,closed,2024-10-30,64.0,4.0,False,False,average_payer
INV704086,C1135,Textiles Client 136,Textiles & Apparel,60,36300.56,2024-08-30,2024-10-29,closed,2024-10-29,60.0,0.0,False,False,average_payer
INV704087,C1135,Textiles Client 136,Textiles & Apparel,60,29248.08,2024-09-03,2024-11-02,closed,2024-11-12,70.0,10.0,False,False,average_payer
INV704088,C1135,Textiles Client 136,Textiles & Apparel,60,145610.74,2024-10-02,2024-12-01,closed,2024-12-08,67.0,7.0,False,True,average_payer
INV704089,C1135,Textiles Client 136,Textiles & Apparel,60,10726.96,2024-10-15,2024-12-14,closed,2024-12-25,71.0,11.0,False,False,average_payer
INV704090,C1135,Textiles Client 136,Textiles & Apparel,60,40369.23,2024-10-23,2024-12-22,closed,2024-12-29,67.0,7.0,False,False,average_payer
INV704091,C1135,Textiles Client 136,Textiles & Apparel,60,34808.29,2024-10-30,2024-12-29,closed,2025-01-07,69.0,9.0,False,False,average_payer
INV704092,C1135,Textiles Client 136,Textiles & Apparel,60,24902.4,2024-11-06,2025-01-05,closed,2025-01-09,64.0,4.0,False,False,average_payer
INV704093,C1135,Textiles Client 136,Textiles & Apparel,60,12845.94,2024-11-16,2025-01-15,closed,2025-01-26,71.0,11.0,False,False,average_payer
INV704094,C1135,Textiles Client 136,Textiles & Apparel,60,29922.32,2024-12-31,2025-03-01,closed,2025-03-05,64.0,4.0,False,False,average_payer
INV704095,C1135,Textiles Client 136,Textiles & Apparel,60,20285.64,2025-01-27,2025-03-28,closed,2025-04-02,65.0,5.0,False,False,average_payer
INV704096,C1135,Textiles Client 136,Textiles & Apparel,60,21732.02,2025-02-27,2025-04-28,closed,2025-05-03,65.0,5.0,False,False,average_payer
INV704097,C1135,Textiles Client 136,Textiles & Apparel,60,45746.66,2025-02-27,2025-04-28,closed,2025-05-04,66.0,6.0,False,False,average_payer
INV704098,C1135,Textiles Client 136,Textiles & Apparel,60,21005.97,2025-03-07,2025-05-06,closed,2025-05-18,72.0,12.0,False,False,average_payer
INV704099,C1135,Textiles Client 136,Textiles & Apparel,60,20682.97,2025-03-14,2025-05-13,closed,2025-05-17,64.0,4.0,False,False,average_payer
INV704100,C1135,Textiles Client 136,Textiles & Apparel,60,41075.08,2025-04-02,2025-06-01,closed,2025-06-10,69.0,9.0,False,False,average_payer
INV704101,C1135,Textiles Client 136,Textiles & Apparel,60,19813.49,2025-04-08,2025-06-07,closed,2025-06-17,70.0,10.0,False,False,average_payer
INV704102,C1135,Textiles Client 136,Textiles & Apparel,60,12897.15,2025-05-05,2025-07-04,closed,2025-07-05,61.0,1.0,False,False,average_payer
INV704103,C1135,Textiles Client 136,Textiles & Apparel,60,20900.28,2025-05-25,2025-07-24,closed,2025-07-29,65.0,5.0,False,False,average_payer
INV704104,C1135,Textiles Client 136,Textiles & Apparel,60,30597.7,2025-06-08,2025-08-07,closed,2025-08-13,66.0,6.0,False,False,average_payer
INV704105,C1135,Textiles Client 136,Textiles & Apparel,60,22270.1,2025-07-09,2025-09-07,closed,2025-09-12,65.0,5.0,False,False,average_payer
INV704106,C1135,Textiles Client 136,Textiles & Apparel,60,18091.55,2025-07-09,2025-09-07,closed,2025-09-12,65.0,5.0,True,False,average_payer
INV704107,C1135,Textiles Client 136,Textiles & Apparel,60,24158.58,2025-08-11,2025-10-10,closed,2025-10-11,61.0,1.0,False,False,average_payer
INV704108,C1135,Textiles Client 136,Textiles & Apparel,60,27682.43,2025-08-13,2025-10-12,closed,2025-10-27,75.0,15.0,False,False,average_payer
INV704109,C1135,Textiles Client 136,Textiles & Apparel,60,21988.82,2025-08-16,2025-10-15,closed,2025-10-24,69.0,9.0,False,False,average_payer
INV704110,C1135,Textiles Client 136,Textiles & Apparel,60,24199.71,2025-10-01,2025-11-30,closed,2025-12-07,67.0,7.0,False,False,average_payer
INV704111,C1135,Textiles Client 136,Textiles & Apparel,60,35428.47,2025-10-17,2025-12-16,closed,2025-12-26,70.0,10.0,False,False,average_payer
INV704112,C1135,Textiles Client 136,Textiles & Apparel,60,27383.05,2025-10-31,2025-12-30,closed,2026-01-05,66.0,6.0,False,False,average_payer
INV704113,C1135,Textiles Client 136,Textiles & Apparel,60,32242.14,2025-12-20,2026-02-18,closed,2026-03-03,73.0,13.0,False,False,average_payer
INV704114,C1135,Textiles Client 136,Textiles & Apparel,60,127866.84,2025-12-20,2026-02-18,closed,2026-02-24,66.0,6.0,False,True,average_payer
INV704115,C1135,Textiles Client 136,Textiles & Apparel,60,22611.54,2025-12-26,2026-02-24,closed,2026-03-08,72.0,12.0,False,False,average_payer
INV704116,C1135,Textiles Client 136,Textiles & Apparel,60,16473.82,2026-01-10,2026-03-11,closed,2026-03-15,64.0,4.0,False,False,average_payer
INV704117,C1135,Textiles Client 136,Textiles & Apparel,60,30932.22,2026-01-15,2026-03-16,closed,2026-03-26,70.0,10.0,False,False,average_payer
INV704118,C1135,Textiles Client 136,Textiles & Apparel,60,42019.97,2026-03-26,2026-05-25,closed,2026-06-07,73.0,13.0,False,False,average_payer
INV704119,C1135,Textiles Client 136,Textiles & Apparel,60,22654.84,2026-04-10,2026-06-09,closed,2026-06-16,67.0,7.0,False,False,average_payer
INV704120,C1135,Textiles Client 136,Textiles & Apparel,60,26649.06,2026-04-24,2026-06-23,closed,2026-07-04,71.0,11.0,False,False,average_payer
INV704121,C1135,Textiles Client 136,Textiles & Apparel,60,28289.33,2026-04-30,2026-06-29,disputed_open,,,,False,False,average_payer
INV704122,C1135,Textiles Client 136,Textiles & Apparel,60,6739.41,2026-04-30,2026-06-29,disputed_open,,,,False,False,average_payer
INV704123,C1135,Textiles Client 136,Textiles & Apparel,60,28246.66,2026-05-05,2026-07-04,closed,2026-07-22,78.0,18.0,False,False,average_payer
INV704124,C1135,Textiles Client 136,Textiles & Apparel,60,27850.03,2026-06-02,2026-08-01,closed,2026-08-01,60.0,0.0,False,False,average_payer
INV704125,C1135,Textiles Client 136,Textiles & Apparel,60,14236.17,2026-06-09,2026-08-08,closed,2026-08-11,63.0,3.0,False,False,average_payer
INV704126,C1135,Textiles Client 136,Textiles & Apparel,60,22143.29,2026-06-23,2026-08-22,open,,,,False,False,average_payer
INV704127,C1136,Textiles Client 137,Textiles & Apparel,45,1009361.34,2025-08-19,2025-10-03,closed,2025-10-24,66.0,21.0,False,False,cold_start
INV704128,C1136,Textiles Client 137,Textiles & Apparel,45,231272.78,2026-05-03,2026-06-17,closed,2026-06-21,49.0,4.0,False,False,cold_start
INV704129,C1137,Auto Client 138,Auto Components,60,61506.7,2024-02-17,2024-04-17,closed,2024-04-16,59.0,-1.0,False,False,prompt_payer
INV704130,C1137,Auto Client 138,Auto Components,60,81738.28,2024-04-01,2024-05-31,closed,2024-06-03,63.0,3.0,False,False,prompt_payer
INV704131,C1137,Auto Client 138,Auto Components,60,65387.0,2024-04-13,2024-06-12,closed,2024-06-12,60.0,0.0,False,False,prompt_payer
INV704132,C1137,Auto Client 138,Auto Components,60,38717.55,2024-05-05,2024-07-04,closed,2024-07-05,61.0,1.0,False,False,prompt_payer
INV704133,C1137,Auto Client 138,Auto Components,60,63247.18,2024-05-17,2024-07-16,closed,2024-07-11,55.0,-5.0,False,False,prompt_payer
INV704134,C1137,Auto Client 138,Auto Components,60,55415.66,2024-06-03,2024-08-02,closed,2024-08-03,61.0,1.0,False,False,prompt_payer
INV704135,C1137,Auto Client 138,Auto Components,60,40992.45,2024-06-10,2024-08-09,closed,2024-08-06,57.0,-3.0,False,False,prompt_payer
INV704136,C1137,Auto Client 138,Auto Components,60,136545.69,2024-06-21,2024-08-20,closed,2024-08-18,58.0,-2.0,False,True,prompt_payer
INV704137,C1137,Auto Client 138,Auto Components,60,413162.61,2024-06-28,2024-08-27,closed,2024-08-25,58.0,-2.0,False,True,prompt_payer
INV704138,C1137,Auto Client 138,Auto Components,60,84082.68,2024-07-02,2024-08-31,closed,2024-09-01,61.0,1.0,False,False,prompt_payer
INV704139,C1137,Auto Client 138,Auto Components,60,39872.69,2024-07-31,2024-09-29,closed,2024-10-01,62.0,2.0,False,False,prompt_payer
INV704140,C1137,Auto Client 138,Auto Components,60,87507.33,2024-08-12,2024-10-11,closed,2024-10-13,62.0,2.0,False,False,prompt_payer
INV704141,C1137,Auto Client 138,Auto Components,60,56908.34,2024-09-03,2024-11-02,closed,2024-10-31,58.0,-2.0,False,False,prompt_payer
INV704142,C1137,Auto Client 138,Auto Components,60,79570.91,2024-11-08,2025-01-07,closed,2025-01-09,62.0,2.0,False,False,prompt_payer
INV704143,C1137,Auto Client 138,Auto Components,60,66243.39,2024-11-15,2025-01-14,closed,2025-01-14,60.0,0.0,False,False,prompt_payer
INV704144,C1137,Auto Client 138,Auto Components,60,38426.8,2024-11-21,2025-01-20,closed,2025-01-17,57.0,-3.0,False,False,prompt_payer
INV704145,C1137,Auto Client 138,Auto Components,60,122608.31,2025-01-05,2025-03-06,closed,2025-03-03,57.0,-3.0,False,False,prompt_payer
INV704146,C1137,Auto Client 138,Auto Components,60,56581.5,2025-02-06,2025-04-07,closed,2025-04-07,60.0,0.0,False,False,prompt_payer
INV704147,C1137,Auto Client 138,Auto Components,60,55729.81,2025-03-10,2025-05-09,closed,2025-05-07,58.0,-2.0,False,False,prompt_payer
INV704148,C1137,Auto Client 138,Auto Components,60,71399.81,2025-03-12,2025-05-11,closed,2025-05-13,62.0,2.0,False,False,prompt_payer
INV704149,C1137,Auto Client 138,Auto Components,60,90272.32,2025-04-16,2025-06-15,closed,2025-06-10,55.0,-5.0,False,False,prompt_payer
INV704150,C1137,Auto Client 138,Auto Components,60,86955.41,2025-05-02,2025-07-01,closed,2025-07-05,64.0,4.0,False,False,prompt_payer
INV704151,C1137,Auto Client 138,Auto Components,60,42151.3,2025-05-23,2025-07-22,closed,2025-07-21,59.0,-1.0,False,False,prompt_payer
INV704152,C1137,Auto Client 138,Auto Components,60,68267.07,2025-06-02,2025-08-01,closed,2025-08-04,63.0,3.0,False,False,prompt_payer
INV704153,C1137,Auto Client 138,Auto Components,60,61140.83,2025-08-18,2025-10-17,closed,2025-10-16,59.0,-1.0,False,False,prompt_payer
INV704154,C1137,Auto Client 138,Auto Components,60,280438.81,2025-08-24,2025-10-23,closed,2025-10-24,61.0,1.0,False,True,prompt_payer
INV704155,C1137,Auto Client 138,Auto Components,60,82105.22,2025-08-28,2025-10-27,closed,2025-10-27,60.0,0.0,False,False,prompt_payer
INV704156,C1137,Auto Client 138,Auto Components,60,102299.08,2025-09-02,2025-11-01,closed,2025-11-03,62.0,2.0,False,False,prompt_payer
INV704157,C1137,Auto Client 138,Auto Components,60,32638.83,2025-09-18,2025-11-17,closed,2025-11-13,56.0,-4.0,False,False,prompt_payer
INV704158,C1137,Auto Client 138,Auto Components,60,428353.71,2025-09-24,2025-11-23,closed,2025-11-24,61.0,1.0,False,True,prompt_payer
INV704159,C1137,Auto Client 138,Auto Components,60,56563.93,2025-11-26,2026-01-25,closed,2026-01-21,56.0,-4.0,False,False,prompt_payer
INV704160,C1137,Auto Client 138,Auto Components,60,373038.59,2026-03-01,2026-04-30,closed,2026-05-04,64.0,4.0,False,True,prompt_payer
INV704161,C1137,Auto Client 138,Auto Components,60,57656.42,2026-03-17,2026-05-16,closed,2026-05-16,60.0,0.0,False,False,prompt_payer
INV704162,C1137,Auto Client 138,Auto Components,60,12485.12,2026-05-04,2026-07-03,closed,2026-06-27,54.0,-6.0,False,False,prompt_payer
INV704163,C1137,Auto Client 138,Auto Components,60,44835.99,2026-05-15,2026-07-14,closed,2026-07-13,59.0,-1.0,False,False,prompt_payer
INV704164,C1137,Auto Client 138,Auto Components,60,38310.57,2026-06-06,2026-08-05,closed,2026-08-04,59.0,-1.0,False,False,prompt_payer
INV704165,C1137,Auto Client 138,Auto Components,60,64196.03,2026-06-16,2026-08-15,closed,2026-08-13,58.0,-2.0,False,False,prompt_payer
INV704166,C1137,Auto Client 138,Auto Components,60,60622.78,2026-06-26,2026-08-25,open,,,,False,False,prompt_payer
INV704167,C1137,Auto Client 138,Auto Components,60,49785.29,2026-07-22,2026-09-20,open,,,,False,False,prompt_payer
INV704168,C1138,Metal Client 139,Metal & Engineering,30,482508.2,2024-02-23,2024-03-24,closed,2024-04-04,41.0,11.0,False,False,average_payer
INV704169,C1138,Metal Client 139,Metal & Engineering,30,294966.82,2024-04-02,2024-05-02,closed,2024-05-07,35.0,5.0,False,False,average_payer
INV704170,C1138,Metal Client 139,Metal & Engineering,30,280400.0,2024-08-25,2024-09-24,closed,2024-10-01,37.0,7.0,False,False,average_payer
INV704171,C1138,Metal Client 139,Metal & Engineering,30,502960.07,2024-09-30,2024-10-30,closed,2024-11-08,39.0,9.0,False,False,average_payer
INV704172,C1138,Metal Client 139,Metal & Engineering,30,223833.29,2024-10-02,2024-11-01,closed,2024-11-12,41.0,11.0,False,False,average_payer
INV704173,C1138,Metal Client 139,Metal & Engineering,30,290671.78,2024-12-22,2025-01-21,closed,2025-01-29,38.0,8.0,False,False,average_payer
INV704174,C1138,Metal Client 139,Metal & Engineering,30,521320.64,2025-01-04,2025-02-03,closed,2025-02-17,44.0,14.0,False,False,average_payer
INV704175,C1138,Metal Client 139,Metal & Engineering,30,525281.98,2025-10-18,2025-11-17,closed,2025-11-09,22.0,-8.0,False,False,average_payer
INV704176,C1138,Metal Client 139,Metal & Engineering,30,200110.93,2025-11-09,2025-12-09,closed,2025-12-18,39.0,9.0,False,False,average_payer
INV704177,C1138,Metal Client 139,Metal & Engineering,30,103044.23,2026-05-03,2026-06-02,closed,2026-06-08,36.0,6.0,False,False,average_payer
INV704178,C1138,Metal Client 139,Metal & Engineering,30,424621.66,2026-07-04,2026-08-03,closed,2026-08-08,35.0,5.0,False,False,average_payer
INV704179,C1139,Metal Client 140,Metal & Engineering,60,422437.51,2024-02-28,2024-04-28,closed,2024-05-05,67.0,7.0,False,False,average_payer
INV704180,C1139,Metal Client 140,Metal & Engineering,60,315414.55,2024-02-29,2024-04-29,closed,2024-05-08,69.0,9.0,False,False,average_payer
INV704181,C1139,Metal Client 140,Metal & Engineering,60,375911.88,2024-04-15,2024-06-14,closed,2024-06-13,59.0,-1.0,False,False,average_payer
INV704182,C1139,Metal Client 140,Metal & Engineering,60,420781.09,2024-05-17,2024-07-16,closed,2024-08-09,84.0,24.0,False,False,average_payer
INV704183,C1139,Metal Client 140,Metal & Engineering,60,298862.01,2024-05-22,2024-07-21,closed,2024-07-12,51.0,-9.0,False,False,average_payer
INV704184,C1139,Metal Client 140,Metal & Engineering,60,293907.09,2024-06-06,2024-08-05,closed,2024-08-14,69.0,9.0,False,False,average_payer
INV704185,C1139,Metal Client 140,Metal & Engineering,60,232642.43,2024-06-29,2024-08-28,closed,2024-08-29,61.0,1.0,False,False,average_payer
INV704186,C1139,Metal Client 140,Metal & Engineering,60,192492.83,2024-07-21,2024-09-19,closed,2024-09-18,59.0,-1.0,True,False,average_payer
INV704187,C1139,Metal Client 140,Metal & Engineering,60,374186.94,2024-08-17,2024-10-16,closed,2024-10-22,66.0,6.0,False,False,average_payer
INV704188,C1139,Metal Client 140,Metal & Engineering,60,137666.24,2024-08-28,2024-10-27,closed,2024-11-10,74.0,14.0,False,False,average_payer
INV704189,C1139,Metal Client 140,Metal & Engineering,60,392004.42,2024-08-31,2024-10-30,closed,2024-11-17,78.0,18.0,False,False,average_payer
INV704190,C1139,Metal Client 140,Metal & Engineering,60,250887.07,2024-10-29,2024-12-28,closed,2024-12-26,58.0,-2.0,False,False,average_payer
INV704191,C1139,Metal Client 140,Metal & Engineering,60,483780.92,2024-12-23,2025-02-21,closed,2025-02-25,64.0,4.0,False,False,average_payer
INV704192,C1139,Metal Client 140,Metal & Engineering,60,224985.81,2025-01-27,2025-03-28,closed,2025-03-23,55.0,-5.0,False,False,average_payer
INV704193,C1139,Metal Client 140,Metal & Engineering,60,163411.94,2025-01-29,2025-03-30,closed,2025-04-05,66.0,6.0,False,False,average_payer
INV704194,C1139,Metal Client 140,Metal & Engineering,60,344567.53,2025-02-04,2025-04-05,closed,2025-04-20,75.0,15.0,False,False,average_payer
INV704195,C1139,Metal Client 140,Metal & Engineering,60,192941.32,2025-02-08,2025-04-09,closed,2025-04-26,77.0,17.0,False,False,average_payer
INV704196,C1139,Metal Client 140,Metal & Engineering,60,436422.66,2025-02-10,2025-04-11,closed,2025-04-04,53.0,-7.0,False,False,average_payer
INV704197,C1139,Metal Client 140,Metal & Engineering,60,326942.43,2025-02-16,2025-04-17,closed,2025-05-02,75.0,15.0,False,False,average_payer
INV704198,C1139,Metal Client 140,Metal & Engineering,60,400364.27,2025-02-26,2025-04-27,closed,2025-05-07,70.0,10.0,False,False,average_payer
INV704199,C1139,Metal Client 140,Metal & Engineering,60,221986.33,2025-03-28,2025-05-27,closed,2025-05-29,62.0,2.0,False,False,average_payer
INV704200,C1139,Metal Client 140,Metal & Engineering,60,294307.29,2025-04-01,2025-05-31,closed,2025-06-11,71.0,11.0,False,False,average_payer
INV704201,C1139,Metal Client 140,Metal & Engineering,60,242805.83,2025-06-11,2025-08-10,closed,2025-08-21,71.0,11.0,False,False,average_payer
INV704202,C1139,Metal Client 140,Metal & Engineering,60,202890.28,2025-07-08,2025-09-06,closed,2025-09-13,67.0,7.0,False,False,average_payer
INV704203,C1139,Metal Client 140,Metal & Engineering,60,555668.1,2025-07-15,2025-09-13,closed,2025-09-18,65.0,5.0,False,False,average_payer
INV704204,C1139,Metal Client 140,Metal & Engineering,60,232957.92,2025-07-24,2025-09-22,closed,2025-09-30,68.0,8.0,False,False,average_payer
INV704205,C1139,Metal Client 140,Metal & Engineering,60,206414.31,2025-09-28,2025-11-27,closed,2025-12-02,65.0,5.0,False,False,average_payer
INV704206,C1139,Metal Client 140,Metal & Engineering,60,533753.94,2025-09-29,2025-11-28,closed,2025-12-20,82.0,22.0,False,False,average_payer
INV704207,C1139,Metal Client 140,Metal & Engineering,60,323863.96,2025-10-03,2025-12-02,closed,2025-12-14,72.0,12.0,False,False,average_payer
INV704208,C1139,Metal Client 140,Metal & Engineering,60,350917.71,2025-10-30,2025-12-29,closed,2026-01-06,68.0,8.0,False,False,average_payer
INV704209,C1139,Metal Client 140,Metal & Engineering,60,349294.45,2026-02-10,2026-04-11,closed,2026-04-21,70.0,10.0,False,False,average_payer
INV704210,C1139,Metal Client 140,Metal & Engineering,60,278637.41,2026-02-21,2026-04-22,closed,2026-05-07,75.0,15.0,False,False,average_payer
INV704211,C1139,Metal Client 140,Metal & Engineering,60,515332.39,2026-02-25,2026-04-26,closed,2026-05-13,77.0,17.0,False,False,average_payer
INV704212,C1139,Metal Client 140,Metal & Engineering,60,188790.58,2026-03-15,2026-05-14,closed,2026-05-03,49.0,-11.0,False,False,average_payer
INV704213,C1139,Metal Client 140,Metal & Engineering,60,1207459.78,2026-04-17,2026-06-16,closed,2026-07-04,78.0,18.0,False,True,average_payer
INV704214,C1139,Metal Client 140,Metal & Engineering,60,357189.41,2026-04-19,2026-06-18,closed,2026-06-24,66.0,6.0,False,False,average_payer
INV704215,C1139,Metal Client 140,Metal & Engineering,60,299407.94,2026-04-27,2026-06-26,closed,2026-07-08,72.0,12.0,False,False,average_payer
INV704216,C1139,Metal Client 140,Metal & Engineering,60,302890.85,2026-05-26,2026-07-25,closed,2026-08-03,69.0,9.0,False,False,average_payer
INV704217,C1139,Metal Client 140,Metal & Engineering,60,180369.0,2026-06-10,2026-08-09,open,,,,False,False,average_payer
INV704218,C1139,Metal Client 140,Metal & Engineering,60,1067232.06,2026-06-27,2026-08-26,open,,,,False,True,average_payer
INV704219,C1139,Metal Client 140,Metal & Engineering,60,268349.48,2026-06-27,2026-08-26,open,,,,False,False,average_payer
INV704220,C1139,Metal Client 140,Metal & Engineering,60,1596102.41,2026-07-05,2026-09-03,open,,,,False,True,average_payer
INV704221,C1139,Metal Client 140,Metal & Engineering,60,283096.68,2026-07-31,2026-09-29,open,,,,False,False,average_payer
INV704222,C1139,Metal Client 140,Metal & Engineering,60,411606.54,2026-08-10,2026-10-09,open,,,,False,False,average_payer
INV704223,C1140,Electronics Client 141,Electronics & Electricals,15,897674.74,2024-04-21,2024-05-06,closed,2024-05-07,16.0,1.0,False,False,prompt_payer
INV704224,C1140,Electronics Client 141,Electronics & Electricals,15,1046992.74,2024-04-23,2024-05-08,closed,2024-05-05,12.0,-3.0,False,False,prompt_payer
INV704225,C1140,Electronics Client 141,Electronics & Electricals,15,561325.08,2024-05-02,2024-05-17,closed,2024-05-21,19.0,4.0,False,False,prompt_payer
INV704226,C1140,Electronics Client 141,Electronics & Electricals,15,483380.3,2024-05-22,2024-06-06,closed,2024-06-03,12.0,-3.0,False,False,prompt_payer
INV704227,C1140,Electronics Client 141,Electronics & Electricals,15,692544.41,2024-06-14,2024-06-29,closed,2024-06-24,10.0,-5.0,False,False,prompt_payer
INV704228,C1140,Electronics Client 141,Electronics & Electricals,15,928781.68,2024-06-15,2024-06-30,closed,2024-06-27,12.0,-3.0,False,False,prompt_payer
INV704229,C1140,Electronics Client 141,Electronics & Electricals,15,1087121.03,2024-07-31,2024-08-15,closed,2024-08-13,13.0,-2.0,False,False,prompt_payer
INV704230,C1140,Electronics Client 141,Electronics & Electricals,15,339993.09,2024-09-20,2024-10-05,closed,2024-10-02,12.0,-3.0,False,False,prompt_payer
INV704231,C1140,Electronics Client 141,Electronics & Electricals,15,1003574.27,2024-11-04,2024-11-19,closed,2024-11-23,19.0,4.0,False,False,prompt_payer
INV704232,C1140,Electronics Client 141,Electronics & Electricals,15,833613.23,2024-11-04,2024-11-19,closed,2024-11-16,12.0,-3.0,False,False,prompt_payer
INV704233,C1140,Electronics Client 141,Electronics & Electricals,15,930292.63,2024-11-12,2024-11-27,closed,2024-12-02,20.0,5.0,False,False,prompt_payer
INV704234,C1140,Electronics Client 141,Electronics & Electricals,15,599410.54,2025-01-30,2025-02-14,closed,2025-02-10,11.0,-4.0,False,False,prompt_payer
INV704235,C1140,Electronics Client 141,Electronics & Electricals,15,997022.41,2025-02-08,2025-02-23,closed,2025-02-19,11.0,-4.0,False,False,prompt_payer
INV704236,C1140,Electronics Client 141,Electronics & Electricals,15,941105.34,2025-03-04,2025-03-19,closed,2025-03-13,9.0,-6.0,False,False,prompt_payer
INV704237,C1140,Electronics Client 141,Electronics & Electricals,15,1481763.39,2025-04-30,2025-05-15,closed,2025-05-16,16.0,1.0,False,False,prompt_payer
INV704238,C1140,Electronics Client 141,Electronics & Electricals,15,760198.04,2025-05-15,2025-05-30,closed,2025-05-29,14.0,-1.0,False,False,prompt_payer
INV704239,C1140,Electronics Client 141,Electronics & Electricals,15,493368.94,2025-05-24,2025-06-08,closed,2025-06-05,12.0,-3.0,False,False,prompt_payer
INV704240,C1140,Electronics Client 141,Electronics & Electricals,15,935398.59,2025-05-27,2025-06-11,closed,2025-06-14,18.0,3.0,False,False,prompt_payer
INV704241,C1140,Electronics Client 141,Electronics & Electricals,15,1181313.38,2025-07-14,2025-07-29,closed,2025-07-31,17.0,2.0,False,False,prompt_payer
INV704242,C1140,Electronics Client 141,Electronics & Electricals,15,719148.16,2025-08-07,2025-08-22,closed,2025-08-22,15.0,0.0,False,False,prompt_payer
INV704243,C1140,Electronics Client 141,Electronics & Electricals,15,789658.99,2025-08-18,2025-09-02,closed,2025-09-01,14.0,-1.0,False,False,prompt_payer
INV704244,C1140,Electronics Client 141,Electronics & Electricals,15,466937.21,2025-09-04,2025-09-19,closed,2025-09-19,15.0,0.0,False,False,prompt_payer
INV704245,C1140,Electronics Client 141,Electronics & Electricals,15,609504.43,2025-09-12,2025-09-27,closed,2025-09-22,10.0,-5.0,False,False,prompt_payer
INV704246,C1140,Electronics Client 141,Electronics & Electricals,15,1038044.82,2025-09-15,2025-09-30,closed,2025-09-29,14.0,-1.0,False,False,prompt_payer
INV704247,C1140,Electronics Client 141,Electronics & Electricals,15,644887.67,2025-09-16,2025-10-01,closed,2025-10-03,17.0,2.0,False,False,prompt_payer
INV704248,C1140,Electronics Client 141,Electronics & Electricals,15,60589.66,2025-09-28,2025-10-13,closed,2025-10-15,17.0,2.0,False,False,prompt_payer
INV704249,C1140,Electronics Client 141,Electronics & Electricals,15,736080.81,2025-10-08,2025-10-23,closed,2025-10-20,12.0,-3.0,False,False,prompt_payer
INV704250,C1140,Electronics Client 141,Electronics & Electricals,15,943933.0,2025-11-12,2025-11-27,closed,2025-11-30,18.0,3.0,False,False,prompt_payer
INV704251,C1140,Electronics Client 141,Electronics & Electricals,15,717081.33,2026-01-15,2026-01-30,closed,2026-01-30,15.0,0.0,False,False,prompt_payer
INV704252,C1140,Electronics Client 141,Electronics & Electricals,15,951109.58,2026-01-27,2026-02-11,closed,2026-02-16,20.0,5.0,False,False,prompt_payer
INV704253,C1140,Electronics Client 141,Electronics & Electricals,15,604500.86,2026-02-05,2026-02-20,closed,2026-02-20,15.0,0.0,False,False,prompt_payer
INV704254,C1140,Electronics Client 141,Electronics & Electricals,15,763109.86,2026-02-19,2026-03-06,closed,2026-03-05,14.0,-1.0,True,False,prompt_payer
INV704255,C1140,Electronics Client 141,Electronics & Electricals,15,502003.75,2026-04-23,2026-05-08,closed,2026-05-11,18.0,3.0,False,False,prompt_payer
INV704256,C1140,Electronics Client 141,Electronics & Electricals,15,452024.7,2026-05-01,2026-05-16,closed,2026-05-17,16.0,1.0,False,False,prompt_payer
INV704257,C1140,Electronics Client 141,Electronics & Electricals,15,663209.62,2026-05-09,2026-05-24,closed,2026-05-18,9.0,-6.0,False,False,prompt_payer
INV704258,C1140,Electronics Client 141,Electronics & Electricals,15,1018062.24,2026-05-17,2026-06-01,closed,2026-06-03,17.0,2.0,False,False,prompt_payer
INV704259,C1140,Electronics Client 141,Electronics & Electricals,15,661421.51,2026-06-26,2026-07-11,closed,2026-07-11,15.0,0.0,False,False,prompt_payer
INV704260,C1140,Electronics Client 141,Electronics & Electricals,15,1488002.18,2026-07-02,2026-07-17,closed,2026-07-11,9.0,-6.0,False,False,prompt_payer
INV704261,C1140,Electronics Client 141,Electronics & Electricals,15,1086034.25,2026-07-07,2026-07-22,closed,2026-07-24,17.0,2.0,False,False,prompt_payer
INV704262,C1141,Auto Client 142,Auto Components,60,217184.27,2024-03-09,2024-05-08,closed,2024-05-14,66.0,6.0,False,False,deteriorating_payer
INV704263,C1141,Auto Client 142,Auto Components,60,297293.66,2024-03-31,2024-05-30,closed,2024-06-02,63.0,3.0,False,False,deteriorating_payer
INV704264,C1141,Auto Client 142,Auto Components,60,270689.52,2024-05-22,2024-07-21,closed,2024-07-30,69.0,9.0,False,False,deteriorating_payer
INV704265,C1141,Auto Client 142,Auto Components,60,234252.6,2024-06-10,2024-08-09,closed,2024-08-19,70.0,10.0,False,False,deteriorating_payer
INV704266,C1141,Auto Client 142,Auto Components,60,396652.24,2024-06-22,2024-08-21,closed,2024-09-02,72.0,12.0,False,False,deteriorating_payer
INV704267,C1141,Auto Client 142,Auto Components,60,295283.78,2024-07-08,2024-09-06,closed,2024-09-28,82.0,22.0,False,False,deteriorating_payer
INV704268,C1141,Auto Client 142,Auto Components,60,234235.77,2025-03-29,2025-05-28,closed,2025-06-17,80.0,20.0,False,False,deteriorating_payer
INV704269,C1141,Auto Client 142,Auto Components,60,239387.18,2025-07-11,2025-09-09,closed,2025-10-05,86.0,26.0,False,False,deteriorating_payer
INV704270,C1141,Auto Client 142,Auto Components,60,163221.16,2025-07-17,2025-09-15,closed,2025-10-11,86.0,26.0,False,False,deteriorating_payer
INV704271,C1141,Auto Client 142,Auto Components,60,255152.42,2025-07-20,2025-09-18,closed,2025-10-19,91.0,31.0,False,False,deteriorating_payer
INV704272,C1141,Auto Client 142,Auto Components,60,249481.25,2025-08-25,2025-10-24,closed,2025-12-08,105.0,45.0,False,False,deteriorating_payer
INV704273,C1141,Auto Client 142,Auto Components,60,320347.09,2026-02-20,2026-04-21,closed,2026-06-01,101.0,41.0,False,False,deteriorating_payer
INV704274,C1142,Retail Client 143,Retail & Distribution,15,28527.6,2024-03-11,2024-03-26,closed,2024-04-04,24.0,9.0,False,False,erratic_payer
INV704275,C1142,Retail Client 143,Retail & Distribution,15,65357.19,2024-04-11,2024-04-26,closed,2024-05-12,31.0,16.0,False,False,erratic_payer
INV704276,C1142,Retail Client 143,Retail & Distribution,15,70807.48,2024-04-14,2024-04-29,closed,2024-04-24,10.0,-5.0,False,False,erratic_payer
INV704277,C1142,Retail Client 143,Retail & Distribution,15,91897.17,2024-04-20,2024-05-05,closed,2024-06-16,57.0,42.0,False,False,erratic_payer
INV704278,C1142,Retail Client 143,Retail & Distribution,15,45311.43,2024-05-06,2024-05-21,closed,2024-05-26,20.0,5.0,False,False,erratic_payer
INV704279,C1142,Retail Client 143,Retail & Distribution,15,33276.42,2024-06-29,2024-07-14,closed,2024-07-15,16.0,1.0,True,False,erratic_payer
INV704280,C1142,Retail Client 143,Retail & Distribution,15,57501.6,2024-09-18,2024-10-03,closed,2024-10-14,26.0,11.0,False,False,erratic_payer
INV704281,C1142,Retail Client 143,Retail & Distribution,15,79483.56,2024-10-08,2024-10-23,closed,2025-01-16,100.0,85.0,False,False,erratic_payer
INV704282,C1142,Retail Client 143,Retail & Distribution,15,82538.73,2025-03-02,2025-03-17,closed,2025-04-02,31.0,16.0,False,False,erratic_payer
INV704283,C1142,Retail Client 143,Retail & Distribution,15,75075.11,2025-03-26,2025-04-10,closed,2025-04-20,25.0,10.0,True,False,erratic_payer
INV704284,C1142,Retail Client 143,Retail & Distribution,15,12982.32,2025-03-28,2025-04-12,closed,2025-04-17,20.0,5.0,False,False,erratic_payer
INV704285,C1142,Retail Client 143,Retail & Distribution,15,41614.98,2025-09-26,2025-10-11,closed,2025-10-10,14.0,-1.0,False,False,erratic_payer
INV704286,C1142,Retail Client 143,Retail & Distribution,15,65367.01,2025-12-06,2025-12-21,closed,2025-12-21,15.0,0.0,False,False,erratic_payer
INV704287,C1142,Retail Client 143,Retail & Distribution,15,38106.24,2026-04-17,2026-05-02,closed,2026-04-18,1.0,-14.0,False,False,erratic_payer
INV704288,C1142,Retail Client 143,Retail & Distribution,15,68162.82,2026-05-03,2026-05-18,closed,2026-05-26,23.0,8.0,False,False,erratic_payer
INV704289,C1142,Retail Client 143,Retail & Distribution,15,47294.61,2026-05-18,2026-06-02,closed,2026-06-27,40.0,25.0,False,False,erratic_payer
INV704290,C1142,Retail Client 143,Retail & Distribution,15,34857.1,2026-05-20,2026-06-04,closed,2026-06-25,36.0,21.0,True,False,erratic_payer
INV704291,C1142,Retail Client 143,Retail & Distribution,15,70249.19,2026-06-22,2026-07-07,closed,2026-07-12,20.0,5.0,False,False,erratic_payer
INV704292,C1142,Retail Client 143,Retail & Distribution,15,20490.74,2026-07-09,2026-07-24,disputed_open,,,,False,False,erratic_payer
INV704293,C1142,Retail Client 143,Retail & Distribution,15,99214.25,2026-08-13,2026-08-28,open,,,,False,False,erratic_payer
INV704294,C1143,IT Client 144,IT & Business Services,45,19356.26,2024-08-01,2024-09-15,closed,2024-09-23,53.0,8.0,False,False,cold_start
INV704295,C1143,IT Client 144,IT & Business Services,45,16897.53,2024-10-04,2024-11-18,closed,2024-11-19,46.0,1.0,False,False,cold_start
INV704296,C1143,IT Client 144,IT & Business Services,45,32889.9,2025-07-21,2025-09-04,closed,2025-09-07,48.0,3.0,False,False,cold_start
INV704297,C1143,IT Client 144,IT & Business Services,45,12710.47,2025-08-07,2025-09-21,closed,2025-09-22,46.0,1.0,False,False,cold_start
INV704298,C1144,Metal Client 145,Metal & Engineering,15,49839.28,2024-03-11,2024-03-26,closed,2024-04-26,46.0,31.0,False,False,erratic_payer
INV704299,C1144,Metal Client 145,Metal & Engineering,15,42170.04,2024-04-17,2024-05-02,closed,2024-04-24,7.0,-8.0,False,False,erratic_payer
INV704300,C1144,Metal Client 145,Metal & Engineering,15,22518.53,2024-05-01,2024-05-16,closed,2024-05-27,26.0,11.0,False,False,erratic_payer
INV704301,C1144,Metal Client 145,Metal & Engineering,15,42391.08,2024-05-19,2024-06-03,closed,2024-06-06,18.0,3.0,False,False,erratic_payer
INV704302,C1144,Metal Client 145,Metal & Engineering,15,66884.24,2024-06-16,2024-07-01,closed,2024-07-02,16.0,1.0,False,False,erratic_payer
INV704303,C1144,Metal Client 145,Metal & Engineering,15,167624.12,2024-06-28,2024-07-13,closed,2024-06-29,1.0,-14.0,False,True,erratic_payer
INV704304,C1144,Metal Client 145,Metal & Engineering,15,74151.16,2024-07-31,2024-08-15,closed,2024-09-14,45.0,30.0,False,False,erratic_payer
INV704305,C1144,Metal Client 145,Metal & Engineering,15,55829.06,2024-08-01,2024-08-16,closed,2024-09-10,40.0,25.0,False,False,erratic_payer
INV704306,C1144,Metal Client 145,Metal & Engineering,15,40756.62,2024-08-08,2024-08-23,closed,2024-09-21,44.0,29.0,False,False,erratic_payer
INV704307,C1144,Metal Client 145,Metal & Engineering,15,58850.31,2024-09-12,2024-09-27,closed,2024-09-25,13.0,-2.0,False,False,erratic_payer
INV704308,C1144,Metal Client 145,Metal & Engineering,15,63146.68,2024-09-13,2024-09-28,closed,2024-10-16,33.0,18.0,True,False,erratic_payer
INV704309,C1144,Metal Client 145,Metal & Engineering,15,82709.81,2024-10-08,2024-10-23,closed,2024-11-21,44.0,29.0,False,False,erratic_payer
INV704310,C1144,Metal Client 145,Metal & Engineering,15,90286.27,2024-11-15,2024-11-30,disputed_open,,,,False,False,erratic_payer
INV704311,C1144,Metal Client 145,Metal & Engineering,15,36773.15,2025-01-05,2025-01-20,closed,2025-03-26,80.0,65.0,False,False,erratic_payer
INV704312,C1144,Metal Client 145,Metal & Engineering,15,68778.98,2025-01-07,2025-01-22,closed,2025-02-04,28.0,13.0,False,False,erratic_payer
INV704313,C1144,Metal Client 145,Metal & Engineering,15,62959.8,2025-01-22,2025-02-06,closed,2025-02-21,30.0,15.0,False,False,erratic_payer
INV704314,C1144,Metal Client 145,Metal & Engineering,15,75184.66,2025-01-25,2025-02-09,closed,2025-03-05,39.0,24.0,False,False,erratic_payer
INV704315,C1144,Metal Client 145,Metal & Engineering,15,83116.1,2025-04-14,2025-04-29,closed,2025-04-27,13.0,-2.0,False,False,erratic_payer
INV704316,C1144,Metal Client 145,Metal & Engineering,15,67512.51,2025-05-10,2025-05-25,closed,2025-06-03,24.0,9.0,False,False,erratic_payer
INV704317,C1144,Metal Client 145,Metal & Engineering,15,38929.09,2025-06-02,2025-06-17,closed,2025-06-27,25.0,10.0,False,False,erratic_payer
INV704318,C1144,Metal Client 145,Metal & Engineering,15,58195.49,2025-06-18,2025-07-03,closed,2025-07-23,35.0,20.0,False,False,erratic_payer
INV704319,C1144,Metal Client 145,Metal & Engineering,15,218921.2,2025-08-03,2025-08-18,closed,2025-11-05,94.0,79.0,False,True,erratic_payer
INV704320,C1144,Metal Client 145,Metal & Engineering,15,38557.35,2025-08-11,2025-08-26,closed,2025-08-27,16.0,1.0,False,False,erratic_payer
INV704321,C1144,Metal Client 145,Metal & Engineering,15,49978.74,2025-08-29,2025-09-13,closed,2025-09-22,24.0,9.0,False,False,erratic_payer
INV704322,C1144,Metal Client 145,Metal & Engineering,15,32009.85,2025-09-11,2025-09-26,closed,2025-12-06,86.0,71.0,False,False,erratic_payer
INV704323,C1144,Metal Client 145,Metal & Engineering,15,36183.73,2025-09-26,2025-10-11,closed,2025-11-04,39.0,24.0,False,False,erratic_payer
INV704324,C1144,Metal Client 145,Metal & Engineering,15,75080.47,2025-10-08,2025-10-23,closed,2025-11-13,36.0,21.0,False,False,erratic_payer
INV704325,C1144,Metal Client 145,Metal & Engineering,15,368956.22,2025-11-17,2025-12-02,closed,2025-12-28,41.0,26.0,False,True,erratic_payer
INV704326,C1144,Metal Client 145,Metal & Engineering,15,101346.64,2025-12-03,2025-12-18,closed,2026-02-02,61.0,46.0,False,False,erratic_payer
INV704327,C1144,Metal Client 145,Metal & Engineering,15,92135.53,2025-12-31,2026-01-15,closed,2026-02-10,41.0,26.0,False,False,erratic_payer
INV704328,C1144,Metal Client 145,Metal & Engineering,15,70349.67,2026-01-17,2026-02-01,disputed_open,,,,False,False,erratic_payer
INV704329,C1144,Metal Client 145,Metal & Engineering,15,31282.72,2026-01-31,2026-02-15,closed,2026-03-05,33.0,18.0,False,False,erratic_payer
INV704330,C1144,Metal Client 145,Metal & Engineering,15,40583.93,2026-02-19,2026-03-06,closed,2026-04-20,60.0,45.0,False,False,erratic_payer
INV704331,C1144,Metal Client 145,Metal & Engineering,15,70620.06,2026-03-11,2026-03-26,closed,2026-04-02,22.0,7.0,False,False,erratic_payer
INV704332,C1144,Metal Client 145,Metal & Engineering,15,55658.57,2026-03-16,2026-03-31,closed,2026-03-20,4.0,-11.0,False,False,erratic_payer
INV704333,C1144,Metal Client 145,Metal & Engineering,15,57968.75,2026-03-17,2026-04-01,closed,2026-06-08,83.0,68.0,False,False,erratic_payer
INV704334,C1144,Metal Client 145,Metal & Engineering,15,65533.78,2026-04-05,2026-04-20,closed,2026-04-06,1.0,-14.0,False,False,erratic_payer
INV704335,C1144,Metal Client 145,Metal & Engineering,15,61014.03,2026-05-31,2026-06-15,closed,2026-07-22,52.0,37.0,False,False,erratic_payer
INV704336,C1144,Metal Client 145,Metal & Engineering,15,71093.77,2026-06-03,2026-06-18,closed,2026-07-01,28.0,13.0,False,False,erratic_payer
INV704337,C1144,Metal Client 145,Metal & Engineering,15,22175.09,2026-06-08,2026-06-23,closed,2026-07-09,31.0,16.0,False,False,erratic_payer
INV704338,C1144,Metal Client 145,Metal & Engineering,15,28911.6,2026-07-05,2026-07-20,closed,2026-08-03,29.0,14.0,False,False,erratic_payer
INV704339,C1145,FMCG Client 146,FMCG & Food Processing,45,13299.85,2024-05-14,2024-06-28,closed,2024-06-28,45.0,0.0,False,False,prompt_payer
INV704340,C1145,FMCG Client 146,FMCG & Food Processing,45,29932.87,2024-06-29,2024-08-13,closed,2024-08-14,46.0,1.0,False,False,prompt_payer
INV704341,C1145,FMCG Client 146,FMCG & Food Processing,45,25826.81,2024-08-21,2024-10-05,closed,2024-10-02,42.0,-3.0,False,False,prompt_payer
INV704342,C1145,FMCG Client 146,FMCG & Food Processing,45,22018.18,2024-09-08,2024-10-23,closed,2024-10-20,42.0,-3.0,False,False,prompt_payer
INV704343,C1145,FMCG Client 146,FMCG & Food Processing,45,26641.25,2024-10-17,2024-12-01,closed,2024-11-30,44.0,-1.0,False,False,prompt_payer
INV704344,C1145,FMCG Client 146,FMCG & Food Processing,45,10542.67,2024-10-25,2024-12-09,closed,2024-12-07,43.0,-2.0,False,False,prompt_payer
INV704345,C1145,FMCG Client 146,FMCG & Food Processing,45,14126.08,2025-01-03,2025-02-17,closed,2025-02-19,47.0,2.0,False,False,prompt_payer
INV704346,C1145,FMCG Client 146,FMCG & Food Processing,45,16912.3,2025-07-15,2025-08-29,closed,2025-08-28,44.0,-1.0,False,False,prompt_payer
INV704347,C1145,FMCG Client 146,FMCG & Food Processing,45,39958.63,2025-07-24,2025-09-07,closed,2025-09-06,44.0,-1.0,False,False,prompt_payer
INV704348,C1145,FMCG Client 146,FMCG & Food Processing,45,37857.02,2025-08-22,2025-10-06,closed,2025-10-07,46.0,1.0,False,False,prompt_payer
INV704349,C1145,FMCG Client 146,FMCG & Food Processing,45,29085.72,2026-02-21,2026-04-07,closed,2026-04-06,44.0,-1.0,False,False,prompt_payer
INV704350,C1145,FMCG Client 146,FMCG & Food Processing,45,30224.94,2026-03-27,2026-05-11,closed,2026-05-07,41.0,-4.0,False,False,prompt_payer
INV704351,C1145,FMCG Client 146,FMCG & Food Processing,45,22351.27,2026-04-16,2026-05-31,closed,2026-05-31,45.0,0.0,True,False,prompt_payer
INV704352,C1145,FMCG Client 146,FMCG & Food Processing,45,27560.97,2026-04-30,2026-06-14,closed,2026-06-14,45.0,0.0,False,False,prompt_payer
INV704353,C1145,FMCG Client 146,FMCG & Food Processing,45,30754.82,2026-05-02,2026-06-16,closed,2026-06-15,44.0,-1.0,False,False,prompt_payer
INV704354,C1145,FMCG Client 146,FMCG & Food Processing,45,27111.46,2026-05-15,2026-06-29,closed,2026-07-02,48.0,3.0,False,False,prompt_payer
INV704355,C1145,FMCG Client 146,FMCG & Food Processing,45,19786.01,2026-05-19,2026-07-03,closed,2026-07-01,43.0,-2.0,False,False,prompt_payer
INV704356,C1145,FMCG Client 146,FMCG & Food Processing,45,21042.33,2026-06-16,2026-07-31,disputed_open,,,,False,False,prompt_payer
INV704357,C1145,FMCG Client 146,FMCG & Food Processing,45,20204.32,2026-07-01,2026-08-15,closed,2026-08-12,42.0,-3.0,False,False,prompt_payer
INV704358,C1146,Construction Client 147,Construction & Infra,60,29090.89,2024-02-14,2024-04-14,closed,2024-04-28,74.0,14.0,False,False,deteriorating_payer
INV704359,C1146,Construction Client 147,Construction & Infra,60,10265.79,2024-03-09,2024-05-08,closed,2024-05-09,61.0,1.0,False,False,deteriorating_payer
INV704360,C1146,Construction Client 147,Construction & Infra,60,13096.77,2024-05-07,2024-07-06,closed,2024-07-18,72.0,12.0,False,False,deteriorating_payer
INV704361,C1146,Construction Client 147,Construction & Infra,60,19291.6,2024-05-11,2024-07-10,closed,2024-07-17,67.0,7.0,False,False,deteriorating_payer
INV704362,C1146,Construction Client 147,Construction & Infra,60,33193.77,2024-07-29,2024-09-27,closed,2024-10-09,72.0,12.0,False,False,deteriorating_payer
INV704363,C1146,Construction Client 147,Construction & Infra,60,7892.9,2024-08-20,2024-10-19,closed,2024-11-19,91.0,31.0,False,False,deteriorating_payer
INV704364,C1146,Construction Client 147,Construction & Infra,60,28319.06,2024-08-31,2024-10-30,closed,2024-12-04,95.0,35.0,False,False,deteriorating_payer
INV704365,C1146,Construction Client 147,Construction & Infra,60,22134.37,2024-09-20,2024-11-19,closed,2024-12-03,74.0,14.0,False,False,deteriorating_payer
INV704366,C1146,Construction Client 147,Construction & Infra,60,31816.11,2024-09-22,2024-11-21,closed,2024-12-23,92.0,32.0,False,False,deteriorating_payer
INV704367,C1146,Construction Client 147,Construction & Infra,60,26288.17,2024-09-27,2024-11-26,closed,2025-01-08,103.0,43.0,False,False,deteriorating_payer
INV704368,C1146,Construction Client 147,Construction & Infra,60,11867.43,2024-11-16,2025-01-15,closed,2025-02-04,80.0,20.0,False,False,deteriorating_payer
INV704369,C1146,Construction Client 147,Construction & Infra,60,37398.74,2025-01-03,2025-03-04,closed,2025-03-28,84.0,24.0,False,False,deteriorating_payer
INV704370,C1146,Construction Client 147,Construction & Infra,60,27648.96,2025-01-13,2025-03-14,closed,2025-04-11,88.0,28.0,False,False,deteriorating_payer
INV704371,C1146,Construction Client 147,Construction & Infra,60,12114.02,2025-01-23,2025-03-24,closed,2025-04-11,78.0,18.0,False,False,deteriorating_payer
INV704372,C1146,Construction Client 147,Construction & Infra,60,22482.15,2025-03-17,2025-05-16,closed,2025-06-21,96.0,36.0,False,False,deteriorating_payer
INV704373,C1146,Construction Client 147,Construction & Infra,60,27194.11,2025-04-26,2025-06-25,closed,2025-07-21,86.0,26.0,False,False,deteriorating_payer
INV704374,C1146,Construction Client 147,Construction & Infra,60,36211.03,2025-05-14,2025-07-13,closed,2025-08-19,97.0,37.0,False,False,deteriorating_payer
INV704375,C1146,Construction Client 147,Construction & Infra,60,24004.56,2025-05-15,2025-07-14,closed,2025-08-21,98.0,38.0,False,False,deteriorating_payer
INV704376,C1146,Construction Client 147,Construction & Infra,60,34521.49,2025-06-20,2025-08-19,closed,2025-09-21,93.0,33.0,False,False,deteriorating_payer
INV704377,C1146,Construction Client 147,Construction & Infra,60,21876.48,2025-07-05,2025-09-03,closed,2025-10-05,92.0,32.0,False,False,deteriorating_payer
INV704378,C1146,Construction Client 147,Construction & Infra,60,9438.01,2025-07-11,2025-09-09,closed,2025-10-24,105.0,45.0,False,False,deteriorating_payer
INV704379,C1146,Construction Client 147,Construction & Infra,60,14866.63,2025-09-03,2025-11-02,closed,2025-11-23,81.0,21.0,False,False,deteriorating_payer
INV704380,C1146,Construction Client 147,Construction & Infra,60,38397.64,2025-09-06,2025-11-05,closed,2026-01-08,124.0,64.0,False,False,deteriorating_payer
INV704381,C1146,Construction Client 147,Construction & Infra,60,25377.15,2025-09-11,2025-11-10,closed,2026-01-01,112.0,52.0,False,False,deteriorating_payer
INV704382,C1146,Construction Client 147,Construction & Infra,60,17822.66,2025-09-13,2025-11-12,closed,2025-12-28,106.0,46.0,False,False,deteriorating_payer
INV704383,C1146,Construction Client 147,Construction & Infra,60,24507.15,2025-09-18,2025-11-17,closed,2025-12-27,100.0,40.0,False,False,deteriorating_payer
INV704384,C1146,Construction Client 147,Construction & Infra,60,41597.42,2025-09-25,2025-11-24,closed,2026-01-27,124.0,64.0,False,False,deteriorating_payer
INV704385,C1146,Construction Client 147,Construction & Infra,60,27296.96,2025-10-09,2025-12-08,closed,2026-02-09,123.0,63.0,False,False,deteriorating_payer
INV704386,C1146,Construction Client 147,Construction & Infra,60,39218.41,2025-10-31,2025-12-30,closed,2026-01-21,82.0,22.0,False,False,deteriorating_payer
INV704387,C1146,Construction Client 147,Construction & Infra,60,30212.34,2025-11-11,2026-01-10,closed,2026-02-05,86.0,26.0,False,False,deteriorating_payer
INV704388,C1146,Construction Client 147,Construction & Infra,60,38523.19,2025-12-12,2026-02-10,closed,2026-04-13,122.0,62.0,False,False,deteriorating_payer
INV704389,C1146,Construction Client 147,Construction & Infra,60,26264.73,2025-12-18,2026-02-16,closed,2026-04-14,117.0,57.0,False,False,deteriorating_payer
INV704390,C1146,Construction Client 147,Construction & Infra,60,14858.51,2026-01-27,2026-03-28,closed,2026-05-22,115.0,55.0,False,False,deteriorating_payer
INV704391,C1146,Construction Client 147,Construction & Infra,60,26631.79,2026-03-04,2026-05-03,closed,2026-07-15,133.0,73.0,False,False,deteriorating_payer
INV704392,C1146,Construction Client 147,Construction & Infra,60,26476.39,2026-04-07,2026-06-06,closed,2026-07-17,101.0,41.0,False,False,deteriorating_payer
INV704393,C1146,Construction Client 147,Construction & Infra,60,29938.31,2026-04-13,2026-06-12,open,,,,False,False,deteriorating_payer
INV704394,C1146,Construction Client 147,Construction & Infra,60,24224.16,2026-04-16,2026-06-15,closed,2026-08-14,120.0,60.0,False,False,deteriorating_payer
INV704395,C1146,Construction Client 147,Construction & Infra,60,159183.85,2026-04-18,2026-06-17,closed,2026-08-14,118.0,58.0,False,True,deteriorating_payer
INV704396,C1146,Construction Client 147,Construction & Infra,60,35882.77,2026-05-22,2026-07-21,open,,,,False,False,deteriorating_payer
INV704397,C1146,Construction Client 147,Construction & Infra,60,28648.64,2026-06-12,2026-08-11,open,,,,False,False,deteriorating_payer
INV704398,C1146,Construction Client 147,Construction & Infra,60,32199.92,2026-06-28,2026-08-27,open,,,,False,False,deteriorating_payer
INV704399,C1146,Construction Client 147,Construction & Infra,60,24564.4,2026-07-05,2026-09-03,open,,,,False,False,deteriorating_payer
INV704400,C1146,Construction Client 147,Construction & Infra,60,31104.68,2026-07-30,2026-09-28,open,,,,False,False,deteriorating_payer
INV704401,C1147,FMCG Client 148,FMCG & Food Processing,30,347218.23,2024-02-20,2024-03-21,closed,2024-04-02,42.0,12.0,False,False,seasonal_payer
INV704402,C1147,FMCG Client 148,FMCG & Food Processing,30,381921.19,2024-06-05,2024-07-05,closed,2024-07-07,32.0,2.0,False,False,seasonal_payer
INV704403,C1147,FMCG Client 148,FMCG & Food Processing,30,318905.03,2024-06-27,2024-07-27,closed,2024-08-04,38.0,8.0,False,False,seasonal_payer
INV704404,C1147,FMCG Client 148,FMCG & Food Processing,30,258926.89,2024-08-30,2024-09-29,closed,2024-10-01,32.0,2.0,False,False,seasonal_payer
INV704405,C1147,FMCG Client 148,FMCG & Food Processing,30,975690.79,2024-10-16,2024-11-15,closed,2024-11-21,36.0,6.0,True,True,seasonal_payer
INV704406,C1147,FMCG Client 148,FMCG & Food Processing,30,221753.68,2024-12-24,2025-01-23,closed,2025-01-17,24.0,-6.0,False,False,seasonal_payer
INV704407,C1147,FMCG Client 148,FMCG & Food Processing,30,874599.42,2025-06-11,2025-07-11,closed,2025-07-16,35.0,5.0,False,True,seasonal_payer
INV704408,C1147,FMCG Client 148,FMCG & Food Processing,30,368535.68,2025-07-12,2025-08-11,closed,2025-08-17,36.0,6.0,False,False,seasonal_payer
INV704409,C1147,FMCG Client 148,FMCG & Food Processing,30,244811.17,2025-10-25,2025-11-24,closed,2025-12-05,41.0,11.0,False,False,seasonal_payer
INV704410,C1147,FMCG Client 148,FMCG & Food Processing,30,284443.5,2025-12-22,2026-01-21,closed,2026-01-19,28.0,-2.0,False,False,seasonal_payer
INV704411,C1147,FMCG Client 148,FMCG & Food Processing,30,461680.23,2026-01-17,2026-02-16,closed,2026-02-28,42.0,12.0,False,False,seasonal_payer
INV704412,C1147,FMCG Client 148,FMCG & Food Processing,30,379270.38,2026-02-23,2026-03-25,closed,2026-04-06,42.0,12.0,False,False,seasonal_payer
INV704413,C1147,FMCG Client 148,FMCG & Food Processing,30,347306.74,2026-02-27,2026-03-29,closed,2026-04-09,41.0,11.0,False,False,seasonal_payer
INV704414,C1147,FMCG Client 148,FMCG & Food Processing,30,221023.64,2026-03-16,2026-04-15,closed,2026-04-23,38.0,8.0,False,False,seasonal_payer
INV704415,C1147,FMCG Client 148,FMCG & Food Processing,30,326402.53,2026-05-03,2026-06-02,closed,2026-06-06,34.0,4.0,False,False,seasonal_payer
INV704416,C1147,FMCG Client 148,FMCG & Food Processing,30,99678.42,2026-07-30,2026-08-29,open,,,,False,False,seasonal_payer
INV704417,C1148,Textiles Client 149,Textiles & Apparel,90,76757.88,2024-02-25,2024-05-25,closed,2024-06-30,126.0,36.0,False,False,improving_payer
INV704418,C1148,Textiles Client 149,Textiles & Apparel,90,59598.02,2024-03-04,2024-06-02,closed,2024-07-13,131.0,41.0,False,False,improving_payer
INV704419,C1148,Textiles Client 149,Textiles & Apparel,90,259742.37,2024-04-05,2024-07-04,closed,2024-08-07,124.0,34.0,False,True,improving_payer
INV704420,C1148,Textiles Client 149,Textiles & Apparel,90,60450.03,2024-04-20,2024-07-19,closed,2024-08-30,132.0,42.0,False,False,improving_payer
INV704421,C1148,Textiles Client 149,Textiles & Apparel,90,60149.63,2024-06-13,2024-09-11,closed,2024-10-23,132.0,42.0,False,False,improving_payer
INV704422,C1148,Textiles Client 149,Textiles & Apparel,90,70471.3,2024-08-02,2024-10-31,closed,2024-12-09,129.0,39.0,False,False,improving_payer
INV704423,C1148,Textiles Client 149,Textiles & Apparel,90,59355.65,2024-09-14,2024-12-13,closed,2025-01-13,121.0,31.0,False,False,improving_payer
INV704424,C1148,Textiles Client 149,Textiles & Apparel,90,79987.81,2024-09-21,2024-12-20,closed,2025-01-11,112.0,22.0,False,False,improving_payer
INV704425,C1148,Textiles Client 149,Textiles & Apparel,90,62235.9,2024-10-03,2025-01-01,closed,2025-01-21,110.0,20.0,False,False,improving_payer
INV704426,C1148,Textiles Client 149,Textiles & Apparel,90,56167.56,2024-10-22,2025-01-20,closed,2025-02-02,103.0,13.0,False,False,improving_payer
INV704427,C1148,Textiles Client 149,Textiles & Apparel,90,46404.27,2025-01-12,2025-04-12,closed,2025-04-20,98.0,8.0,False,False,improving_payer
INV704428,C1148,Textiles Client 149,Textiles & Apparel,90,42805.52,2025-02-23,2025-05-24,closed,2025-06-20,117.0,27.0,False,False,improving_payer
INV704429,C1148,Textiles Client 149,Textiles & Apparel,90,99603.31,2025-03-25,2025-06-23,disputed_open,,,,False,False,improving_payer
INV704430,C1148,Textiles Client 149,Textiles & Apparel,90,76902.03,2025-03-27,2025-06-25,closed,2025-07-06,101.0,11.0,False,False,improving_payer
INV704431,C1148,Textiles Client 149,Textiles & Apparel,90,64780.01,2025-08-17,2025-11-15,closed,2025-12-01,106.0,16.0,False,False,improving_payer
INV704432,C1148,Textiles Client 149,Textiles & Apparel,90,33439.43,2025-08-17,2025-11-15,closed,2025-11-24,99.0,9.0,False,False,improving_payer
INV704433,C1148,Textiles Client 149,Textiles & Apparel,90,55238.4,2025-08-22,2025-11-20,closed,2025-12-03,103.0,13.0,False,False,improving_payer
INV704434,C1148,Textiles Client 149,Textiles & Apparel,90,35195.38,2025-10-29,2026-01-27,closed,2026-02-07,101.0,11.0,False,False,improving_payer
INV704435,C1148,Textiles Client 149,Textiles & Apparel,90,49161.84,2025-12-08,2026-03-08,closed,2026-03-16,98.0,8.0,False,False,improving_payer
INV704436,C1148,Textiles Client 149,Textiles & Apparel,90,71553.66,2026-01-16,2026-04-16,closed,2026-04-22,96.0,6.0,False,False,improving_payer
INV704437,C1148,Textiles Client 149,Textiles & Apparel,90,61594.07,2026-05-24,2026-08-22,open,,,,False,False,improving_payer
INV704438,C1148,Textiles Client 149,Textiles & Apparel,90,65901.25,2026-07-15,2026-10-13,open,,,,False,False,improving_payer
INV704439,C1149,Chemicals Client 150,Chemicals & Plastics,45,92164.26,2024-03-06,2024-04-20,closed,2024-04-22,47.0,2.0,False,False,prompt_payer
INV704440,C1149,Chemicals Client 150,Chemicals & Plastics,45,33048.13,2024-03-14,2024-04-28,closed,2024-05-02,49.0,4.0,False,False,prompt_payer
INV704441,C1149,Chemicals Client 150,Chemicals & Plastics,45,64338.72,2024-04-04,2024-05-19,closed,2024-05-13,39.0,-6.0,False,False,prompt_payer
INV704442,C1149,Chemicals Client 150,Chemicals & Plastics,45,112928.8,2024-04-05,2024-05-20,closed,2024-05-18,43.0,-2.0,False,False,prompt_payer
INV704443,C1149,Chemicals Client 150,Chemicals & Plastics,45,57233.85,2024-04-29,2024-06-13,closed,2024-06-12,44.0,-1.0,False,False,prompt_payer
INV704444,C1149,Chemicals Client 150,Chemicals & Plastics,45,73968.33,2024-05-22,2024-07-06,closed,2024-06-30,39.0,-6.0,False,False,prompt_payer
INV704445,C1149,Chemicals Client 150,Chemicals & Plastics,45,63169.05,2024-06-07,2024-07-22,closed,2024-07-18,41.0,-4.0,False,False,prompt_payer
INV704446,C1149,Chemicals Client 150,Chemicals & Plastics,45,58741.97,2024-06-17,2024-08-01,closed,2024-08-04,48.0,3.0,False,False,prompt_payer
INV704447,C1149,Chemicals Client 150,Chemicals & Plastics,45,51766.6,2024-06-25,2024-08-09,closed,2024-08-08,44.0,-1.0,False,False,prompt_payer
INV704448,C1149,Chemicals Client 150,Chemicals & Plastics,45,98456.34,2024-08-09,2024-09-23,closed,2024-09-22,44.0,-1.0,False,False,prompt_payer
INV704449,C1149,Chemicals Client 150,Chemicals & Plastics,45,84881.33,2024-09-08,2024-10-23,closed,2024-10-21,43.0,-2.0,False,False,prompt_payer
INV704450,C1149,Chemicals Client 150,Chemicals & Plastics,45,61616.94,2024-10-03,2024-11-17,closed,2024-11-20,48.0,3.0,False,False,prompt_payer
INV704451,C1149,Chemicals Client 150,Chemicals & Plastics,45,52915.63,2024-11-05,2024-12-20,closed,2024-12-15,40.0,-5.0,False,False,prompt_payer
INV704452,C1149,Chemicals Client 150,Chemicals & Plastics,45,58992.26,2024-11-06,2024-12-21,closed,2024-12-29,53.0,8.0,False,False,prompt_payer
INV704453,C1149,Chemicals Client 150,Chemicals & Plastics,45,74873.39,2024-11-29,2025-01-13,closed,2025-01-09,41.0,-4.0,False,False,prompt_payer
INV704454,C1149,Chemicals Client 150,Chemicals & Plastics,45,70166.9,2024-12-07,2025-01-21,closed,2025-01-19,43.0,-2.0,False,False,prompt_payer
INV704455,C1149,Chemicals Client 150,Chemicals & Plastics,45,77770.54,2024-12-07,2025-01-21,closed,2025-01-18,42.0,-3.0,False,False,prompt_payer
INV704456,C1149,Chemicals Client 150,Chemicals & Plastics,45,53271.14,2024-12-26,2025-02-09,closed,2025-02-06,42.0,-3.0,False,False,prompt_payer
INV704457,C1149,Chemicals Client 150,Chemicals & Plastics,45,42796.92,2025-01-04,2025-02-18,closed,2025-02-16,43.0,-2.0,False,False,prompt_payer
INV704458,C1149,Chemicals Client 150,Chemicals & Plastics,45,73747.19,2025-01-05,2025-02-19,closed,2025-02-18,44.0,-1.0,False,False,prompt_payer
INV704459,C1149,Chemicals Client 150,Chemicals & Plastics,45,92793.09,2025-04-06,2025-05-21,closed,2025-05-22,46.0,1.0,False,False,prompt_payer
INV704460,C1149,Chemicals Client 150,Chemicals & Plastics,45,47290.01,2025-04-23,2025-06-07,closed,2025-06-08,46.0,1.0,False,False,prompt_payer
INV704461,C1149,Chemicals Client 150,Chemicals & Plastics,45,49905.9,2025-05-08,2025-06-22,closed,2025-06-25,48.0,3.0,False,False,prompt_payer
INV704462,C1149,Chemicals Client 150,Chemicals & Plastics,45,127248.84,2025-05-27,2025-07-11,closed,2025-07-12,46.0,1.0,False,False,prompt_payer
INV704463,C1149,Chemicals Client 150,Chemicals & Plastics,45,71401.73,2025-05-31,2025-07-15,closed,2025-07-14,44.0,-1.0,False,False,prompt_payer
INV704464,C1149,Chemicals Client 150,Chemicals & Plastics,45,218662.67,2025-07-04,2025-08-18,closed,2025-08-26,53.0,8.0,False,True,prompt_payer
INV704465,C1149,Chemicals Client 150,Chemicals & Plastics,45,49336.15,2025-08-01,2025-09-15,closed,2025-09-15,45.0,0.0,False,False,prompt_payer
INV704466,C1149,Chemicals Client 150,Chemicals & Plastics,45,44561.99,2025-10-23,2025-12-07,closed,2025-12-03,41.0,-4.0,False,False,prompt_payer
INV704467,C1149,Chemicals Client 150,Chemicals & Plastics,45,62740.26,2025-11-12,2025-12-27,closed,2025-12-24,42.0,-3.0,False,False,prompt_payer
INV704468,C1149,Chemicals Client 150,Chemicals & Plastics,45,66393.6,2025-11-22,2026-01-06,closed,2026-01-04,43.0,-2.0,False,False,prompt_payer
INV704469,C1149,Chemicals Client 150,Chemicals & Plastics,45,46777.82,2026-02-25,2026-04-11,closed,2026-04-09,43.0,-2.0,False,False,prompt_payer
INV704470,C1149,Chemicals Client 150,Chemicals & Plastics,45,61356.35,2026-03-25,2026-05-09,closed,2026-05-11,47.0,2.0,False,False,prompt_payer
INV704471,C1149,Chemicals Client 150,Chemicals & Plastics,45,77867.0,2026-05-18,2026-07-02,closed,2026-07-04,47.0,2.0,False,False,prompt_payer
INV704472,C1149,Chemicals Client 150,Chemicals & Plastics,45,94898.04,2026-06-30,2026-08-14,closed,2026-08-13,44.0,-1.0,False,False,prompt_payer
INV704473,C1149,Chemicals Client 150,Chemicals & Plastics,45,65663.15,2026-07-10,2026-08-24,open,,,,False,False,prompt_payer
INV704474,C1149,Chemicals Client 150,Chemicals & Plastics,45,67248.58,2026-07-26,2026-09-09,open,,,,False,False,prompt_payer
INV704475,C1149,Chemicals Client 150,Chemicals & Plastics,45,47494.74,2026-08-05,2026-09-19,open,,,,False,False,prompt_payer
INV704476,C1150,Textiles Client 151,Textiles & Apparel,45,46191.95,2024-06-06,2024-07-21,closed,2024-07-19,43.0,-2.0,False,False,erratic_payer
INV704477,C1150,Textiles Client 151,Textiles & Apparel,45,54857.65,2024-10-03,2024-11-17,closed,2024-11-21,49.0,4.0,False,False,erratic_payer
INV704478,C1150,Textiles Client 151,Textiles & Apparel,45,10286.85,2025-02-24,2025-04-10,closed,2025-04-04,39.0,-6.0,False,False,erratic_payer
INV704479,C1150,Textiles Client 151,Textiles & Apparel,45,34883.45,2025-07-15,2025-08-29,closed,2025-08-10,26.0,-19.0,False,False,erratic_payer
INV704480,C1150,Textiles Client 151,Textiles & Apparel,45,53040.46,2025-08-01,2025-09-15,closed,2025-09-18,48.0,3.0,False,False,erratic_payer
INV704481,C1150,Textiles Client 151,Textiles & Apparel,45,41427.32,2025-08-09,2025-09-23,closed,2025-10-02,54.0,9.0,False,False,erratic_payer
INV704482,C1150,Textiles Client 151,Textiles & Apparel,45,52230.92,2026-03-18,2026-05-02,closed,2026-05-15,58.0,13.0,False,False,erratic_payer
INV704483,C1150,Textiles Client 151,Textiles & Apparel,45,51253.86,2026-05-04,2026-06-18,closed,2026-07-09,66.0,21.0,False,False,erratic_payer
INV704484,C1150,Textiles Client 151,Textiles & Apparel,45,110494.15,2026-05-12,2026-06-26,closed,2026-07-13,62.0,17.0,False,False,erratic_payer
INV704485,C1150,Textiles Client 151,Textiles & Apparel,45,77183.27,2026-06-20,2026-08-04,closed,2026-08-13,54.0,9.0,False,False,erratic_payer
INV704486,C1150,Textiles Client 151,Textiles & Apparel,45,69897.81,2026-07-03,2026-08-17,open,,,,False,False,erratic_payer
INV704487,C1151,FMCG Client 152,FMCG & Food Processing,30,36643.77,2024-06-01,2024-07-01,closed,2024-06-30,29.0,-1.0,False,False,prompt_payer
INV704488,C1151,FMCG Client 152,FMCG & Food Processing,30,31338.91,2024-09-03,2024-10-03,closed,2024-10-03,30.0,0.0,False,False,prompt_payer
INV704489,C1151,FMCG Client 152,FMCG & Food Processing,30,29035.21,2024-10-12,2024-11-11,closed,2024-11-11,30.0,0.0,False,False,prompt_payer
INV704490,C1151,FMCG Client 152,FMCG & Food Processing,30,14725.06,2024-10-15,2024-11-14,closed,2024-11-13,29.0,-1.0,False,False,prompt_payer
INV704491,C1151,FMCG Client 152,FMCG & Food Processing,30,41696.19,2024-11-16,2024-12-16,closed,2024-12-15,29.0,-1.0,False,False,prompt_payer
INV704492,C1151,FMCG Client 152,FMCG & Food Processing,30,14588.04,2024-11-24,2024-12-24,closed,2024-12-20,26.0,-4.0,False,False,prompt_payer
INV704493,C1151,FMCG Client 152,FMCG & Food Processing,30,20626.11,2024-11-30,2024-12-30,closed,2024-12-25,25.0,-5.0,False,False,prompt_payer
INV704494,C1151,FMCG Client 152,FMCG & Food Processing,30,33177.4,2024-12-21,2025-01-20,closed,2025-01-19,29.0,-1.0,False,False,prompt_payer
INV704495,C1151,FMCG Client 152,FMCG & Food Processing,30,39467.8,2024-12-28,2025-01-27,closed,2025-01-26,29.0,-1.0,False,False,prompt_payer
INV704496,C1151,FMCG Client 152,FMCG & Food Processing,30,137026.02,2025-05-09,2025-06-08,closed,2025-06-09,31.0,1.0,False,True,prompt_payer
INV704497,C1151,FMCG Client 152,FMCG & Food Processing,30,20828.41,2025-09-05,2025-10-05,closed,2025-10-01,26.0,-4.0,False,False,prompt_payer
INV704498,C1151,FMCG Client 152,FMCG & Food Processing,30,31475.04,2025-09-11,2025-10-11,closed,2025-10-06,25.0,-5.0,False,False,prompt_payer
INV704499,C1151,FMCG Client 152,FMCG & Food Processing,30,26915.57,2025-10-28,2025-11-27,closed,2025-11-21,24.0,-6.0,False,False,prompt_payer
INV704500,C1151,FMCG Client 152,FMCG & Food Processing,30,22552.55,2025-11-02,2025-12-02,closed,2025-11-28,26.0,-4.0,False,False,prompt_payer
INV704501,C1151,FMCG Client 152,FMCG & Food Processing,30,32546.31,2025-11-06,2025-12-06,closed,2025-12-05,29.0,-1.0,False,False,prompt_payer
INV704502,C1151,FMCG Client 152,FMCG & Food Processing,30,32009.68,2025-11-09,2025-12-09,closed,2025-12-08,29.0,-1.0,True,False,prompt_payer
INV704503,C1151,FMCG Client 152,FMCG & Food Processing,30,36055.99,2026-05-02,2026-06-01,closed,2026-06-02,31.0,1.0,False,False,prompt_payer
INV704504,C1152,Pharma Client 153,Pharma & Healthcare,45,105261.63,2024-03-04,2024-04-18,closed,2024-05-14,71.0,26.0,False,False,chronic_late_payer
INV704505,C1152,Pharma Client 153,Pharma & Healthcare,45,65755.49,2024-04-02,2024-05-17,closed,2024-06-11,70.0,25.0,False,False,chronic_late_payer
INV704506,C1152,Pharma Client 153,Pharma & Healthcare,45,51334.43,2024-04-27,2024-06-11,closed,2024-07-03,67.0,22.0,False,False,chronic_late_payer
INV704507,C1152,Pharma Client 153,Pharma & Healthcare,45,191479.61,2024-07-13,2024-08-27,closed,2024-09-21,70.0,25.0,False,False,chronic_late_payer
INV704508,C1152,Pharma Client 153,Pharma & Healthcare,45,86395.59,2024-07-23,2024-09-06,closed,2024-10-05,74.0,29.0,False,False,chronic_late_payer
INV704509,C1152,Pharma Client 153,Pharma & Healthcare,45,57692.86,2024-09-01,2024-10-16,closed,2024-11-13,73.0,28.0,False,False,chronic_late_payer
INV704510,C1152,Pharma Client 153,Pharma & Healthcare,45,137447.08,2024-10-17,2024-12-01,closed,2024-12-29,73.0,28.0,False,False,chronic_late_payer
INV704511,C1152,Pharma Client 153,Pharma & Healthcare,45,191855.62,2024-10-27,2024-12-11,closed,2025-01-04,69.0,24.0,False,False,chronic_late_payer
INV704512,C1152,Pharma Client 153,Pharma & Healthcare,45,168275.54,2024-11-15,2024-12-30,closed,2025-01-25,71.0,26.0,False,False,chronic_late_payer
INV704513,C1152,Pharma Client 153,Pharma & Healthcare,45,113383.35,2024-12-01,2025-01-15,closed,2025-02-10,71.0,26.0,False,False,chronic_late_payer
INV704514,C1152,Pharma Client 153,Pharma & Healthcare,45,119463.98,2024-12-06,2025-01-20,closed,2025-02-14,70.0,25.0,False,False,chronic_late_payer
INV704515,C1152,Pharma Client 153,Pharma & Healthcare,45,121571.48,2024-12-13,2025-01-27,closed,2025-02-22,71.0,26.0,False,False,chronic_late_payer
INV704516,C1152,Pharma Client 153,Pharma & Healthcare,45,162775.89,2024-12-17,2025-01-31,closed,2025-02-25,70.0,25.0,False,False,chronic_late_payer
INV704517,C1152,Pharma Client 153,Pharma & Healthcare,45,126403.82,2025-03-24,2025-05-08,closed,2025-05-27,64.0,19.0,False,False,chronic_late_payer
INV704518,C1152,Pharma Client 153,Pharma & Healthcare,45,100553.57,2025-04-06,2025-05-21,disputed_open,,,,False,False,chronic_late_payer
INV704519,C1152,Pharma Client 153,Pharma & Healthcare,45,90543.67,2025-04-16,2025-05-31,closed,2025-06-27,72.0,27.0,False,False,chronic_late_payer
INV704520,C1152,Pharma Client 153,Pharma & Healthcare,45,64096.64,2025-04-25,2025-06-09,closed,2025-07-06,72.0,27.0,False,False,chronic_late_payer
INV704521,C1152,Pharma Client 153,Pharma & Healthcare,45,101080.92,2025-06-05,2025-07-20,closed,2025-08-13,69.0,24.0,False,False,chronic_late_payer
INV704522,C1152,Pharma Client 153,Pharma & Healthcare,45,99852.0,2025-06-07,2025-07-22,closed,2025-08-22,76.0,31.0,False,False,chronic_late_payer
INV704523,C1152,Pharma Client 153,Pharma & Healthcare,45,181687.58,2025-06-20,2025-08-04,closed,2025-08-26,67.0,22.0,False,False,chronic_late_payer
INV704524,C1152,Pharma Client 153,Pharma & Healthcare,45,146029.77,2025-07-19,2025-09-02,closed,2025-09-28,71.0,26.0,False,False,chronic_late_payer
INV704525,C1152,Pharma Client 153,Pharma & Healthcare,45,123316.61,2025-08-09,2025-09-23,closed,2025-10-19,71.0,26.0,False,False,chronic_late_payer
INV704526,C1152,Pharma Client 153,Pharma & Healthcare,45,102156.63,2025-08-20,2025-10-04,closed,2025-10-27,68.0,23.0,False,False,chronic_late_payer
INV704527,C1152,Pharma Client 153,Pharma & Healthcare,45,5506.38,2025-09-01,2025-10-16,closed,2025-11-12,72.0,27.0,False,False,chronic_late_payer
INV704528,C1152,Pharma Client 153,Pharma & Healthcare,45,189475.04,2025-11-24,2026-01-08,closed,2026-02-01,69.0,24.0,False,False,chronic_late_payer
INV704529,C1152,Pharma Client 153,Pharma & Healthcare,45,115160.24,2025-12-15,2026-01-29,closed,2026-02-26,73.0,28.0,False,False,chronic_late_payer
INV704530,C1152,Pharma Client 153,Pharma & Healthcare,45,121352.79,2025-12-16,2026-01-30,closed,2026-02-28,74.0,29.0,False,False,chronic_late_payer
INV704531,C1152,Pharma Client 153,Pharma & Healthcare,45,160807.19,2026-01-01,2026-02-15,closed,2026-03-15,73.0,28.0,False,False,chronic_late_payer
INV704532,C1152,Pharma Client 153,Pharma & Healthcare,45,133038.59,2026-01-22,2026-03-08,closed,2026-03-31,68.0,23.0,False,False,chronic_late_payer
INV704533,C1152,Pharma Client 153,Pharma & Healthcare,45,89958.4,2026-02-18,2026-04-04,closed,2026-04-29,70.0,25.0,False,False,chronic_late_payer
INV704534,C1152,Pharma Client 153,Pharma & Healthcare,45,28567.57,2026-02-19,2026-04-05,closed,2026-04-27,67.0,22.0,False,False,chronic_late_payer
INV704535,C1152,Pharma Client 153,Pharma & Healthcare,45,83860.82,2026-03-09,2026-04-23,closed,2026-05-15,67.0,22.0,False,False,chronic_late_payer
INV704536,C1152,Pharma Client 153,Pharma & Healthcare,45,72759.67,2026-03-14,2026-04-28,closed,2026-05-26,73.0,28.0,False,False,chronic_late_payer
INV704537,C1152,Pharma Client 153,Pharma & Healthcare,45,88917.06,2026-03-20,2026-05-04,closed,2026-05-31,72.0,27.0,False,False,chronic_late_payer
INV704538,C1152,Pharma Client 153,Pharma & Healthcare,45,146749.93,2026-06-06,2026-07-21,open,,,,False,False,chronic_late_payer
INV704539,C1152,Pharma Client 153,Pharma & Healthcare,45,58315.39,2026-07-02,2026-08-16,open,,,,False,False,chronic_late_payer
INV704540,C1152,Pharma Client 153,Pharma & Healthcare,45,177213.42,2026-07-03,2026-08-17,open,,,,False,False,chronic_late_payer
INV704541,C1152,Pharma Client 153,Pharma & Healthcare,45,102986.11,2026-07-29,2026-09-12,open,,,,False,False,chronic_late_payer
INV704542,C1152,Pharma Client 153,Pharma & Healthcare,45,89155.65,2026-08-09,2026-09-23,open,,,,False,False,chronic_late_payer
INV704543,C1153,Electronics Client 154,Electronics & Electricals,30,91217.2,2024-02-28,2024-03-29,closed,2024-04-01,33.0,3.0,False,False,deteriorating_payer
INV704544,C1153,Electronics Client 154,Electronics & Electricals,30,54997.38,2024-06-11,2024-07-11,closed,2024-07-19,38.0,8.0,False,False,deteriorating_payer
INV704545,C1153,Electronics Client 154,Electronics & Electricals,30,49326.07,2024-06-13,2024-07-13,closed,2024-07-18,35.0,5.0,False,False,deteriorating_payer
INV704546,C1153,Electronics Client 154,Electronics & Electricals,30,179679.29,2024-07-12,2024-08-11,closed,2024-08-24,43.0,13.0,False,True,deteriorating_payer
INV704547,C1153,Electronics Client 154,Electronics & Electricals,30,82043.6,2024-08-07,2024-09-06,closed,2024-09-21,45.0,15.0,False,False,deteriorating_payer
INV704548,C1153,Electronics Client 154,Electronics & Electricals,30,65672.46,2024-09-05,2024-10-05,closed,2024-10-14,39.0,9.0,False,False,deteriorating_payer
INV704549,C1153,Electronics Client 154,Electronics & Electricals,30,78835.18,2024-09-11,2024-10-11,closed,2024-11-02,52.0,22.0,False,False,deteriorating_payer
INV704550,C1153,Electronics Client 154,Electronics & Electricals,30,262032.19,2024-10-03,2024-11-02,closed,2024-11-10,38.0,8.0,False,True,deteriorating_payer
INV704551,C1153,Electronics Client 154,Electronics & Electricals,30,82709.78,2024-10-15,2024-11-14,closed,2024-11-24,40.0,10.0,False,False,deteriorating_payer
INV704552,C1153,Electronics Client 154,Electronics & Electricals,30,167437.14,2024-10-31,2024-11-30,closed,2024-12-25,55.0,25.0,False,True,deteriorating_payer
INV704553,C1153,Electronics Client 154,Electronics & Electricals,30,87975.16,2024-11-16,2024-12-16,closed,2025-01-07,52.0,22.0,False,False,deteriorating_payer
INV704554,C1153,Electronics Client 154,Electronics & Electricals,30,46554.06,2024-11-26,2024-12-26,closed,2025-01-14,49.0,19.0,False,False,deteriorating_payer
INV704555,C1153,Electronics Client 154,Electronics & Electricals,30,38428.35,2024-12-02,2025-01-01,closed,2025-01-21,50.0,20.0,False,False,deteriorating_payer
INV704556,C1153,Electronics Client 154,Electronics & Electricals,30,37499.15,2025-01-18,2025-02-17,closed,2025-02-27,40.0,10.0,False,False,deteriorating_payer
INV704557,C1153,Electronics Client 154,Electronics & Electricals,30,68942.48,2025-01-22,2025-02-21,closed,2025-03-17,54.0,24.0,False,False,deteriorating_payer
INV704558,C1153,Electronics Client 154,Electronics & Electricals,30,63282.18,2025-02-20,2025-03-22,closed,2025-04-12,51.0,21.0,False,False,deteriorating_payer
INV704559,C1153,Electronics Client 154,Electronics & Electricals,30,35254.16,2025-04-21,2025-05-21,closed,2025-06-19,59.0,29.0,False,False,deteriorating_payer
INV704560,C1153,Electronics Client 154,Electronics & Electricals,30,30408.91,2025-04-22,2025-05-22,closed,2025-06-02,41.0,11.0,False,False,deteriorating_payer
INV704561,C1153,Electronics Client 154,Electronics & Electricals,30,87144.48,2025-04-23,2025-05-23,closed,2025-06-22,60.0,30.0,False,False,deteriorating_payer
INV704562,C1153,Electronics Client 154,Electronics & Electricals,30,76543.64,2025-05-04,2025-06-03,closed,2025-06-19,46.0,16.0,False,False,deteriorating_payer
INV704563,C1153,Electronics Client 154,Electronics & Electricals,30,68188.43,2025-05-09,2025-06-08,disputed_open,,,,False,False,deteriorating_payer
INV704564,C1153,Electronics Client 154,Electronics & Electricals,30,42071.67,2025-05-18,2025-06-17,closed,2025-07-14,57.0,27.0,False,False,deteriorating_payer
INV704565,C1153,Electronics Client 154,Electronics & Electricals,30,62665.26,2025-05-30,2025-06-29,closed,2025-07-17,48.0,18.0,False,False,deteriorating_payer
INV704566,C1153,Electronics Client 154,Electronics & Electricals,30,76981.79,2025-06-15,2025-07-15,closed,2025-08-13,59.0,29.0,False,False,deteriorating_payer
INV704567,C1153,Electronics Client 154,Electronics & Electricals,30,47022.9,2025-06-29,2025-07-29,closed,2025-08-18,50.0,20.0,False,False,deteriorating_payer
INV704568,C1153,Electronics Client 154,Electronics & Electricals,30,82649.5,2025-09-28,2025-10-28,closed,2025-11-04,37.0,7.0,False,False,deteriorating_payer
INV704569,C1153,Electronics Client 154,Electronics & Electricals,30,55465.82,2025-09-29,2025-10-29,closed,2025-12-02,64.0,34.0,False,False,deteriorating_payer
INV704570,C1153,Electronics Client 154,Electronics & Electricals,30,56861.69,2025-09-30,2025-10-30,closed,2025-12-19,80.0,50.0,False,False,deteriorating_payer
INV704571,C1153,Electronics Client 154,Electronics & Electricals,30,97448.58,2025-12-10,2026-01-09,closed,2026-02-20,72.0,42.0,False,False,deteriorating_payer
INV704572,C1153,Electronics Client 154,Electronics & Electricals,30,58988.91,2025-12-31,2026-01-30,closed,2026-03-04,63.0,33.0,False,False,deteriorating_payer
INV704573,C1153,Electronics Client 154,Electronics & Electricals,30,51967.67,2026-02-03,2026-03-05,closed,2026-04-04,60.0,30.0,False,False,deteriorating_payer
INV704574,C1153,Electronics Client 154,Electronics & Electricals,30,65062.05,2026-02-04,2026-03-06,closed,2026-05-01,86.0,56.0,False,False,deteriorating_payer
INV704575,C1153,Electronics Client 154,Electronics & Electricals,30,74410.15,2026-03-20,2026-04-19,closed,2026-05-20,61.0,31.0,False,False,deteriorating_payer
INV704576,C1153,Electronics Client 154,Electronics & Electricals,30,53441.65,2026-05-13,2026-06-12,closed,2026-07-30,78.0,48.0,True,False,deteriorating_payer
INV704577,C1153,Electronics Client 154,Electronics & Electricals,30,71587.1,2026-06-02,2026-07-02,open,,,,False,False,deteriorating_payer
INV704578,C1153,Electronics Client 154,Electronics & Electricals,30,53979.02,2026-06-24,2026-07-24,open,,,,False,False,deteriorating_payer
INV704579,C1153,Electronics Client 154,Electronics & Electricals,30,98354.51,2026-07-27,2026-08-26,open,,,,False,False,deteriorating_payer
INV704580,C1153,Electronics Client 154,Electronics & Electricals,30,33301.78,2026-08-11,2026-09-10,open,,,,False,False,deteriorating_payer
INV704581,C1154,Electronics Client 155,Electronics & Electricals,45,480065.59,2024-02-22,2024-04-07,closed,2024-04-21,59.0,14.0,False,False,average_payer
INV704582,C1154,Electronics Client 155,Electronics & Electricals,45,710459.52,2024-03-05,2024-04-19,closed,2024-05-01,57.0,12.0,False,False,average_payer
INV704583,C1154,Electronics Client 155,Electronics & Electricals,45,928463.08,2024-03-09,2024-04-23,closed,2024-04-23,45.0,0.0,False,False,average_payer
INV704584,C1154,Electronics Client 155,Electronics & Electricals,45,634677.66,2024-03-13,2024-04-27,closed,2024-04-28,46.0,1.0,False,False,average_payer
INV704585,C1154,Electronics Client 155,Electronics & Electricals,45,891854.72,2024-05-15,2024-06-29,closed,2024-07-10,56.0,11.0,False,False,average_payer
INV704586,C1154,Electronics Client 155,Electronics & Electricals,45,692069.3,2024-07-09,2024-08-23,closed,2024-08-26,48.0,3.0,False,False,average_payer
INV704587,C1154,Electronics Client 155,Electronics & Electricals,45,707101.91,2024-07-27,2024-09-10,closed,2024-09-03,38.0,-7.0,False,False,average_payer
INV704588,C1154,Electronics Client 155,Electronics & Electricals,45,667744.22,2024-07-28,2024-09-11,closed,2024-09-27,61.0,16.0,False,False,average_payer
INV704589,C1154,Electronics Client 155,Electronics & Electricals,45,418785.9,2024-08-02,2024-09-16,closed,2024-09-25,54.0,9.0,False,False,average_payer
INV704590,C1154,Electronics Client 155,Electronics & Electricals,45,797143.22,2024-08-18,2024-10-02,closed,2024-10-11,54.0,9.0,False,False,average_payer
INV704591,C1154,Electronics Client 155,Electronics & Electricals,45,877502.16,2024-08-18,2024-10-02,closed,2024-09-24,37.0,-8.0,False,False,average_payer
INV704592,C1154,Electronics Client 155,Electronics & Electricals,45,770641.61,2024-09-28,2024-11-12,closed,2024-11-14,47.0,2.0,False,False,average_payer
INV704593,C1154,Electronics Client 155,Electronics & Electricals,45,630908.4,2024-10-20,2024-12-04,closed,2024-12-10,51.0,6.0,False,False,average_payer
INV704594,C1154,Electronics Client 155,Electronics & Electricals,45,839662.58,2024-11-03,2024-12-18,closed,2024-12-31,58.0,13.0,False,False,average_payer
INV704595,C1154,Electronics Client 155,Electronics & Electricals,45,880499.1,2025-01-14,2025-02-28,closed,2025-03-17,62.0,17.0,False,False,average_payer
INV704596,C1154,Electronics Client 155,Electronics & Electricals,45,607322.33,2025-01-16,2025-03-02,closed,2025-03-13,56.0,11.0,False,False,average_payer
INV704597,C1154,Electronics Client 155,Electronics & Electricals,45,1035152.37,2025-02-14,2025-03-31,closed,2025-03-25,39.0,-6.0,False,False,average_payer
INV704598,C1154,Electronics Client 155,Electronics & Electricals,45,657770.98,2025-02-21,2025-04-07,closed,2025-04-24,62.0,17.0,False,False,average_payer
INV704599,C1154,Electronics Client 155,Electronics & Electricals,45,352824.29,2025-02-28,2025-04-14,closed,2025-04-23,54.0,9.0,False,False,average_payer
INV704600,C1154,Electronics Client 155,Electronics & Electricals,45,536422.2,2025-03-11,2025-04-25,closed,2025-04-22,42.0,-3.0,False,False,average_payer
INV704601,C1154,Electronics Client 155,Electronics & Electricals,45,857448.41,2025-04-06,2025-05-21,closed,2025-06-08,63.0,18.0,False,False,average_payer
INV704602,C1154,Electronics Client 155,Electronics & Electricals,45,997538.93,2025-04-11,2025-05-26,closed,2025-05-31,50.0,5.0,False,False,average_payer
INV704603,C1154,Electronics Client 155,Electronics & Electricals,45,695301.84,2025-05-17,2025-07-01,closed,2025-07-06,50.0,5.0,False,False,average_payer
INV704604,C1154,Electronics Client 155,Electronics & Electricals,45,976427.32,2025-05-17,2025-07-01,closed,2025-07-19,63.0,18.0,False,False,average_payer
INV704605,C1154,Electronics Client 155,Electronics & Electricals,45,846998.48,2025-05-17,2025-07-01,disputed_open,,,,False,False,average_payer
INV704606,C1154,Electronics Client 155,Electronics & Electricals,45,895129.73,2025-06-08,2025-07-23,closed,2025-07-19,41.0,-4.0,False,False,average_payer
INV704607,C1154,Electronics Client 155,Electronics & Electricals,45,944324.46,2025-06-13,2025-07-28,closed,2025-08-05,53.0,8.0,False,False,average_payer
INV704608,C1154,Electronics Client 155,Electronics & Electricals,45,595932.92,2025-06-14,2025-07-29,closed,2025-08-05,52.0,7.0,False,False,average_payer
INV704609,C1154,Electronics Client 155,Electronics & Electricals,45,454955.16,2025-07-01,2025-08-15,closed,2025-08-07,37.0,-8.0,False,False,average_payer
INV704610,C1154,Electronics Client 155,Electronics & Electricals,45,1162377.31,2025-08-14,2025-09-28,closed,2025-09-27,44.0,-1.0,False,False,average_payer
INV704611,C1154,Electronics Client 155,Electronics & Electricals,45,795205.69,2025-10-03,2025-11-17,closed,2025-11-15,43.0,-2.0,False,False,average_payer
INV704612,C1154,Electronics Client 155,Electronics & Electricals,45,1111049.29,2025-10-07,2025-11-21,closed,2025-11-23,47.0,2.0,False,False,average_payer
INV704613,C1154,Electronics Client 155,Electronics & Electricals,45,1106458.07,2025-10-10,2025-11-24,closed,2025-11-27,48.0,3.0,False,False,average_payer
INV704614,C1154,Electronics Client 155,Electronics & Electricals,45,248981.88,2025-10-14,2025-11-28,closed,2025-12-02,49.0,4.0,False,False,average_payer
INV704615,C1154,Electronics Client 155,Electronics & Electricals,45,812895.23,2025-11-08,2025-12-23,closed,2026-01-05,58.0,13.0,False,False,average_payer
INV704616,C1154,Electronics Client 155,Electronics & Electricals,45,925210.08,2026-01-04,2026-02-18,closed,2026-02-24,51.0,6.0,False,False,average_payer
INV704617,C1154,Electronics Client 155,Electronics & Electricals,45,993219.23,2026-01-06,2026-02-20,closed,2026-02-25,50.0,5.0,False,False,average_payer
INV704618,C1154,Electronics Client 155,Electronics & Electricals,45,445932.26,2026-01-19,2026-03-05,closed,2026-03-04,44.0,-1.0,False,False,average_payer
INV704619,C1154,Electronics Client 155,Electronics & Electricals,45,902519.8,2026-01-24,2026-03-10,closed,2026-03-14,49.0,4.0,False,False,average_payer
INV704620,C1154,Electronics Client 155,Electronics & Electricals,45,579173.65,2026-01-27,2026-03-13,closed,2026-03-19,51.0,6.0,False,False,average_payer
INV704621,C1154,Electronics Client 155,Electronics & Electricals,45,517772.16,2026-01-28,2026-03-14,closed,2026-03-19,50.0,5.0,False,False,average_payer
INV704622,C1154,Electronics Client 155,Electronics & Electricals,45,1040458.35,2026-02-25,2026-04-11,closed,2026-04-19,53.0,8.0,False,False,average_payer
INV704623,C1154,Electronics Client 155,Electronics & Electricals,45,948687.03,2026-03-02,2026-04-16,closed,2026-04-22,51.0,6.0,False,False,average_payer
INV704624,C1154,Electronics Client 155,Electronics & Electricals,45,1348236.96,2026-03-17,2026-05-01,closed,2026-04-29,43.0,-2.0,False,False,average_payer
INV704625,C1154,Electronics Client 155,Electronics & Electricals,45,1080709.79,2026-03-27,2026-05-11,closed,2026-05-13,47.0,2.0,False,False,average_payer
INV704626,C1154,Electronics Client 155,Electronics & Electricals,45,937197.23,2026-04-03,2026-05-18,closed,2026-05-26,53.0,8.0,False,False,average_payer
INV704627,C1154,Electronics Client 155,Electronics & Electricals,45,391120.26,2026-04-15,2026-05-30,closed,2026-06-11,57.0,12.0,False,False,average_payer
INV704628,C1154,Electronics Client 155,Electronics & Electricals,45,526252.24,2026-05-11,2026-06-25,disputed_open,,,,False,False,average_payer
INV704629,C1154,Electronics Client 155,Electronics & Electricals,45,804428.83,2026-07-09,2026-08-23,open,,,,False,False,average_payer
INV704630,C1154,Electronics Client 155,Electronics & Electricals,45,836919.62,2026-08-01,2026-09-15,open,,,,False,False,average_payer
INV704631,C1154,Electronics Client 155,Electronics & Electricals,45,219452.25,2026-08-04,2026-09-18,open,,,,False,False,average_payer
INV704632,C1154,Electronics Client 155,Electronics & Electricals,45,964805.65,2026-08-09,2026-09-23,open,,,,False,False,average_payer
INV704633,C1155,Construction Client 156,Construction & Infra,60,426191.33,2024-02-14,2024-04-14,closed,2024-06-10,117.0,57.0,False,False,improving_payer
INV704634,C1155,Construction Client 156,Construction & Infra,60,335889.44,2024-04-04,2024-06-03,closed,2024-06-24,81.0,21.0,False,False,improving_payer
INV704635,C1155,Construction Client 156,Construction & Infra,60,372000.9,2024-04-14,2024-06-13,closed,2024-08-06,114.0,54.0,False,False,improving_payer
INV704636,C1155,Construction Client 156,Construction & Infra,60,355186.28,2024-04-15,2024-06-14,closed,2024-08-03,110.0,50.0,False,False,improving_payer
INV704637,C1155,Construction Client 156,Construction & Infra,60,346048.06,2024-05-23,2024-07-22,closed,2024-09-19,119.0,59.0,False,False,improving_payer
INV704638,C1155,Construction Client 156,Construction & Infra,60,308734.05,2024-06-09,2024-08-08,closed,2024-10-16,129.0,69.0,False,False,improving_payer
INV704639,C1155,Construction Client 156,Construction & Infra,60,230584.42,2024-06-15,2024-08-14,closed,2024-09-24,101.0,41.0,False,False,improving_payer
INV704640,C1155,Construction Client 156,Construction & Infra,60,229056.22,2024-07-20,2024-09-18,closed,2024-11-08,111.0,51.0,False,False,improving_payer
INV704641,C1155,Construction Client 156,Construction & Infra,60,410293.05,2024-07-27,2024-09-25,closed,2024-11-13,109.0,49.0,False,False,improving_payer
INV704642,C1155,Construction Client 156,Construction & Infra,60,1831923.39,2024-08-06,2024-10-05,closed,2024-11-29,115.0,55.0,False,True,improving_payer
INV704643,C1155,Construction Client 156,Construction & Infra,60,211427.35,2024-09-12,2024-11-11,closed,2025-01-02,112.0,52.0,False,False,improving_payer
INV704644,C1155,Construction Client 156,Construction & Infra,60,1771567.01,2024-11-22,2025-01-21,closed,2025-03-11,109.0,49.0,False,True,improving_payer
INV704645,C1155,Construction Client 156,Construction & Infra,60,203315.6,2024-11-28,2025-01-27,closed,2025-02-26,90.0,30.0,False,False,improving_payer
INV704646,C1155,Construction Client 156,Construction & Infra,60,332155.6,2025-02-13,2025-04-14,closed,2025-05-26,102.0,42.0,False,False,improving_payer
INV704647,C1155,Construction Client 156,Construction & Infra,60,84764.27,2025-02-27,2025-04-28,closed,2025-06-08,101.0,41.0,False,False,improving_payer
INV704648,C1155,Construction Client 156,Construction & Infra,60,342691.08,2025-03-17,2025-05-16,closed,2025-06-28,103.0,43.0,False,False,improving_payer
INV704649,C1155,Construction Client 156,Construction & Infra,60,447475.29,2025-04-04,2025-06-03,closed,2025-07-14,101.0,41.0,False,False,improving_payer
INV704650,C1155,Construction Client 156,Construction & Infra,60,391563.34,2025-05-12,2025-07-11,closed,2025-08-20,100.0,40.0,False,False,improving_payer
INV704651,C1155,Construction Client 156,Construction & Infra,60,266142.05,2025-06-25,2025-08-24,closed,2025-09-21,88.0,28.0,False,False,improving_payer
INV704652,C1155,Construction Client 156,Construction & Infra,60,234269.21,2025-07-12,2025-09-10,closed,2025-10-04,84.0,24.0,False,False,improving_payer
INV704653,C1155,Construction Client 156,Construction & Infra,60,219937.39,2025-07-16,2025-09-14,closed,2025-10-23,99.0,39.0,False,False,improving_payer
INV704654,C1155,Construction Client 156,Construction & Infra,60,385903.6,2025-08-05,2025-10-04,closed,2025-11-09,96.0,36.0,False,False,improving_payer
INV704655,C1155,Construction Client 156,Construction & Infra,60,178649.82,2025-09-23,2025-11-22,closed,2025-12-17,85.0,25.0,False,False,improving_payer
INV704656,C1155,Construction Client 156,Construction & Infra,60,332785.81,2025-10-07,2025-12-06,closed,2026-01-03,88.0,28.0,False,False,improving_payer
INV704657,C1155,Construction Client 156,Construction & Infra,60,661593.49,2025-10-19,2025-12-18,closed,2026-01-16,89.0,29.0,False,True,improving_payer
INV704658,C1155,Construction Client 156,Construction & Infra,60,299493.56,2025-10-21,2025-12-20,closed,2026-01-12,83.0,23.0,False,False,improving_payer
INV704659,C1155,Construction Client 156,Construction & Infra,60,234110.81,2025-10-31,2025-12-30,closed,2026-01-18,79.0,19.0,False,False,improving_payer
INV704660,C1155,Construction Client 156,Construction & Infra,60,1725979.85,2025-11-21,2026-01-20,closed,2026-02-01,72.0,12.0,False,True,improving_payer
INV704661,C1155,Construction Client 156,Construction & Infra,60,229444.1,2025-11-24,2026-01-23,closed,2026-02-23,91.0,31.0,False,False,improving_payer
INV704662,C1155,Construction Client 156,Construction & Infra,60,209161.91,2025-12-25,2026-02-23,closed,2026-03-30,95.0,35.0,False,False,improving_payer
INV704663,C1155,Construction Client 156,Construction & Infra,60,285246.54,2025-12-30,2026-02-28,closed,2026-03-26,86.0,26.0,False,False,improving_payer
INV704664,C1155,Construction Client 156,Construction & Infra,60,361211.35,2026-02-02,2026-04-03,closed,2026-04-13,70.0,10.0,False,False,improving_payer
INV704665,C1155,Construction Client 156,Construction & Infra,60,222094.04,2026-02-20,2026-04-21,closed,2026-05-13,82.0,22.0,False,False,improving_payer
INV704666,C1155,Construction Client 156,Construction & Infra,60,298901.51,2026-02-24,2026-04-25,closed,2026-04-20,55.0,-5.0,False,False,improving_payer
INV704667,C1155,Construction Client 156,Construction & Infra,60,442383.6,2026-02-28,2026-04-29,closed,2026-05-19,80.0,20.0,False,False,improving_payer
INV704668,C1155,Construction Client 156,Construction & Infra,60,410876.26,2026-03-01,2026-04-30,closed,2026-04-30,60.0,0.0,False,False,improving_payer
INV704669,C1155,Construction Client 156,Construction & Infra,60,124027.15,2026-04-19,2026-06-18,closed,2026-06-28,70.0,10.0,False,False,improving_payer
INV704670,C1155,Construction Client 156,Construction & Infra,60,381744.53,2026-06-22,2026-08-21,open,,,,False,False,improving_payer
INV704671,C1155,Construction Client 156,Construction & Infra,60,320846.35,2026-07-27,2026-09-25,open,,,,False,False,improving_payer
INV704672,C1155,Construction Client 156,Construction & Infra,60,235526.02,2026-08-05,2026-10-04,open,,,,False,False,improving_payer
INV704673,C1155,Construction Client 156,Construction & Infra,60,374483.29,2026-08-09,2026-10-08,open,,,,False,False,improving_payer
INV704674,C1156,Auto Client 157,Auto Components,30,1252440.09,2024-02-14,2024-03-15,closed,2024-04-17,63.0,33.0,False,False,chronic_late_payer
INV704675,C1156,Auto Client 157,Auto Components,30,2461515.99,2024-03-31,2024-04-30,closed,2024-05-31,61.0,31.0,False,False,chronic_late_payer
INV704676,C1156,Auto Client 157,Auto Components,30,1795307.81,2024-05-20,2024-06-19,closed,2024-07-21,62.0,32.0,False,False,chronic_late_payer
INV704677,C1156,Auto Client 157,Auto Components,30,2075287.55,2024-07-24,2024-08-23,closed,2024-09-21,59.0,29.0,False,False,chronic_late_payer
INV704678,C1156,Auto Client 157,Auto Components,30,2633054.19,2024-11-27,2024-12-27,closed,2025-01-27,61.0,31.0,False,False,chronic_late_payer
INV704679,C1156,Auto Client 157,Auto Components,30,1793459.47,2025-01-27,2025-02-26,closed,2025-03-29,61.0,31.0,False,False,chronic_late_payer
INV704680,C1156,Auto Client 157,Auto Components,30,1672356.89,2025-02-07,2025-03-09,closed,2025-04-10,62.0,32.0,False,False,chronic_late_payer
INV704681,C1156,Auto Client 157,Auto Components,30,1934303.33,2025-02-10,2025-03-12,closed,2025-04-16,65.0,35.0,False,False,chronic_late_payer
INV704682,C1156,Auto Client 157,Auto Components,30,1769835.36,2025-04-09,2025-05-09,closed,2025-06-04,56.0,26.0,False,False,chronic_late_payer
INV704683,C1156,Auto Client 157,Auto Components,30,2170553.19,2025-08-10,2025-09-09,closed,2025-10-10,61.0,31.0,False,False,chronic_late_payer
INV704684,C1156,Auto Client 157,Auto Components,30,829243.01,2025-08-20,2025-09-19,closed,2025-10-17,58.0,28.0,False,False,chronic_late_payer
INV704685,C1156,Auto Client 157,Auto Components,30,1297196.14,2025-08-27,2025-09-26,closed,2025-10-27,61.0,31.0,False,False,chronic_late_payer
INV704686,C1156,Auto Client 157,Auto Components,30,2358520.91,2025-09-04,2025-10-04,closed,2025-11-02,59.0,29.0,False,False,chronic_late_payer
INV704687,C1156,Auto Client 157,Auto Components,30,1062024.13,2025-09-27,2025-10-27,closed,2025-11-23,57.0,27.0,False,False,chronic_late_payer
INV704688,C1156,Auto Client 157,Auto Components,30,1852159.23,2025-10-04,2025-11-03,closed,2025-12-07,64.0,34.0,False,False,chronic_late_payer
INV704689,C1156,Auto Client 157,Auto Components,30,1902054.83,2025-11-16,2025-12-16,closed,2026-01-17,62.0,32.0,False,False,chronic_late_payer
INV704690,C1156,Auto Client 157,Auto Components,30,7078807.75,2026-03-12,2026-04-11,closed,2026-05-08,57.0,27.0,False,True,chronic_late_payer
INV704691,C1156,Auto Client 157,Auto Components,30,1586564.52,2026-07-12,2026-08-11,open,,,,False,False,chronic_late_payer
INV704692,C1157,Retail Client 158,Retail & Distribution,30,31950.78,2024-02-14,2024-03-15,closed,2024-03-11,26.0,-4.0,False,False,prompt_payer
INV704693,C1157,Retail Client 158,Retail & Distribution,30,296201.32,2024-02-19,2024-03-20,closed,2024-03-21,31.0,1.0,False,True,prompt_payer
INV704694,C1157,Retail Client 158,Retail & Distribution,30,32375.08,2024-06-02,2024-07-02,closed,2024-07-02,30.0,0.0,False,False,prompt_payer
INV704695,C1157,Retail Client 158,Retail & Distribution,30,48298.63,2024-06-06,2024-07-06,closed,2024-07-03,27.0,-3.0,False,False,prompt_payer
INV704696,C1157,Retail Client 158,Retail & Distribution,30,15510.2,2024-08-16,2024-09-15,closed,2024-09-11,26.0,-4.0,False,False,prompt_payer
INV704697,C1157,Retail Client 158,Retail & Distribution,30,73170.07,2024-09-02,2024-10-02,closed,2024-09-28,26.0,-4.0,False,False,prompt_payer
INV704698,C1157,Retail Client 158,Retail & Distribution,30,72684.68,2024-10-28,2024-11-27,closed,2024-11-29,32.0,2.0,False,False,prompt_payer
INV704699,C1157,Retail Client 158,Retail & Distribution,30,38559.41,2024-11-05,2024-12-05,closed,2024-12-01,26.0,-4.0,False,False,prompt_payer
INV704700,C1157,Retail Client 158,Retail & Distribution,30,45087.18,2024-11-30,2024-12-30,closed,2024-12-26,26.0,-4.0,False,False,prompt_payer
INV704701,C1157,Retail Client 158,Retail & Distribution,30,92477.63,2024-12-10,2025-01-09,closed,2025-01-11,32.0,2.0,False,False,prompt_payer
INV704702,C1157,Retail Client 158,Retail & Distribution,30,83566.23,2024-12-14,2025-01-13,closed,2025-01-16,33.0,3.0,False,False,prompt_payer
INV704703,C1157,Retail Client 158,Retail & Distribution,30,50202.89,2025-01-28,2025-02-27,closed,2025-02-25,28.0,-2.0,False,False,prompt_payer
INV704704,C1157,Retail Client 158,Retail & Distribution,30,76606.56,2025-05-04,2025-06-03,closed,2025-06-02,29.0,-1.0,False,False,prompt_payer
INV704705,C1157,Retail Client 158,Retail & Distribution,30,104902.97,2025-05-08,2025-06-07,closed,2025-06-02,25.0,-5.0,False,False,prompt_payer
INV704706,C1157,Retail Client 158,Retail & Distribution,30,39986.47,2025-05-24,2025-06-23,closed,2025-06-25,32.0,2.0,False,False,prompt_payer
INV704707,C1157,Retail Client 158,Retail & Distribution,30,105896.55,2025-05-31,2025-06-30,closed,2025-06-30,30.0,0.0,False,False,prompt_payer
INV704708,C1157,Retail Client 158,Retail & Distribution,30,34917.37,2025-06-07,2025-07-07,closed,2025-07-09,32.0,2.0,False,False,prompt_payer
INV704709,C1157,Retail Client 158,Retail & Distribution,30,58973.72,2025-11-27,2025-12-27,closed,2025-12-29,32.0,2.0,False,False,prompt_payer
INV704710,C1157,Retail Client 158,Retail & Distribution,30,295232.48,2025-12-24,2026-01-23,closed,2026-01-24,31.0,1.0,False,True,prompt_payer
INV704711,C1157,Retail Client 158,Retail & Distribution,30,317617.48,2026-01-13,2026-02-12,closed,2026-02-10,28.0,-2.0,False,True,prompt_payer
INV704712,C1157,Retail Client 158,Retail & Distribution,30,20179.88,2026-01-18,2026-02-17,closed,2026-02-15,28.0,-2.0,False,False,prompt_payer
INV704713,C1157,Retail Client 158,Retail & Distribution,30,44665.04,2026-01-20,2026-02-19,closed,2026-02-21,32.0,2.0,False,False,prompt_payer
INV704714,C1157,Retail Client 158,Retail & Distribution,30,48730.19,2026-03-02,2026-04-01,closed,2026-04-02,31.0,1.0,False,False,prompt_payer
INV704715,C1157,Retail Client 158,Retail & Distribution,30,60614.53,2026-03-24,2026-04-23,closed,2026-04-18,25.0,-5.0,False,False,prompt_payer
INV704716,C1157,Retail Client 158,Retail & Distribution,30,46230.48,2026-04-20,2026-05-20,closed,2026-05-19,29.0,-1.0,False,False,prompt_payer
INV704717,C1157,Retail Client 158,Retail & Distribution,30,64887.07,2026-05-25,2026-06-24,closed,2026-06-21,27.0,-3.0,False,False,prompt_payer
INV704718,C1157,Retail Client 158,Retail & Distribution,30,42508.24,2026-06-01,2026-07-01,closed,2026-06-28,27.0,-3.0,False,False,prompt_payer
INV704719,C1157,Retail Client 158,Retail & Distribution,30,56738.9,2026-07-06,2026-08-05,closed,2026-07-31,25.0,-5.0,False,False,prompt_payer
INV704720,C1157,Retail Client 158,Retail & Distribution,30,78510.55,2026-07-11,2026-08-10,closed,2026-08-12,32.0,2.0,False,False,prompt_payer
INV704721,C1157,Retail Client 158,Retail & Distribution,30,34739.62,2026-07-16,2026-08-15,open,,,,False,False,prompt_payer
INV704722,C1157,Retail Client 158,Retail & Distribution,30,22232.91,2026-08-03,2026-09-02,open,,,,False,False,prompt_payer
INV704723,C1158,Retail Client 159,Retail & Distribution,30,341871.66,2024-03-28,2024-04-27,closed,2024-05-03,36.0,6.0,False,False,average_payer
INV704724,C1158,Retail Client 159,Retail & Distribution,30,156254.88,2024-04-20,2024-05-20,closed,2024-05-24,34.0,4.0,False,False,average_payer
INV704725,C1158,Retail Client 159,Retail & Distribution,30,305375.01,2024-06-02,2024-07-02,closed,2024-07-07,35.0,5.0,False,False,average_payer
INV704726,C1158,Retail Client 159,Retail & Distribution,30,322294.07,2024-07-01,2024-07-31,closed,2024-08-06,36.0,6.0,False,False,average_payer
INV704727,C1158,Retail Client 159,Retail & Distribution,30,397350.21,2024-07-20,2024-08-19,closed,2024-08-14,25.0,-5.0,False,False,average_payer
INV704728,C1158,Retail Client 159,Retail & Distribution,30,427600.68,2024-07-24,2024-08-23,closed,2024-08-31,38.0,8.0,False,False,average_payer
INV704729,C1158,Retail Client 159,Retail & Distribution,30,215898.17,2024-08-08,2024-09-07,closed,2024-09-08,31.0,1.0,False,False,average_payer
INV704730,C1158,Retail Client 159,Retail & Distribution,30,275701.08,2024-09-08,2024-10-08,closed,2024-10-13,35.0,5.0,False,False,average_payer
INV704731,C1158,Retail Client 159,Retail & Distribution,30,271509.38,2024-11-11,2024-12-11,closed,2024-12-15,34.0,4.0,False,False,average_payer
INV704732,C1158,Retail Client 159,Retail & Distribution,30,217092.2,2024-11-12,2024-12-12,closed,2024-12-14,32.0,2.0,False,False,average_payer
INV704733,C1158,Retail Client 159,Retail & Distribution,30,155768.72,2024-11-17,2024-12-17,closed,2024-12-16,29.0,-1.0,False,False,average_payer
INV704734,C1158,Retail Client 159,Retail & Distribution,30,293590.45,2025-02-28,2025-03-30,closed,2025-04-03,34.0,4.0,False,False,average_payer
INV704735,C1158,Retail Client 159,Retail & Distribution,30,2064418.58,2025-04-08,2025-05-08,closed,2025-05-16,38.0,8.0,False,True,average_payer
INV704736,C1158,Retail Client 159,Retail & Distribution,30,466074.16,2025-04-29,2025-05-29,closed,2025-05-28,29.0,-1.0,False,False,average_payer
INV704737,C1158,Retail Client 159,Retail & Distribution,30,104495.93,2025-05-29,2025-06-28,closed,2025-06-28,30.0,0.0,False,False,average_payer
INV704738,C1158,Retail Client 159,Retail & Distribution,30,375869.94,2025-06-27,2025-07-27,closed,2025-07-29,32.0,2.0,False,False,average_payer
INV704739,C1158,Retail Client 159,Retail & Distribution,30,194812.76,2025-07-06,2025-08-05,closed,2025-08-06,31.0,1.0,False,False,average_payer
INV704740,C1158,Retail Client 159,Retail & Distribution,30,347227.59,2025-07-08,2025-08-07,closed,2025-08-10,33.0,3.0,False,False,average_payer
INV704741,C1158,Retail Client 159,Retail & Distribution,30,502825.06,2025-07-18,2025-08-17,closed,2025-08-22,35.0,5.0,False,False,average_payer
INV704742,C1158,Retail Client 159,Retail & Distribution,30,349331.17,2025-09-01,2025-10-01,closed,2025-10-01,30.0,0.0,False,False,average_payer
INV704743,C1158,Retail Client 159,Retail & Distribution,30,259769.72,2025-09-16,2025-10-16,closed,2025-10-15,29.0,-1.0,False,False,average_payer
INV704744,C1158,Retail Client 159,Retail & Distribution,30,265901.84,2025-11-01,2025-12-01,closed,2025-11-27,26.0,-4.0,False,False,average_payer
INV704745,C1159,Chemicals Client 160,Chemicals & Plastics,30,68520.39,2024-03-01,2024-03-31,closed,2024-04-02,32.0,2.0,False,False,deteriorating_payer
INV704746,C1159,Chemicals Client 160,Chemicals & Plastics,30,76681.57,2024-03-22,2024-04-21,closed,2024-04-19,28.0,-2.0,False,False,deteriorating_payer
INV704747,C1159,Chemicals Client 160,Chemicals & Plastics,30,67012.93,2024-03-28,2024-04-27,closed,2024-05-13,46.0,16.0,False,False,deteriorating_payer
INV704748,C1159,Chemicals Client 160,Chemicals & Plastics,30,45076.24,2024-05-20,2024-06-19,closed,2024-06-30,41.0,11.0,False,False,deteriorating_payer
INV704749,C1159,Chemicals Client 160,Chemicals & Plastics,30,45113.12,2024-05-20,2024-06-19,closed,2024-07-03,44.0,14.0,False,False,deteriorating_payer
INV704750,C1159,Chemicals Client 160,Chemicals & Plastics,30,3000.0,2024-05-25,2024-06-24,closed,2024-06-27,33.0,3.0,False,False,deteriorating_payer
INV704751,C1159,Chemicals Client 160,Chemicals & Plastics,30,83522.91,2024-07-27,2024-08-26,closed,2024-09-05,40.0,10.0,False,False,deteriorating_payer
INV704752,C1159,Chemicals Client 160,Chemicals & Plastics,30,36563.97,2024-08-21,2024-09-20,closed,2024-09-29,39.0,9.0,False,False,deteriorating_payer
INV704753,C1159,Chemicals Client 160,Chemicals & Plastics,30,33184.34,2024-12-02,2025-01-01,closed,2025-01-17,46.0,16.0,False,False,deteriorating_payer
INV704754,C1159,Chemicals Client 160,Chemicals & Plastics,30,3666.11,2024-12-05,2025-01-04,closed,2025-01-16,42.0,12.0,False,False,deteriorating_payer
INV704755,C1159,Chemicals Client 160,Chemicals & Plastics,30,82066.89,2025-01-18,2025-02-17,closed,2025-03-03,44.0,14.0,False,False,deteriorating_payer
INV704756,C1159,Chemicals Client 160,Chemicals & Plastics,30,81173.69,2025-01-20,2025-02-19,closed,2025-03-04,43.0,13.0,False,False,deteriorating_payer
INV704757,C1159,Chemicals Client 160,Chemicals & Plastics,30,24590.62,2025-02-25,2025-03-27,closed,2025-04-27,61.0,31.0,False,False,deteriorating_payer
INV704758,C1159,Chemicals Client 160,Chemicals & Plastics,30,85850.86,2025-03-15,2025-04-14,closed,2025-05-06,52.0,22.0,False,False,deteriorating_payer
INV704759,C1159,Chemicals Client 160,Chemicals & Plastics,30,43361.4,2025-03-18,2025-04-17,closed,2025-05-02,45.0,15.0,False,False,deteriorating_payer
INV704760,C1159,Chemicals Client 160,Chemicals & Plastics,30,51999.08,2025-03-21,2025-04-20,closed,2025-05-11,51.0,21.0,False,False,deteriorating_payer
INV704761,C1159,Chemicals Client 160,Chemicals & Plastics,30,104516.97,2025-03-31,2025-04-30,closed,2025-05-05,35.0,5.0,False,False,deteriorating_payer
INV704762,C1159,Chemicals Client 160,Chemicals & Plastics,30,40442.17,2025-04-23,2025-05-23,closed,2025-05-27,34.0,4.0,False,False,deteriorating_payer
INV704763,C1159,Chemicals Client 160,Chemicals & Plastics,30,77895.95,2025-05-01,2025-05-31,closed,2025-06-21,51.0,21.0,False,False,deteriorating_payer
INV704764,C1159,Chemicals Client 160,Chemicals & Plastics,30,60099.47,2025-06-03,2025-07-03,closed,2025-07-18,45.0,15.0,False,False,deteriorating_payer
INV704765,C1159,Chemicals Client 160,Chemicals & Plastics,30,223401.16,2025-07-05,2025-08-04,closed,2025-08-25,51.0,21.0,False,True,deteriorating_payer
INV704766,C1159,Chemicals Client 160,Chemicals & Plastics,30,107899.61,2025-07-11,2025-08-10,closed,2025-09-01,52.0,22.0,False,False,deteriorating_payer
INV704767,C1159,Chemicals Client 160,Chemicals & Plastics,30,62705.53,2025-07-27,2025-08-26,closed,2025-09-27,62.0,32.0,False,False,deteriorating_payer
INV704768,C1159,Chemicals Client 160,Chemicals & Plastics,30,54798.29,2025-08-02,2025-09-01,closed,2025-10-13,72.0,42.0,False,False,deteriorating_payer
INV704769,C1159,Chemicals Client 160,Chemicals & Plastics,30,92239.05,2025-12-18,2026-01-17,closed,2026-02-28,72.0,42.0,False,False,deteriorating_payer
INV704770,C1159,Chemicals Client 160,Chemicals & Plastics,30,71054.22,2026-01-22,2026-02-21,closed,2026-03-21,58.0,28.0,False,False,deteriorating_payer
INV704771,C1159,Chemicals Client 160,Chemicals & Plastics,30,50428.15,2026-03-01,2026-03-31,closed,2026-05-05,65.0,35.0,False,False,deteriorating_payer
INV704772,C1159,Chemicals Client 160,Chemicals & Plastics,30,48110.67,2026-03-27,2026-04-26,closed,2026-05-14,48.0,18.0,False,False,deteriorating_payer
INV704773,C1159,Chemicals Client 160,Chemicals & Plastics,30,62096.9,2026-04-16,2026-05-16,closed,2026-06-01,46.0,16.0,False,False,deteriorating_payer
INV704774,C1159,Chemicals Client 160,Chemicals & Plastics,30,530838.48,2026-04-18,2026-05-18,disputed_open,,,,False,True,deteriorating_payer
INV704775,C1159,Chemicals Client 160,Chemicals & Plastics,30,37061.92,2026-04-20,2026-05-20,closed,2026-06-22,63.0,33.0,False,False,deteriorating_payer
INV704776,C1159,Chemicals Client 160,Chemicals & Plastics,30,59464.17,2026-04-27,2026-05-27,closed,2026-07-15,79.0,49.0,False,False,deteriorating_payer
INV704777,C1159,Chemicals Client 160,Chemicals & Plastics,30,70905.78,2026-05-27,2026-06-26,closed,2026-07-30,64.0,34.0,False,False,deteriorating_payer
INV704778,C1159,Chemicals Client 160,Chemicals & Plastics,30,38535.41,2026-06-12,2026-07-12,disputed_open,,,,False,False,deteriorating_payer
INV704779,C1159,Chemicals Client 160,Chemicals & Plastics,30,65195.78,2026-07-19,2026-08-18,open,,,,False,False,deteriorating_payer
INV704780,C1159,Chemicals Client 160,Chemicals & Plastics,30,71223.57,2026-07-26,2026-08-25,open,,,,False,False,deteriorating_payer
INV704781,C1159,Chemicals Client 160,Chemicals & Plastics,30,87415.25,2026-07-31,2026-08-30,open,,,,False,False,deteriorating_payer
INV704782,C1160,Auto Client 161,Auto Components,45,15579.34,2024-02-25,2024-04-10,closed,2024-04-21,56.0,11.0,False,False,average_payer
INV704783,C1160,Auto Client 161,Auto Components,45,58778.79,2024-03-26,2024-05-10,closed,2024-05-14,49.0,4.0,False,False,average_payer
INV704784,C1160,Auto Client 161,Auto Components,45,74465.03,2024-04-13,2024-05-28,closed,2024-06-11,59.0,14.0,False,False,average_payer
INV704785,C1160,Auto Client 161,Auto Components,45,17581.31,2024-07-01,2024-08-15,closed,2024-08-21,51.0,6.0,False,False,average_payer
INV704786,C1160,Auto Client 161,Auto Components,45,49588.92,2024-09-23,2024-11-07,closed,2024-11-09,47.0,2.0,False,False,average_payer
INV704787,C1160,Auto Client 161,Auto Components,45,77832.21,2024-10-22,2024-12-06,closed,2024-12-12,51.0,6.0,False,False,average_payer
INV704788,C1160,Auto Client 161,Auto Components,45,114510.34,2024-11-29,2025-01-13,closed,2025-01-23,55.0,10.0,False,True,average_payer
INV704789,C1160,Auto Client 161,Auto Components,45,41019.24,2024-12-19,2025-02-02,closed,2025-02-10,53.0,8.0,False,False,average_payer
INV704790,C1160,Auto Client 161,Auto Components,45,82884.15,2025-02-19,2025-04-05,closed,2025-04-06,46.0,1.0,False,False,average_payer
INV704791,C1160,Auto Client 161,Auto Components,45,42569.59,2025-03-02,2025-04-16,closed,2025-04-23,52.0,7.0,False,False,average_payer
INV704792,C1160,Auto Client 161,Auto Components,45,73980.26,2025-03-18,2025-05-02,closed,2025-05-17,60.0,15.0,False,False,average_payer
INV704793,C1160,Auto Client 161,Auto Components,45,38363.91,2025-04-18,2025-06-02,closed,2025-06-11,54.0,9.0,False,False,average_payer
INV704794,C1160,Auto Client 161,Auto Components,45,76402.03,2025-06-18,2025-08-02,closed,2025-08-10,53.0,8.0,False,False,average_payer
INV704795,C1160,Auto Client 161,Auto Components,45,35780.97,2025-06-27,2025-08-11,closed,2025-08-03,37.0,-8.0,False,False,average_payer
INV704796,C1160,Auto Client 161,Auto Components,45,34393.93,2025-07-09,2025-08-23,closed,2025-08-28,50.0,5.0,False,False,average_payer
INV704797,C1160,Auto Client 161,Auto Components,45,75603.92,2025-09-12,2025-10-27,closed,2025-10-30,48.0,3.0,False,False,average_payer
INV704798,C1160,Auto Client 161,Auto Components,45,68775.28,2025-09-22,2025-11-06,closed,2025-11-07,46.0,1.0,False,False,average_payer
INV704799,C1160,Auto Client 161,Auto Components,45,43683.85,2025-11-13,2025-12-28,closed,2025-12-31,48.0,3.0,False,False,average_payer
INV704800,C1160,Auto Client 161,Auto Components,45,97999.62,2025-11-27,2026-01-11,closed,2026-01-09,43.0,-2.0,False,False,average_payer
INV704801,C1160,Auto Client 161,Auto Components,45,68835.17,2026-02-05,2026-03-22,closed,2026-03-23,46.0,1.0,False,False,average_payer
INV704802,C1160,Auto Client 161,Auto Components,45,171141.13,2026-02-16,2026-04-02,closed,2026-04-02,45.0,0.0,False,True,average_payer
INV704803,C1160,Auto Client 161,Auto Components,45,66943.6,2026-02-22,2026-04-08,closed,2026-04-04,41.0,-4.0,False,False,average_payer
INV704804,C1160,Auto Client 161,Auto Components,45,62618.41,2026-03-07,2026-04-21,closed,2026-04-26,50.0,5.0,False,False,average_payer
INV704805,C1160,Auto Client 161,Auto Components,45,43215.73,2026-03-11,2026-04-25,closed,2026-05-01,51.0,6.0,False,False,average_payer
INV704806,C1160,Auto Client 161,Auto Components,45,92407.66,2026-06-06,2026-07-21,closed,2026-07-19,43.0,-2.0,False,False,average_payer
INV704807,C1160,Auto Client 161,Auto Components,45,54291.31,2026-07-01,2026-08-15,open,,,,False,False,average_payer
INV704808,C1160,Auto Client 161,Auto Components,45,76445.46,2026-07-06,2026-08-20,open,,,,False,False,average_payer
INV704809,C1160,Auto Client 161,Auto Components,45,78880.09,2026-07-26,2026-09-09,open,,,,False,False,average_payer
INV704810,C1161,IT Client 162,IT & Business Services,30,15690.15,2024-03-11,2024-04-10,closed,2024-04-05,25.0,-5.0,False,False,prompt_payer
INV704811,C1161,IT Client 162,IT & Business Services,30,28474.58,2024-03-12,2024-04-11,closed,2024-04-10,29.0,-1.0,False,False,prompt_payer
INV704812,C1161,IT Client 162,IT & Business Services,30,27529.64,2024-05-20,2024-06-19,closed,2024-06-18,29.0,-1.0,False,False,prompt_payer
INV704813,C1161,IT Client 162,IT & Business Services,30,9950.64,2024-06-02,2024-07-02,closed,2024-06-30,28.0,-2.0,False,False,prompt_payer
INV704814,C1161,IT Client 162,IT & Business Services,30,25473.66,2024-06-14,2024-07-14,closed,2024-07-11,27.0,-3.0,False,False,prompt_payer
INV704815,C1161,IT Client 162,IT & Business Services,30,28454.7,2024-08-01,2024-08-31,closed,2024-08-27,26.0,-4.0,False,False,prompt_payer
INV704816,C1161,IT Client 162,IT & Business Services,30,13488.17,2024-11-19,2024-12-19,closed,2024-12-17,28.0,-2.0,False,False,prompt_payer
INV704817,C1161,IT Client 162,IT & Business Services,30,33121.29,2024-12-09,2025-01-08,closed,2025-01-02,24.0,-6.0,False,False,prompt_payer
INV704818,C1161,IT Client 162,IT & Business Services,30,85256.2,2025-01-20,2025-02-19,closed,2025-02-16,27.0,-3.0,False,True,prompt_payer
INV704819,C1161,IT Client 162,IT & Business Services,30,31350.16,2025-02-01,2025-03-03,closed,2025-03-04,31.0,1.0,False,False,prompt_payer
INV704820,C1161,IT Client 162,IT & Business Services,30,12828.84,2025-02-26,2025-03-28,closed,2025-03-25,27.0,-3.0,False,False,prompt_payer
INV704821,C1161,IT Client 162,IT & Business Services,30,27018.07,2025-05-04,2025-06-03,closed,2025-06-02,29.0,-1.0,False,False,prompt_payer
INV704822,C1161,IT Client 162,IT & Business Services,30,35580.06,2025-07-17,2025-08-16,closed,2025-08-16,30.0,0.0,False,False,prompt_payer
INV704823,C1161,IT Client 162,IT & Business Services,30,18727.14,2025-08-18,2025-09-17,closed,2025-09-17,30.0,0.0,False,False,prompt_payer
INV704824,C1161,IT Client 162,IT & Business Services,30,25111.83,2025-08-30,2025-09-29,closed,2025-09-25,26.0,-4.0,False,False,prompt_payer
INV704825,C1161,IT Client 162,IT & Business Services,30,34978.67,2025-12-19,2026-01-18,closed,2026-01-17,29.0,-1.0,False,False,prompt_payer
INV704826,C1161,IT Client 162,IT & Business Services,30,23677.42,2026-01-18,2026-02-17,closed,2026-02-11,24.0,-6.0,False,False,prompt_payer
INV704827,C1161,IT Client 162,IT & Business Services,30,101089.36,2026-01-23,2026-02-22,closed,2026-02-18,26.0,-4.0,False,True,prompt_payer
INV704828,C1161,IT Client 162,IT & Business Services,30,7111.05,2026-01-27,2026-02-26,closed,2026-02-26,30.0,0.0,False,False,prompt_payer
INV704829,C1161,IT Client 162,IT & Business Services,30,19031.2,2026-02-14,2026-03-16,closed,2026-03-12,26.0,-4.0,False,False,prompt_payer
INV704830,C1161,IT Client 162,IT & Business Services,30,23582.48,2026-03-05,2026-04-04,closed,2026-04-03,29.0,-1.0,False,False,prompt_payer
INV704831,C1161,IT Client 162,IT & Business Services,30,34540.12,2026-06-26,2026-07-26,closed,2026-07-24,28.0,-2.0,False,False,prompt_payer
INV704832,C1161,IT Client 162,IT & Business Services,30,30630.12,2026-07-06,2026-08-05,closed,2026-08-03,28.0,-2.0,False,False,prompt_payer
INV704833,C1161,IT Client 162,IT & Business Services,30,3000.0,2026-08-10,2026-09-09,open,,,,False,False,prompt_payer
INV704834,C1162,FMCG Client 163,FMCG & Food Processing,45,61702.35,2024-03-25,2024-05-09,closed,2024-05-12,48.0,3.0,False,False,average_payer
INV704835,C1162,FMCG Client 163,FMCG & Food Processing,45,49691.48,2024-04-12,2024-05-27,closed,2024-06-06,55.0,10.0,False,False,average_payer
INV704836,C1162,FMCG Client 163,FMCG & Food Processing,45,64958.34,2024-07-25,2024-09-08,closed,2024-09-08,45.0,0.0,False,False,average_payer
INV704837,C1162,FMCG Client 163,FMCG & Food Processing,45,52890.35,2024-07-27,2024-09-10,closed,2024-09-07,42.0,-3.0,False,False,average_payer
INV704838,C1162,FMCG Client 163,FMCG & Food Processing,45,87275.71,2024-09-02,2024-10-17,closed,2024-10-19,47.0,2.0,False,False,average_payer
INV704839,C1162,FMCG Client 163,FMCG & Food Processing,45,60938.24,2024-09-05,2024-10-20,closed,2024-10-24,49.0,4.0,False,False,average_payer
INV704840,C1162,FMCG Client 163,FMCG & Food Processing,45,39276.42,2024-09-14,2024-10-29,closed,2024-11-04,51.0,6.0,False,False,average_payer
INV704841,C1162,FMCG Client 163,FMCG & Food Processing,45,78808.42,2024-09-22,2024-11-06,closed,2024-11-05,44.0,-1.0,False,False,average_payer
INV704842,C1162,FMCG Client 163,FMCG & Food Processing,45,47234.71,2024-10-26,2024-12-10,closed,2024-12-16,51.0,6.0,False,False,average_payer
INV704843,C1162,FMCG Client 163,FMCG & Food Processing,45,90357.64,2025-02-23,2025-04-09,closed,2025-04-13,49.0,4.0,False,False,average_payer
INV704844,C1162,FMCG Client 163,FMCG & Food Processing,45,49292.18,2025-02-28,2025-04-14,closed,2025-04-19,50.0,5.0,False,False,average_payer
INV704845,C1162,FMCG Client 163,FMCG & Food Processing,45,41576.19,2025-03-24,2025-05-08,closed,2025-05-18,55.0,10.0,False,False,average_payer
INV704846,C1162,FMCG Client 163,FMCG & Food Processing,45,102996.04,2025-05-11,2025-06-25,closed,2025-06-26,46.0,1.0,False,False,average_payer
INV704847,C1162,FMCG Client 163,FMCG & Food Processing,45,40827.5,2025-05-14,2025-06-28,closed,2025-07-02,49.0,4.0,False,False,average_payer
INV704848,C1162,FMCG Client 163,FMCG & Food Processing,45,43458.23,2025-05-16,2025-06-30,closed,2025-07-11,56.0,11.0,False,False,average_payer
INV704849,C1162,FMCG Client 163,FMCG & Food Processing,45,67314.85,2025-05-23,2025-07-07,closed,2025-07-07,45.0,0.0,False,False,average_payer
INV704850,C1162,FMCG Client 163,FMCG & Food Processing,45,24436.04,2025-06-17,2025-08-01,closed,2025-08-05,49.0,4.0,False,False,average_payer
INV704851,C1162,FMCG Client 163,FMCG & Food Processing,45,79057.98,2025-06-20,2025-08-04,closed,2025-08-11,52.0,7.0,False,False,average_payer
INV704852,C1162,FMCG Client 163,FMCG & Food Processing,45,26779.34,2025-06-20,2025-08-04,closed,2025-08-03,44.0,-1.0,False,False,average_payer
INV704853,C1162,FMCG Client 163,FMCG & Food Processing,45,36305.2,2025-06-22,2025-08-06,closed,2025-08-04,43.0,-2.0,False,False,average_payer
INV704854,C1162,FMCG Client 163,FMCG & Food Processing,45,56987.87,2025-07-09,2025-08-23,closed,2025-08-22,44.0,-1.0,False,False,average_payer
INV704855,C1162,FMCG Client 163,FMCG & Food Processing,45,401521.91,2025-09-08,2025-10-23,closed,2025-10-29,51.0,6.0,False,True,average_payer
INV704856,C1162,FMCG Client 163,FMCG & Food Processing,45,57834.92,2025-09-15,2025-10-30,closed,2025-11-06,52.0,7.0,False,False,average_payer
INV704857,C1162,FMCG Client 163,FMCG & Food Processing,45,52638.14,2025-10-20,2025-12-04,closed,2025-11-29,40.0,-5.0,False,False,average_payer
INV704858,C1162,FMCG Client 163,FMCG & Food Processing,45,47961.42,2025-11-17,2026-01-01,closed,2026-01-04,48.0,3.0,False,False,average_payer
INV704859,C1162,FMCG Client 163,FMCG & Food Processing,45,80613.44,2026-01-03,2026-02-17,closed,2026-02-20,48.0,3.0,False,False,average_payer
INV704860,C1162,FMCG Client 163,FMCG & Food Processing,45,60738.24,2026-02-19,2026-04-05,closed,2026-04-14,54.0,9.0,False,False,average_payer
INV704861,C1162,FMCG Client 163,FMCG & Food Processing,45,63627.86,2026-03-04,2026-04-18,closed,2026-04-20,47.0,2.0,False,False,average_payer
INV704862,C1162,FMCG Client 163,FMCG & Food Processing,45,53363.94,2026-04-14,2026-05-29,closed,2026-06-13,60.0,15.0,False,False,average_payer
INV704863,C1162,FMCG Client 163,FMCG & Food Processing,45,49663.66,2026-04-18,2026-06-02,closed,2026-06-09,52.0,7.0,True,False,average_payer
INV704864,C1162,FMCG Client 163,FMCG & Food Processing,45,54739.43,2026-06-10,2026-07-25,closed,2026-07-29,49.0,4.0,False,False,average_payer
INV704865,C1163,Pharma Client 164,Pharma & Healthcare,45,143303.49,2024-03-26,2024-05-10,closed,2024-06-09,75.0,30.0,False,False,improving_payer
INV704866,C1163,Pharma Client 164,Pharma & Healthcare,45,119873.41,2024-05-17,2024-07-01,closed,2024-07-29,73.0,28.0,False,False,improving_payer
INV704867,C1163,Pharma Client 164,Pharma & Healthcare,45,156672.59,2024-05-29,2024-07-13,closed,2024-07-31,63.0,18.0,False,False,improving_payer
INV704868,C1163,Pharma Client 164,Pharma & Healthcare,45,86554.81,2024-06-27,2024-08-11,closed,2024-09-11,76.0,31.0,False,False,improving_payer
INV704869,C1163,Pharma Client 164,Pharma & Healthcare,45,144855.33,2024-06-29,2024-08-13,closed,2024-09-07,70.0,25.0,False,False,improving_payer
INV704870,C1163,Pharma Client 164,Pharma & Healthcare,45,122215.9,2024-07-05,2024-08-19,closed,2024-09-07,64.0,19.0,False,False,improving_payer
INV704871,C1163,Pharma Client 164,Pharma & Healthcare,45,123490.22,2024-08-02,2024-09-16,closed,2024-10-08,67.0,22.0,False,False,improving_payer
INV704872,C1163,Pharma Client 164,Pharma & Healthcare,45,72238.43,2024-08-09,2024-09-23,closed,2024-10-11,63.0,18.0,False,False,improving_payer
INV704873,C1163,Pharma Client 164,Pharma & Healthcare,45,145980.68,2024-08-24,2024-10-08,closed,2024-10-29,66.0,21.0,False,False,improving_payer
INV704874,C1163,Pharma Client 164,Pharma & Healthcare,45,3063.25,2024-11-26,2025-01-10,closed,2025-02-02,68.0,23.0,False,False,improving_payer
INV704875,C1163,Pharma Client 164,Pharma & Healthcare,45,102354.22,2024-12-20,2025-02-03,closed,2025-02-14,56.0,11.0,False,False,improving_payer
INV704876,C1163,Pharma Client 164,Pharma & Healthcare,45,170650.72,2024-12-23,2025-02-06,closed,2025-02-28,67.0,22.0,False,False,improving_payer
INV704877,C1163,Pharma Client 164,Pharma & Healthcare,45,168487.96,2025-02-12,2025-03-29,closed,2025-04-21,68.0,23.0,False,False,improving_payer
INV704878,C1163,Pharma Client 164,Pharma & Healthcare,45,163414.28,2025-03-10,2025-04-24,closed,2025-05-06,57.0,12.0,True,False,improving_payer
INV704879,C1163,Pharma Client 164,Pharma & Healthcare,45,138608.2,2025-03-20,2025-05-04,closed,2025-05-27,68.0,23.0,False,False,improving_payer
INV704880,C1163,Pharma Client 164,Pharma & Healthcare,45,49113.57,2025-05-02,2025-06-16,closed,2025-07-05,64.0,19.0,False,False,improving_payer
INV704881,C1163,Pharma Client 164,Pharma & Healthcare,45,260641.34,2025-05-16,2025-06-30,closed,2025-07-17,62.0,17.0,False,False,improving_payer
INV704882,C1163,Pharma Client 164,Pharma & Healthcare,45,125480.48,2025-06-03,2025-07-18,closed,2025-07-24,51.0,6.0,False,False,improving_payer
INV704883,C1163,Pharma Client 164,Pharma & Healthcare,45,193668.56,2025-07-14,2025-08-28,closed,2025-09-08,56.0,11.0,False,False,improving_payer
INV704884,C1163,Pharma Client 164,Pharma & Healthcare,45,114514.77,2025-07-25,2025-09-08,closed,2025-09-20,57.0,12.0,False,False,improving_payer
INV704885,C1163,Pharma Client 164,Pharma & Healthcare,45,150750.44,2025-09-08,2025-10-23,closed,2025-11-03,56.0,11.0,False,False,improving_payer
INV704886,C1163,Pharma Client 164,Pharma & Healthcare,45,229585.81,2025-09-20,2025-11-04,closed,2025-11-11,52.0,7.0,False,False,improving_payer
INV704887,C1163,Pharma Client 164,Pharma & Healthcare,45,85348.9,2025-11-13,2025-12-28,closed,2026-01-03,51.0,6.0,False,False,improving_payer
INV704888,C1163,Pharma Client 164,Pharma & Healthcare,45,98169.57,2025-11-25,2026-01-09,closed,2026-01-12,48.0,3.0,False,False,improving_payer
INV704889,C1163,Pharma Client 164,Pharma & Healthcare,45,132590.38,2025-12-08,2026-01-22,closed,2026-02-07,61.0,16.0,False,False,improving_payer
INV704890,C1163,Pharma Client 164,Pharma & Healthcare,45,156887.64,2026-01-04,2026-02-18,closed,2026-02-26,53.0,8.0,False,False,improving_payer
INV704891,C1163,Pharma Client 164,Pharma & Healthcare,45,340568.32,2026-01-31,2026-03-17,closed,2026-03-20,48.0,3.0,False,True,improving_payer
INV704892,C1163,Pharma Client 164,Pharma & Healthcare,45,52370.71,2026-02-06,2026-03-23,closed,2026-03-31,53.0,8.0,False,False,improving_payer
INV704893,C1163,Pharma Client 164,Pharma & Healthcare,45,137798.75,2026-04-16,2026-05-31,closed,2026-06-07,52.0,7.0,False,False,improving_payer
INV704894,C1163,Pharma Client 164,Pharma & Healthcare,45,102600.56,2026-05-10,2026-06-24,closed,2026-06-25,46.0,1.0,False,False,improving_payer
INV704895,C1163,Pharma Client 164,Pharma & Healthcare,45,118381.57,2026-05-29,2026-07-13,closed,2026-07-17,49.0,4.0,False,False,improving_payer
INV704896,C1163,Pharma Client 164,Pharma & Healthcare,45,116206.84,2026-06-07,2026-07-22,closed,2026-07-29,52.0,7.0,False,False,improving_payer
INV704897,C1163,Pharma Client 164,Pharma & Healthcare,45,101532.08,2026-06-10,2026-07-25,closed,2026-07-28,48.0,3.0,False,False,improving_payer
INV704898,C1163,Pharma Client 164,Pharma & Healthcare,45,85146.4,2026-07-03,2026-08-17,open,,,,False,False,improving_payer
INV704899,C1163,Pharma Client 164,Pharma & Healthcare,45,76907.61,2026-07-05,2026-08-19,open,,,,False,False,improving_payer
INV704900,C1164,Construction Client 165,Construction & Infra,45,115986.06,2024-04-15,2024-05-30,closed,2024-06-21,67.0,22.0,False,False,average_payer
INV704901,C1164,Construction Client 165,Construction & Infra,45,281054.65,2024-05-16,2024-06-30,closed,2024-07-14,59.0,14.0,False,False,average_payer
INV704902,C1164,Construction Client 165,Construction & Infra,45,256811.2,2024-05-18,2024-07-02,closed,2024-07-15,58.0,13.0,False,False,average_payer
INV704903,C1164,Construction Client 165,Construction & Infra,45,245923.51,2024-05-27,2024-07-11,closed,2024-07-09,43.0,-2.0,False,False,average_payer
INV704904,C1164,Construction Client 165,Construction & Infra,45,400810.11,2024-07-03,2024-08-17,closed,2024-09-10,69.0,24.0,False,False,average_payer
INV704905,C1164,Construction Client 165,Construction & Infra,45,263527.23,2024-07-29,2024-09-12,closed,2024-09-29,62.0,17.0,False,False,average_payer
INV704906,C1164,Construction Client 165,Construction & Infra,45,394134.04,2024-08-12,2024-09-26,closed,2024-10-24,73.0,28.0,False,False,average_payer
INV704907,C1164,Construction Client 165,Construction & Infra,45,281440.36,2024-08-25,2024-10-09,closed,2024-10-17,53.0,8.0,False,False,average_payer
INV704908,C1164,Construction Client 165,Construction & Infra,45,192885.45,2024-09-18,2024-11-02,closed,2024-11-29,72.0,27.0,False,False,average_payer
INV704909,C1164,Construction Client 165,Construction & Infra,45,3000.0,2024-10-03,2024-11-17,closed,2024-12-08,66.0,21.0,False,False,average_payer
INV704910,C1164,Construction Client 165,Construction & Infra,45,280954.14,2024-10-07,2024-11-21,closed,2024-11-25,49.0,4.0,True,False,average_payer
INV704911,C1164,Construction Client 165,Construction & Infra,45,335482.33,2024-10-22,2024-12-06,closed,2024-12-07,46.0,1.0,False,False,average_payer
INV704912,C1164,Construction Client 165,Construction & Infra,45,192905.5,2024-10-30,2024-12-14,closed,2024-12-16,47.0,2.0,False,False,average_payer
INV704913,C1164,Construction Client 165,Construction & Infra,45,467230.8,2024-11-22,2025-01-06,closed,2025-01-11,50.0,5.0,False,False,average_payer
INV704914,C1164,Construction Client 165,Construction & Infra,45,1745839.74,2024-12-29,2025-02-12,closed,2025-03-04,65.0,20.0,False,True,average_payer
INV704915,C1164,Construction Client 165,Construction & Infra,45,312148.6,2025-01-20,2025-03-06,closed,2025-03-27,66.0,21.0,False,False,average_payer
INV704916,C1164,Construction Client 165,Construction & Infra,45,236832.85,2025-01-23,2025-03-09,closed,2025-03-30,66.0,21.0,False,False,average_payer
INV704917,C1164,Construction Client 165,Construction & Infra,45,324963.11,2025-02-26,2025-04-12,closed,2025-04-27,60.0,15.0,False,False,average_payer
INV704918,C1164,Construction Client 165,Construction & Infra,45,267152.99,2025-04-15,2025-05-30,closed,2025-06-25,71.0,26.0,False,False,average_payer
INV704919,C1164,Construction Client 165,Construction & Infra,45,284364.04,2025-06-17,2025-08-01,closed,2025-08-13,57.0,12.0,False,False,average_payer
INV704920,C1164,Construction Client 165,Construction & Infra,45,322595.11,2025-07-04,2025-08-18,closed,2025-08-26,53.0,8.0,False,False,average_payer
INV704921,C1164,Construction Client 165,Construction & Infra,45,438694.52,2025-07-10,2025-08-24,closed,2025-09-25,77.0,32.0,False,False,average_payer
INV704922,C1164,Construction Client 165,Construction & Infra,45,222558.8,2025-07-11,2025-08-25,closed,2025-08-27,47.0,2.0,False,False,average_payer
INV704923,C1164,Construction Client 165,Construction & Infra,45,303275.21,2025-08-03,2025-09-17,disputed_open,,,,False,False,average_payer
INV704924,C1164,Construction Client 165,Construction & Infra,45,329377.39,2025-08-05,2025-09-19,closed,2025-10-04,60.0,15.0,False,False,average_payer
INV704925,C1164,Construction Client 165,Construction & Infra,45,377079.34,2025-08-31,2025-10-15,closed,2025-11-01,62.0,17.0,False,False,average_payer
INV704926,C1164,Construction Client 165,Construction & Infra,45,287704.38,2025-10-23,2025-12-07,closed,2025-12-26,64.0,19.0,False,False,average_payer
INV704927,C1164,Construction Client 165,Construction & Infra,45,344525.91,2026-01-06,2026-02-20,closed,2026-03-21,74.0,29.0,False,False,average_payer
INV704928,C1164,Construction Client 165,Construction & Infra,45,99035.21,2026-01-18,2026-03-04,closed,2026-03-20,61.0,16.0,False,False,average_payer
INV704929,C1164,Construction Client 165,Construction & Infra,45,421581.12,2026-02-04,2026-03-21,closed,2026-04-02,57.0,12.0,False,False,average_payer
INV704930,C1164,Construction Client 165,Construction & Infra,45,202077.22,2026-03-14,2026-04-28,closed,2026-05-10,57.0,12.0,False,False,average_payer
INV704931,C1164,Construction Client 165,Construction & Infra,45,347482.49,2026-03-19,2026-05-03,closed,2026-05-05,47.0,2.0,False,False,average_payer
INV704932,C1164,Construction Client 165,Construction & Infra,45,212158.59,2026-03-30,2026-05-14,closed,2026-05-22,53.0,8.0,False,False,average_payer
INV704933,C1164,Construction Client 165,Construction & Infra,45,331397.0,2026-03-31,2026-05-15,closed,2026-05-28,58.0,13.0,False,False,average_payer
INV704934,C1164,Construction Client 165,Construction & Infra,45,343995.98,2026-04-15,2026-05-30,closed,2026-06-17,63.0,18.0,False,False,average_payer
INV704935,C1164,Construction Client 165,Construction & Infra,45,136039.05,2026-04-18,2026-06-02,closed,2026-06-20,63.0,18.0,False,False,average_payer
INV704936,C1164,Construction Client 165,Construction & Infra,45,342928.05,2026-04-26,2026-06-10,closed,2026-06-20,55.0,10.0,False,False,average_payer
INV704937,C1164,Construction Client 165,Construction & Infra,45,205811.42,2026-05-31,2026-07-15,closed,2026-08-08,69.0,24.0,False,False,average_payer
INV704938,C1164,Construction Client 165,Construction & Infra,45,332958.41,2026-07-22,2026-09-05,open,,,,False,False,average_payer
INV704939,C1165,Pharma Client 166,Pharma & Healthcare,45,66523.78,2024-03-03,2024-04-17,closed,2024-04-19,47.0,2.0,False,False,average_payer
INV704940,C1165,Pharma Client 166,Pharma & Healthcare,45,117171.11,2024-03-07,2024-04-21,closed,2024-04-17,41.0,-4.0,False,False,average_payer
INV704941,C1165,Pharma Client 166,Pharma & Healthcare,45,57702.67,2024-05-18,2024-07-02,closed,2024-07-07,50.0,5.0,False,False,average_payer
INV704942,C1165,Pharma Client 166,Pharma & Healthcare,45,74122.48,2024-05-19,2024-07-03,closed,2024-07-08,50.0,5.0,False,False,average_payer
INV704943,C1165,Pharma Client 166,Pharma & Healthcare,45,82246.98,2024-05-25,2024-07-09,closed,2024-07-14,50.0,5.0,False,False,average_payer
INV704944,C1165,Pharma Client 166,Pharma & Healthcare,45,56089.95,2024-06-01,2024-07-16,closed,2024-07-17,46.0,1.0,False,False,average_payer
INV704945,C1165,Pharma Client 166,Pharma & Healthcare,45,178468.37,2024-06-16,2024-07-31,closed,2024-08-04,49.0,4.0,False,False,average_payer
INV704946,C1165,Pharma Client 166,Pharma & Healthcare,45,139761.61,2024-06-23,2024-08-07,closed,2024-08-13,51.0,6.0,False,False,average_payer
INV704947,C1165,Pharma Client 166,Pharma & Healthcare,45,191067.39,2024-07-14,2024-08-28,closed,2024-09-09,57.0,12.0,False,False,average_payer
INV704948,C1165,Pharma Client 166,Pharma & Healthcare,45,70476.53,2024-09-17,2024-11-01,closed,2024-10-31,44.0,-1.0,False,False,average_payer
INV704949,C1165,Pharma Client 166,Pharma & Healthcare,45,174295.85,2024-10-23,2024-12-07,closed,2024-12-10,48.0,3.0,False,False,average_payer
INV704950,C1165,Pharma Client 166,Pharma & Healthcare,45,71053.75,2024-12-01,2025-01-15,closed,2025-01-09,39.0,-6.0,False,False,average_payer
INV704951,C1165,Pharma Client 166,Pharma & Healthcare,45,63640.04,2025-01-08,2025-02-22,closed,2025-02-27,50.0,5.0,False,False,average_payer
INV704952,C1165,Pharma Client 166,Pharma & Healthcare,45,160063.82,2025-03-07,2025-04-21,closed,2025-04-18,42.0,-3.0,False,False,average_payer
INV704953,C1165,Pharma Client 166,Pharma & Healthcare,45,169205.24,2025-04-10,2025-05-25,closed,2025-05-25,45.0,0.0,False,False,average_payer
INV704954,C1165,Pharma Client 166,Pharma & Healthcare,45,21180.61,2025-06-26,2025-08-10,closed,2025-08-17,52.0,7.0,False,False,average_payer
INV704955,C1165,Pharma Client 166,Pharma & Healthcare,45,136941.44,2025-06-27,2025-08-11,closed,2025-08-15,49.0,4.0,False,False,average_payer
INV704956,C1165,Pharma Client 166,Pharma & Healthcare,45,152467.88,2025-07-06,2025-08-20,closed,2025-08-20,45.0,0.0,False,False,average_payer
INV704957,C1165,Pharma Client 166,Pharma & Healthcare,45,109853.17,2025-09-29,2025-11-13,closed,2025-11-20,52.0,7.0,False,False,average_payer
INV704958,C1165,Pharma Client 166,Pharma & Healthcare,45,112855.12,2025-10-09,2025-11-23,closed,2025-11-22,44.0,-1.0,False,False,average_payer
INV704959,C1165,Pharma Client 166,Pharma & Healthcare,45,49392.25,2025-10-23,2025-12-07,closed,2025-12-10,48.0,3.0,False,False,average_payer
INV704960,C1165,Pharma Client 166,Pharma & Healthcare,45,134857.1,2025-10-29,2025-12-13,closed,2025-12-13,45.0,0.0,False,False,average_payer
INV704961,C1165,Pharma Client 166,Pharma & Healthcare,45,77795.92,2025-11-29,2026-01-13,closed,2026-01-14,46.0,1.0,False,False,average_payer
INV704962,C1165,Pharma Client 166,Pharma & Healthcare,45,146214.43,2025-12-26,2026-02-09,closed,2026-02-10,46.0,1.0,False,False,average_payer
INV704963,C1165,Pharma Client 166,Pharma & Healthcare,45,165016.21,2026-01-11,2026-02-25,closed,2026-02-28,48.0,3.0,False,False,average_payer
INV704964,C1165,Pharma Client 166,Pharma & Healthcare,45,160668.54,2026-02-01,2026-03-18,closed,2026-03-23,50.0,5.0,False,False,average_payer
INV704965,C1165,Pharma Client 166,Pharma & Healthcare,45,63397.01,2026-03-22,2026-05-06,closed,2026-05-07,46.0,1.0,False,False,average_payer
INV704966,C1165,Pharma Client 166,Pharma & Healthcare,45,138471.01,2026-04-27,2026-06-11,closed,2026-06-17,51.0,6.0,False,False,average_payer
INV704967,C1165,Pharma Client 166,Pharma & Healthcare,45,64895.47,2026-05-22,2026-07-06,closed,2026-07-09,48.0,3.0,False,False,average_payer
INV704968,C1165,Pharma Client 166,Pharma & Healthcare,45,99744.39,2026-06-11,2026-07-26,closed,2026-07-26,45.0,0.0,False,False,average_payer
INV704969,C1165,Pharma Client 166,Pharma & Healthcare,45,652328.01,2026-07-05,2026-08-19,open,,,,False,True,average_payer
INV704970,C1165,Pharma Client 166,Pharma & Healthcare,45,112158.76,2026-07-19,2026-09-02,open,,,,False,False,average_payer
INV704971,C1165,Pharma Client 166,Pharma & Healthcare,45,43307.81,2026-07-25,2026-09-08,open,,,,False,False,average_payer
INV704972,C1165,Pharma Client 166,Pharma & Healthcare,45,179406.54,2026-08-02,2026-09-16,open,,,,False,False,average_payer
INV704973,C1166,Construction Client 167,Construction & Infra,45,62189.42,2024-03-11,2024-04-25,closed,2024-07-03,114.0,69.0,False,False,chronic_late_payer
INV704974,C1166,Construction Client 167,Construction & Infra,45,65062.73,2024-03-26,2024-05-10,closed,2024-07-05,101.0,56.0,False,False,chronic_late_payer
INV704975,C1166,Construction Client 167,Construction & Infra,45,78027.78,2024-03-26,2024-05-10,closed,2024-07-03,99.0,54.0,False,False,chronic_late_payer
INV704976,C1166,Construction Client 167,Construction & Infra,45,69620.35,2024-04-06,2024-05-21,closed,2024-07-17,102.0,57.0,False,False,chronic_late_payer
INV704977,C1166,Construction Client 167,Construction & Infra,45,42357.39,2024-07-16,2024-08-30,closed,2024-10-23,99.0,54.0,True,False,chronic_late_payer
INV704978,C1166,Construction Client 167,Construction & Infra,45,358510.31,2024-07-17,2024-08-31,closed,2024-10-28,103.0,58.0,False,True,chronic_late_payer
INV704979,C1166,Construction Client 167,Construction & Infra,45,67886.01,2024-07-30,2024-09-13,closed,2024-11-18,111.0,66.0,False,False,chronic_late_payer
INV704980,C1166,Construction Client 167,Construction & Infra,45,36085.21,2024-07-30,2024-09-13,closed,2024-11-08,101.0,56.0,False,False,chronic_late_payer
INV704981,C1166,Construction Client 167,Construction & Infra,45,13607.41,2024-08-04,2024-09-18,closed,2024-11-08,96.0,51.0,False,False,chronic_late_payer
INV704982,C1166,Construction Client 167,Construction & Infra,45,54245.83,2024-10-23,2024-12-07,closed,2025-02-10,110.0,65.0,False,False,chronic_late_payer
INV704983,C1166,Construction Client 167,Construction & Infra,45,22545.87,2024-12-01,2025-01-15,closed,2025-03-09,98.0,53.0,False,False,chronic_late_payer
INV704984,C1166,Construction Client 167,Construction & Infra,45,37323.03,2025-02-06,2025-03-23,closed,2025-05-19,102.0,57.0,False,False,chronic_late_payer
INV704985,C1166,Construction Client 167,Construction & Infra,45,47607.04,2025-02-23,2025-04-09,closed,2025-05-29,95.0,50.0,False,False,chronic_late_payer
INV704986,C1166,Construction Client 167,Construction & Infra,45,59752.19,2025-03-13,2025-04-27,closed,2025-06-16,95.0,50.0,False,False,chronic_late_payer
INV704987,C1166,Construction Client 167,Construction & Infra,45,55528.49,2025-04-16,2025-05-31,closed,2025-08-01,107.0,62.0,False,False,chronic_late_payer
INV704988,C1166,Construction Client 167,Construction & Infra,45,48129.14,2025-06-18,2025-08-02,closed,2025-09-16,90.0,45.0,False,False,chronic_late_payer
INV704989,C1166,Construction Client 167,Construction & Infra,45,56268.31,2025-07-31,2025-09-14,closed,2025-11-14,106.0,61.0,False,False,chronic_late_payer
INV704990,C1166,Construction Client 167,Construction & Infra,45,104370.13,2026-02-03,2026-03-20,closed,2026-05-01,87.0,42.0,False,False,chronic_late_payer
INV704991,C1166,Construction Client 167,Construction & Infra,45,19628.02,2026-02-10,2026-03-27,closed,2026-06-07,117.0,72.0,False,False,chronic_late_payer
INV704992,C1166,Construction Client 167,Construction & Infra,45,63363.51,2026-04-14,2026-05-29,closed,2026-07-27,104.0,59.0,False,False,chronic_late_payer
INV704993,C1166,Construction Client 167,Construction & Infra,45,30508.54,2026-05-08,2026-06-22,open,,,,False,False,chronic_late_payer
INV704994,C1166,Construction Client 167,Construction & Infra,45,59238.91,2026-06-01,2026-07-16,open,,,,False,False,chronic_late_payer
INV704995,C1166,Construction Client 167,Construction & Infra,45,32356.38,2026-06-09,2026-07-24,open,,,,False,False,chronic_late_payer
INV704996,C1166,Construction Client 167,Construction & Infra,45,107188.86,2026-07-27,2026-09-10,open,,,,False,False,chronic_late_payer
INV704997,C1167,Construction Client 168,Construction & Infra,45,33114.49,2024-09-30,2024-11-14,closed,2024-12-01,62.0,17.0,False,False,cold_start
INV704998,C1167,Construction Client 168,Construction & Infra,45,63989.37,2025-03-10,2025-04-24,closed,2025-05-03,54.0,9.0,False,False,cold_start
INV704999,C1167,Construction Client 168,Construction & Infra,45,25310.13,2026-01-30,2026-03-16,closed,2026-03-11,40.0,-5.0,False,False,cold_start
INV705000,C1167,Construction Client 168,Construction & Infra,45,80533.39,2026-03-19,2026-05-03,closed,2026-05-16,58.0,13.0,False,False,cold_start
INV705001,C1168,Chemicals Client 169,Chemicals & Plastics,30,120171.27,2024-02-20,2024-03-21,closed,2024-04-06,46.0,16.0,False,False,seasonal_payer
INV705002,C1168,Chemicals Client 169,Chemicals & Plastics,30,155549.69,2024-04-15,2024-05-15,closed,2024-05-19,34.0,4.0,False,False,seasonal_payer
INV705003,C1168,Chemicals Client 169,Chemicals & Plastics,30,50321.34,2024-06-04,2024-07-04,closed,2024-07-16,42.0,12.0,False,False,seasonal_payer
INV705004,C1168,Chemicals Client 169,Chemicals & Plastics,30,649109.92,2024-06-15,2024-07-15,closed,2024-07-23,38.0,8.0,False,True,seasonal_payer
INV705005,C1168,Chemicals Client 169,Chemicals & Plastics,30,122156.44,2024-09-04,2024-10-04,closed,2024-10-22,48.0,18.0,False,False,seasonal_payer
INV705006,C1168,Chemicals Client 169,Chemicals & Plastics,30,141548.0,2024-09-11,2024-10-11,closed,2024-10-25,44.0,14.0,False,False,seasonal_payer
INV705007,C1168,Chemicals Client 169,Chemicals & Plastics,30,140932.17,2024-10-04,2024-11-03,closed,2024-11-24,51.0,21.0,False,False,seasonal_payer
INV705008,C1168,Chemicals Client 169,Chemicals & Plastics,30,83546.7,2024-10-08,2024-11-07,closed,2024-11-27,50.0,20.0,False,False,seasonal_payer
INV705009,C1168,Chemicals Client 169,Chemicals & Plastics,30,234416.69,2024-10-17,2024-11-16,closed,2024-12-06,50.0,20.0,False,False,seasonal_payer
INV705010,C1168,Chemicals Client 169,Chemicals & Plastics,30,130319.38,2024-11-26,2024-12-26,closed,2024-12-27,31.0,1.0,False,False,seasonal_payer
INV705011,C1168,Chemicals Client 169,Chemicals & Plastics,30,40815.69,2024-12-13,2025-01-12,closed,2025-01-19,37.0,7.0,False,False,seasonal_payer
INV705012,C1168,Chemicals Client 169,Chemicals & Plastics,30,185410.19,2024-12-23,2025-01-22,closed,2025-01-28,36.0,6.0,True,False,seasonal_payer
INV705013,C1168,Chemicals Client 169,Chemicals & Plastics,30,157738.4,2024-12-28,2025-01-27,closed,2025-02-04,38.0,8.0,False,False,seasonal_payer
INV705014,C1168,Chemicals Client 169,Chemicals & Plastics,30,167650.24,2025-02-01,2025-03-03,closed,2025-03-20,47.0,17.0,False,False,seasonal_payer
INV705015,C1168,Chemicals Client 169,Chemicals & Plastics,30,99641.96,2025-02-22,2025-03-24,closed,2025-04-19,56.0,26.0,False,False,seasonal_payer
INV705016,C1168,Chemicals Client 169,Chemicals & Plastics,30,73206.66,2025-03-19,2025-04-18,closed,2025-05-02,44.0,14.0,False,False,seasonal_payer
INV705017,C1168,Chemicals Client 169,Chemicals & Plastics,30,799076.52,2025-03-28,2025-04-27,closed,2025-05-19,52.0,22.0,False,True,seasonal_payer
INV705018,C1168,Chemicals Client 169,Chemicals & Plastics,30,127142.27,2025-04-07,2025-05-07,closed,2025-05-03,26.0,-4.0,False,False,seasonal_payer
INV705019,C1168,Chemicals Client 169,Chemicals & Plastics,30,105557.74,2025-04-08,2025-05-08,closed,2025-05-16,38.0,8.0,False,False,seasonal_payer
INV705020,C1168,Chemicals Client 169,Chemicals & Plastics,30,126483.07,2025-06-16,2025-07-16,closed,2025-07-22,36.0,6.0,False,False,seasonal_payer
INV705021,C1168,Chemicals Client 169,Chemicals & Plastics,30,158564.75,2025-06-19,2025-07-19,disputed_open,,,,False,False,seasonal_payer
INV705022,C1168,Chemicals Client 169,Chemicals & Plastics,30,94314.16,2025-08-17,2025-09-16,closed,2025-09-20,34.0,4.0,False,False,seasonal_payer
INV705023,C1168,Chemicals Client 169,Chemicals & Plastics,30,72126.82,2025-09-16,2025-10-16,closed,2025-11-02,47.0,17.0,False,False,seasonal_payer
INV705024,C1168,Chemicals Client 169,Chemicals & Plastics,30,634032.97,2025-10-13,2025-11-12,closed,2025-11-24,42.0,12.0,False,True,seasonal_payer
INV705025,C1168,Chemicals Client 169,Chemicals & Plastics,30,86536.65,2025-10-17,2025-11-16,closed,2025-11-29,43.0,13.0,False,False,seasonal_payer
INV705026,C1168,Chemicals Client 169,Chemicals & Plastics,30,111622.31,2026-01-01,2026-01-31,closed,2026-02-16,46.0,16.0,False,False,seasonal_payer
INV705027,C1168,Chemicals Client 169,Chemicals & Plastics,30,207380.14,2026-01-05,2026-02-04,closed,2026-02-28,54.0,24.0,False,False,seasonal_payer
INV705028,C1168,Chemicals Client 169,Chemicals & Plastics,30,123633.96,2026-01-21,2026-02-20,closed,2026-03-13,51.0,21.0,False,False,seasonal_payer
INV705029,C1168,Chemicals Client 169,Chemicals & Plastics,30,142092.17,2026-03-21,2026-04-20,closed,2026-05-05,45.0,15.0,False,False,seasonal_payer
INV705030,C1168,Chemicals Client 169,Chemicals & Plastics,30,110258.34,2026-05-14,2026-06-13,closed,2026-06-18,35.0,5.0,False,False,seasonal_payer
INV705031,C1168,Chemicals Client 169,Chemicals & Plastics,30,66865.42,2026-05-23,2026-06-22,closed,2026-07-02,40.0,10.0,False,False,seasonal_payer
INV705032,C1168,Chemicals Client 169,Chemicals & Plastics,30,90322.93,2026-05-30,2026-06-29,closed,2026-07-13,44.0,14.0,True,False,seasonal_payer
INV705033,C1168,Chemicals Client 169,Chemicals & Plastics,30,31332.56,2026-07-29,2026-08-28,open,,,,False,False,seasonal_payer
INV705034,C1169,Construction Client 170,Construction & Infra,30,32807.9,2024-02-29,2024-03-30,closed,2024-05-21,82.0,52.0,False,False,chronic_late_payer
INV705035,C1169,Construction Client 170,Construction & Infra,30,20321.4,2024-04-07,2024-05-07,closed,2024-07-08,92.0,62.0,False,False,chronic_late_payer
INV705036,C1169,Construction Client 170,Construction & Infra,30,28548.79,2024-04-24,2024-05-24,closed,2024-08-09,107.0,77.0,False,False,chronic_late_payer
INV705037,C1169,Construction Client 170,Construction & Infra,30,27176.01,2024-05-31,2024-06-30,closed,2024-09-01,93.0,63.0,False,False,chronic_late_payer
INV705038,C1169,Construction Client 170,Construction & Infra,30,14471.39,2024-07-05,2024-08-04,closed,2024-10-15,102.0,72.0,False,False,chronic_late_payer
INV705039,C1169,Construction Client 170,Construction & Infra,30,26465.82,2024-07-12,2024-08-11,closed,2024-10-11,91.0,61.0,False,False,chronic_late_payer
INV705040,C1169,Construction Client 170,Construction & Infra,30,21718.66,2024-08-30,2024-09-29,closed,2024-11-24,86.0,56.0,False,False,chronic_late_payer
INV705041,C1169,Construction Client 170,Construction & Infra,30,32575.42,2024-09-15,2024-10-15,closed,2024-12-13,89.0,59.0,False,False,chronic_late_payer
INV705042,C1169,Construction Client 170,Construction & Infra,30,29315.2,2024-10-06,2024-11-05,closed,2025-01-13,99.0,69.0,False,False,chronic_late_payer
INV705043,C1169,Construction Client 170,Construction & Infra,30,49868.41,2024-10-08,2024-11-07,closed,2025-01-01,85.0,55.0,False,False,chronic_late_payer
INV705044,C1169,Construction Client 170,Construction & Infra,30,25238.5,2024-10-30,2024-11-29,closed,2025-02-19,112.0,82.0,False,False,chronic_late_payer
INV705045,C1169,Construction Client 170,Construction & Infra,30,30296.48,2024-11-21,2024-12-21,closed,2025-02-11,82.0,52.0,False,False,chronic_late_payer
INV705046,C1169,Construction Client 170,Construction & Infra,30,14761.15,2024-12-22,2025-01-21,closed,2025-03-16,84.0,54.0,False,False,chronic_late_payer
INV705047,C1169,Construction Client 170,Construction & Infra,30,26239.35,2025-02-08,2025-03-10,closed,2025-05-21,102.0,72.0,False,False,chronic_late_payer
INV705048,C1169,Construction Client 170,Construction & Infra,30,19700.41,2025-02-11,2025-03-13,closed,2025-04-24,72.0,42.0,True,False,chronic_late_payer
INV705049,C1169,Construction Client 170,Construction & Infra,30,29175.78,2025-02-12,2025-03-14,closed,2025-05-10,87.0,57.0,False,False,chronic_late_payer
INV705050,C1169,Construction Client 170,Construction & Infra,30,31343.8,2025-02-13,2025-03-15,closed,2025-05-15,91.0,61.0,False,False,chronic_late_payer
INV705051,C1169,Construction Client 170,Construction & Infra,30,34968.3,2025-03-08,2025-04-07,closed,2025-06-29,113.0,83.0,False,False,chronic_late_payer
INV705052,C1169,Construction Client 170,Construction & Infra,30,16678.74,2025-03-09,2025-04-08,closed,2025-06-13,96.0,66.0,False,False,chronic_late_payer
INV705053,C1169,Construction Client 170,Construction & Infra,30,41342.72,2025-03-12,2025-04-11,closed,2025-06-13,93.0,63.0,False,False,chronic_late_payer
INV705054,C1169,Construction Client 170,Construction & Infra,30,9852.61,2025-07-11,2025-08-10,closed,2025-10-09,90.0,60.0,True,False,chronic_late_payer
INV705055,C1169,Construction Client 170,Construction & Infra,30,25564.11,2025-08-07,2025-09-06,closed,2025-10-28,82.0,52.0,False,False,chronic_late_payer
INV705056,C1169,Construction Client 170,Construction & Infra,30,21827.59,2025-09-23,2025-10-23,closed,2025-12-24,92.0,62.0,False,False,chronic_late_payer
INV705057,C1169,Construction Client 170,Construction & Infra,30,30477.36,2025-10-09,2025-11-08,closed,2026-01-14,97.0,67.0,False,False,chronic_late_payer
INV705058,C1169,Construction Client 170,Construction & Infra,30,32002.36,2025-10-19,2025-11-18,closed,2025-12-30,72.0,42.0,False,False,chronic_late_payer
INV705059,C1169,Construction Client 170,Construction & Infra,30,36250.5,2025-10-26,2025-11-25,closed,2026-02-02,99.0,69.0,False,False,chronic_late_payer
INV705060,C1169,Construction Client 170,Construction & Infra,30,25069.48,2025-11-12,2025-12-12,closed,2026-02-19,99.0,69.0,False,False,chronic_late_payer
INV705061,C1169,Construction Client 170,Construction & Infra,30,27482.97,2025-11-13,2025-12-13,closed,2026-02-09,88.0,58.0,False,False,chronic_late_payer
INV705062,C1169,Construction Client 170,Construction & Infra,30,25020.35,2026-02-12,2026-03-14,closed,2026-05-12,89.0,59.0,False,False,chronic_late_payer
INV705063,C1169,Construction Client 170,Construction & Infra,30,11580.13,2026-02-21,2026-03-23,closed,2026-05-20,88.0,58.0,False,False,chronic_late_payer
INV705064,C1169,Construction Client 170,Construction & Infra,30,32834.74,2026-04-13,2026-05-13,closed,2026-07-05,83.0,53.0,False,False,chronic_late_payer
INV705065,C1169,Construction Client 170,Construction & Infra,30,21152.95,2026-05-05,2026-06-04,closed,2026-08-02,89.0,59.0,False,False,chronic_late_payer
INV705066,C1169,Construction Client 170,Construction & Infra,30,34372.18,2026-05-11,2026-06-10,closed,2026-08-03,84.0,54.0,False,False,chronic_late_payer
INV705067,C1169,Construction Client 170,Construction & Infra,30,27247.42,2026-06-20,2026-07-20,open,,,,False,False,chronic_late_payer
INV705068,C1169,Construction Client 170,Construction & Infra,30,25528.19,2026-07-29,2026-08-28,open,,,,False,False,chronic_late_payer
INV705069,C1170,Textiles Client 171,Textiles & Apparel,15,41030.97,2024-02-18,2024-03-04,closed,2024-03-31,42.0,27.0,False,False,erratic_payer
INV705070,C1170,Textiles Client 171,Textiles & Apparel,15,65981.39,2024-06-16,2024-07-01,closed,2024-07-01,15.0,0.0,False,False,erratic_payer
INV705071,C1170,Textiles Client 171,Textiles & Apparel,15,33311.21,2024-11-14,2024-11-29,closed,2024-11-22,8.0,-7.0,False,False,erratic_payer
INV705072,C1170,Textiles Client 171,Textiles & Apparel,15,304760.03,2025-02-14,2025-03-01,closed,2025-06-06,112.0,97.0,False,True,erratic_payer
INV705073,C1170,Textiles Client 171,Textiles & Apparel,15,183862.68,2025-03-31,2025-04-15,closed,2025-05-01,31.0,16.0,False,True,erratic_payer
INV705074,C1170,Textiles Client 171,Textiles & Apparel,15,10100.87,2025-05-06,2025-05-21,closed,2025-06-15,40.0,25.0,False,False,erratic_payer
INV705075,C1170,Textiles Client 171,Textiles & Apparel,15,48152.96,2025-06-03,2025-06-18,closed,2025-06-29,26.0,11.0,False,False,erratic_payer
INV705076,C1170,Textiles Client 171,Textiles & Apparel,15,66470.74,2025-06-24,2025-07-09,closed,2025-08-01,38.0,23.0,False,False,erratic_payer
INV705077,C1170,Textiles Client 171,Textiles & Apparel,15,80333.32,2025-12-11,2025-12-26,closed,2026-01-15,35.0,20.0,False,False,erratic_payer
INV705078,C1170,Textiles Client 171,Textiles & Apparel,15,64254.54,2026-05-09,2026-05-24,closed,2026-06-24,46.0,31.0,True,False,erratic_payer
INV705079,C1170,Textiles Client 171,Textiles & Apparel,15,51474.88,2026-05-11,2026-05-26,closed,2026-05-20,9.0,-6.0,False,False,erratic_payer
INV705080,C1170,Textiles Client 171,Textiles & Apparel,15,40023.37,2026-05-18,2026-06-02,closed,2026-06-26,39.0,24.0,False,False,erratic_payer
INV705081,C1170,Textiles Client 171,Textiles & Apparel,15,42627.37,2026-06-15,2026-06-30,closed,2026-07-13,28.0,13.0,False,False,erratic_payer
INV705082,C1171,Textiles Client 172,Textiles & Apparel,30,75127.73,2024-02-23,2024-03-24,closed,2024-04-03,40.0,10.0,False,False,average_payer
INV705083,C1171,Textiles Client 172,Textiles & Apparel,30,43496.48,2024-03-21,2024-04-20,closed,2024-05-08,48.0,18.0,False,False,average_payer
INV705084,C1171,Textiles Client 172,Textiles & Apparel,30,100407.02,2024-03-30,2024-04-29,closed,2024-05-05,36.0,6.0,False,False,average_payer
INV705085,C1171,Textiles Client 172,Textiles & Apparel,30,62249.02,2024-04-29,2024-05-29,closed,2024-05-31,32.0,2.0,False,False,average_payer
INV705086,C1171,Textiles Client 172,Textiles & Apparel,30,97320.33,2024-05-21,2024-06-20,closed,2024-06-16,26.0,-4.0,False,False,average_payer
INV705087,C1171,Textiles Client 172,Textiles & Apparel,30,141380.49,2024-06-12,2024-07-12,closed,2024-07-21,39.0,9.0,False,False,average_payer
INV705088,C1171,Textiles Client 172,Textiles & Apparel,30,150546.17,2024-08-09,2024-09-08,closed,2024-09-20,42.0,12.0,False,False,average_payer
INV705089,C1171,Textiles Client 172,Textiles & Apparel,30,54963.62,2024-10-24,2024-11-23,closed,2024-11-30,37.0,7.0,False,False,average_payer
INV705090,C1171,Textiles Client 172,Textiles & Apparel,30,142222.81,2024-11-14,2024-12-14,closed,2024-12-19,35.0,5.0,False,False,average_payer
INV705091,C1171,Textiles Client 172,Textiles & Apparel,30,513717.11,2024-12-21,2025-01-20,disputed_open,,,,False,True,average_payer
INV705092,C1171,Textiles Client 172,Textiles & Apparel,30,90278.07,2024-12-29,2025-01-28,closed,2025-02-05,38.0,8.0,False,False,average_payer
INV705093,C1171,Textiles Client 172,Textiles & Apparel,30,408253.72,2025-02-04,2025-03-06,closed,2025-03-20,44.0,14.0,False,True,average_payer
INV705094,C1171,Textiles Client 172,Textiles & Apparel,30,142049.97,2025-03-11,2025-04-10,closed,2025-04-12,32.0,2.0,False,False,average_payer
INV705095,C1171,Textiles Client 172,Textiles & Apparel,30,65098.5,2025-04-27,2025-05-27,closed,2025-05-28,31.0,1.0,False,False,average_payer
INV705096,C1171,Textiles Client 172,Textiles & Apparel,30,108046.66,2025-05-12,2025-06-11,closed,2025-06-25,44.0,14.0,False,False,average_payer
INV705097,C1171,Textiles Client 172,Textiles & Apparel,30,59234.72,2025-06-23,2025-07-23,closed,2025-08-04,42.0,12.0,False,False,average_payer
INV705098,C1171,Textiles Client 172,Textiles & Apparel,30,110289.09,2025-12-14,2026-01-13,closed,2026-01-18,35.0,5.0,False,False,average_payer
INV705099,C1171,Textiles Client 172,Textiles & Apparel,30,142257.93,2026-01-21,2026-02-20,closed,2026-02-24,34.0,4.0,False,False,average_payer
INV705100,C1171,Textiles Client 172,Textiles & Apparel,30,89336.36,2026-02-06,2026-03-08,closed,2026-03-26,48.0,18.0,False,False,average_payer
INV705101,C1171,Textiles Client 172,Textiles & Apparel,30,106598.36,2026-02-23,2026-03-25,closed,2026-04-04,40.0,10.0,False,False,average_payer
INV705102,C1171,Textiles Client 172,Textiles & Apparel,30,145108.27,2026-04-17,2026-05-17,closed,2026-05-20,33.0,3.0,False,False,average_payer
INV705103,C1171,Textiles Client 172,Textiles & Apparel,30,67804.45,2026-05-07,2026-06-06,closed,2026-06-09,33.0,3.0,False,False,average_payer
INV705104,C1172,Chemicals Client 173,Chemicals & Plastics,15,100208.38,2024-02-23,2024-03-09,closed,2024-03-21,27.0,12.0,False,False,seasonal_payer
INV705105,C1172,Chemicals Client 173,Chemicals & Plastics,15,68549.63,2024-03-16,2024-03-31,closed,2024-04-17,32.0,17.0,False,False,seasonal_payer
INV705106,C1172,Chemicals Client 173,Chemicals & Plastics,15,64369.92,2024-05-04,2024-05-19,closed,2024-05-12,8.0,-7.0,False,False,seasonal_payer
INV705107,C1172,Chemicals Client 173,Chemicals & Plastics,15,92512.9,2024-09-29,2024-10-14,closed,2024-10-28,29.0,14.0,False,False,seasonal_payer
INV705108,C1172,Chemicals Client 173,Chemicals & Plastics,15,105058.63,2024-11-25,2024-12-10,closed,2024-12-10,15.0,0.0,False,False,seasonal_payer
INV705109,C1172,Chemicals Client 173,Chemicals & Plastics,15,153534.19,2024-12-01,2024-12-16,closed,2024-12-15,14.0,-1.0,True,False,seasonal_payer
INV705110,C1172,Chemicals Client 173,Chemicals & Plastics,15,144091.32,2024-12-30,2025-01-14,closed,2025-01-18,19.0,4.0,False,False,seasonal_payer
INV705111,C1172,Chemicals Client 173,Chemicals & Plastics,15,157221.36,2025-03-23,2025-04-07,closed,2025-04-19,27.0,12.0,False,False,seasonal_payer
INV705112,C1172,Chemicals Client 173,Chemicals & Plastics,15,96890.52,2025-04-05,2025-04-20,closed,2025-04-23,18.0,3.0,False,False,seasonal_payer
INV705113,C1172,Chemicals Client 173,Chemicals & Plastics,15,119034.17,2025-04-28,2025-05-13,closed,2025-05-17,19.0,4.0,False,False,seasonal_payer
INV705114,C1172,Chemicals Client 173,Chemicals & Plastics,15,105186.82,2025-06-04,2025-06-19,closed,2025-06-23,19.0,4.0,False,False,seasonal_payer
INV705115,C1172,Chemicals Client 173,Chemicals & Plastics,15,117903.46,2025-07-02,2025-07-17,closed,2025-07-19,17.0,2.0,False,False,seasonal_payer
INV705116,C1172,Chemicals Client 173,Chemicals & Plastics,15,101318.0,2025-07-14,2025-07-29,closed,2025-08-03,20.0,5.0,False,False,seasonal_payer
INV705117,C1172,Chemicals Client 173,Chemicals & Plastics,15,132184.52,2025-07-27,2025-08-11,closed,2025-08-19,23.0,8.0,False,False,seasonal_payer
INV705118,C1172,Chemicals Client 173,Chemicals & Plastics,15,124152.84,2025-08-20,2025-09-04,closed,2025-09-09,20.0,5.0,False,False,seasonal_payer
INV705119,C1172,Chemicals Client 173,Chemicals & Plastics,15,172629.66,2025-09-08,2025-09-23,closed,2025-10-01,23.0,8.0,False,False,seasonal_payer
INV705120,C1172,Chemicals Client 173,Chemicals & Plastics,15,129374.69,2025-09-23,2025-10-08,closed,2025-10-20,27.0,12.0,False,False,seasonal_payer
INV705121,C1172,Chemicals Client 173,Chemicals & Plastics,15,140152.85,2025-09-27,2025-10-12,closed,2025-10-18,21.0,6.0,False,False,seasonal_payer
INV705122,C1172,Chemicals Client 173,Chemicals & Plastics,15,61077.11,2025-10-24,2025-11-08,closed,2025-11-12,19.0,4.0,False,False,seasonal_payer
INV705123,C1172,Chemicals Client 173,Chemicals & Plastics,15,161473.51,2025-12-30,2026-01-14,closed,2026-01-25,26.0,11.0,False,False,seasonal_payer
INV705124,C1172,Chemicals Client 173,Chemicals & Plastics,15,138793.81,2025-12-30,2026-01-14,closed,2026-01-14,15.0,0.0,False,False,seasonal_payer
INV705125,C1172,Chemicals Client 173,Chemicals & Plastics,15,139361.08,2026-06-05,2026-06-20,closed,2026-07-02,27.0,12.0,False,False,seasonal_payer
INV705126,C1172,Chemicals Client 173,Chemicals & Plastics,15,20740.81,2026-06-15,2026-06-30,closed,2026-07-12,27.0,12.0,False,False,seasonal_payer
INV705127,C1172,Chemicals Client 173,Chemicals & Plastics,15,129308.13,2026-07-01,2026-07-16,closed,2026-07-23,22.0,7.0,False,False,seasonal_payer
INV705128,C1173,FMCG Client 174,FMCG & Food Processing,30,71617.6,2024-02-28,2024-03-29,closed,2024-04-12,44.0,14.0,False,False,erratic_payer
INV705129,C1173,FMCG Client 174,FMCG & Food Processing,30,76045.96,2024-03-27,2024-04-26,closed,2024-04-17,21.0,-9.0,False,False,erratic_payer
INV705130,C1173,FMCG Client 174,FMCG & Food Processing,30,46919.89,2024-04-28,2024-05-28,closed,2024-06-06,39.0,9.0,False,False,erratic_payer
INV705131,C1173,FMCG Client 174,FMCG & Food Processing,30,64175.14,2024-05-03,2024-06-02,closed,2024-06-07,35.0,5.0,True,False,erratic_payer
INV705132,C1173,FMCG Client 174,FMCG & Food Processing,30,59749.47,2024-06-04,2024-07-04,closed,2024-07-14,40.0,10.0,False,False,erratic_payer
INV705133,C1173,FMCG Client 174,FMCG & Food Processing,30,51654.54,2024-06-14,2024-07-14,closed,2024-08-01,48.0,18.0,False,False,erratic_payer
INV705134,C1173,FMCG Client 174,FMCG & Food Processing,30,34474.06,2024-06-14,2024-07-14,closed,2024-07-12,28.0,-2.0,False,False,erratic_payer
INV705135,C1173,FMCG Client 174,FMCG & Food Processing,30,80163.36,2024-06-23,2024-07-23,closed,2024-07-11,18.0,-12.0,False,False,erratic_payer
INV705136,C1173,FMCG Client 174,FMCG & Food Processing,30,36606.94,2024-06-30,2024-07-30,closed,2024-10-24,116.0,86.0,False,False,erratic_payer
INV705137,C1173,FMCG Client 174,FMCG & Food Processing,30,45920.77,2024-07-16,2024-08-15,closed,2024-09-01,47.0,17.0,False,False,erratic_payer
INV705138,C1173,FMCG Client 174,FMCG & Food Processing,30,34459.94,2024-07-20,2024-08-19,closed,2024-08-01,12.0,-18.0,False,False,erratic_payer
INV705139,C1173,FMCG Client 174,FMCG & Food Processing,30,64428.9,2024-08-30,2024-09-29,closed,2024-09-17,18.0,-12.0,False,False,erratic_payer
INV705140,C1173,FMCG Client 174,FMCG & Food Processing,30,42847.72,2024-10-09,2024-11-08,closed,2024-11-19,41.0,11.0,False,False,erratic_payer
INV705141,C1173,FMCG Client 174,FMCG & Food Processing,30,248761.44,2024-10-25,2024-11-24,closed,2024-11-29,35.0,5.0,False,True,erratic_payer
INV705142,C1173,FMCG Client 174,FMCG & Food Processing,30,43298.22,2024-11-03,2024-12-03,closed,2024-12-10,37.0,7.0,False,False,erratic_payer
INV705143,C1173,FMCG Client 174,FMCG & Food Processing,30,165158.27,2024-11-14,2024-12-14,disputed_open,,,,False,True,erratic_payer
INV705144,C1173,FMCG Client 174,FMCG & Food Processing,30,64031.25,2024-11-18,2024-12-18,closed,2024-12-05,17.0,-13.0,False,False,erratic_payer
INV705145,C1173,FMCG Client 174,FMCG & Food Processing,30,77004.59,2024-12-02,2025-01-01,closed,2025-01-02,31.0,1.0,False,False,erratic_payer
INV705146,C1173,FMCG Client 174,FMCG & Food Processing,30,39107.07,2024-12-25,2025-01-24,closed,2025-01-16,22.0,-8.0,False,False,erratic_payer
INV705147,C1173,FMCG Client 174,FMCG & Food Processing,30,58823.67,2025-01-24,2025-02-23,closed,2025-02-19,26.0,-4.0,False,False,erratic_payer
INV705148,C1173,FMCG Client 174,FMCG & Food Processing,30,62165.73,2025-03-02,2025-04-01,closed,2025-03-25,23.0,-7.0,False,False,erratic_payer
INV705149,C1173,FMCG Client 174,FMCG & Food Processing,30,115483.47,2025-03-17,2025-04-16,closed,2025-04-10,24.0,-6.0,False,False,erratic_payer
INV705150,C1173,FMCG Client 174,FMCG & Food Processing,30,45151.17,2025-04-09,2025-05-09,closed,2025-05-14,35.0,5.0,False,False,erratic_payer
INV705151,C1173,FMCG Client 174,FMCG & Food Processing,30,45341.46,2025-04-29,2025-05-29,closed,2025-05-28,29.0,-1.0,False,False,erratic_payer
INV705152,C1173,FMCG Client 174,FMCG & Food Processing,30,64555.77,2025-05-04,2025-06-03,closed,2025-06-11,38.0,8.0,False,False,erratic_payer
INV705153,C1173,FMCG Client 174,FMCG & Food Processing,30,71728.75,2025-06-17,2025-07-17,closed,2025-07-08,21.0,-9.0,False,False,erratic_payer
INV705154,C1173,FMCG Client 174,FMCG & Food Processing,30,71228.67,2025-06-26,2025-07-26,disputed_open,,,,False,False,erratic_payer
INV705155,C1173,FMCG Client 174,FMCG & Food Processing,30,160591.08,2025-07-18,2025-08-17,closed,2025-09-10,54.0,24.0,False,True,erratic_payer
INV705156,C1173,FMCG Client 174,FMCG & Food Processing,30,11559.72,2025-08-07,2025-09-06,closed,2025-08-31,24.0,-6.0,False,False,erratic_payer
INV705157,C1173,FMCG Client 174,FMCG & Food Processing,30,40437.97,2025-08-12,2025-09-11,closed,2025-09-20,39.0,9.0,False,False,erratic_payer
INV705158,C1173,FMCG Client 174,FMCG & Food Processing,30,72164.58,2025-09-17,2025-10-17,closed,2025-10-21,34.0,4.0,False,False,erratic_payer
INV705159,C1173,FMCG Client 174,FMCG & Food Processing,30,67377.88,2025-09-20,2025-10-20,closed,2025-10-20,30.0,0.0,False,False,erratic_payer
INV705160,C1173,FMCG Client 174,FMCG & Food Processing,30,53648.94,2025-09-29,2025-10-29,closed,2025-11-15,47.0,17.0,False,False,erratic_payer
INV705161,C1173,FMCG Client 174,FMCG & Food Processing,30,33646.88,2025-10-07,2025-11-06,closed,2025-10-25,18.0,-12.0,True,False,erratic_payer
INV705162,C1173,FMCG Client 174,FMCG & Food Processing,30,55144.36,2025-10-07,2025-11-06,closed,2025-11-13,37.0,7.0,False,False,erratic_payer
INV705163,C1173,FMCG Client 174,FMCG & Food Processing,30,81273.67,2025-11-07,2025-12-07,closed,2025-12-09,32.0,2.0,False,False,erratic_payer
INV705164,C1173,FMCG Client 174,FMCG & Food Processing,30,59289.87,2025-12-03,2026-01-02,closed,2025-12-28,25.0,-5.0,False,False,erratic_payer
INV705165,C1173,FMCG Client 174,FMCG & Food Processing,30,84901.63,2025-12-09,2026-01-08,closed,2026-01-12,34.0,4.0,False,False,erratic_payer
INV705166,C1173,FMCG Client 174,FMCG & Food Processing,30,95495.64,2025-12-13,2026-01-12,closed,2026-01-26,44.0,14.0,False,False,erratic_payer
INV705167,C1173,FMCG Client 174,FMCG & Food Processing,30,91432.26,2026-01-14,2026-02-13,closed,2026-03-07,52.0,22.0,False,False,erratic_payer
INV705168,C1173,FMCG Client 174,FMCG & Food Processing,30,67865.16,2026-02-23,2026-03-25,closed,2026-04-13,49.0,19.0,False,False,erratic_payer
INV705169,C1173,FMCG Client 174,FMCG & Food Processing,30,67465.73,2026-03-29,2026-04-28,closed,2026-06-17,80.0,50.0,False,False,erratic_payer
INV705170,C1173,FMCG Client 174,FMCG & Food Processing,30,50378.24,2026-04-01,2026-05-01,closed,2026-05-03,32.0,2.0,False,False,erratic_payer
INV705171,C1173,FMCG Client 174,FMCG & Food Processing,30,52580.22,2026-04-29,2026-05-29,closed,2026-06-16,48.0,18.0,False,False,erratic_payer
INV705172,C1173,FMCG Client 174,FMCG & Food Processing,30,24680.25,2026-05-02,2026-06-01,closed,2026-06-11,40.0,10.0,False,False,erratic_payer
INV705173,C1173,FMCG Client 174,FMCG & Food Processing,30,25577.26,2026-05-23,2026-06-22,closed,2026-07-05,43.0,13.0,False,False,erratic_payer
INV705174,C1173,FMCG Client 174,FMCG & Food Processing,30,85159.03,2026-06-25,2026-07-25,closed,2026-08-01,37.0,7.0,False,False,erratic_payer
INV705175,C1174,Chemicals Client 175,Chemicals & Plastics,30,81427.83,2024-04-20,2024-05-20,disputed_open,,,,False,False,deteriorating_payer
INV705176,C1174,Chemicals Client 175,Chemicals & Plastics,30,85019.46,2024-05-25,2024-06-24,closed,2024-07-06,42.0,12.0,False,False,deteriorating_payer
INV705177,C1174,Chemicals Client 175,Chemicals & Plastics,30,53016.07,2024-06-06,2024-07-06,closed,2024-07-08,32.0,2.0,False,False,deteriorating_payer
INV705178,C1174,Chemicals Client 175,Chemicals & Plastics,30,65170.74,2024-06-22,2024-07-22,closed,2024-07-25,33.0,3.0,False,False,deteriorating_payer
INV705179,C1174,Chemicals Client 175,Chemicals & Plastics,30,61018.63,2024-09-03,2024-10-03,closed,2024-10-11,38.0,8.0,False,False,deteriorating_payer
INV705180,C1174,Chemicals Client 175,Chemicals & Plastics,30,65499.28,2024-09-13,2024-10-13,closed,2024-10-28,45.0,15.0,False,False,deteriorating_payer
INV705181,C1174,Chemicals Client 175,Chemicals & Plastics,30,56278.57,2025-01-05,2025-02-04,closed,2025-02-13,39.0,9.0,False,False,deteriorating_payer
INV705182,C1174,Chemicals Client 175,Chemicals & Plastics,30,86474.16,2025-02-02,2025-03-04,closed,2025-03-13,39.0,9.0,True,False,deteriorating_payer
INV705183,C1174,Chemicals Client 175,Chemicals & Plastics,30,31712.02,2025-05-15,2025-06-14,closed,2025-07-01,47.0,17.0,False,False,deteriorating_payer
INV705184,C1174,Chemicals Client 175,Chemicals & Plastics,30,74530.03,2025-09-24,2025-10-24,closed,2025-11-19,56.0,26.0,False,False,deteriorating_payer
INV705185,C1174,Chemicals Client 175,Chemicals & Plastics,30,57574.11,2026-01-01,2026-01-31,closed,2026-03-06,64.0,34.0,False,False,deteriorating_payer
INV705186,C1174,Chemicals Client 175,Chemicals & Plastics,30,51365.79,2026-01-14,2026-02-13,closed,2026-03-14,59.0,29.0,False,False,deteriorating_payer
INV705187,C1174,Chemicals Client 175,Chemicals & Plastics,30,58324.99,2026-02-22,2026-03-24,closed,2026-04-29,66.0,36.0,False,False,deteriorating_payer
INV705188,C1174,Chemicals Client 175,Chemicals & Plastics,30,25600.94,2026-03-11,2026-04-10,closed,2026-05-15,65.0,35.0,False,False,deteriorating_payer
INV705189,C1174,Chemicals Client 175,Chemicals & Plastics,30,83681.39,2026-07-02,2026-08-01,open,,,,False,False,deteriorating_payer
INV705190,C1174,Chemicals Client 175,Chemicals & Plastics,30,71960.02,2026-07-05,2026-08-04,open,,,,False,False,deteriorating_payer
INV705191,C1175,Construction Client 176,Construction & Infra,90,337645.48,2025-10-22,2026-01-20,closed,2026-02-17,118.0,28.0,False,False,cold_start
INV705192,C1175,Construction Client 176,Construction & Infra,90,25224.81,2025-11-16,2026-02-14,closed,2026-02-26,102.0,12.0,False,False,cold_start
INV705193,C1175,Construction Client 176,Construction & Infra,90,567540.39,2026-01-17,2026-04-17,closed,2026-04-23,96.0,6.0,False,False,cold_start
INV705194,C1176,FMCG Client 177,FMCG & Food Processing,45,56946.72,2024-02-15,2024-03-31,closed,2024-04-02,47.0,2.0,False,False,average_payer
INV705195,C1176,FMCG Client 177,FMCG & Food Processing,45,50033.65,2024-02-19,2024-04-04,disputed_open,,,,False,False,average_payer
INV705196,C1176,FMCG Client 177,FMCG & Food Processing,45,19904.04,2024-02-21,2024-04-06,closed,2024-04-14,53.0,8.0,False,False,average_payer
INV705197,C1176,FMCG Client 177,FMCG & Food Processing,45,65627.79,2024-03-24,2024-05-08,closed,2024-05-18,55.0,10.0,True,False,average_payer
INV705198,C1176,FMCG Client 177,FMCG & Food Processing,45,55566.14,2024-03-25,2024-05-09,closed,2024-05-16,52.0,7.0,False,False,average_payer
INV705199,C1176,FMCG Client 177,FMCG & Food Processing,45,61430.06,2024-03-31,2024-05-15,closed,2024-05-30,60.0,15.0,False,False,average_payer
INV705200,C1176,FMCG Client 177,FMCG & Food Processing,45,64069.78,2024-04-11,2024-05-26,closed,2024-06-03,53.0,8.0,False,False,average_payer
INV705201,C1176,FMCG Client 177,FMCG & Food Processing,45,27807.61,2024-05-11,2024-06-25,disputed_open,,,,False,False,average_payer
INV705202,C1176,FMCG Client 177,FMCG & Food Processing,45,103367.82,2024-05-14,2024-06-28,closed,2024-07-03,50.0,5.0,False,False,average_payer
INV705203,C1176,FMCG Client 177,FMCG & Food Processing,45,48382.05,2024-06-11,2024-07-26,closed,2024-08-04,54.0,9.0,False,False,average_payer
INV705204,C1176,FMCG Client 177,FMCG & Food Processing,45,75962.28,2024-08-27,2024-10-11,closed,2024-10-14,48.0,3.0,False,False,average_payer
INV705205,C1176,FMCG Client 177,FMCG & Food Processing,45,41737.16,2024-08-29,2024-10-13,closed,2024-10-11,43.0,-2.0,False,False,average_payer
INV705206,C1176,FMCG Client 177,FMCG & Food Processing,45,42236.87,2024-10-05,2024-11-19,closed,2024-11-19,45.0,0.0,False,False,average_payer
INV705207,C1176,FMCG Client 177,FMCG & Food Processing,45,71361.74,2024-10-13,2024-11-27,closed,2024-11-27,45.0,0.0,False,False,average_payer
INV705208,C1176,FMCG Client 177,FMCG & Food Processing,45,86374.25,2024-10-18,2024-12-02,closed,2024-12-11,54.0,9.0,False,False,average_payer
INV705209,C1176,FMCG Client 177,FMCG & Food Processing,45,82736.71,2024-11-01,2024-12-16,closed,2024-12-18,47.0,2.0,False,False,average_payer
INV705210,C1176,FMCG Client 177,FMCG & Food Processing,45,84309.29,2024-11-28,2025-01-12,closed,2025-01-08,41.0,-4.0,False,False,average_payer
INV705211,C1176,FMCG Client 177,FMCG & Food Processing,45,88466.22,2024-12-14,2025-01-28,closed,2025-02-08,56.0,11.0,False,False,average_payer
INV705212,C1176,FMCG Client 177,FMCG & Food Processing,45,27914.3,2025-02-15,2025-04-01,closed,2025-04-09,53.0,8.0,False,False,average_payer
INV705213,C1176,FMCG Client 177,FMCG & Food Processing,45,56672.78,2025-03-04,2025-04-18,closed,2025-04-13,40.0,-5.0,False,False,average_payer
INV705214,C1176,FMCG Client 177,FMCG & Food Processing,45,58962.12,2025-03-24,2025-05-08,closed,2025-05-08,45.0,0.0,False,False,average_payer
INV705215,C1176,FMCG Client 177,FMCG & Food Processing,45,59316.81,2025-06-07,2025-07-22,closed,2025-07-21,44.0,-1.0,False,False,average_payer
INV705216,C1176,FMCG Client 177,FMCG & Food Processing,45,69960.31,2025-06-28,2025-08-12,closed,2025-08-15,48.0,3.0,False,False,average_payer
INV705217,C1176,FMCG Client 177,FMCG & Food Processing,45,48352.45,2025-07-01,2025-08-15,closed,2025-08-28,58.0,13.0,False,False,average_payer
INV705218,C1176,FMCG Client 177,FMCG & Food Processing,45,59066.08,2025-07-01,2025-08-15,closed,2025-08-17,47.0,2.0,True,False,average_payer
INV705219,C1176,FMCG Client 177,FMCG & Food Processing,45,91900.89,2025-07-01,2025-08-15,closed,2025-08-17,47.0,2.0,True,False,average_payer
INV705220,C1176,FMCG Client 177,FMCG & Food Processing,45,67236.36,2025-07-18,2025-09-01,closed,2025-08-25,38.0,-7.0,False,False,average_payer
INV705221,C1176,FMCG Client 177,FMCG & Food Processing,45,42089.91,2025-07-24,2025-09-07,closed,2025-09-07,45.0,0.0,False,False,average_payer
INV705222,C1176,FMCG Client 177,FMCG & Food Processing,45,76206.99,2025-08-05,2025-09-19,closed,2025-09-18,44.0,-1.0,False,False,average_payer
INV705223,C1176,FMCG Client 177,FMCG & Food Processing,45,57532.85,2025-09-08,2025-10-23,closed,2025-10-30,52.0,7.0,False,False,average_payer
INV705224,C1176,FMCG Client 177,FMCG & Food Processing,45,71866.97,2025-10-29,2025-12-13,closed,2025-12-24,56.0,11.0,False,False,average_payer
INV705225,C1176,FMCG Client 177,FMCG & Food Processing,45,45672.73,2025-11-29,2026-01-13,closed,2026-01-22,54.0,9.0,False,False,average_payer
INV705226,C1176,FMCG Client 177,FMCG & Food Processing,45,46082.12,2025-12-07,2026-01-21,closed,2026-01-25,49.0,4.0,False,False,average_payer
INV705227,C1176,FMCG Client 177,FMCG & Food Processing,45,82418.48,2025-12-13,2026-01-27,closed,2026-01-22,40.0,-5.0,False,False,average_payer
INV705228,C1176,FMCG Client 177,FMCG & Food Processing,45,86259.87,2025-12-30,2026-02-13,closed,2026-02-21,53.0,8.0,True,False,average_payer
INV705229,C1176,FMCG Client 177,FMCG & Food Processing,45,34637.22,2026-02-11,2026-03-28,closed,2026-04-03,51.0,6.0,False,False,average_payer
INV705230,C1176,FMCG Client 177,FMCG & Food Processing,45,55982.09,2026-02-19,2026-04-05,closed,2026-04-04,44.0,-1.0,False,False,average_payer
INV705231,C1176,FMCG Client 177,FMCG & Food Processing,45,62191.03,2026-02-26,2026-04-12,closed,2026-04-09,42.0,-3.0,False,False,average_payer
INV705232,C1176,FMCG Client 177,FMCG & Food Processing,45,91035.35,2026-03-16,2026-04-30,closed,2026-05-08,53.0,8.0,False,False,average_payer
INV705233,C1176,FMCG Client 177,FMCG & Food Processing,45,101969.72,2026-05-09,2026-06-23,closed,2026-07-02,54.0,9.0,False,False,average_payer
INV705234,C1176,FMCG Client 177,FMCG & Food Processing,45,76711.6,2026-05-16,2026-06-30,closed,2026-07-10,55.0,10.0,False,False,average_payer
INV705235,C1176,FMCG Client 177,FMCG & Food Processing,45,63765.21,2026-06-08,2026-07-23,closed,2026-07-28,50.0,5.0,False,False,average_payer
INV705236,C1176,FMCG Client 177,FMCG & Food Processing,45,419651.34,2026-06-15,2026-07-30,closed,2026-08-02,48.0,3.0,False,True,average_payer
INV705237,C1176,FMCG Client 177,FMCG & Food Processing,45,73665.88,2026-07-03,2026-08-17,open,,,,False,False,average_payer
INV705238,C1177,Auto Client 178,Auto Components,45,347615.34,2024-02-19,2024-04-04,closed,2024-04-12,53.0,8.0,False,True,average_payer
INV705239,C1177,Auto Client 178,Auto Components,45,98903.31,2024-03-06,2024-04-20,closed,2024-04-18,43.0,-2.0,False,False,average_payer
INV705240,C1177,Auto Client 178,Auto Components,45,80972.48,2024-03-17,2024-05-01,closed,2024-05-14,58.0,13.0,False,False,average_payer
INV705241,C1177,Auto Client 178,Auto Components,45,69119.95,2024-04-23,2024-06-07,closed,2024-06-11,49.0,4.0,False,False,average_payer
INV705242,C1177,Auto Client 178,Auto Components,45,73128.31,2024-06-16,2024-07-31,closed,2024-07-31,45.0,0.0,False,False,average_payer
INV705243,C1177,Auto Client 178,Auto Components,45,41700.86,2024-06-26,2024-08-10,closed,2024-08-12,47.0,2.0,False,False,average_payer
INV705244,C1177,Auto Client 178,Auto Components,45,91180.97,2024-08-15,2024-09-29,closed,2024-10-09,55.0,10.0,False,True,average_payer
INV705245,C1177,Auto Client 178,Auto Components,45,73850.51,2024-08-22,2024-10-06,closed,2024-10-08,47.0,2.0,False,False,average_payer
INV705246,C1177,Auto Client 178,Auto Components,45,34060.72,2024-11-04,2024-12-19,closed,2024-12-19,45.0,0.0,False,False,average_payer
INV705247,C1177,Auto Client 178,Auto Components,45,80431.0,2024-11-06,2024-12-21,closed,2024-12-31,55.0,10.0,False,False,average_payer
INV705248,C1177,Auto Client 178,Auto Components,45,87146.13,2024-11-10,2024-12-25,disputed_open,,,,False,False,average_payer
INV705249,C1177,Auto Client 178,Auto Components,45,65089.26,2024-11-17,2025-01-01,closed,2025-01-08,52.0,7.0,False,False,average_payer
INV705250,C1177,Auto Client 178,Auto Components,45,88315.79,2024-11-27,2025-01-11,closed,2025-01-16,50.0,5.0,False,False,average_payer
INV705251,C1177,Auto Client 178,Auto Components,45,41039.98,2024-12-16,2025-01-30,closed,2025-02-06,52.0,7.0,False,False,average_payer
INV705252,C1177,Auto Client 178,Auto Components,45,30779.37,2024-12-23,2025-02-06,closed,2025-02-09,48.0,3.0,False,False,average_payer
INV705253,C1177,Auto Client 178,Auto Components,45,88935.32,2025-01-07,2025-02-21,closed,2025-03-02,54.0,9.0,False,False,average_payer
INV705254,C1177,Auto Client 178,Auto Components,45,71336.63,2025-01-29,2025-03-15,closed,2025-03-25,55.0,10.0,False,False,average_payer
INV705255,C1177,Auto Client 178,Auto Components,45,73421.71,2025-02-15,2025-04-01,closed,2025-04-05,49.0,4.0,False,False,average_payer
INV705256,C1177,Auto Client 178,Auto Components,45,47797.55,2025-02-19,2025-04-05,closed,2025-04-09,49.0,4.0,False,False,average_payer
INV705257,C1177,Auto Client 178,Auto Components,45,66840.7,2025-05-09,2025-06-23,closed,2025-06-24,46.0,1.0,False,False,average_payer
INV705258,C1177,Auto Client 178,Auto Components,45,5562.54,2025-05-10,2025-06-24,closed,2025-07-02,53.0,8.0,False,False,average_payer
INV705259,C1177,Auto Client 178,Auto Components,45,58486.74,2025-06-09,2025-07-24,closed,2025-07-26,47.0,2.0,False,False,average_payer
INV705260,C1177,Auto Client 178,Auto Components,45,63531.41,2025-06-24,2025-08-08,closed,2025-08-18,55.0,10.0,False,False,average_payer
INV705261,C1177,Auto Client 178,Auto Components,45,30715.62,2025-07-28,2025-09-11,closed,2025-09-17,51.0,6.0,True,False,average_payer
INV705262,C1177,Auto Client 178,Auto Components,45,72826.6,2025-08-07,2025-09-21,closed,2025-09-26,50.0,5.0,False,False,average_payer
INV705263,C1177,Auto Client 178,Auto Components,45,55422.85,2025-08-12,2025-09-26,disputed_open,,,,False,False,average_payer
INV705264,C1177,Auto Client 178,Auto Components,45,53508.37,2025-10-02,2025-11-16,closed,2025-11-16,45.0,0.0,False,False,average_payer
INV705265,C1177,Auto Client 178,Auto Components,45,63316.89,2025-10-07,2025-11-21,closed,2025-12-01,55.0,10.0,False,False,average_payer
INV705266,C1177,Auto Client 178,Auto Components,45,57316.8,2025-10-23,2025-12-07,closed,2025-12-11,49.0,4.0,False,False,average_payer
INV705267,C1177,Auto Client 178,Auto Components,45,76563.17,2025-10-25,2025-12-09,closed,2025-12-13,49.0,4.0,False,False,average_payer
INV705268,C1177,Auto Client 178,Auto Components,45,107380.15,2025-11-02,2025-12-17,closed,2025-12-25,53.0,8.0,False,False,average_payer
INV705269,C1177,Auto Client 178,Auto Components,45,55022.96,2025-11-25,2026-01-09,closed,2026-01-02,38.0,-7.0,False,False,average_payer
INV705270,C1177,Auto Client 178,Auto Components,45,40767.05,2025-12-04,2026-01-18,closed,2026-01-27,54.0,9.0,False,False,average_payer
INV705271,C1177,Auto Client 178,Auto Components,45,81142.87,2026-03-12,2026-04-26,closed,2026-05-03,52.0,7.0,False,False,average_payer
INV705272,C1177,Auto Client 178,Auto Components,45,71697.74,2026-04-02,2026-05-17,closed,2026-05-20,48.0,3.0,False,False,average_payer
INV705273,C1177,Auto Client 178,Auto Components,45,309110.13,2026-04-24,2026-06-08,closed,2026-06-18,55.0,10.0,False,True,average_payer
INV705274,C1177,Auto Client 178,Auto Components,45,50957.23,2026-05-05,2026-06-19,closed,2026-06-24,50.0,5.0,False,False,average_payer
INV705275,C1177,Auto Client 178,Auto Components,45,21468.97,2026-05-15,2026-06-29,closed,2026-07-05,51.0,6.0,False,False,average_payer
INV705276,C1177,Auto Client 178,Auto Components,45,68332.23,2026-06-02,2026-07-17,closed,2026-07-26,54.0,9.0,False,False,average_payer
INV705277,C1177,Auto Client 178,Auto Components,45,91709.71,2026-07-12,2026-08-26,open,,,,False,False,average_payer
INV705278,C1177,Auto Client 178,Auto Components,45,38460.26,2026-07-25,2026-09-08,open,,,,False,False,average_payer
INV705279,C1178,Pharma Client 179,Pharma & Healthcare,45,68879.76,2024-03-19,2024-05-03,closed,2024-05-02,44.0,-1.0,False,False,average_payer
INV705280,C1178,Pharma Client 179,Pharma & Healthcare,45,49172.65,2024-05-19,2024-07-03,closed,2024-07-07,49.0,4.0,False,False,average_payer
INV705281,C1178,Pharma Client 179,Pharma & Healthcare,45,57133.41,2024-06-09,2024-07-24,closed,2024-08-01,53.0,8.0,False,False,average_payer
INV705282,C1178,Pharma Client 179,Pharma & Healthcare,45,74816.78,2024-08-29,2024-10-13,closed,2024-10-12,44.0,-1.0,False,False,average_payer
INV705283,C1178,Pharma Client 179,Pharma & Healthcare,45,55780.78,2025-09-30,2025-11-14,closed,2025-11-16,47.0,2.0,False,False,average_payer
INV705284,C1178,Pharma Client 179,Pharma & Healthcare,45,75486.04,2025-10-04,2025-11-18,closed,2025-11-20,47.0,2.0,False,False,average_payer
INV705285,C1178,Pharma Client 179,Pharma & Healthcare,45,40263.11,2025-10-24,2025-12-08,closed,2025-12-10,47.0,2.0,False,False,average_payer
INV705286,C1178,Pharma Client 179,Pharma & Healthcare,45,66647.85,2025-12-07,2026-01-21,closed,2026-01-24,48.0,3.0,False,False,average_payer
INV705287,C1178,Pharma Client 179,Pharma & Healthcare,45,80085.31,2026-06-22,2026-08-06,closed,2026-08-10,49.0,4.0,False,False,average_payer
INV705288,C1178,Pharma Client 179,Pharma & Healthcare,45,46910.14,2026-06-30,2026-08-14,closed,2026-08-11,42.0,-3.0,False,False,average_payer
INV705289,C1179,FMCG Client 180,FMCG & Food Processing,60,1423902.81,2024-02-28,2024-04-28,closed,2024-04-27,59.0,-1.0,False,False,average_payer
INV705290,C1179,FMCG Client 180,FMCG & Food Processing,60,1453642.55,2024-07-12,2024-09-10,closed,2024-09-12,62.0,2.0,False,False,average_payer
INV705291,C1179,FMCG Client 180,FMCG & Food Processing,60,420030.48,2024-07-13,2024-09-11,closed,2024-09-20,69.0,9.0,False,False,average_payer
INV705292,C1179,FMCG Client 180,FMCG & Food Processing,60,742216.04,2024-08-15,2024-10-14,closed,2024-10-18,64.0,4.0,False,False,average_payer
INV705293,C1179,FMCG Client 180,FMCG & Food Processing,60,943885.88,2024-08-27,2024-10-26,closed,2024-10-30,64.0,4.0,False,False,average_payer
INV705294,C1179,FMCG Client 180,FMCG & Food Processing,60,1428417.38,2024-09-04,2024-11-03,closed,2024-11-06,63.0,3.0,False,False,average_payer
INV705295,C1179,FMCG Client 180,FMCG & Food Processing,60,1224006.28,2024-09-27,2024-11-26,closed,2024-11-21,55.0,-5.0,False,False,average_payer
INV705296,C1179,FMCG Client 180,FMCG & Food Processing,60,940827.98,2024-11-21,2025-01-20,closed,2025-01-24,64.0,4.0,False,False,average_payer
INV705297,C1179,FMCG Client 180,FMCG & Food Processing,60,2211305.79,2024-11-30,2025-01-29,closed,2025-01-31,62.0,2.0,False,False,average_payer
INV705298,C1179,FMCG Client 180,FMCG & Food Processing,60,1670460.94,2025-01-16,2025-03-17,closed,2025-03-24,67.0,7.0,False,False,average_payer
INV705299,C1179,FMCG Client 180,FMCG & Food Processing,60,903943.43,2025-02-17,2025-04-18,closed,2025-04-18,60.0,0.0,False,False,average_payer
INV705300,C1179,FMCG Client 180,FMCG & Food Processing,60,1159722.97,2025-08-31,2025-10-30,closed,2025-11-01,62.0,2.0,False,False,average_payer
INV705301,C1179,FMCG Client 180,FMCG & Food Processing,60,1587467.29,2025-08-31,2025-10-30,closed,2025-11-06,67.0,7.0,False,False,average_payer
INV705302,C1179,FMCG Client 180,FMCG & Food Processing,60,1305272.44,2025-12-30,2026-02-28,closed,2026-03-05,65.0,5.0,False,False,average_payer
INV705303,C1179,FMCG Client 180,FMCG & Food Processing,60,1420296.98,2026-02-11,2026-04-12,closed,2026-04-10,58.0,-2.0,False,False,average_payer
INV705304,C1179,FMCG Client 180,FMCG & Food Processing,60,599345.9,2026-06-02,2026-08-01,closed,2026-07-29,57.0,-3.0,False,False,average_payer
INV705305,C1179,FMCG Client 180,FMCG & Food Processing,60,2005549.53,2026-07-27,2026-09-25,open,,,,False,False,average_payer
